  0.8000000,   -12.9322644,     0.1768269,    -0.1399960,    -3.2091047,     0.0491942,    -1.6012912
  0.8100000,   -13.6386247,     0.5930801,    -0.1699094,    -3.4033614,     0.0208437,    -1.5205819
  0.8200000,   -14.1827415,     0.8699413,    -0.1539010,    -3.5553281,    -0.0104152,    -1.4660276
  0.8300000,   -14.4068012,     0.9240077,    -0.0960585,    -3.6182146,    -0.0362235,    -1.4510644
  0.8400000,   -14.2287288,     0.7267062,    -0.0115360,    -3.5663057,    -0.0496353,    -1.4788976
  0.8500000,   -13.6696623,     0.3157211,     0.0773802,    -3.4039778,    -0.0469505,    -1.5418153
  0.8600000,   -12.8565943,    -0.2101440,     0.1470881,    -3.1673440,    -0.0287104,    -1.6232775
  0.8700000,   -11.9970181,    -0.7127825,     0.1788637,    -2.9172558,     0.0004120,    -1.7022219
  0.8800000,   -11.3288219,    -1.0493686,     0.1638249,    -2.7244341,     0.0328088,    -1.7584705
  0.8900000,   -11.0548237,    -1.1124546,     0.1053690,    -2.6495360,     0.0599154,    -1.7778572
  0.9000000,   -11.2758425,    -0.8664724,     0.0184289,    -2.7225040,     0.0744554,    -1.7557779
  0.9100000,   -11.9379517,    -0.3716607,    -0.0742877,    -2.9261919,     0.0723615,    -1.6982759
  0.9200000,   -12.8079846,     0.2113850,    -0.1481353,    -3.1887962,     0.0538587,    -1.6204084
  0.9300000,   -13.4865774,     0.6395140,    -0.1829558,    -3.3880734,     0.0234141,    -1.5423289
  0.9400000,   -13.4608542,     0.6254531,    -0.1684370,    -3.3679630,    -0.0114464,    -1.4840977
  0.9500000,   -12.1906322,    -0.1094220,    -0.1070009,    -2.9655446,    -0.0421493,    -1.4605497
  0.9600000,    -9.2144106,    -1.7777059,    -0.0134289,    -2.0438012,    -0.0613828,    -1.4775254
  0.9700000,    -4.2560131,    -4.4752373,     0.0887433,    -0.5240060,    -0.0650822,    -1.5304202
  0.9800000,     2.6891675,    -8.1475275,     0.1732023,     1.5889126,    -0.0535453,    -1.6054130
  0.9900000,    11.3072401,   -12.5808839,     0.2177206,     4.1937663,    -0.0313590,    -1.6830525
  1.0000000,    20.9710895,   -17.4211888,     0.2101597,     7.0968514,    -0.0061312,    -1.7432803
  1.0100000,    30.8018147,   -22.2180035,     0.1520294,    10.0326370,     0.0136465,    -1.7706019
  1.0200000,    39.7800326,   -26.4867589,     0.0585889,    12.6987225,     0.0210289,    -1.7580812
  1.0300000,    46.8910871,   -29.7782688,    -0.0446964,    14.7995263,     0.0126625,    -1.7091268
  1.0400000,    51.2810165,   -31.7433738,    -0.1286335,    16.0912796,    -0.0101564,    -1.6366019
  1.0500000,    52.3968887,   -32.1814842,    -0.1682581,    16.4204122,    -0.0417674,    -1.5594635
  1.0600000,    50.0865833,   -31.0649199,    -0.1503934,    15.7484396,    -0.0737781,    -1.4977729
  1.0700000,    44.6391839,   -28.5355776,    -0.0789551,    14.1588191,    -0.0976701,    -1.4673366
  1.0800000,    36.7568514,   -24.8756472,     0.0234016,    11.8444803,    -0.1077123,    -1.4753440
  1.0900000,    27.4606935,   -20.4587794,     0.1179081,     9.0782230,    -0.1033802,    -1.5181339
  1.1000000,    17.9446405,   -15.6913705,     0.1562495,     6.1712262,    -0.0905523,    -1.5816952
  1.1100000,     9.4005612,   -10.9548597,     0.0898557,     3.4269536,    -0.0810223,    -1.6448342
  1.1200000,     2.8431043,    -6.5589864,    -0.1199374,     1.0983721,    -0.0902769,    -1.6842675
  1.1300000,    -1.0369892,    -2.7131068,    -0.4929358,    -0.6444454,    -0.1339360,    -1.6804170
  1.1400000,    -1.9671648,     0.4813886,    -1.0242169,    -1.7314020,    -0.2236313,    -1.6224897
  1.1500000,    -0.1200217,     3.0188851,    -1.6825964,    -2.1921816,    -0.3633054,    -1.5115852
  1.1600000,     3.9303169,     4.9626797,    -2.4138249,    -2.1400109,    -0.5468851,    -1.3610425
  1.1700000,     9.3136172,     6.4109477,    -3.1479632,    -1.7434155,    -0.7580190,    -1.1939028
  1.1800000,    15.0115445,     7.4636945,    -3.8095844,    -1.1918888,    -0.9721183,    -1.0380602
  1.1900000,    20.0222901,     8.1976966,    -4.3289354,    -0.6620445,    -1.1604065,    -0.9202331
  1.2000000,    23.5138014,     8.6538869,    -4.6520679,    -0.2901858,    -1.2951952,    -0.8601722
  1.2100000,    24.9406066,     8.8383239,    -4.7482199,    -0.1555126,    -1.3552789,    -0.8664637
  1.2200000,    24.1065973,     8.7346063,    -4.6133193,    -0.2758035,    -1.3302639,    -0.9348964
  1.2300000,    21.1663991,     8.3230677,    -4.2692477,    -0.6148725,    -1.2228458,    -1.0497441
  1.2400000,    16.5691387,     7.6008438,    -3.7592821,    -1.0989320,    -1.0484861,    -1.1876131
  1.2500000,    10.9583894,     6.5971349,    -3.1407701,    -1.6375855,    -0.8325113,    -1.3228999
  1.2600000,     5.0490433,     5.3795474,    -2.4764733,    -2.1447563,    -0.6052365,    -1.4335308
  1.2700000,    -0.4953902,     4.0498460,    -1.8260886,    -2.5554197,    -0.3961654,    -1.5056180
  1.2800000,    -5.1633320,     2.7301666,    -1.2392457,    -2.8353480,    -0.2285274,    -1.5359561
  1.2900000,    -8.6575606,     1.5430686,    -0.7508625,    -2.9828514,    -0.1153292,    -1.5318315
  1.3000000,   -10.9119742,     0.5902297,    -0.3792154,    -3.0232843,    -0.0577456,    -1.5082905
  1.3100000,   -12.0644415,    -0.0651997,    -0.1265830,    -2.9985210,    -0.0461263,    -1.4836304
  1.3200000,   -12.3957889,    -0.4085390,     0.0180738,    -2.9544085,    -0.0632918,    -1.4743018
  1.3300000,   -12.2506654,    -0.4736713,     0.0751581,    -2.9292689,    -0.0892662,    -1.4905280
  1.3400000,   -11.9581254,    -0.3334681,     0.0700173,    -2.9459134,    -0.1062854,    -1.5337376
  1.3500000,   -11.7680634,    -0.0829209,     0.0287659,    -3.0085436,    -0.1028862,    -1.5964232
  1.3600000,   -11.8147268,     0.1810849,    -0.0251397,    -3.1046368,    -0.0761399,    -1.6644094
  1.3700000,   -12.1116506,     0.3788314,    -0.0732947,    -3.2107518,    -0.0315762,    -1.7208945
  1.3800000,   -12.5750999,     0.4616209,    -0.1036315,    -3.3003963,     0.0190771,    -1.7511809
  1.3900000,   -13.0670727,     0.4177620,    -0.1106796,    -3.3518054,     0.0616714,    -1.7468390
  1.4000000,   -13.4453527,     0.2699544,    -0.0949676,    -3.3537253,     0.0838990,    -1.7082069
  1.4100000,   -13.6076548,     0.0653319,    -0.0617756,    -3.3079581,     0.0789105,    -1.6445595
  1.4200000,   -13.5194935,    -0.1389881,    -0.0194548,    -3.2283190,     0.0473463,    -1.5718924
  1.4300000,   -13.2202589,    -0.2911633,     0.0224656,    -3.1365575,    -0.0027305,    -1.5088816
  1.4400000,   -12.8078410,    -0.3570808,     0.0551623,    -3.0564868,    -0.0579582,    -1.4720630
  1.4500000,   -12.4075743,    -0.3273119,     0.0721596,    -3.0079056,    -0.1032741,    -1.4714823
  1.4600000,   -12.1349736,    -0.2173688,     0.0705036,    -3.0018354,    -0.1260167,    -1.5079580
  1.4700000,   -12.0628718,    -0.0617548,     0.0512751,    -3.0381713,    -0.1194267,    -1.5726942
  1.4800000,   -12.2019460,     0.0962392,     0.0193306,    -3.1061935,    -0.0846006,    -1.6493795
  1.4900000,   -12.4997030,     0.2161372,    -0.0177218,    -3.1876637,    -0.0303519,    -1.7182706
  1.5000000,   -12.8578276,     0.2702854,    -0.0511494,    -3.2616279,     0.0290128,    -1.7612363
  1.5100000,   -13.1626999,     0.2498697,    -0.0730229,    -3.3096787,     0.0774402,    -1.7664788
  1.5200000,   -13.3201805,     0.1657163,    -0.0780386,    -3.3203879,     0.1014244,    -1.7317092
  1.5300000,   -13.2844017,     0.0440507,    -0.0648138,    -3.2918750,     0.0937118,    -1.6649322
  1.5400000,   -13.0716913,    -0.0813239,    -0.0363115,    -3.2319702,     0.0554156,    -1.5825934
  1.5500000,   -12.7545788,    -0.1781310,     0.0007722,    -3.1560173,    -0.0040593,    -1.5055156
  1.5600000,   -12.4361896,    -0.2235041,     0.0375872,    -3.0829226,    -0.0693127,    -1.4536226
  1.5700000,   -12.2108829,    -0.2086092,     0.0653616,    -3.0304383,    -0.1229073,    -1.4407806
  1.5800000,   -12.1213238,    -0.1389473,     0.0777781,    -3.0108205,    -0.1499784,    -1.4710817
  1.5900000,   -12.1241097,    -0.0305106,     0.0729113,    -3.0278757,    -0.1422838,    -1.5375549
  1.6000000,   -12.0749974,     0.0968878,     0.0541956,    -3.0760623,    -0.1006010,    -1.6236879
  1.6100000,   -11.7407640,     0.2270236,     0.0300990,    -3.1418256,    -0.0347856,    -1.7074378
  1.6200000,   -10.8386135,     0.3531422,     0.0124700,    -3.2068260,     0.0385934,    -1.7667626
  1.6300000,    -9.0971711,     0.4804871,     0.0138599,    -3.2522986,     0.1004854,    -1.7852990
  1.6400000,    -6.3271124,     0.6246035,     0.0443973,    -3.2635348,     0.1343896,    -1.7567360
  1.6500000,    -2.4858454,     0.8057492,     0.1089474,    -3.2334602,     0.1308692,    -1.6867338
  1.6600000,     2.2795700,     1.0408890,     0.2052729,    -3.1644929,     0.0903258,    -1.5918282
  1.6700000,     7.6236631,     1.3355170,     0.3237131,    -3.0682532,     0.0232303,    -1.4955147
  1.6800000,    13.0338180,     1.6777388,     0.4485642,    -2.9631698,    -0.0523459,    -1.4224267
  1.6900000,    17.8991044,     2.0365774,     0.5609426,    -2.8704952,    -0.1153466,    -1.3920355
  1.7000000,    21.6058596,     2.3654551,     0.6425463,    -2.8095933,    -0.1473419,    -1.4134636
  1.7100000,    23.6427002,     2.6104760,     0.6794845,    -2.7935352,    -0.1376755,    -1.4827715
  1.7200000,    23.6945127,     2.7218389,     0.6652973,    -2.8259849,    -0.0867460,    -1.5834942
  1.7300000,    21.7060722,     2.6657647,     0.6024441,    -2.9001013,    -0.0064541,    -1.6904088
  1.7400000,    17.9012134,     2.4339933,     0.5018796,    -2.9997571,     0.0824421,    -1.7756927
  1.7500000,    12.7519613,     2.0483004,     0.3807766,    -3.1028857,     0.1555104,    -1.8159967
  1.7600000,     6.9020043,     1.5585344,     0.2588956,    -3.1862959,     0.1911094,    -1.7986684
  1.7700000,     1.0582917,     1.0341592,     0.1544252,    -3.2309491,     0.1764673,    -1.7255036
  1.7800000,    -4.1286696,     0.5508590,     0.0802538,    -3.2265463,     0.1117207,    -1.6129614
  1.7900000,    -8.1725557,     0.1750428,     0.0415355,    -3.1743613,     0.0107048,    -1.4886212
  1.8000000,   -10.8258193,    -0.0502438,     0.0351058,    -3.0875711,    -0.1019182,    -1.3846006
  1.8100000,   -12.1064447,    -0.1146197,     0.0508560,    -2.9888309,    -0.1966570,    -1.3294520
  1.8200000,   -12.2717973,    -0.0424383,     0.0747009,    -2.9054098,    -0.2469127,    -1.3405178
  1.8300000,   -11.7452662,     0.1132631,     0.0923865,    -2.8627494,    -0.2364681,    -1.4187132
  1.8400000,   -11.0110666,     0.2839818,     0.0931822,    -2.8777039,    -0.1647117,    -1.5472107
  1.8500000,   -10.4991175,     0.4034701,     0.0725365,    -2.9528813,    -0.0480197,    -1.6946097
  1.8600000,   -10.4839401,     0.4261033,     0.0330430,    -3.0733794,     0.0833833,    -1.8220905
  1.8700000,   -11.0186075,     0.3416755,    -0.0165069,    -3.2068086,     0.1926146,    -1.8930232
  1.8800000,   -11.9175167,     0.1829668,    -0.0637164,    -3.3068747,     0.2457864,    -1.8827841
  1.8900000,   -12.7916623,     0.0238365,    -0.0961333,    -3.3200807,     0.2217396,    -1.7863044
  1.9000000,   -13.1292733,    -0.0324321,    -0.1048168,    -3.1944315,     0.1192181,    -1.6212313
  1.9100000,   -12.4053762,     0.1273024,    -0.0869745,    -2.8885457,    -0.0407455,    -1.4254662
  1.9200000,   -10.1979824,     0.6022068,    -0.0469585,    -2.3793960,    -0.2184605,    -1.2490778
  1.9300000,    -6.2873336,     1.4541077,     0.0046676,    -1.6670820,    -0.3650337,    -1.1419239
  1.9400000,    -0.7181910,     2.6894498,     0.0537763,    -0.7755691,    -0.4359573,    -1.1394342
  1.9500000,     6.1872918,     4.2505476,     0.0863652,     0.2508906,    -0.4059040,    -1.2496638
  1.9600000,    13.8686221,     6.0183596,     0.0923300,     1.3550482,    -0.2811613,    -1.4447345
  1.9700000,    21.6101965,     7.8267774,     0.0683184,     2.4762475,    -0.1062941,    -1.6591106
  1.9800000,    28.6524819,     9.4861491,     0.0188791,     3.5603550,     0.0374036,    -1.7959055
  1.9900000,    34.3099073,    10.8119103,    -0.0444490,     4.5679259,     0.0424649,    -1.7408328
  2.0000000,    38.0735793,    11.6531637,    -0.1059349,     5.4788051,    -0.2063558,    -1.3818016
  2.0100000,    39.6806342,    11.9160360,    -0.1496620,     6.2920813,    -0.8089022,    -0.6308603
  2.0200000,    39.1391802,    11.5776435,    -0.1637321,     7.0213120,    -1.8260536,     0.5555203
  2.0300000,    36.7067658,    10.6883101,    -0.1435648,     7.6860091,    -3.2606818,     2.1617869
  2.0400000,    32.8292477,     9.3619108,    -0.0933960,     8.3012889,    -5.0474958,     4.1074113
  2.0500000,    28.0540126,     7.7564211,    -0.0255126,     8.8681300,    -7.0546428,     6.2514588
  2.0600000,    22.9353986,     6.0484814,     0.0426610,     9.3667052,    -9.0977315,     8.4074812
  2.0700000,    17.9502699,     4.4067154,     0.0929486,     9.7547182,   -10.9644832,    10.3667493
  2.0800000,    13.4382289,     2.9685136,     0.1111901,     9.9716734,   -12.4460061,    11.9262977
  2.0900000,     9.5748541,     1.8240519,     0.0911636,     9.9487224,   -13.3692011,    12.9173344
  2.1000000,     6.3790649,     1.0097052,     0.0365970,     9.6224421,   -13.6243890,    13.2294171
  2.1100000,     3.7488252,     0.5110890,    -0.0393431,     8.9498783,   -13.1830043,    12.8264673
  2.1200000,     1.5143109,     0.2741323,    -0.1170714,     7.9216926,   -12.1020137,    11.7520339
  2.1300000,    -0.5047098,     0.2212254,    -0.1754512,     6.5704010,   -10.5142150,    10.1230058
  2.1400000,    -2.4499067,     0.2688252,    -0.1973335,     4.9715130,    -8.6062620,     8.1128654
  2.1500000,    -4.3932275,     0.3430435,    -0.1743631,     3.2367094,    -6.5885809,     5.9272489
  2.1600000,    -6.3280208,     0.3905662,    -0.1097583,     1.4997928,    -4.6628181,     3.7757524
  2.1700000,    -8.1815214,     0.3835460,    -0.0182187,    -0.1023325,    -2.9927884,     1.8444017
  2.1800000,    -9.8431074,     0.3185250,     0.0771939,    -1.4502706,    -1.6840211,     0.2729422
  2.1900000,   -11.1997768,     0.2106834,     0.1505943,    -2.4604773,    -0.7751230,    -0.8598278
  2.2000000,   -12.1695140,     0.0854957,     0.1799656,    -3.0977834,    -0.2417044,    -1.5408694
  2.2100000,   -12.7246240,    -0.0299084,     0.1533566,    -3.3795840,    -0.0110787,    -1.8176863
  2.2200000,   -12.9001789,    -0.1137293,     0.0729398,    -3.3707576,     0.0161164,    -1.7844805
  2.2300000,   -12.7866180,    -0.1536375,    -0.0443049,    -3.1701882,    -0.0576040,    -1.5623506
  2.2400000,   -12.5093147,    -0.1478157,    -0.1697825,    -2.8914165,    -0.1469347,    -1.2769691
  2.2500000,   -12.2007275,    -0.1035030,    -0.2699413,    -2.6411182,    -0.1969642,    -1.0373606
  2.2600000,   -11.9720358,    -0.0341983,    -0.3151206,    -2.4995307,    -0.1870388,    -0.9190091
  2.2700000,   -11.8907641,     0.0431904,    -0.2886764,    -2.5065514,    -0.1254223,    -0.9536546
  2.2800000,   -11.9690628,     0.1102456,    -0.1942451,    -2.6560732,    -0.0369941,    -1.1269654
  2.2900000,   -12.1645761,     0.1475754,    -0.0592511,    -2.8994698,     0.0522508,    -1.3839911
  2.3000000,   -12.3928997,     0.1342601,     0.0665529,    -3.1573157,     0.1295529,    -1.6411197
  2.3100000,   -12.5481815,     0.0470532,     0.1177224,    -3.3368255,     0.2047028,    -1.8023397
  2.3200000,   -12.5269623,    -0.1395578,     0.0240467,    -3.3514368,     0.3118003,    -1.7770744
  2.3300000,   -12.2501187,    -0.4514729,    -0.2760965,    -3.1386560,     0.5028905,    -1.4967521
  2.3400000,   -11.6786739,    -0.9108519,    -0.8224417,    -2.6727755,     0.8349633,    -0.9275985
  2.3500000,   -10.8209729,    -1.5300811,    -1.6222143,    -1.9702341,     1.3534972,    -0.0778072
  2.3600000,    -9.7307689,    -2.3049804,    -2.6444144,    -1.0869537,     2.0766520,     1.0018485
  2.3700000,    -8.4976634,    -3.2089886,    -3.8203798,    -0.1086120,     2.9841734,     2.2238964
  2.3800000,    -7.2326433,    -4.1902369,    -5.0508531,     0.8638582,     4.0140668,     3.4755200
  2.3900000,    -6.0519844,    -5.1730841,    -6.2185607,     1.7304647,     5.0683696,     4.6335945
  2.4000000,    -5.0625023,    -6.0648592,    -7.2042787,     2.4068876,     6.0272924,     5.5811264
  2.4100000,    -4.3502532,    -6.7674066,    -7.9037010,     2.8351635,     6.7690855,     6.2226712
  2.4200000,    -3.9736084,    -7.1918183,    -8.2422787,     2.9888243,     7.1916468,     6.4965216
  2.4300000,    -3.9605011,    -7.2737653,    -8.1855821,     2.8722974,     7.2314228,     6.3819853
  2.4400000,    -4.3088416,    -6.9863676,    -7.7435569,     2.5155977,     6.8756690,     5.9008433
  2.4500000,    -4.9887742,    -6.3477400,    -6.9681467,     1.9662083,     6.1655064,     5.1129632
  2.4600000,    -5.9455961,    -5.4212198,    -5.9449046,     1.2803769,     5.1891305,     4.1069147
  2.4700000,    -7.1026477,    -4.3076726,    -4.7802022,     0.5158198,     4.0665697,     2.9871526
  2.4800000,    -8.3640998,    -3.1308999,    -3.5862896,    -0.2728828,     2.9291036,     1.8597987
  2.4900000,    -9.6180747,    -2.0186771,    -2.4666642,    -1.0358810,     1.8974759,     0.8191843
  2.5000000,   -10.7407956,    -1.0829755,    -1.5039557,    -1.7272766,     1.0631563,    -0.0628967
  2.5100000,   -11.6023718,    -0.4032206,    -0.7519251,    -2.3033052,     0.4761302,    -0.7437918
  2.5200000,   -12.0744600,    -0.0158998,    -0.2323340,    -2.7210739,     0.1412085,    -1.2117525
  2.5300000,   -12.0395079,     0.0874395,     0.0634370,    -2.9392139,     0.0230051,    -1.4829731
  2.5400000,   -11.4007702,    -0.0464747,     0.1689015,    -2.9211433,     0.0579418,    -1.5947868
  2.5500000,   -10.0919445,    -0.3463977,     0.1344933,    -2.6407396,     0.1702854,    -1.5964760
  2.5600000,    -8.0851977,    -0.7343105,     0.0186776,    -2.0893177,     0.2885936,    -1.5394460
  2.5700000,    -5.3965609,    -1.1431746,    -0.1204065,    -1.2821673,     0.3591286,    -1.4684838
  2.5800000,    -2.0880800,    -1.5307488,    -0.2316848,    -0.2626907,     0.3537265,    -1.4154861
  2.5900000,     1.7334110,    -1.8864318,    -0.2756754,     0.8975142,     0.2710256,    -1.3964799
  2.6000000,     5.9206151,    -2.2297029,    -0.2267146,     2.1035178,     0.1315219,    -1.4120793
  2.6100000,    10.2926846,    -2.6006811,    -0.0731969,     3.2467081,    -0.0317272,    -1.4508671
  2.6200000,    14.6441843,    -3.0451644,     0.1836111,     4.2179614,    -0.1840914,    -1.4946830
  2.6300000,    18.7557055,    -3.5978167,     0.5315664,     4.9221868,    -0.2992235,    -1.5245259
  2.6400000,    22.4059110,    -4.2676385,     0.9499385,     5.2916501,    -0.3654644,    -1.5257848
  2.6500000,    25.3848862,    -5.0293619,     1.4116712,     5.2955786,    -0.3875093,    -1.4917768
  2.6600000,    27.5085522,    -5.8230648,     1.8855198,     4.9441971,    -0.3833128,    -1.4250210
  2.6700000,    28.6335472,    -6.5623964,     2.3381358,     4.2863923,    -0.3774173,    -1.3362108
  2.6800000,    28.6714416,    -7.1497952,     2.7362489,     3.4014334,    -0.3927261,    -1.2413463
  2.6900000,    27.6005870,    -7.4954179,     3.0490614,     2.3863126,    -0.4430414,    -1.1578457
  2.7000000,    25.4735118,    -7.5355799,     3.2508468,     1.3410722,    -0.5283891,    -1.1006100
  2.7100000,    22.4177779,    -7.2465539,     3.3235731,     0.3547803,    -0.6343540,    -1.0789400
  2.7200000,    18.6287400,    -6.6505785,     3.2592156,    -0.5054347,    -0.7355691,    -1.0949401
  2.7300000,    14.3537185,    -5.8126619,     3.0613326,    -1.2006172,    -0.8024118,    -1.1436517
  2.7400000,     9.8685614,    -4.8288382,     2.7454919,    -1.7208408,    -0.8091345,    -1.2147465
  2.7500000,     5.4491701,    -3.8084462,     2.3382624,    -2.0811359,    -0.7412924,    -1.2952592
  2.7600000,     1.3419122,    -2.8543275,     1.8747042,    -2.3138435,    -0.6005060,    -1.3726395
  2.7700000,    -2.2623939,    -2.0452561,     1.3945623,    -2.4592964,    -0.4052640,    -1.4373781
  2.7800000,    -5.2463625,    -1.4243311,     0.9376261,    -2.5568104,    -0.1874580,    -1.4846157
  2.7900000,    -7.5723164,    -0.9956287,     0.5389124,    -2.6376206,     0.0146043,    -1.5144247
  2.8000000,    -9.2754302,    -0.7294510,     0.2244098,    -2.7207380,     0.1650851,    -1.5307918
  2.8100000,   -10.4446747,    -0.5745143,     0.0080680,    -2.8119166,     0.2393035,    -1.5396408
  2.8200000,   -11.1949970,    -0.4738419,    -0.1094681,    -2.9052182,     0.2301501,    -1.5464515
  2.8300000,   -11.6361522,    -0.3803589,    -0.1401601,    -2.9862044,     0.1506769,    -1.5540999
  2.8400000,   -11.8445975,    -0.2683898,    -0.1060243,    -3.0356600,     0.0321951,    -1.5614710
  2.8500000,   -11.8445608,    -0.1383938,    -0.0351474,    -3.0329470,    -0.0817574,    -1.5631868
  2.8600000,   -11.6027822,    -0.0140381,     0.0430636,    -2.9585152,    -0.1442736,    -1.5505232
  2.8700000,   -11.0387399,     0.0673248,     0.1026072,    -2.7955813,    -0.1148314,    -1.5133035
  2.8800000,   -10.0489346,     0.0680272,     0.1248128,    -2.5313818,     0.0321628,    -1.4423413
  2.8900000,    -8.5406613,    -0.0364099,     0.1008363,    -2.1585624,     0.3018448,    -1.3318893
  2.9000000,    -6.4683338,    -0.2473728,     0.0323546,    -1.6771376,     0.6774809,    -1.1815584
  2.9100000,    -3.8643812,    -0.5396380,    -0.0695917,    -1.0970740,     1.1233569,    -0.9972988
  2.9200000,    -0.8573012,    -0.8653479,    -0.1873364,    -0.4410409,     1.5912194,    -0.7912361
  2.9300000,     2.3284036,    -1.1645976,    -0.3003607,     0.2535955,     2.0288054,    -0.5803878
  2.9400000,     5.3923396,    -1.3799413,    -0.3893879,     0.9347036,     2.3886345,    -0.3844988
  2.9500000,     7.9963947,    -1.4709857,    -0.4400404,     1.5383123,     2.6353038,    -0.2233816
  2.9600000,     9.8152610,    -1.4250484,    -0.4454016,     1.9951110,     2.7499760,    -0.1142106
  2.9700000,    10.5908192,    -1.2607274,    -0.4070364,     2.2402999,     2.7314596,    -0.0691947
  2.9800000,    10.1806511,    -1.0229436,    -0.3343259,     2.2256153,     2.5940620,    -0.0939591
  2.9900000,     8.5915092,    -0.7701974,    -0.2422909,     1.9314955,     2.3630691,    -0.1868304
  3.0000000,     5.9908791,    -0.5568754,    -0.1483735,     1.3768259,     2.0691155,    -0.3390718
  3.0100000,     2.6934146,    -0.4149392,    -0.0688409,     0.6236951,     1.7427802,    -0.5359885
  3.0200000,    -0.8766634,    -0.3398061,    -0.0155487,    -0.2248120,     1.4104932,    -0.7587230
  3.0300000,    -4.2419291,    -0.2845383,     0.0062733,    -1.0346118,     1.0923506,    -0.9865030
  3.0400000,    -6.9383026,    -0.1646998,    -0.0012349,    -1.6577519,     0.8018633,    -1.1990757
  3.0500000,    -8.5814016,     0.1262053,    -0.0294374,    -1.9544642,     0.5471589,    -1.3790567
  3.0600000,    -8.9222762,     0.6933779,    -0.0654939,    -1.8166675,     0.3328466,    -1.5139335
  3.0700000,    -7.8838398,     1.6142094,    -0.0955644,    -1.1887700,     0.1617117,    -1.5974870
  3.0800000,    -5.5724632,     2.9144698,    -0.1082102,    -0.0817240,     0.0356132,    -1.6304335
  3.0900000,    -2.2631940,     4.5528543,    -0.0972190,     1.4227804,    -0.0446547,    -1.6201566
  3.1000000,     1.6387937,     6.4180376,    -0.0631877,     3.1794803,    -0.0803447,    -1.5794942
  3.1100000,     5.6543261,     8.3398633,    -0.0134622,     4.9975353,    -0.0760387,    -1.5246738
  3.1200000,     9.2952607,    10.1132939,     0.0396052,     6.6667941,    -0.0405338,    -1.4726357
  3.1300000,    12.1287220,    11.5309383,     0.0817254,     7.9881389,     0.0132818,    -1.4381231
  3.1400000,    13.8313592,    12.4179820,     0.1003846,     8.8028199,     0.0698678,    -1.4310230
  3.1500000,    14.2263242,    12.6626403,     0.0883230,     9.0157442,     0.1136600,    -1.4544642
  3.1600000,    13.2985491,    12.2360134,     0.0459073,     8.6086901,     0.1323259,    -1.5041128
  3.1700000,    11.1872730,    11.1973044,    -0.0182699,     7.6412017,     0.1197869,    -1.5689228
  3.1800000,     8.1581137,     9.6833223,    -0.0888472,     6.2391439,     0.0780868,    -1.6333377
  3.1900000,     4.5597869,     7.8843911,    -0.1470147,     4.5731186,     0.0173995,    -1.6806269
  3.2000000,     0.7725014,     6.0115333,    -0.1750343,     2.8307418,    -0.0460822,    -1.6967554
  3.2100000,    -2.8441386,     4.2614926,    -0.1609403,     1.1877981,    -0.0940569,    -1.6739842
  3.2200000,    -5.9962446,     2.7864482,    -0.1022607,    -0.2166635,    -0.1109565,    -1.6133536
  3.2300000,    -8.4876961,     1.6741076,    -0.0077149,    -1.2971378,    -0.0884861,    -1.5253375
  3.2400000,   -10.2352700,     0.9415287,     0.1037820,    -2.0278962,    -0.0285655,    -1.4282750
  3.2500000,   -11.2656694,     0.5430361,     0.2069066,    -2.4382549,     0.0563349,    -1.3446302
  3.2600000,   -11.6960371,     0.3896396,     0.2759608,    -2.5985658,     0.1458865,    -1.2956301
  3.2700000,   -11.7019986,     0.3750740,     0.2920138,    -2.6002851,     0.2172769,    -1.2952638
  3.2800000,   -11.4790830,     0.4024429,     0.2496281,    -2.5343984,     0.2521670,    -1.3448995
  3.2900000,   -11.2042527,     0.4056714,     0.1615577,    -2.4725340,     0.2435843,    -1.4298043
  3.3000000,   -11.0040977,     0.3614615,     0.0600745,    -2.4542800,     0.2009218,    -1.5186081
  3.3100000,   -10.9350173,     0.2898070,    -0.0058412,    -2.4827583,     0.1514750,    -1.5662530
  3.3200000,   -10.9785934,     0.2438032,     0.0226002,    -2.5287184,     0.1376269,    -1.5203059
  3.3300000,   -11.0526667,     0.2918581,     0.2039216,    -2.5416671,     0.2097560,    -1.3298066
  3.3400000,   -11.0357853,     0.4969495,     0.5847917,    -2.4652116,     0.4159755,    -0.9552211
  3.3500000,   -10.8001902,     0.8979726,     1.1890590,    -2.2530961,     0.7906798,    -0.3777075
  3.3600000,   -10.2467835,     1.4974325,     2.0096077,    -1.8824748,     1.3443493,     0.3941296
  3.3700000,    -9.3349508,     2.2580131,     3.0048588,    -1.3617217,     2.0570129,     1.3214911
  3.3800000,    -8.1008420,     3.1083358,     4.1009785,    -0.7313419,     2.8771624,     2.3374914
  3.3900000,    -6.6596945,     3.9560552,     5.1998315,    -0.0580256,     3.7268639,     3.3541266
  3.4000000,    -5.1907156,     4.7048394,     6.1916428,     0.5767285,     4.5125238,     4.2732126
  3.4100000,    -3.9064138,     5.2710985,     6.9703953,     1.0909843,     5.1395304,     4.9996417
  3.4200000,    -3.0114726,     5.5966718,     7.4494079,     1.4168348,     5.5280700,     5.4548298
  3.4300000,    -2.6586510,     5.6549341,     7.5744194,     1.5122064,     5.6270425,     5.5881260
  3.4400000,    -2.9102740,     5.4495734,     7.3318846,     1.3679161,     5.4232702,     5.3842734
  3.4500000,    -3.7133470,     5.0071670,     6.7510146,     1.0089278,     4.9440666,     4.8656708
  3.4600000,    -4.8942113,     4.3661628,     5.8991945,     0.4899020,     4.2525402,     4.0890814
  3.4700000,    -6.1752844,     3.5656053,     4.8715908,    -0.1138308,     3.4364779,     3.1373827
  3.4800000,    -7.2123921,     2.6367767,     3.7767809,    -0.7180161,     2.5929608,     2.1077820
  3.4900000,    -7.6472542,     1.5999236,     2.7209091,    -1.2417803,     1.8117372,     1.0984770
  3.5000000,    -7.1666083,     0.4666967,     1.7930685,    -1.6184622,     1.1606135,     0.1959264
  3.5100000,    -5.5578627,    -0.7527395,     1.0543021,    -1.8034267,     0.6756790,    -0.5353112
  3.5200000,    -2.7514236,    -2.0403349,     0.5318712,    -1.7780233,     0.3581352,    -1.0587543
  3.5300000,     1.1580613,    -3.3616282,     0.2194240,    -1.5496073,     0.1781081,    -1.3675343
  3.5400000,     5.9157249,    -4.6610367,     0.0826013,    -1.1481969,     0.0843552,    -1.4814630
  3.5500000,    11.1355587,    -5.8629887,     0.0686665,    -0.6207739,     0.0175898,    -1.4405336
  3.5600000,    16.3499585,    -6.8794216,     0.1181163,    -0.0244086,    -0.0755436,    -1.2962747
  3.5700000,    21.0716163,    -7.6224869,     0.1760163,     0.5806843,    -0.2308268,    -1.1025882
  3.5800000,    24.8576235,    -8.0198699,     0.2010442,     1.1373108,    -0.4595241,    -0.9076103
  3.5900000,    27.3655125,    -8.0293092,     0.1708243,     1.5961735,    -0.7473823,    -0.7477733
  3.6000000,    28.3926982,    -7.6489048,     0.0829678,     1.9192784,    -1.0594633,    -0.6447217
  3.6100000,    27.8940065,    -6.9206358,    -0.0478909,     2.0819385,    -1.3494198,    -0.6051549
  3.6200000,    25.9760264,    -5.9259777,    -0.1960240,     2.0735662,    -1.5708970,    -0.6231544
  3.6300000,    22.8710810,    -4.7742573,    -0.3319951,     1.8974621,    -1.6883760,    -0.6841866
  3.6400000,    18.8969024,    -3.5859998,    -0.4298581,     1.5697539,    -1.6850235,    -0.7698015
  3.6500000,    14.4100046,    -2.4746207,    -0.4727385,     1.1175605,    -1.5659109,    -0.8620836
  3.6600000,     9.7609942,    -1.5301380,    -0.4558496,     0.5764242,    -1.3561030,    -0.9471035
  3.6700000,     5.2587002,    -0.8080716,    -0.3866196,    -0.0129271,    -1.0943267,    -1.0169178
  3.6800000,     1.1474344,    -0.3254803,    -0.2822355,    -0.6083235,    -0.8239254,    -1.0699962
  3.6900000,    -2.4014570,    -0.0644659,    -0.1654083,    -1.1701107,    -0.5833604,    -1.1102446
  3.7000000,    -5.2856135,     0.0181620,    -0.0594415,    -1.6648992,    -0.3985210,    -1.1450171
  3.7100000,    -7.4593672,    -0.0223633,     0.0162937,    -2.0686149,    -0.2785673,    -1.1826235
  3.7200000,    -8.9183014,    -0.1323966,     0.0495928,    -2.3683943,    -0.2160969,    -1.2298607
  3.7300000,    -9.6855377,    -0.2708407,     0.0368509,    -2.5630060,    -0.1913356,    -1.2900343
  3.7400000,    -9.8031764,    -0.4152238,    -0.0173678,    -2.6617203,    -0.1790762,    -1.3618166
  3.7500000,    -9.3301409,    -0.5620016,    -0.1022865,    -2.6818232,    -0.1564488,    -1.4391358
  3.7600000,    -8.3453583,    -0.7216343,    -0.2037810,    -2.6452363,    -0.1094714,    -1.5121226
  3.7700000,    -6.9533387,    -0.9102182,    -0.3074254,    -2.5748716,    -0.0367032,    -1.5689748
  3.7800000,    -5.2882623,    -1.1401682,    -0.4010589,    -2.4913916,     0.0508788,    -1.5984447
  3.7900000,    -3.5128597,    -1.4125176,    -0.4764144,    -2.4109322,     0.1336553,    -1.5925254
  3.8000000,    -1.8096403,    -1.7128310,    -0.5296308,    -2.3441039,     0.1896938,    -1.5488224
  3.8100000,    -0.3640507,    -2.0116955,    -0.5607464,    -2.2962723,     0.2018559,    -1.4720793
  3.8200000,     0.6585600,    -2.2695433,    -0.5724896,    -2.2688105,     0.1636718,    -1.3743835
  3.8300000,     1.1382952,    -2.4444726,    -0.5687904,    -2.2607878,     0.0822650,    -1.2737476
  3.8400000,     1.0233192,    -2.5010418,    -0.5534298,    -2.2704765,    -0.0226566,    -1.1910177
  3.8500000,     0.3445743,    -2.4178608,    -0.5291387,    -2.2961492,    -0.1237159,    -1.1453924
  3.8600000,    -0.7814457,    -2.1922047,    -0.4972904,    -2.3358731,    -0.1936265,    -1.1491872
  3.8700000,    -2.1638373,    -1.8406935,    -0.4581547,    -2.3863490,    -0.2139329,    -1.2027741
  3.8800000,    -3.5616962,    -1.3960881,    -0.4115392,    -2.4411781,    -0.1824983,    -1.2907973
  3.8900000,    -4.7185070,    -0.9011745,    -0.3575637,    -2.4892006,    -0.1176742,    -1.3807382
  3.9000000,    -5.4011443,    -0.4013260,    -0.2973141,    -2.5136423,    -0.0577648,    -1.4246387
  3.9100000,    -5.4370114,     0.0625050,    -0.2331828,    -2.4927001,    -0.0554460,    -1.3643139
  3.9200000,    -4.7429578,     0.4589049,    -0.1688059,    -2.4018961,    -0.1679694,    -1.1397385
  3.9300000,    -3.3409334,     0.7684089,    -0.1086215,    -2.2180974,    -0.4450118,    -0.6995958
  3.9400000,    -1.3575933,     0.9831760,    -0.0571612,    -1.9246281,    -0.9166775,    -0.0123789
  3.9500000,     0.9921731,     1.1046146,    -0.0182455,    -1.5165102,    -1.5842641,     0.9239450
  3.9600000,     3.4350864,     1.1400858,     0.0057454,    -1.0046569,    -2.4159296,     2.0757197
  3.9700000,     5.6777946,     1.0998776,     0.0143764,    -0.4178882,    -3.3484409,     3.3724787
  3.9800000,     7.4474878,     0.9953350,     0.0093486,     0.1980563,    -4.2949525,     4.7118192
  3.9900000,     8.5284723,     0.8384715,    -0.0056603,     0.7848010,    -5.1575157,     5.9701659
  4.0000000,     8.7892945,     0.6427566,    -0.0254900,     1.2785539,    -5.8420351,     7.0182194
  4.0100000,     8.1967938,     0.4242839,    -0.0442755,     1.6192626,    -6.2728748,     7.7389105
  4.0200000,     6.8157521,     0.2023254,    -0.0564339,     1.7602133,    -6.4043857,     8.0450327
  4.0300000,     4.7951460,    -0.0015491,    -0.0577707,     1.6763542,    -6.2272500,     7.8935557
  4.0400000,     2.3440031,    -0.1661177,    -0.0465899,     1.3697273,    -5.7685923,     7.2940106
  4.0500000,    -0.2988085,    -0.2745798,    -0.0246701,     0.8708255,    -5.0860418,     6.3092298
  4.0600000,    -2.8960243,    -0.3190812,     0.0020635,     0.2353788,    -4.2570992,     5.0479856
  4.0700000,    -5.2401447,    -0.3043252,     0.0233580,    -0.4631065,    -3.3660095,     3.6504740
  4.0800000,    -7.1747879,    -0.2488998,     0.0251210,    -1.1439372,    -2.4907070,     2.2688638
  4.0900000,    -8.6071263,    -0.1833905,    -0.0092984,    -1.7312227,    -1.6922297,     1.0460361
  4.1000000,    -9.5108376,    -0.1451323,    -0.0970201,    -2.1652306,    -1.0083439,     0.0959854
  4.1100000,    -9.9204068,    -0.1704013,    -0.2528707,    -2.4111389,    -0.4521578,    -0.5109314
  4.1200000,    -9.9186576,    -0.2856890,    -0.4862666,    -2.4636451,    -0.0154375,    -0.7555765
  4.1300000,    -9.6199850,    -0.5001949,    -0.7982196,    -2.3466094,     0.3245810,    -0.6694067
  4.1400000,    -9.1518788,    -0.8016366,    -1.1790537,    -2.1077776,     0.5966882,    -0.3260611
  4.1500000,    -8.6370703,    -1.1568645,    -1.6074233,    -1.8094958,     0.8274775,     0.1730767
  4.1600000,    -8.1781232,    -1.5176942,    -2.0511063,    -1.5170263,     1.0350991,     0.7166008
  4.1700000,    -7.8456943,    -1.8310669,    -2.4697959,    -1.2864854,     1.2260778,     1.2009140
  4.1800000,    -7.6711249,    -2.0514422,    -2.8197712,    -1.1544743,     1.3954855,     1.5451623
  4.1900000,    -7.6435897,    -2.1525452,    -3.0599430,    -1.1311656,     1.5299765,     1.7009942
  4.2000000,    -7.7117365,    -2.1354642,    -3.1584193,    -1.1980062,     1.6126026,     1.6559635
  4.2100000,    -7.7895768,    -2.0307155,    -3.0985097,    -1.3104062,     1.6280332,     1.4306511
  4.2200000,    -7.7662582,    -1.8931681,    -2.8830340,    -1.4049593,     1.5668730,     1.0707096
  4.2300000,    -7.5191845,    -1.7903772,    -2.5359735,    -1.4100090,     1.4281272,     0.6358492
  4.2400000,    -6.9297035,    -1.7865383,    -2.1008759,    -1.2578622,     1.2194249,     0.1881181
  4.2500000,    -5.9002159,    -1.9255274,    -1.6359602,    -0.8967264,     0.9552020,    -0.2183237
  4.2600000,    -4.3711360,    -2.2170068,    -1.2064603,    -0.3005284,     0.6535374,    -0.5443176
  4.2700000,    -2.3357330,    -2.6291759,    -0.8752899,     0.5248710,     0.3326049,    -0.7689254
  4.2800000,     0.1493732,    -3.0904648,    -0.6934958,     1.5399862,     0.0077055,    -0.8888645
  4.2900000,     2.9602490,    -3.5005620,    -0.6920961,     2.6747921,    -0.3104016,    -0.9150199
  4.3000000,     5.9099853,    -3.7490427,    -0.8767465,     3.8361605,    -0.6155663,    -0.8673494
  4.3100000,     8.7622576,    -3.7380139,    -1.2262392,     4.9186365,    -0.9048734,    -0.7695904
  4.3200000,    11.2538035,    -3.4040546,    -1.6952039,     5.8171154,    -1.1763795,    -0.6449326
  4.3300000,    13.1240622,    -2.7346092,    -2.2206458,     6.4397580,    -1.4267323,    -0.5133333
  4.3400000,    14.1487600,    -1.7749527,    -2.7312782,     6.7194737,    -1.6494426,    -0.3905772
  4.3500000,    14.1730484,    -0.6237245,    -3.1580990,     6.6225007,    -1.8343717,    -0.2886770
  4.3600000,    13.1391693,     0.5825776,    -3.4444394,     6.1529810,    -1.9686389,    -0.2168961
  4.3700000,    11.1037573,     1.6933549,    -3.5538115,     5.3529311,    -2.0387528,    -0.1826282
  4.3800000,     8.2408968,     2.5712710,    -3.4742923,     4.2975730,    -2.0334295,    -0.1915614
  4.3900000,     4.8288664,     3.1176830,    -3.2188189,     3.0865702,    -1.9463684,    -0.2469310
  4.4000000,     1.2209269,     3.2908921,    -2.8215133,     1.8322390,    -1.7782592,    -0.3480851
  4.4100000,    -2.1968438,     3.1134016,    -2.3308648,     0.6462099,    -1.5374881,    -0.4889281
  4.4200000,    -5.0552311,     2.6666379,    -1.8011268,    -0.3737464,    -1.2393390,    -0.6569648
  4.4300000,    -7.0519060,     2.0742164,    -1.2835480,    -1.1549886,    -0.9038610,    -0.8335871
  4.4400000,    -7.9939592,     1.4772289,    -0.8189987,    -1.6578362,    -0.5529001,    -0.9959443
  4.4500000,    -7.8257762,     1.0066821,    -0.4332038,    -1.8788584,    -0.2069839,    -1.1203001
  4.4600000,    -6.6370492,     0.7587570,    -0.1352235,    -1.8491269,     0.1172385,    -1.1863228
  4.4700000,    -4.6487574,     0.7778815,     0.0808418,    -1.6276542,     0.4084637,    -1.1814063
  4.4800000,    -2.1785717,     1.0508728,     0.2315680,    -1.2909656,     0.6608698,    -1.1039910
  4.4900000,     0.4092734,     1.5129951,     0.3384546,    -0.9203662,     0.8730283,    -0.9649810
  4.5000000,     2.7617014,     2.0642448,     0.4220208,    -0.5888675,     1.0460105,    -0.7867332
  4.5100000,     4.5925587,     2.5920588,     0.4970003,    -0.3498394,     1.1812954,    -0.5996271
  4.5200000,     5.7269009,     2.9954094,     0.5695600,    -0.2292228,     1.2791099,    -0.4367918
  4.5300000,     6.1260350,     3.2051390,     0.6369702,    -0.2225891,     1.3376868,    -0.3280252
  4.5400000,     5.8887798,     3.1964042,     0.6895943,    -0.2975451,     1.3536505,    -0.2941739
  4.5500000,     5.2285589,     2.9909692,     0.7145620,    -0.4010818,     1.3234128,    -0.3431833
  4.5600000,     4.4302778,     2.6493872,     0.7001545,    -0.4706029,     1.2451645,    -0.4686879
  4.5700000,     3.7946373,     2.2553006,     0.6398128,    -0.4467123,     1.1208604,    -0.6514639
  4.5800000,     3.5798929,     1.8957033,     0.5348191,    -0.2854984,     0.9575755,    -0.8634334
  4.5900000,     3.9516046,     1.6416947,     0.3950302,     0.0318825,     0.7677477,    -1.0733519
  4.6000000,     4.9495027,     1.5339164,     0.2375098,     0.4940667,     0.5681008,    -1.2529422
  4.6100000,     6.4774700,     1.5755999,     0.0833872,     1.0597498,     0.3773802,    -1.3821617
  4.6200000,     8.3183861,     1.7343097,    -0.0463322,     1.6633611,     0.2133487,    -1.4525057
  4.6300000,    10.1710070,     1.9514720,    -0.1350458,     2.2251758,     0.0896998,    -1.4677172
  4.6400000,    11.7020343,     2.1570963,    -0.1739534,     2.6640987,     0.0136039,    -1.4418658
  4.6500000,    12.6038269,     2.2860900,    -0.1638028,     2.9108777,    -0.0155237,    -1.3953467
  4.6600000,    12.6473323,     2.2924297,    -0.1145766,     2.9194399,    -0.0057095,    -1.3497879
  4.6700000,    11.7208989,     2.1581714,    -0.0431677,     2.6743996,     0.0294111,    -1.3230517
  4.6800000,     9.8484383,     1.8956393,     0.0304720,     2.1934916,     0.0735675,    -1.3254264
  4.6900000,     7.1843476,     1.5427898,     0.0878867,     1.5246022,     0.1113266,    -1.3577740
  4.7000000,     3.9868915,     1.1532982,     0.1163966,     0.7380294,     0.1313078,    -1.4119047
  4.7100000,     0.5755554,     0.7840048,     0.1121732,    -0.0845814,     0.1284402,    -1.4729245
  4.7200000,    -2.7195135,     0.4827726,     0.0814265,    -0.8626475,     0.1047832,    -1.5228739
  4.7300000,    -5.6068845,     0.2794757,     0.0394122,    -1.5282718,     0.0687587,    -1.5447359
  4.7400000,    -7.8737101,     0.1819009,     0.0074185,    -2.0351759,     0.0329989,    -1.5258959
  4.7500000,    -9.4100026,     0.1770506,     0.0083155,    -2.3635997,     0.0113189,    -1.4603523
  4.7600000,   -10.2144434,     0.2370184,     0.0615565,    -2.5205866,     0.0155014,    -1.3493530
  4.7700000,   -10.3823211,     0.3275903,     0.1786450,    -2.5358963,     0.0526023,    -1.2005394
  4.7800000,   -10.0792535,     0.4172187,     0.3600034,    -2.4545085,     0.1233412,    -1.0260304
  4.7900000,    -9.5064433,     0.4841240,     0.5939158,    -2.3271900,     0.2218793,    -0.8400676
  4.8000000,    -8.8640511,     0.5199243,     0.8578132,    -2.2008137,     0.3369620,    -0.6568463
  4.8100000,    -8.3188265,     0.5291915,     1.1217156,    -2.1100327,     0.4541030,    -0.4889832
  4.8200000,    -7.9806611,     0.5254094,     1.3532242,    -2.0715763,     0.5582749,    -0.3467876
  4.8300000,    -7.8906431,     0.5246972,     1.5231487,    -2.0819163,     0.6364899,    -0.2382081
  4.8400000,    -8.0209966,     0.5391517,     1.6107284,    -2.1184785,     0.6797267,    -0.1691055
  4.8500000,    -8.2854014,     0.5716512,     1.6074714,    -2.1440260,     0.6838467,    -0.1434331
  4.8600000,    -8.5569263,     0.6134888,     1.5188919,    -2.1134091,     0.6494072,    -0.1630006
  4.8700000,    -8.6902474,     0.6454063,     1.3638123,    -1.9816063,     0.5805449,    -0.2267300
  4.8800000,    -8.5448999,     0.6416970,     1.1713441,    -1.7118737,     0.4833102,    -0.3295958
  4.8900000,    -8.0068087,     0.5762763,     0.9760859,    -1.2828748,     0.3639340,    -0.4616946
  4.9000000,    -7.0060107,     0.4291597,     0.8123916,    -0.6938317,     0.2274866,    -0.6079948
  4.9100000,    -5.5290996,     0.1917468,     0.7087240,     0.0330049,     0.0772515,    -0.7492483
  4.9200000,    -3.6253982,    -0.1303345,     0.6830708,     0.8529629,    -0.0850687,    -0.8642749
  4.9300000,    -1.4061848,    -0.5174177,     0.7401981,     1.7026933,    -0.2584242,    -0.9334390
  4.9400000,     0.9633907,    -0.9388591,     0.8711690,     2.5067598,    -0.4410618,    -0.9427133
  4.9500000,     3.2796307,    -1.3581360,     1.0551448,     3.1864357,    -0.6291414,    -0.8874082
  4.9600000,     5.3220887,    -1.7387238,     1.2630871,     3.6697487,    -0.8157243,    -0.7745338
  4.9700000,     6.8801197,    -2.0494142,     1.4626601,     3.9015505,    -0.9904348,    -0.6229306
  4.9800000,     7.7813484,    -2.2679945,     1.6234558,     3.8522428,    -1.1399323,    -0.4607332
  4.9900000,     7.9182289,    -2.3827146,     1.7216489,     3.5237962,    -1.2491353,    -0.3203501
  5.0000000,     7.2683134,    -2.3915762,     1.7433382,     2.9519130,    -1.3029779,    -0.2317965
  5.0100000,     5.9040345,    -2.3000236,     1.6860978,     2.2036085,    -1.2883650,    -0.2157479
  5.0200000,     3.9889189,    -2.1179498,     1.5586053,     1.3701035,    -1.1959773,    -0.2779291
  5.0300000,     1.7591480,    -1.8569923,     1.3785492,     0.5556526,    -1.0216267,    -0.4063235
  5.0400000,    -0.5079984,    -1.5288697,     1.1692982,    -0.1363333,    -0.7669844,    -0.5721766
  5.0500000,    -2.5345422,    -1.1450914,     0.9559854,    -0.6179113,    -0.4396405,    -0.7349560
  5.0600000,    -4.0845219,    -0.7178804,     0.7616944,    -0.8296944,    -0.0525836,    -0.8505026
  5.0700000,    -5.0013192,    -0.2617350,     0.6043493,    -0.7501662,     0.3767315,    -0.8807692
  5.0800000,    -5.2322171,     0.2051719,     0.4947224,    -0.3994530,     0.8275339,    -0.8030199
  5.0900000,    -4.8347394,     0.6605293,     0.4357319,     0.1633854,     1.2769447,    -0.6162972
  5.1000000,    -3.9626182,     1.0788643,     0.4229675,     0.8493938,     1.7011535,    -0.3434178
  5.1100000,    -2.8332882,     1.4340322,     0.4461826,     1.5537974,     2.0765532,    -0.0276620
  5.1200000,    -1.6827816,     1.7028211,     0.4913792,     2.1728412,     2.3808790,     0.2755113
  5.1300000,    -0.7168932,     1.8688949,     0.5430843,     2.6205092,     2.5944148,     0.5102087
  5.1400000,    -0.0687491,     1.9261196,     0.5864686,     2.8421497,     2.7012946,     0.6328814
  5.1500000,     0.2279696,     1.8803925,     0.6090648,     2.8225132,     2.6908536,     0.6232969
  5.1600000,     0.2438711,     1.7494037,     0.6019687,     2.5866941,     2.5588966,     0.4910777
  5.1700000,     0.1350217,     1.5602293,     0.5605159,     2.1937857,     2.3086750,     0.2760120
  5.1800000,     0.1038583,     1.3451581,     0.4844977,     1.7244543,     1.9513397,     0.0416329
  5.1900000,     0.3479170,     1.1365673,     0.3779989,     1.2648289,     1.5056660,    -0.1369541
  5.2000000,     1.0075239,     0.9618758,     0.2489220,     0.8898447,     0.9969445,    -0.1886704
  5.2100000,     2.1242985,     0.8395748,     0.1082159,     0.6492915,     0.4550750,    -0.0622690
  5.2200000,     3.6203912,     0.7770633,    -0.0312086,     0.5592819,    -0.0879473,     0.2610933
  5.2300000,     5.3041299,     0.7705910,    -0.1559014,     0.6007479,    -0.6008270,     0.7614240
  5.2400000,     6.9020437,     0.8071332,    -0.2536197,     0.7251376,    -1.0556503,     1.3813030
  5.2500000,     8.1113148,     0.8676178,    -0.3153020,     0.8660022,    -1.4300619,     2.0352106
  5.2600000,     8.6619030,     0.9306892,    -0.3370602,     0.9539561,    -1.7086383,     2.6251414
  5.2700000,     8.3750363,     0.9761812,    -0.3218760,     0.9318193,    -1.8833145,     3.0594656
  5.2800000,     7.2051113,     0.9876582,    -0.2806211,     0.7667530,    -1.9529052,     3.2711996
  5.2900000,     5.2553286,     0.9537178,    -0.2320324,     0.4568863,    -1.9219377,     3.2318638
  5.3000000,     2.7629260,     0.8681167,    -0.2013739,     0.0311465,    -1.7991306,     2.9579372
  5.3100000,     0.0564940,     0.7290836,    -0.2177101,    -0.4575065,    -1.5958886,     2.5084186
  5.3200000,    -2.5059226,     0.5383352,    -0.3099721,    -0.9438160,    -1.3251304,     1.9738409
  5.3300000,    -4.6048351,     0.3002773,    -0.5022675,    -1.3642494,    -1.0006339,     1.4588798
  5.3400000,    -6.0187860,     0.0216798,    -0.8091181,    -1.6701676,    -0.6369118,     1.0620536
  5.3500000,    -6.6623687,    -0.2881738,    -1.2314375,    -1.8372498,    -0.2494598,     0.8566321
  5.3600000,    -6.5945308,    -0.6171425,    -1.7540511,    -1.8691705,     0.1449033,     0.8766280
  5.3700000,    -5.9954889,    -0.9501410,    -2.3453915,    -1.7948491,     0.5279248,     1.1106743
  5.3800000,    -5.1176233,    -1.2697666,    -2.9596890,    -1.6600608,     0.8803062,     1.5049441
  5.3900000,    -4.2216274,    -1.5579159,    -3.5415713,    -1.5154617,     1.1827261,     1.9743806
  5.4000000,    -3.5125759,    -1.7983418,    -4.0325549,    -1.4038776,     1.4174499,     2.4198072
  5.4100000,    -3.0906688,    -1.9797317,    -4.3785389,    -1.3498363,     1.5702920,     2.7473180
  5.4200000,    -2.9281188,    -2.0985854,    -4.5371772,    -1.3537751,     1.6325598,     2.8859709
  5.4300000,    -2.8777153,    -2.1610359,    -4.4839549,    -1.3922549,     1.6025503,     2.8002731
  5.4400000,    -2.7113402,    -2.1828696,    -4.2159609,    -1.4241105,     1.4862239,     2.4951460
  5.4500000,    -2.1797795,    -2.1873429,    -3.7526927,    -1.4010904,     1.2968216,     2.0127077
  5.4600000,    -1.0801628,    -2.2009149,    -3.1337151,    -1.2805029,     1.0534043,     1.4219446
  5.4700000,     0.6845688,    -2.2475814,    -2.4135092,    -1.0369208,     0.7785209,     0.8037841
  5.4800000,     3.0681606,    -2.3429657,    -1.6543259,    -0.6702104,     0.4953988,     0.2349144
  5.4900000,     5.8746916,    -2.4895496,    -0.9181813,    -0.2079882,     0.2251611,    -0.2262157
  5.5000000,     8.7856327,    -2.6743395,    -0.2592611,     0.2981279,    -0.0154303,    -0.5484574
  5.5100000,    11.4151023,    -2.8698305,     0.2820963,     0.7817022,    -0.2153213,    -0.7305531
  5.5200000,    13.3817739,    -3.0384443,     0.6829767,     1.1741142,    -0.3694152,    -0.7972348
  5.5300000,    14.3821404,    -3.1398135,     0.9386119,     1.4178974,    -0.4777787,    -0.7902296
  5.5400000,    14.2495079,    -3.1395525,     1.0603455,     1.4779042,    -0.5440799,    -0.7565994
  5.5500000,    12.9862440,    -3.0176798,     1.0714102,     1.3479337,    -0.5736878,    -0.7372622
  5.5600000,    10.7627002,    -2.7747691,     1.0014352,     1.0514888,    -0.5719100,    -0.7582903
  5.5700000,     7.8835162,    -2.4342568,     0.8807615,     0.6366368,    -0.5427815,    -0.8267438
  5.5800000,     4.7290339,    -2.0400676,     0.7355923,     0.1662285,    -0.4886547,    -0.9316115
  5.5900000,     1.6847218,    -1.6496958,     0.5847696,    -0.2943011,    -0.4106194,    -1.0491776
  5.6000000,    -0.9262965,    -1.3238826,     0.4385869,    -0.6888938,    -0.3095609,    -1.1511227
  5.6100000,    -2.8937352,    -1.1148384,     0.2996176,    -0.9800964,    -0.1874976,    -1.2131175
  5.6200000,    -4.1440659,    -1.0553768,     0.1651352,    -1.1537903,    -0.0487606,    -1.2216988
  5.6300000,    -4.7345456,    -1.1512544,     0.0304100,    -1.2187381,     0.0993782,    -1.1777777
  5.6400000,    -4.8208334,    -1.3784335,    -0.1079630,    -1.2014581,     0.2468845,    -1.0960760
  5.6500000,    -4.6074001,    -1.6860268,    -0.2494993,    -1.1379466,     0.3819909,    -1.0008565
  5.6600000,    -4.2933120,    -2.0045349,    -0.3886005,    -1.0643833,     0.4928950,    -0.9192421
  5.6700000,    -4.0262840,    -2.2578969,    -0.5149246,    -1.0090312,     0.5697597,    -0.8739835
  5.6800000,    -3.8751804,    -2.3770776,    -0.6152343,    -0.9871027,     0.6065528,    -0.8776056
  5.6900000,    -3.8261409,    -2.3125821,    -0.6762758,    -0.9995243,     0.6022768,    -0.9294384
  5.7000000,    -3.8014860,    -2.0434941,    -0.6880104,    -1.0355197,     0.5612714,    -1.0162399
  5.7100000,    -3.6949914,    -1.5813304,    -0.6464404,    -1.0779954,     0.4924762,    -1.1161603
  5.7200000,    -3.4133346,    -0.9680434,    -0.5553458,    -1.1100811,     0.4077877,    -1.2049237
  5.7300000,    -2.9123799,    -0.2686611,    -0.4264735,    -1.1209882,     0.3198561,    -1.2625351
  5.7400000,    -2.2186749,     0.4399192,    -0.2780317,    -1.1096361,     0.2398058,    -1.2786979
  5.7500000,    -1.4305955,     1.0817690,    -0.1316974,    -1.0851633,     0.1753874,    -1.2554796
  5.7600000,    -0.6989272,     1.5939685,    -0.0086514,    -1.0643085,     0.1299699,    -1.2064849
  5.7700000,    -0.1919723,     1.9356896,     0.0746234,    -1.0664854,     0.1025870,    -1.1527168
  5.7800000,    -0.0541912,     2.0928641,     0.1099719,    -1.1079727,     0.0890035,    -1.1161785
  5.7900000,    -0.3689934,     2.0779216,     0.0998911,    -1.1968490,     0.0835231,    -1.1128796
  5.8000000,    -1.1352012,     1.9250714,     0.0580294,    -1.3300739,     0.0810819,    -1.1471011
  5.8100000,    -2.2632483,     1.6824178,     0.0076601,    -1.4935246,     0.0790994,    -1.2084959
  5.8200000,    -3.5922114,     1.4026849,    -0.0217096,    -1.6649956,     0.0786128,    -1.2729234
  5.8300000,    -4.9235815,     1.1344096,     0.0009044,    -1.8193726,     0.0843869,    -1.3070012
  5.8400000,    -6.0635315,     0.9151492,     0.1026025,    -1.9346102,     0.1039375,    -1.2754310
  5.8500000,    -6.8633763,     0.7676598,     0.3015302,    -1.9969218,     0.1456626,    -1.1494448
  5.8600000,    -7.2484310,     0.6992696,     0.6029719,    -2.0037907,     0.2164986,    -0.9143970
  5.8700000,    -7.2284168,     0.7039958,     0.9973152,    -1.9639813,     0.3196396,    -0.5746789
  5.8800000,    -6.8872023,     0.7664616,     1.4602986,    -1.8945195,     0.4528612,    -0.1547186
  5.8900000,    -6.3548276,     0.8664581,     1.9555875,    -1.8154166,     0.6078648,     0.3042864
  5.9000000,    -5.7691716,     0.9830866,     2.4393365,    -1.7435269,     0.7708387,     0.7512841
  5.9100000,    -5.2371804,     1.0977351,     2.8660666,    -1.6871866,     0.9241685,     1.1344759
  5.9200000,    -4.8056573,     1.1955951,     3.1949509,    -1.6431187,     1.0489788,     1.4106737
  5.9300000,    -4.4491922,     1.2658721,     3.3955273,    -1.5965315,     1.1280112,     1.5529103
  5.9400000,    -4.0784886,     1.3011697,     3.4519294,    -1.5245341,     1.1482791,     1.5547242
  5.9500000,    -3.5671896,     1.2966583,     3.3649643,    -1.4021311,     1.1029966,     1.4302977
  5.9600000,    -2.7905841,     1.2495652,     3.1517072,    -1.2093713,     0.9924522,     1.2105678
  5.9700000,    -1.6664581,     1.1592761,     2.8426899,    -0.9378738,     0.8237276,     0.9363102
  5.9800000,    -0.1876151,     1.0280161,     2.4771520,    -0.5950449,     0.6094125,     0.6498299
  5.9900000,     1.5625840,     0.8617843,     2.0971390,    -0.2048122,     0.3656645,     0.3871264
  6.0000000,     3.4163380,     0.6710328,     1.7414174,     0.1954887,     0.1100713,     0.1721991
  6.0100000,     5.1487035,     0.4705860,     1.4401897,     0.5615179,    -0.1402363,     0.0145806
  6.0200000,     6.5204875,     0.2784672,     1.2114452,     0.8502737,    -0.3698866,    -0.0896248
  6.0300000,     7.3273184,     0.1136145,     1.0594811,     1.0285343,    -0.5658414,    -0.1537549
  6.0400000,     7.4438473,    -0.0071801,     0.9757470,     1.0795173,    -0.7173193,    -0.1948802
  6.0500000,     6.8529799,    -0.0724736,     0.9417553,     1.0062717,    -0.8153279,    -0.2279351
  6.0600000,     5.6533584,    -0.0787329,     0.9334455,     0.8310749,    -0.8521696,    -0.2611989
  6.0700000,     4.0431973,    -0.0315156,     0.9261559,     0.5910309,    -0.8212835,    -0.2942093
  6.0800000,     2.2838943,     0.0552147,     0.8992791,     0.3309328,    -0.7176712,    -0.3185151
  6.0900000,     0.6513194,     0.1617222,     0.8397737,     0.0950590,    -0.5389617,    -0.3209182
  6.1000000,    -0.6146715,     0.2667030,     0.7439575,    -0.0802354,    -0.2869406,    -0.2882121
  6.1100000,    -1.3517682,     0.3522669,     0.6173537,    -0.1715314,     0.0308295,    -0.2120500
  6.1200000,    -1.4992980,     0.4086499,     0.4727505,    -0.1700041,     0.3997874,    -0.0925600
  6.1300000,    -1.1005198,     0.4375725,     0.3269670,    -0.0796357,     0.7980413,     0.0603333
  6.1400000,    -0.2837568,     0.4533723,     0.1970527,     0.0872439,     1.1972812,     0.2283172
  6.1500000,     0.7723027,     0.4814537,     0.0967192,     0.3156614,     1.5650564,     0.3885474
  6.1600000,     1.8805108,     0.5541396,     0.0337177,     0.5932506,     1.8682363,     0.5190217
  6.1700000,     2.8845561,     0.7045592,     0.0086401,     0.9135240,     2.0771884,     0.6041273
  6.1800000,     3.6869671,     0.9596509,     0.0153064,     1.2762179,     2.1699868,     0.6389347
  6.1900000,     4.2602429,     1.3335948,     0.0425556,     1.6845925,     2.1358868,     0.6310855
  6.2000000,     4.6398041,     1.8229768,     0.0769722,     2.1404435,     1.9773683,     0.5996859
  6.2100000,     4.9018363,     2.4047084,     0.1059018,     2.6382733,     1.7102801,     0.5713344
  6.2200000,     5.1325517,     3.0372502,     0.1200829,     3.1603929,     1.3619495,     0.5741060
  6.2300000,     5.3971238,     3.6650951,     0.1153368,     3.6745951,     0.9675039,     0.6308229
  6.2400000,     5.7162137,     4.2258773,     0.0929992,     4.1354693,     0.5649949,     0.7531434
  6.2500000,     6.0557719,     4.6589969,     0.0590682,     4.4895525,     0.1901569,     0.9378385
  6.2600000,     6.3322803,     4.9143666,     0.0223408,     4.6835432,    -0.1282908,     1.1661527
  6.2700000,     6.4317013,     4.9598547,    -0.0079790,     4.6739742,    -0.3719927,     1.4064637
  6.2800000,     6.2370865,     4.7862059,    -0.0246130,     4.4362722,    -0.5344096,     1.6197238
  6.2900000,     5.6578609,     4.4086370,    -0.0239391,     3.9711306,    -0.6202061,     1.7665620
  6.3000000,     4.6536367,     3.8648426,    -0.0067391,     3.3066276,    -0.6428036,     1.8145744
  6.3100000,     3.2470165,     3.2097207,     0.0221686,     2.4954001,    -0.6206858,     1.7443131
  6.3200000,     1.5227217,     2.5076377,     0.0552705,     1.6072609,    -0.5732697,     1.5527952
  6.3300000,    -0.3862150,     1.8234275,     0.0843089,     0.7186519,    -0.5172082,     1.2539130
  6.3400000,    -2.3214037,     1.2134956,     0.1023375,    -0.0989606,    -0.4638640,     0.8757985
  6.3500000,    -4.1254521,     0.7183655,     0.1053722,    -0.7894060,    -0.4184089,     0.4558269
  6.3600000,    -5.6655494,     0.3577658,     0.0932411,    -1.3187875,    -0.3806274,     0.0343917
  6.3700000,    -6.8492531,     0.1289624,     0.0694442,    -1.6778154,    -0.3471142,    -0.3512420
  6.3800000,    -7.6298046,     0.0085349,     0.0400873,    -1.8792400,    -0.3142448,    -0.6718264
  6.3900000,    -8.0011893,    -0.0427194,     0.0121786,    -1.9512185,    -0.2811221,    -0.9089597
  6.4000000,    -7.9858186,    -0.0725514,    -0.0082641,    -1.9283424,    -0.2517120,    -1.0555815
  6.4100000,    -7.6194417,    -0.1288445,    -0.0178117,    -1.8425264,    -0.2355657,    -1.1144051
  6.4200000,    -6.9382703,    -0.2513493,    -0.0165211,    -1.7159152,    -0.2468512,    -1.0949903
  6.4300000,    -5.9722567,    -0.4648832,    -0.0079100,    -1.5574160,    -0.3018093,    -1.0103786
  6.4400000,    -4.7463302,    -0.7750837,     0.0019816,    -1.3635375,    -0.4151239,    -0.8741903
  6.4500000,    -3.2887646,    -1.1674056,     0.0061961,    -1.1231414,    -0.5959731,    -0.6988315
  6.4600000,    -1.6434685,    -1.6095321,    -0.0012821,    -0.8247398,    -0.8446437,    -0.4950643
  6.4700000,     0.1184830,    -2.0568103,    -0.0238929,    -0.4643359,    -1.1505138,    -0.2727634
  6.4800000,     1.8928914,    -2.4598076,    -0.0615160,    -0.0516552,    -1.4919626,    -0.0423321
  6.4900000,     3.5455993,    -2.7727144,    -0.1103978,     0.3870114,    -1.8383860,     0.1839263
  6.5000000,     4.9259535,    -2.9611537,    -0.1640210,     0.8103215,    -2.1540765,     0.3911586
  6.5100000,     5.8888799,    -3.0080395,    -0.2147086,     1.1676693,    -2.4033349,     0.5624782
  6.5200000,     6.3212752,    -2.9164534,    -0.2555640,     1.4081142,    -2.5559203,     0.6807325
  6.5300000,     6.1667675,    -2.7090305,    -0.2822550,     1.4905199,    -2.5918502,     0.7312150
  6.5400000,     5.4426776,    -2.4239691,    -0.2941797,     1.3926158,    -2.5046679,     0.7046935
  6.5500000,     4.2443448,    -2.1084003,    -0.2946977,     1.1168663,    -2.3025707,     0.5999706
  6.5600000,     2.7345964,    -1.8103414,    -0.2903379,     0.6916959,    -2.0071902,     0.4252367
  6.5700000,     1.1194427,    -1.5707221,    -0.2891492,     0.1676214,    -1.6502487,     0.1977224
  6.5800000,    -0.3857172,    -1.4169531,    -0.2985799,    -0.3910375,    -1.2687032,    -0.0584600
  6.5900000,    -1.5927590,    -1.3591978,    -0.3234016,    -0.9172227,    -0.8992531,    -0.3159666
  6.6000000,    -2.3728744,    -1.3899691,    -0.3641993,    -1.3527194,    -0.5731774,    -0.5486746
  6.6100000,    -2.6773163,    -1.4870109,    -0.4168259,    -1.6578791,    -0.3123735,    -0.7360330
  6.6200000,    -2.5425283,    -1.6187674,    -0.4730005,    -1.8175259,    -0.1272119,    -0.8663982
  6.6300000,    -2.0786987,    -1.7512391,    -0.5219532,    -1.8419179,    -0.0164580,    -0.9386403
  6.6400000,    -1.4443707,    -1.8547704,    -0.5527672,    -1.7627177,     0.0308816,    -0.9616810
  6.6500000,    -0.8127425,    -1.9093727,    -0.5568861,    -1.6249876,     0.0322781,    -0.9520676
  6.6600000,    -0.3370033,    -1.9075443,    -0.5301979,    -1.4770547,     0.0076893,    -0.9301156
  6.6700000,    -0.1220925,    -1.8541238,    -0.4741855,    -1.3604844,    -0.0243417,    -0.9154568
  6.6800000,    -0.2086431,    -1.7633873,    -0.3958351,    -1.3023034,    -0.0497738,    -0.9229414
  6.6900000,    -0.5719657,    -1.6542108,    -0.3062733,    -1.3110287,    -0.0608413,    -0.9597445
  6.7000000,    -1.1354428,    -1.5445402,    -0.2183958,    -1.3771575,    -0.0563083,    -1.0242420
  6.7100000,    -1.7944386,    -1.4465346,    -0.1439903,    -1.4777390,    -0.0403258,    -1.1068160
  6.7200000,    -2.4445521,    -1.3635595,    -0.0909893,    -1.5837364,    -0.0202811,    -1.1923289
  6.7300000,    -3.0072528,    -1.2897316,    -0.0614772,    -1.6682889,    -0.0042054,    -1.2636496
  6.7400000,    -3.4467952,    -1.2120870,    -0.0509317,    -1.7138341,     0.0016498,    -1.3054195
  6.7500000,    -3.7745864,    -1.1147867,    -0.0489196,    -1.7163737,    -0.0054582,    -1.3072341
  6.7600000,    -4.0403041,    -0.9842635,    -0.0411588,    -1.6858779,    -0.0240703,    -1.2655908
  6.7700000,    -4.3123019,    -0.8139633,    -0.0125675,    -1.6427613,    -0.0489631,    -1.1842636
  6.7800000,    -4.6524181,    -0.6074105,     0.0493015,    -1.6113054,    -0.0725647,    -1.0731313
  6.7900000,    -5.0916400,    -0.3787199,     0.1511302,    -1.6116408,    -0.0869938,    -0.9458269
  6.8000000,    -5.6128731,    -0.1502916,     0.2916499,    -1.6522643,    -0.0862527,    -0.8168072
  6.8100000,    -6.1453945,     0.0518764,     0.4608636,    -1.7249835,    -0.0680863,    -0.6985250
  6.8200000,    -6.5728420,     0.2042138,     0.6408650,    -1.8036606,    -0.0351067,    -0.5993065
  6.8300000,    -6.7534492,     0.2915205,     0.8081411,    -1.8472968,     0.0050611,    -0.5223253
  6.8400000,    -6.5484052,     0.3113618,     0.9369684,    -1.8070391,     0.0406600,    -0.4657822
  6.8500000,    -5.8523373,     0.2757580,     1.0033166,    -1.6358040,     0.0575614,    -0.4241168
  6.8600000,    -4.6193784,     0.2096030,     0.9886002,    -1.2986022,     0.0416018,    -0.3898573
  6.8700000,    -2.8791968,     0.1459930,     0.8826586,    -0.7814362,    -0.0189015,    -0.3556153
  6.8800000,    -0.7394734,     0.1193760,     0.6855037,    -0.0968727,    -0.1308713,    -0.3157543
  6.8900000,     1.6258658,     0.1579682,     0.4075983,     0.7149808,    -0.2947958,    -0.2673986
  6.9000000,     4.0004670,     0.2771048,     0.0686751,     1.5904766,    -0.5039211,    -0.2106517
  6.9100000,     6.1568802,     0.4750322,    -0.3046652,     2.4508196,    -0.7444389,    -0.1481067
  6.9200000,     7.8895589,     0.7321437,    -0.6821759,     3.2134172,    -0.9966569,    -0.0838961
  6.9300000,     9.0436146,     1.0139198,    -1.0335207,     3.8041838,    -1.2370045,    -0.0226087
  6.9400000,     9.5345412,     1.2770230,    -1.3316785,     4.1686306,    -1.4406325,     0.0316176
  6.9500000,     9.3561202,     1.4773018,    -1.5557817,     4.2798092,    -1.5842899,     0.0756254
  6.9600000,     8.5761137,     1.5780384,    -1.6930874,     4.1417871,    -1.6491393,     0.1073413
  6.9700000,     7.3216050,     1.5567213,    -1.7399194,     3.7881643,    -1.6231740,     0.1255592
  6.9800000,     5.7575123,     1.4089571,    -1.7015489,     3.2760412,    -1.5029419,     0.1296143
  6.9900000,     4.0625841,     1.1487684,    -1.5910957,     2.6766346,    -1.2943478,     0.1191891
  7.0000000,     2.4070257,     0.8053207,    -1.4276202,     2.0642759,    -1.0124014,     0.0944304
  7.0100000,     0.9349509,     0.4168889,    -1.2336399,     1.5057127,    -0.6798879,     0.0564311
  7.0200000,    -0.2465900,     0.0234479,    -1.0323463,     1.0514662,    -0.3250697,     0.0079721
  7.0300000,    -1.0718042,    -0.3404825,    -0.8448272,     0.7305155,     0.0213506,    -0.0457216
  7.0400000,    -1.5146632,    -0.6512360,    -0.6876077,     0.5488988,     0.3296599,    -0.0965272
  7.0500000,    -1.5836083,    -0.8986011,    -0.5708101,     0.4920795,     0.5745348,    -0.1335741
  7.0600000,    -1.3145249,    -1.0852719,    -0.4971903,     0.5302721,     0.7379627,    -0.1441826
  7.0700000,    -0.7637063,    -1.2235323,    -0.4622223,     0.6254674,     0.8112702,    -0.1155827
  7.0800000,    -0.0018269,    -1.3301780,    -0.4552831,     0.7387213,     0.7959501,    -0.0371897
  7.0900000,     0.8908564,    -1.4210349,    -0.4618280,     0.8363819,     0.7031437,     0.0969810
  7.1000000,     1.8285066,    -1.5064509,    -0.4662848,     0.8942860,     0.5518317,     0.2862860
  7.1100000,     2.7236709,    -1.5888167,    -0.4552387,     0.8994652,     0.3659980,     0.5223296
  7.1200000,     3.4919199,    -1.6626078,    -0.4203820,     0.8494574,     0.1711975,     0.7891258
  7.1300000,     4.0574855,    -1.7167717,    -0.3606838,     0.7497904,    -0.0089300,     1.0646839
  7.1400000,     4.3596683,    -1.7386790,    -0.2833162,     0.6105197,    -0.1556491,     1.3238625
  7.1500000,     4.3592310,    -1.7184728,    -0.2030536,     0.4427869,    -0.2571545,     1.5420438
  7.1600000,     4.0436339,    -1.6525671,    -0.1401198,     0.2562373,    -0.3093440,     1.6989721
  7.1700000,     3.4299133,    -1.5452933,    -0.1167502,     0.0578161,    -0.3152812,     1.7820192
  7.1800000,     2.5642843,    -1.4081959,    -0.1530036,    -0.1479418,    -0.2835348,     1.7882120
  7.1900000,     1.5180914,    -1.2571211,    -0.2625529,    -0.3574314,    -0.2257875,     1.7245792
  7.2000000,     0.3804106,    -1.1078422,    -0.4492448,    -0.5659218,    -0.1542336,     1.6066988
  7.2100000,    -0.7517562,    -0.9713893,    -0.7051340,    -0.7656926,    -0.0793006,     1.4556893
  7.2200000,    -1.7842996,    -0.8503751,    -1.0104653,    -0.9450778,    -0.0081319,     1.2942081
  7.2300000,    -2.6362772,    -0.7373984,    -1.3357386,    -1.0888998,     0.0559210,     1.1422356
  7.2400000,    -3.2482298,    -0.6161159,    -1.6456006,    -1.1804044,     0.1127905,     1.0134761
  7.2500000,    -3.5875253,    -0.4649048,    -1.9039537,    -1.2043977,     0.1644023,     0.9130905
  7.2600000,    -3.6502617,    -0.2623716,    -2.0794149,    -1.1509242,     0.2130147,     0.8372114
  7.2700000,    -3.4598173,     0.0065547,    -2.1501601,    -1.0186079,     0.2596824,     0.7743323
  7.2800000,    -3.0625908,     0.3454257,    -2.1072797,    -0.8167579,     0.3032968,     0.7082828
  7.2900000,    -2.5217442,     0.7433258,    -1.9560278,    -0.5655400,     0.3405058,     0.6221819
  7.3000000,    -1.9098404,     1.1750603,    -1.7147346,    -0.2938905,     0.3665788,     0.5025664
  7.3100000,    -1.3011803,     1.6046687,    -1.4115839,    -0.0353407,     0.3770306,     0.3428611
  7.3200000,    -0.7644830,     1.9916796,    -1.0798565,     0.1775977,     0.3695968,     0.1454902
  7.3300000,    -0.3563755,     2.2988568,    -0.7525213,     0.3194474,     0.3460261,    -0.0777920
  7.3400000,    -0.1160478,     2.4997810,    -0.4571652,     0.3769655,     0.3131553,    -0.3074235
  7.3500000,    -0.0613918,     2.5845717,    -0.2121675,     0.3523787,     0.2828639,    -0.5191204
  7.3600000,    -0.1869579,     2.5623990,    -0.0247648,     0.2638288,     0.2707456,    -0.6879398
  7.3700000,    -0.4640757,     2.4600916,     0.1087307,     0.1427242,     0.2936296,    -0.7925641
  7.3800000,    -0.8434246,     2.3169839,     0.2007167,     0.0283124,     0.3663676,    -0.8190233
  7.3900000,    -1.2601558,     2.1769649,     0.2686283,    -0.0396228,     0.4985123,    -0.7632013
  7.4000000,    -1.6413445,     2.0793286,     0.3306026,    -0.0285970,     0.6915874,    -0.6317148
  7.4100000,    -1.9151409,     2.0503220,     0.4013682,     0.0797244,     0.9375781,    -0.4410607
  7.4200000,    -2.0205625,     2.0971857,     0.4891569,     0.2850574,     1.2190533,    -0.2152372
  7.4300000,    -1.9165589,     2.2059913,     0.5941899,     0.5673923,     1.5110138,     0.0177036
  7.4400000,    -1.5888804,     2.3438098,     0.7089481,     0.8895930,     1.7842160,     0.2295620
  7.4500000,    -1.0534676,     2.4648561,     0.8200705,     1.2033269,     2.0094093,     0.3957161
  7.4600000,    -0.3555545,     2.5194296,     0.9114085,     1.4572744,     2.1617329,     0.4981081
  7.4700000,     0.4356215,     2.4638966,     0.9675657,     1.6060923,     2.2244681,     0.5271068
  7.4800000,     1.2358207,     2.2697374,     0.9771990,     1.6184311,     2.1914666,     0.4820812
  7.4900000,     1.9571227,     1.9298713,     0.9354542,     1.4824639,     2.0678282,     0.3707408
  7.5000000,     2.5197032,     1.4610145,     0.8451209,     1.2078670,     1.8687461,     0.2074797
  7.5100000,     2.8620975,     0.9016201,     0.7163738,     0.8238865,     1.6167876,     0.0110793
  7.5200000,     2.9482679,     0.3058120,     0.5652435,     0.3738991,     1.3381667,    -0.1978353
  7.5300000,     2.7704339,    -0.2655072,     0.4111842,    -0.0924294,     1.0587311,    -0.3992235
  7.5400000,     2.3474765,    -0.7546761,     0.2742340,    -0.5278189,     0.8003954,    -0.5756603
  7.5500000,     1.7196005,    -1.1165589,     0.1722728,    -0.8951710,     0.5786149,    -0.7137974
  7.5600000,     0.9406438,    -1.3254244,     0.1187975,    -1.1729791,     0.4012437,    -0.8051907
  7.5700000,     0.0697885,    -1.3782672,     0.1214779,    -1.3573675,     0.2688124,    -0.8465213
  7.5800000,    -0.8356177,    -1.2941245,     0.1815741,    -1.4604833,     0.1759757,    -0.8392944
  7.5900000,    -1.7248587,    -1.1097089,     0.2941397,    -1.5057300,     0.1136696,    -0.7891347
  7.6000000,    -2.5557200,    -0.8723328,     0.4488252,    -1.5209754,     0.0714288,    -0.7047957
  7.6100000,    -3.2936979,    -0.6315404,     0.6310637,    -1.5312632,     0.0393625,    -0.5969995
  7.6200000,    -3.9095243,    -0.4310033,     0.8234420,    -1.5526247,     0.0094373,    -0.4772088
  7.6300000,    -4.3764028,    -0.3020755,     1.0071326,    -1.5883133,    -0.0240553,    -0.3564282
  7.6400000,    -4.6683702,    -0.2599980,     1.1633310,    -1.6282333,    -0.0647480,    -0.2441308
  7.6500000,    -4.7608252,    -0.3031752,     1.2747024,    -1.6516337,    -0.1148780,    -0.1474059
  7.6600000,    -4.6335751,    -0.4153608,     1.3268448,    -1.6324283,    -0.1760378,    -0.0704160
  7.6700000,    -4.2759380,    -0.5700735,     1.3097401,    -1.5459473,    -0.2496548,    -0.0142343
  7.6800000,    -3.6927025,    -0.7362338,     1.2190907,    -1.3756334,    -0.3369847,     0.0229086
  7.6900000,    -2.9092824,    -0.8838978,     1.0573555,    -1.1182194,    -0.4385887,     0.0449890
  7.7000000,    -1.9743545,    -0.9890685,     0.8342468,    -0.7862617,    -0.5534534,     0.0572508
  7.7100000,    -0.9586480,    -1.0368544,     0.5664511,    -0.4074651,    -0.6780592,     0.0651057
  7.7200000,     0.0506876,    -1.0226287,     0.2764085,    -0.0209023,    -0.8057623,     0.0730540
  7.7300000,     0.9597588,    -0.9512527,    -0.0098684,     0.3291376,    -0.9268034,     0.0838192
  7.7400000,     1.6803246,    -0.8347696,    -0.2657691,     0.6004804,    -1.0291180,     0.0978583
  7.7500000,     2.1428781,    -0.6892022,    -0.4674894,     0.7601753,    -1.0999140,     0.1133489
  7.7600000,     2.3080628,    -0.5311641,    -0.5973562,     0.7900654,    -1.1277741,     0.1266646
  7.7700000,     2.1742331,    -0.3749287,    -0.6464951,     0.6898399,    -1.1048721,     0.1332522
  7.7800000,     1.7795822,    -0.2304249,    -0.6163170,     0.4770973,    -1.0288204,     0.1287403
  7.7900000,     1.1981969,    -0.1023838,    -0.5184657,     0.1845241,    -0.9037055,     0.1100554
  7.8000000,     0.5304740,     0.0093821,    -0.3731297,    -0.1451997,    -0.7400198,     0.0763106
  7.8100000,    -0.1106792,     0.1088005,    -0.2059249,    -0.4657982,    -0.5534237,     0.0292737
  7.8200000,    -0.6157202,     0.2018227,    -0.0438432,    -0.7339840,    -0.3625241,    -0.0266989
  7.8300000,    -0.8939674,     0.2945833,     0.0890304,    -0.9151909,    -0.1860738,    -0.0852676
  7.8400000,    -0.8863845,     0.3918064,     0.1752579,    -0.9876668,    -0.0401271,    -0.1391479
  7.8500000,    -0.5738342,     0.4957310,     0.2065425,    -0.9444996,     0.0642984,    -0.1813834
  7.8600000,     0.0202437,     0.6056879,     0.1845048,    -0.7935317,     0.1226105,    -0.2066045
  7.8700000,     0.8328963,     0.7183199,     0.1195924,    -0.5554413,     0.1368422,    -0.2120188
  7.8800000,     1.7698095,     0.8283144,     0.0283486,    -0.2604835,     0.1146763,    -0.1979359
  7.8900000,     2.7172674,     0.9294405,    -0.0704058,     0.0555308,     0.0675527,    -0.1677166
  7.9000000,     3.5562586,     1.0156488,    -0.1596928,     0.3554709,     0.0082940,    -0.1271546
  7.9100000,     4.1769713,     1.0820135,    -0.2279486,     0.6049001,    -0.0512371,    -0.0834104
  7.9200000,     4.4920338,     1.1253474,    -0.2713018,     0.7755583,    -0.1019826,    -0.0437064
  7.9300000,     4.4471368,     1.1444040,    -0.2940774,     0.8481263,    -0.1387134,    -0.0140361
  7.9400000,     4.0280236,     1.1396669,    -0.3074154,     0.8141527,    -0.1601238,     0.0018663
  7.9500000,     3.2632120,     1.1128064,    -0.3262869,     0.6770481,    -0.1681093,     0.0031055
  7.9600000,     2.2221754,     1.0659441,    -0.3655374,     0.4520528,    -0.1665208,    -0.0083422
  7.9700000,     1.0090688,     1.0008965,    -0.4357980,     0.1650800,    -0.1597801,    -0.0281303
  7.9800000,    -0.2475531,     0.9185676,    -0.5401519,    -0.1496133,    -0.1517345,    -0.0504594
  7.9900000,    -1.4081990,     0.8186296,    -0.6722981,    -0.4528808,    -0.1450162,    -0.0692160
  8.0000000,    -2.3378716,     0.6995730,    -0.8166569,    -0.7050507,    -0.1410006,    -0.0791026
  8.0100000,    -2.9218956,     0.5591361,    -0.9504707,    -0.8707927,    -0.1402696,    -0.0765417
  8.0200000,    -3.0803245,     0.3950502,    -1.0475399,    -0.9238987,    -0.1433287,    -0.0601892
  8.0300000,    -2.7790346,     0.2059687,    -1.0829014,    -0.8512727,    -0.1512529,    -0.0309807
  8.0400000,    -2.0358085,    -0.0075886,    -1.0375534,    -0.6554308,    -0.1659578,     0.0082716
  8.0500000,    -0.9201985,    -0.2424658,    -0.9023113,    -0.3549534,    -0.1899073,     0.0536249
  8.0600000,     0.4532825,    -0.4924372,    -0.6800439,     0.0173845,    -0.2252513,     0.1009248
  8.0700000,     1.9381453,    -0.7482254,    -0.3858475,     0.4187053,    -0.2725771,     0.1467011
  8.0800000,     3.3736039,    -0.9980084,    -0.0451155,     0.8018411,    -0.3296186,     0.1888581
  8.0900000,     4.6046320,    -1.2283705,     0.3101435,     1.1220153,    -0.3903333,     0.2270245
  8.1000000,     5.5015516,    -1.4255740,     0.6460607,     1.3433355,    -0.4447247,     0.2625009
  8.1100000,     5.9762472,    -1.5769693,     0.9318715,     1.4440118,    -0.4796404,     0.2978210
  8.1200000,     5.9925216,    -1.6723370,     1.1442129,     1.4194008,    -0.4805540,     0.3360192
  8.1300000,     5.5690050,    -1.7049669,     1.2700352,     1.2823383,    -0.4340942,     0.3797483
  8.1400000,     4.7742144,    -1.6723244,     1.3076923,     1.0606952,    -0.3308654,     0.4304167
  8.1500000,     3.7146604,    -1.5762261,     1.2661379,     0.7925882,    -0.1679830,     0.4875095
  8.1600000,     2.5180340,    -1.4225305,     1.1625034,     0.5200940,     0.0492577,     0.5482234
  8.1700000,     1.3142860,    -1.2204231,     1.0186148,     0.2825674,     0.3070262,     0.6074918
  8.1800000,     0.2176748,    -0.9814348,     0.8571595,     0.1107093,     0.5841240,     0.6584136
  8.1900000,    -0.6874438,    -0.7183533,     0.6982170,     0.0223534,     0.8545777,     0.6930325
  8.2000000,    -1.3550925,    -0.4441861,     0.5567339,     0.0205936,     1.0912667,     0.7033623
  8.2100000,    -1.7795337,    -0.1712902,     0.4412833,     0.0944162,     1.2699640,     0.6825131
  8.2200000,    -1.9908344,     0.0892616,     0.3541648,     0.2215480,     1.3730627,     0.6257593
  8.2300000,    -2.0455080,     0.3280707,     0.2926297,     0.3728529,     1.3922989,     0.5313930
  8.2400000,    -2.0143112,     0.5375937,     0.2508163,     0.5173923,     1.3299646,     0.4012330
  8.2500000,    -1.9695272,     0.7121764,     0.2218902,     0.6272312,     1.1983857,     0.2407029
  8.2600000,    -1.9738464,     0.8480037,     0.1999042,     0.6812194,     1.0177722,     0.0584473
  8.2700000,    -2.0723586,     0.9430121,     0.1810253,     0.6672540,     0.8128512,    -0.1344839
  8.2800000,    -2.2883714,     0.9967784,     0.1639637,     0.5828710,     0.6089132,    -0.3257925
  8.2900000,    -2.6229495,     1.0103740,     0.1496485,     0.4343384,     0.4279908,    -0.5032873
  8.3000000,    -3.0574288,     0.9861550,     0.1403685,     0.2346647,     0.2858367,    -0.6562606
  8.3100000,    -3.5577978,     0.9274621,     0.1387018,     0.0010572,     0.1901807,    -0.7766953
  8.3200000,    -4.0798193,     0.8382298,     0.1465692,    -0.2476472,     0.1404816,    -0.8601268
  8.3300000,    -4.5740096,     0.7225375,     0.1646735,    -0.4931754,     0.1290923,    -0.9060264
  8.3400000,    -4.9900094,     0.5841741,     0.1924503,    -0.7194129,     0.1434979,    -0.9176392
  8.3500000,    -5.2803006,     0.4263158,     0.2284952,    -0.9133654,     0.1691157,    -0.9012925
  8.3600000,    -5.4035228,     0.2514113,     0.2712877,    -1.0655992,     0.1920858,    -0.8652752
  8.3700000,    -5.3277243,     0.0613447,     0.3199458,    -1.1703422,     0.2015478,    -0.8184654
  8.3800000,    -5.0337326,    -0.1421178,     0.3747302,    -1.2254247,     0.1910537,    -0.7689294
  8.3900000,    -4.5185104,    -0.3566636,     0.4370874,    -1.2321665,     0.1589840,    -0.7227312
  8.4000000,    -3.7979875,    -0.5786938,     0.5091473,    -1.1952215,     0.1080459,    -0.6831570
  8.4100000,    -2.9085703,    -0.8027028,     0.5927501,    -1.1223055,     0.0441086,    -0.6504904
  8.4200000,    -1.9064524,    -1.0209820,     0.6882239,    -1.0236900,    -0.0252759,    -0.6223743
  8.4300000,    -0.8640494,    -1.2238164,     0.7932302,    -0.9113683,    -0.0923124,    -0.5946835
  8.4400000,     0.1366493,    -1.4002546,     0.9020178,    -0.7978738,    -0.1500832,    -0.5627278
  8.4500000,     1.0133687,    -1.5394071,     1.0053604,    -0.6948439,    -0.1932004,    -0.5225397
  8.4600000,     1.6943466,    -1.6321012,     1.0913168,    -0.6115301,    -0.2179845,    -0.4719726
  8.4700000,     2.1289701,    -1.6726012,     1.1467706,    -0.5535269,    -0.2222892,    -0.4113723
  8.4800000,     2.2963293,    -1.6600457,     1.1595228,    -0.5219940,    -0.2051617,    -0.3436661
  8.4900000,     2.2099108,    -1.5992575,     1.1205588,    -0.5135813,    -0.1665405,    -0.2738368
  8.5000000,     1.9171900,    -1.5006684,     1.0260444,    -0.5211275,    -0.1071330,    -0.2078790
  8.5100000,     1.4937420,    -1.3792519,     0.8786178,    -0.5350479,    -0.0285279,    -0.1514575
  8.5200000,     1.0324898,    -1.2525499,     0.6876644,    -0.5451653,     0.0665135,    -0.1085598
  8.5300000,     0.6296615,    -1.1380737,     0.4684404,    -0.5426388,     0.1737271,    -0.0804521
  8.5400000,     0.3697189,    -1.0505117,     0.2401354,    -0.5216168,     0.2871565,    -0.0651939
  8.5500000,     0.3118021,    -0.9992564,     0.0231730,    -0.4802970,     0.3992730,    -0.0578581
  8.5600000,     0.4800382,    -0.9867373,    -0.1637931,    -0.4212112,     0.5014989,    -0.0514486
  8.5700000,     0.8594176,    -1.0079241,    -0.3066597,    -0.3507191,     0.5851273,    -0.0383571
  8.5800000,     1.3979721,    -1.0511527,    -0.3979365,    -0.2778624,     0.6425126,    -0.0120674
  8.5900000,     2.0148887,    -1.1001758,    -0.4377199,    -0.2128523,     0.6683147,     0.0312540
  8.6000000,     2.6131729,    -1.1370906,    -0.4334114,    -0.1655088,     0.6605309,     0.0916390
  8.6100000,     3.0947241,    -1.1456050,    -0.3982443,    -0.1439384,     0.6210619,     0.1649433
  8.6200000,     3.3753461,    -1.1140169,    -0.3488974,    -0.1536334,     0.5556340,     0.2433451
  8.6300000,     3.3973186,    -1.0373144,    -0.3026396,    -0.1970407,     0.4730198,     0.3166623
  8.6400000,     3.1376657,    -0.9179639,    -0.2745216,    -0.2735191,     0.3836422,     0.3742544
  8.6500000,     2.6110538,    -0.7652081,    -0.2751050,    -0.3795214,     0.2977810,     0.4071431
  8.6600000,     1.8671667,    -0.5929951,    -0.3091017,    -0.5088230,     0.2236981,     0.4099205
  8.6700000,     0.9832683,    -0.4169481,    -0.3751145,    -0.6526798,     0.1660310,     0.3820430
  8.6800000,     0.0533308,    -0.2509969,    -0.4664525,    -0.7999056,     0.1247773,     0.3282253
  8.6900000,    -0.8245130,    -0.1043813,    -0.5728017,    -0.9369840,     0.0950914,     0.2578238
  8.7000000,    -1.5603658,     0.0203194,    -0.6823793,    -1.0484196,     0.0679802,     0.1833099
  8.7100000,    -2.0831932,     0.1276694,    -0.7841359,    -1.1175517,     0.0318174,     0.1181168
  8.7200000,    -2.3484704,     0.2282157,    -0.8695887,    -1.1279829,    -0.0255480,     0.0742830
  8.7300000,    -2.3421485,     0.3358668,    -0.9339679,    -1.0656217,    -0.1144317,     0.0603532
  8.7400000,    -2.0807561,     0.4643180,    -0.9765174,    -0.9211311,    -0.2410957,     0.0799494
  8.7500000,    -1.6079113,     0.6232560,    -0.9999666,    -0.6923787,    -0.4060546,     0.1312838
  8.7600000,    -0.9878748,     0.8151579,    -1.0093564,    -0.3863477,    -0.6032144,     0.2076873
  8.7700000,    -0.2970237,     1.0334170,    -1.0105174,    -0.0199519,    -0.8200216,     0.2990168
  8.7800000,     0.3857269,     1.2622864,    -1.0085513,     0.3806791,    -1.0386464,     0.3936255
  8.7900000,     0.9884684,     1.4787781,    -1.0066378,     0.7826219,    -1.2380599,     0.4804701
  8.8000000,     1.4547372,     1.6562597,    -1.0054047,     1.1501180,    -1.3967253,     0.5509165
  8.8100000,     1.7498726,     1.7691274,    -1.0029609,     1.4495425,    -1.4955232,     0.5998846
  8.8200000,     1.8645035,     1.7976856,    -0.9955482,     1.6545615,    -1.5204872,     0.6261374
  8.8300000,     1.8146622,     1.7322771,    -0.9786344,     1.7505154,    -1.4649438,     0.6317134
  8.8400000,     1.6384055,     1.5758164,    -0.9481831,     1.7371178,    -1.3307314,     0.6206994
  8.8500000,     1.3892819,     1.3441548,    -0.9018038,     1.6288141,    -1.1282954,     0.5976845
  8.8600000,     1.1274624,     1.0641127,    -0.8395218,     1.4525662,    -0.8756193,     0.5662959
  8.8700000,     0.9097674,     0.7694616,    -0.7639899,     1.2433309,    -0.5961155,     0.5281845
  8.8800000,     0.7800983,     0.4955471,    -0.6800888,     1.0379842,    -0.3157543,     0.4827065
  8.8900000,     0.7618328,     0.2735255,    -0.5939901,     0.8687946,    -0.0598250,     0.4273689
  8.9000000,     0.8535301,     0.1252830,    -0.5118712,     0.7576961,     0.1502148,     0.3589141
  8.9100000,     1.0288162,     0.0599984,    -0.4385444,     0.7124931,     0.2993489,     0.2747550
  8.9200000,     1.2406473,     0.0730065,    -0.3762852,     0.7257876,     0.3806948,     0.1743833
  8.9300000,     1.4293886,     0.1471855,    -0.3241099,     0.7768853,     0.3960283,     0.0603727
  8.9400000,     1.5334356,     0.2566098,    -0.2776699,     0.8363521,     0.3550683,    -0.0613083
  8.9500000,     1.5005977,     0.3717683,    -0.2298142,     0.8723490,     0.2736358,    -0.1817951
  8.9600000,     1.2982563,     0.4653466,    -0.1717478,     0.8575064,     0.1709800,    -0.2905636
  8.9700000,     0.9204724,     0.5174624,    -0.0945983,     0.7749810,     0.0666920,    -0.3771520
  8.9800000,     0.3907242,     0.5193517,     0.0088757,     0.6224878,    -0.0223025,    -0.4329933
  8.9900000,    -0.2402876,     0.4748121,     0.1427335,     0.4135033,    -0.0841978,    -0.4529501
  9.0000000,    -0.9014528,     0.3991516,     0.3067375,     0.1753943,    -0.1138273,    -0.4362086
  9.0100000,    -1.5115581,     0.3158836,     0.4958868,    -0.0551719,    -0.1130235,    -0.3863322
  9.0200000,    -1.9913629,     0.2518475,     0.7006998,    -0.2386509,    -0.0897921,    -0.3104704
  9.0300000,    -2.2754467,     0.2317369,     0.9082296,    -0.3396592,    -0.0564745,    -0.2179117
  9.0400000,    -2.3219276,     0.2731186,     1.1036649,    -0.3333115,    -0.0272422,    -0.1183229
  9.0500000,    -2.1185840,     0.3829093,     1.2722773,    -0.2097178,    -0.0153754,    -0.0200816
  9.0600000,    -1.6845764,     0.5559694,     1.4014115,     0.0241217,    -0.0308025,     0.0709188
  9.0700000,    -1.0677269,     0.7760372,     1.4822083,     0.3452696,    -0.0783186,     0.1517349
  9.0800000,    -0.3380147,     1.0187548,     1.5107883,     0.7183651,    -0.1567661,     0.2220368
  9.0900000,     0.4215386,     1.2561252,     1.4887153,     1.1009733,    -0.2592825,     0.2831028
  9.1000000,     1.1251569,     1.4614743,     1.4226695,     1.4497621,    -0.3745219,     0.3364434
  9.1100000,     1.6943458,     1.6139189,     1.3233915,     1.7264418,    -0.4885928,     0.3824573
  9.1200000,     2.0664826,     1.7014808,     1.2040734,     1.9025379,    -0.5873373,     0.4195123
  9.1300000,     2.2011320,     1.7222947,     1.0784603,     1.9623664,    -0.6585378,     0.4437450
  9.1400000,     2.0836604,     1.6837766,     0.9589666,     1.9039580,    -0.6936780,     0.4496887
  9.1500000,     1.7260706,     1.6000441,     0.8551052,     1.7380463,    -0.6889912,     0.4316239
  9.1600000,     1.1652265,     1.4882365,     0.7724629,     1.4855371,    -0.6456763,     0.3853440
  9.1700000,     0.4587793,     1.3645831,     0.7123619,     1.1740397,    -0.5693236,     0.3099003
  9.1800000,    -0.3208283,     1.2410808,     0.6722229,     0.8340794,    -0.4687266,     0.2088557
  9.1900000,    -1.0938529,     1.1234703,     0.6465269,     0.4955253,    -0.3543512,     0.0906647
  9.2000000,    -1.7817322,     1.0108810,     0.6281728,     0.1846101,    -0.2367580,    -0.0320250
  9.2100000,    -2.3159120,     0.8971294,     0.6099668,    -0.0782599,    -0.1252491,    -0.1441113
  9.2200000,    -2.6461923,     0.7732851,     0.5859732,    -0.2798591,    -0.0269251,    -0.2305332
  9.2300000,    -2.7475945,     0.6308450,     0.5524897,    -0.4147129,     0.0537622,    -0.2790462
  9.2400000,    -2.6246716,     0.4647440,     0.5085010,    -0.4849731,     0.1149816,    -0.2827072
  9.2500000,    -2.3122813,     0.2754867,     0.4555648,    -0.4996764,     0.1571271,    -0.2415256
  9.2600000,    -1.8721716,     0.0699104,     0.3972012,    -0.4734422,     0.1822041,    -0.1628904
  9.2700000,    -1.3852859,    -0.1395894,     0.3379481,    -0.4246527,     0.1931560,    -0.0606217
  9.2800000,    -0.9404219,    -0.3371820,     0.2823022,    -0.3731916,     0.1932582,     0.0472190
  9.2900000,    -0.6206433,    -0.5065823,     0.2337754,    -0.3378895,     0.1856542,     0.1413707
  9.3000000,    -0.4894714,    -0.6342136,     0.1942569,    -0.3339214,     0.1730540,     0.2046917
  9.3100000,    -0.5792229,    -0.7118489,     0.1637969,    -0.3704984,     0.1575700,     0.2251184
  9.3200000,    -0.8837625,    -0.7381622,     0.1408247,    -0.4492450,     0.1406451,     0.1976981
  9.3300000,    -1.3573793,    -0.7188748,     0.1227183,    -0.5636208,     0.1230300,     0.1253153
  9.3400000,    -1.9205145,    -0.6655053,     0.1065666,    -0.6996287,     0.1047906,     0.0179971
  9.3500000,    -2.4718310,    -0.5930402,     0.0899244,    -0.8378402,     0.0853525,    -0.1090317
  9.3600000,    -2.9048592,    -0.5170676,     0.0713721,    -0.9565162,     0.0636155,    -0.2381310
  9.3700000,    -3.1264338,    -0.4510149,     0.0507426,    -1.0353508,     0.0381734,    -0.3522991
  9.3800000,    -3.0735992,    -0.4040763,     0.0289652,    -1.0591843,     0.0076603,    -0.4379034
  9.3900000,    -2.7257470,    -0.3802319,     0.0075705,    -1.0209690,    -0.0287980,    -0.4865905
  9.4000000,    -2.1094982,    -0.3784907,    -0.0120112,    -0.9233575,    -0.0710887,    -0.4960699
  9.4100000,    -1.2951255,    -0.3942022,    -0.0291702,    -0.7785158,    -0.1176803,    -0.4697195
  9.4200000,    -0.3849073,    -0.4210395,    -0.0446583,    -0.6060980,    -0.1653797,    -0.4152045
  9.4300000,     0.5046092,    -0.4531235,    -0.0607870,    -0.4296990,    -0.2093901,    -0.3424929
  9.4400000,     1.2632096,    -0.4867516,    -0.0811986,    -0.2724295,    -0.2437390,    -0.2617461
  9.4500000,     1.8066018,    -0.5213189,    -0.1102241,    -0.1524775,    -0.2620657,    -0.1815464
  9.4600000,     2.0912345,    -0.5592368,    -0.1519444,    -0.0795578,    -0.2586740,    -0.1078040
  9.4700000,     2.1214478,    -0.6049152,    -0.2091477,    -0.0530031,    -0.2296748,    -0.0434992
  9.4800000,     1.9475238,    -0.6631019,    -0.2824149,    -0.0619339,    -0.1739950,     0.0107949
  9.4900000,     1.6549728,    -0.7370322,    -0.3695482,    -0.0875282,    -0.0940234,     0.0558466
  9.5000000,     1.3471125,    -0.8268781,    -0.4654966,    -0.1069718,     0.0042844,     0.0925069
  9.5100000,     1.1243163,    -0.9289054,    -0.5628327,    -0.0983180,     0.1119301,     0.1206329
  9.5200000,     1.0639611,    -1.0355712,    -0.6527178,    -0.0452791,     0.2179878,     0.1384922
  9.5300000,     1.2049556,    -1.1365569,    -0.7261927,     0.0590255,     0.3111479,     0.1428102
  9.5400000,     1.5398160,    -1.2205133,    -0.7755539,     0.2101396,     0.3814289,     0.1294426
  9.5500000,     2.0157637,    -1.2771203,    -0.7955593,     0.3925657,     0.4217433,     0.0944915
  9.5600000,     2.5445562,    -1.2990009,    -0.7842329,     0.5822471,     0.4290169,     0.0355698
  9.5700000,     3.0190846,    -1.2830658,    -0.7431226,     0.7507540,     0.4046383,    -0.0471234
  9.5800000,     3.3335132,    -1.2310116,    -0.6769721,     0.8703577,     0.3541395,    -0.1502016
  9.5900000,     3.4031309,    -1.1488908,    -0.5928847,     0.9190078,     0.2861593,    -0.2671404
  9.6000000,     3.1802368,    -1.0458900,    -0.4991555,     0.8842629,     0.2108844,    -0.3889899
  9.6100000,     2.6632353,    -0.9326189,    -0.4040061,     0.7654547,     0.1382672,    -0.5056111
  9.6200000,     1.8974699,    -0.8193072,    -0.3144642,     0.5737253,     0.0763641,    -0.6071710
  9.6300000,     0.9679044,    -0.7142984,    -0.2355855,     0.3300034,     0.0301100,    -0.6855779
  9.6400000,    -0.0147621,    -0.6231288,    -0.1701336,     0.0613765,     0.0007556,    -0.7355556
  9.6500000,    -0.9318537,    -0.5483183,    -0.1187263,    -0.2034005,    -0.0139468,    -0.7551482
  9.6600000,    -1.6751164,    -0.4898167,    -0.0803587,    -0.4383977,    -0.0188731,    -0.7455777
  9.6700000,    -2.1626076,    -0.4458943,    -0.0531368,    -0.6241943,    -0.0201755,    -0.7105306
  9.6800000,    -2.3495805,    -0.4141760,    -0.0350247,    -0.7501562,    -0.0237429,    -0.6550703
  9.6900000,    -2.2329152,    -0.3925102,    -0.0244204,    -0.8150169,    -0.0337980,    -0.5844477
  9.7000000,    -1.8488645,    -0.3794449,    -0.0204365,    -0.8258176,    -0.0519125,    -0.5030896
  9.7100000,    -1.2650297,    -0.3742140,    -0.0228439,    -0.7955592,    -0.0766302,    -0.4139835
  9.7200000,    -0.5683527,    -0.3762951,    -0.0317283,    -0.7401305,    -0.1037554,    -0.3185698
  9.7300000,     0.1486183,    -0.3847291,    -0.0469846,    -0.6751470,    -0.1272229,    -0.2171258
  9.7400000,     0.8008958,    -0.3974673,    -0.0678159,    -0.6132840,    -0.1403588,    -0.1095013
  9.7500000,     1.3217132,    -0.4110056,    -0.0923999,    -0.5625250,    -0.1372631,     0.0040061
  9.7600000,     1.6693598,    -0.4204867,    -0.1178436,    -0.5255248,    -0.1140413,     0.1218814
  9.7700000,     1.8296278,    -0.4203154,    -0.1404717,    -0.5000571,    -0.0696493,     0.2409301
  9.7800000,     1.8140345,    -0.4051809,    -0.1564061,    -0.4803178,    -0.0062084,     0.3562523
  9.7900000,     1.6545881,    -0.3712525,    -0.1623188,    -0.4587369,     0.0712453,     0.4616648
  9.8000000,     1.3962568,    -0.3172454,    -0.1561855,    -0.4279065,     0.1555038,     0.5504844
  9.8100000,     1.0884787,    -0.2450622,    -0.1378652,    -0.3822690,     0.2382629,     0.6164993
  9.8200000,     0.7770169,    -0.1598051,    -0.1093566,    -0.3193058,     0.3113250,     0.6549235
  9.8300000,     0.4972774,    -0.0690973,    -0.0746573,    -0.2400817,     0.3677194,     0.6631403
  9.8400000,     0.2699106,     0.0181835,    -0.0392358,    -0.1491253,     0.4025644,     0.6410982
  9.8500000,     0.0991644,     0.0935077,    -0.0092154,    -0.0537243,     0.4135613,     0.5913054
  9.8600000,    -0.0259198,     0.1502961,     0.0095686,     0.0372160,     0.4010792,     0.5184573
  9.8700000,    -0.1277450,     0.1851743,     0.0124457,     0.1145679,     0.3678668,     0.4287995
  9.8800000,    -0.2344435,     0.1986067,    -0.0034525,     0.1704314,     0.3184722,     0.3293729
  9.8900000,    -0.3731059,     0.1947748,    -0.0389162,     0.1994533,     0.2584883,     0.2272829
  9.9000000,    -0.5630384,     0.1807342,    -0.0927806,     0.1998418,     0.1937453,     0.1291070
  9.9100000,    -0.8101973,     0.1650408,    -0.1623948,     0.1739300,     0.1295579,     0.0404973
  9.9200000,    -1.1038498,     0.1561508,    -0.2443099,     0.1281806,     0.0701146,    -0.0340220
  9.9300000,    -1.4162339,     0.1609313,    -0.3350095,     0.0725730,     0.0180643,    -0.0911082
  9.9400000,    -1.7055496,     0.1835788,    -0.4315043,     0.0193890,    -0.0256675,    -0.1285759
  9.9500000,    -1.9220510,     0.2251316,    -0.5316487,    -0.0185030,    -0.0618251,    -0.1453591
  9.9600000,    -2.0164214,     0.2836149,    -0.6341087,    -0.0296649,    -0.0925457,    -0.1415002
  9.9700000,    -1.9490995,     0.3547122,    -0.7380022,    -0.0061269,    -0.1208876,    -0.1181659
  9.9800000,    -1.6989049,     0.4327464,    -0.8423114,     0.0548895,    -0.1502174,    -0.0776570
  9.9900000,    -1.2692734,     0.5117074,    -0.9452366,     0.1498984,    -0.1835262,    -0.0233578
 10.0000000,    -0.6907064,     0.5860866,    -1.0436763,     0.2689968,    -0.2227689,     0.0404261
 10.0100000,    -0.0186309,     0.6513618,    -1.1330044,     0.3967733,    -0.2683275,     0.1087659
 10.0200000,     0.6733152,     0.7040941,    -1.2072485,     0.5142403,    -0.3187028,     0.1765308
 10.0300000,     1.3036776,     0.7417163,    -1.2596887,     0.6015547,    -0.3705146,     0.2388731
 10.0400000,     1.7955918,     0.7621787,    -1.2837974,     0.6411184,    -0.4188497,     0.2916908
 10.0500000,     2.0890316,     0.7636454,    -1.2743561,     0.6205350,    -0.4579419,     0.3319703
 10.0600000,     2.1506389,     0.7444050,    -1.2285345,     0.5348792,    -0.4820971,     0.3579356
 10.0700000,     1.9792227,     0.7030709,    -1.1467069,     0.3878261,    -0.4867213,     0.3689702
 10.0800000,     1.6057740,     0.6390416,    -1.0328195,     0.1913696,    -0.4692652,     0.3653407
 10.0900000,     1.0878591,     0.5530828,    -0.8941991,    -0.0358820,    -0.4298963,     0.3478023
 10.1000000,     0.4993500,     0.4478346,    -0.7407982,    -0.2715752,    -0.3717392,     0.3172025
 10.1100000,    -0.0826231,     0.3280365,    -0.5839747,    -0.4931503,    -0.3005978,     0.2742082
 10.1200000,    -0.5910294,     0.2003255,    -0.4349991,    -0.6814091,    -0.2241696,     0.2192440
 10.1300000,    -0.9800476,     0.0725696,    -0.3035332,    -0.8234469,    -0.1508671,     0.1526783
 10.1400000,    -1.2317985,    -0.0471731,    -0.1963381,    -0.9143970,    -0.0884530,     0.0752112
 10.1500000,    -1.3574332,    -0.1518599,    -0.1164301,    -0.9576585,    -0.0427476,    -0.0116441
 10.1600000,    -1.3924469,    -0.2365603,    -0.0628268,    -0.9635796,    -0.0166697,    -0.1051447
 10.1700000,    -1.3872544,    -0.2991697,    -0.0309211,    -0.9468708,    -0.0098170,    -0.2011243
 10.1800000,    -1.3950226,    -0.3405417,    -0.0134156,    -0.9232786,    -0.0186882,    -0.2941427
 10.1900000,    -1.4593056,    -0.3639746,    -0.0016503,    -0.9061945,    -0.0375184,    -0.3780171
 10.2000000,    -1.6040461,    -0.3741440,     0.0129036,    -0.9038826,    -0.0595647,    -0.4466755
 10.2100000,    -1.8279993,    -0.3757225,     0.0372352,    -0.9178729,    -0.0785761,    -0.4951747
 10.2200000,    -2.1046984,    -0.3720148,     0.0757012,    -0.9428258,    -0.0901291,    -0.5206607
 10.2300000,    -2.3879178,    -0.3639539,     0.1294140,    -0.9678632,    -0.0925307,    -0.5230309
 10.2400000,    -2.6214425,    -0.3497298,     0.1961933,    -0.9790628,    -0.0870728,    -0.5051013
 10.2500000,    -2.7510646,    -0.3251781,     0.2710613,    -0.9625756,    -0.0775602,    -0.4721774
 10.2600000,    -2.7362712,    -0.2848739,     0.3471714,    -0.9077103,    -0.0691954,    -0.4310589
 10.2700000,    -2.5591743,    -0.2236990,     0.4169946,    -0.8093456,    -0.0670541,    -0.3886448
 10.2800000,    -2.2288120,    -0.1385246,     0.4735520,    -0.6691841,    -0.0744859,    -0.3504137
 10.2900000,    -1.7799262,    -0.0296052,     0.5114858,    -0.4956099,    -0.0918158,    -0.3191114
 10.3000000,    -1.2664585,     0.0986682,     0.5278024,    -0.3022048,    -0.1156671,    -0.2939557
 10.3100000,    -0.7510947,     0.2378722,     0.5221865,    -0.1052490,    -0.1391128,    -0.2705796
 10.3200000,    -0.2929870,     0.3765365,     0.4968645,     0.0792640,    -0.1526852,    -0.2417864
 10.3300000,     0.0638530,     0.5018355,     0.4560743,     0.2384874,    -0.1460886,    -0.1990148
 10.3400000,     0.2991419,     0.6016447,     0.4052634,     0.3648826,    -0.1102993,    -0.1342509
 10.3500000,     0.4201561,     0.6665399,     0.3501702,     0.4572656,    -0.0396345,    -0.0420121
 10.3600000,     0.4600203,     0.6913215,     0.2959579,     0.5205576,     0.0666432,     0.0790116
 10.3700000,     0.4707635,     0.6757604,     0.2465396,     0.5643202,     0.2035458,     0.2250185
 10.3800000,     0.5124729,     0.6244290,     0.2041934,     0.6003983,     0.3606097,     0.3870909
 10.3900000,     0.6406345,     0.5456900,     0.1695012,     0.6401580,     0.5231822,     0.5521736
 10.4000000,     0.8940924,     0.4500891,     0.1415837,     0.6918770,     0.6745451,     0.7048840
 10.4100000,     1.2859428,     0.3485217,     0.1185563,     0.7588030,     0.7985033,     0.8298323
 10.4200000,     1.7991266,     0.2505654,     0.0980905,     0.8382515,     0.8819663,     0.9140246
 10.4300000,     2.3876111,     0.1633092,     0.0779666,     0.9219173,     0.9170463,     0.9489019
 10.4400000,     2.9830235,     0.0908693,     0.0565119,     0.9973327,     0.9022821,     0.9316387
 10.4500000,     3.5056082,     0.0346052,     0.0328583,     1.0502026,     0.8427636,     0.8654774
 10.4600000,     3.8775951,    -0.0061169,     0.0069992,     1.0671808,     0.7491449,     0.7590600
 10.4700000,     4.0366370,    -0.0328863,    -0.0203314,     1.0385824,     0.6357403,     0.6249177
 10.4800000,     3.9469513,    -0.0472497,    -0.0478947,     0.9605357,     0.5180722,     0.4774298
 10.4900000,     3.6062018,    -0.0500252,    -0.0742203,     0.8361840,     0.4103350,     0.3306527
 10.5000000,     3.0468880,    -0.0410869,    -0.0978370,     0.6757052,     0.3232427,     0.1964162
 10.5100000,     2.3319549,    -0.0196348,    -0.1174072,     0.4951251,     0.2626404,     0.0830067
 10.5200000,     1.5453317,     0.0151832,    -0.1317419,     0.3141007,     0.2291014,    -0.0053873
 10.5300000,     0.7789746,     0.0635278,    -0.1397133,     0.1530261,     0.2185303,    -0.0684575
 10.5400000,     0.1185998,     0.1242639,    -0.1401174,     0.0299274,     0.2235976,    -0.1089330
 10.5500000,    -0.3694819,     0.1947093,    -0.1315557,    -0.0423409,     0.2356762,    -0.1313702
 10.5600000,    -0.6481912,     0.2708404,    -0.1124059,    -0.0581335,     0.2468643,    -0.1408784
 10.5700000,    -0.7145004,     0.3479174,    -0.0809333,    -0.0199333,     0.2516810,    -0.1420602
 10.5800000,    -0.5984413,     0.4213613,    -0.0355542,     0.0620157,     0.2481071,    -0.1383561
 10.5900000,    -0.3565083,     0.4876271,     0.0247749,     0.1713226,     0.2377872,    -0.1318673
 10.6000000,    -0.0606568,     0.5448082,     0.1001156,     0.2880561,     0.2253919,    -0.1236025
 10.6100000,     0.2151116,     0.5927708,     0.1891491,     0.3919174,     0.2173086,    -0.1139989
 10.6200000,     0.4081365,     0.6327473,     0.2889249,     0.4654401,     0.2199654,    -0.1035170
 10.6300000,     0.4780075,     0.6664694,     0.3948449,     0.4966672,     0.2381551,    -0.0931113
 10.6400000,     0.4129846,     0.6950704,     0.5009288,     0.4808300,     0.2737202,    -0.0844408
 10.6500000,     0.2307502,     0.7180675,     0.6003548,     0.4207274,     0.3248723,    -0.0797640
 10.6600000,    -0.0266204,     0.7327446,     0.6862140,     0.3257384,     0.3862832,    -0.0815635
 10.6700000,    -0.3024598,     0.7341708,     0.7523665,     0.2096551,     0.4499240,    -0.0920166
 10.6800000,    -0.5381279,     0.7159390,     0.7942610,     0.0877578,     0.5064723,    -0.1124715
 10.6900000,    -0.6859005,     0.6715189,     0.8095778,    -0.0262923,     0.5469982,    -0.1430759
 10.7000000,    -0.7194903,     0.5959461,     0.7985807,    -0.1231133,     0.5645818,    -0.1826613
 10.7100000,    -0.6399897,     0.4874531,     0.7641127,    -0.1992655,     0.5555407,    -0.2289078
 10.7200000,    -0.4759262,     0.3486280,     0.7112329,    -0.2575601,     0.5200222,    -0.2787369
 10.7300000,    -0.2773152,     0.1867649,     0.6465529,    -0.3059307,     0.4618535,    -0.3288174
 10.7400000,    -0.1048482,     0.0132432,     0.5773855,    -0.3550968,     0.3876888,    -0.3760454
 10.7500000,    -0.0164149,    -0.1580115,     0.5108430,    -0.4155142,     0.3056376,    -0.4178699
 10.7600000,    -0.0537848,    -0.3127102,     0.4530254,    -0.4942876,     0.2236582,    -0.4523931
 10.7700000,    -0.2323265,    -0.4385921,     0.4084166,    -0.5927567,     0.1480457,    -0.4782406
 10.7800000,    -0.5360832,    -0.5275218,     0.3795565,    -0.7053474,     0.0823189,    -0.4942771
 10.7900000,    -0.9194477,    -0.5768379,     0.3670069,    -0.8200235,     0.0267309,    -0.4992890
 10.8000000,    -1.3153049,    -0.5896534,     0.3695752,    -0.9203294,    -0.0215067,    -0.4917761
 10.8100000,    -1.6481174,    -0.5740377,     0.3847200,    -0.9886522,    -0.0673361,    -0.4699647
 10.8200000,    -1.8493173,    -0.5412557,     0.4090432,    -1.0100353,    -0.1164921,    -0.4320909
 10.8300000,    -1.8717990,    -0.5034472,     0.4387775,    -0.9757134,    -0.1739510,    -0.3769209
 10.8400000,    -1.7004026,    -0.4712547,     0.4701962,    -0.8855540,    -0.2425164,    -0.3043915
 10.8500000,    -1.3560610,    -0.4519072,     0.4999064,    -0.7487933,    -0.3218382,    -0.2162004
 10.8600000,    -0.8925830,    -0.4481566,     0.5250206,    -0.5828002,    -0.4080803,    -0.1161603
 10.8700000,    -0.3865994,    -0.4582602,     0.5432294,    -0.4100324,    -0.4943192,    -0.0101701
 10.8800000,     0.0773195,    -0.4769540,     0.5528112,    -0.2537553,    -0.5716109,     0.0942676
 10.8900000,     0.4233033,    -0.4971389,     0.5526171,    -0.1333987,    -0.6305287,     0.1889431
 10.9000000,     0.5990824,    -0.5118396,     0.5420540,    -0.0605451,    -0.6628780,     0.2661108
 10.9100000,     0.5859945,    -0.5159524,     0.5210714,    -0.0364463,    -0.6632558,     0.3197106
 10.9200000,     0.4019713,    -0.5073655,     0.4901389,    -0.0516640,    -0.6301517,     0.3463877
 10.9300000,     0.0968868,    -0.4872063,     0.4501932,    -0.0879858,    -0.5663734,     0.3460817
 10.9400000,    -0.2586918,    -0.4591940,     0.4025320,    -0.1222715,    -0.4787120,     0.3220401
 10.9500000,    -0.5888759,    -0.4283069,     0.3486513,    -0.1314522,    -0.3769100,     0.2802290
 10.9600000,    -0.8285753,    -0.3991400,     0.2900401,    -0.0976291,    -0.2721283,     0.2282447
 10.9700000,    -0.9368438,    -0.3744064,     0.2279721,    -0.0121676,    -0.1752037,     0.1739417
 10.9800000,    -0.9045627,    -0.3539922,     0.1633462,     0.1221187,    -0.0950245,     0.1240598
 10.9900000,    -0.7548592,    -0.3348335,     0.0966305,     0.2912051,    -0.0373209,     0.0831362
 11.0000000,    -0.5362914,    -0.3116678,     0.0279453,     0.4724995,    -0.0040788,     0.0529274
 11.0100000,    -0.3104657,    -0.2784903,    -0.0427090,     0.6393532,     0.0063429,     0.0324562
 11.0200000,    -0.1369933,    -0.2303575,    -0.1151159,     0.7664839,    -0.0015476,     0.0186569
 11.0300000,    -0.0592696,    -0.1650843,    -0.1884702,     0.8351460,    -0.0215891,     0.0074603
 11.0400000,    -0.0943395,    -0.0843962,    -0.2610688,     0.8369316,    -0.0473683,    -0.0049395
 11.0500000,    -0.2291373,     0.0057822,    -0.3301639,     0.7753837,    -0.0735112,    -0.0209334
 11.0600000,    -0.4238981,     0.0960189,    -0.3920578,     0.6650818,    -0.0966088,    -0.0407311
 11.0700000,    -0.6218649,     0.1749336,    -0.4424688,     0.5284203,    -0.1156133,    -0.0621590
 11.0800000,    -0.7629579,     0.2313054,    -0.4771368,     0.3908092,    -0.1316587,    -0.0810725
 11.0900000,    -0.7981659,     0.2562807,    -0.4925765,     0.2753726,    -0.1473911,    -0.0922887
 11.1000000,    -0.7012708,     0.2452048,    -0.4868337,     0.1983215,    -0.1659957,    -0.0908292
 11.1100000,    -0.4751717,     0.1986851,    -0.4600837,     0.1660146,    -0.1901651,    -0.0731877
 11.1200000,    -0.1513562,     0.1226635,    -0.4149232,     0.1743272,    -0.2212549,    -0.0383321
 11.1300000,     0.2173019,     0.0274933,    -0.3562569,     0.2104147,    -0.2588172,     0.0117865
 11.1400000,     0.5686689,    -0.0737722,    -0.2907597,     0.2564088,    -0.3006054,     0.0723407
 11.1500000,     0.8454945,    -0.1675124,    -0.2259782,     0.2941484,    -0.3430289,     0.1363292
 11.1600000,     1.0082068,    -0.2416587,    -0.1692209,     0.3098141,    -0.3819305,     0.1957275
 11.1700000,     1.0433311,    -0.2873935,    -0.1264346,     0.2973759,    -0.4134842,     0.2428424
 11.1800000,     0.9655709,    -0.3001421,    -0.1012806,     0.2600482,    -0.4349911,     0.2715864
 11.1900000,     0.8131110,    -0.2797449,    -0.0945918,     0.2094238,    -0.4453811,     0.2784145
 11.2000000,     0.6373343,    -0.2298807,    -0.1043189,     0.1625053,    -0.4453046,     0.2627470
 11.2100000,     0.4894851,    -0.1569655,    -0.1259778,     0.1373493,    -0.4368054,     0.2268197
 11.2200000,     0.4075438,    -0.0688333,    -0.1535102,     0.1483639,    -0.4226680,     0.1750329
 11.2300000,     0.4065284,     0.0264903,    -0.1803829,     0.2023828,    -0.4056159,     0.1129731
 11.2400000,     0.4746148,     0.1216882,    -0.2007066,     0.2964556,    -0.3875707,     0.0463478
 11.2500000,     0.5760656,     0.2106129,    -0.2101552,     0.4178965,    -0.3691678,    -0.0199255
 11.2600000,     0.6603180,     0.2883363,    -0.2065142,     0.5466029,    -0.3496568,    -0.0822855
 11.2700000,     0.6750801,     0.3509275,    -0.1897726,     0.6591335,    -0.3272173,    -0.1386510
 11.2800000,     0.5803040,     0.3951564,    -0.1617762,     0.7336235,    -0.2996117,    -0.1881194
 11.2900000,     0.3596561,     0.4183142,    -0.1255554,     0.7544260,    -0.2650094,    -0.2303622
 11.3000000,     0.0266664,     0.4182702,    -0.0845107,     0.7154335,    -0.2227653,    -0.2649085
 11.3100000,    -0.3760269,     0.3937820,    -0.0416616,     0.6213419,    -0.1739416,    -0.2905326
 11.3200000,    -0.7843068,     0.3449598,     0.0008588,     0.4865895,    -0.1214164,    -0.3049299
 11.3300000,    -1.1254345,     0.2737125,     0.0419528,     0.3322377,    -0.0695207,    -0.3047903
 11.3400000,    -1.3332546,     0.1839718,     0.0813336,     0.1815162,    -0.0232617,    -0.2862765
 11.3500000,    -1.3623085,     0.0815357,     0.1190091,     0.0550460,     0.0127085,    -0.2458141
 11.3600000,    -1.1976573,    -0.0265341,     0.1546378,    -0.0331958,     0.0351492,    -0.1810185
 11.3700000,    -0.8582060,    -0.1328988,     0.1869544,    -0.0783036,     0.0430647,    -0.0915475
 11.3800000,    -0.3928124,    -0.2311306,     0.2134548,    -0.0847831,     0.0381114,     0.0203225
 11.3900000,     0.1298798,    -0.3168375,     0.2304664,    -0.0648145,     0.0244646,     0.1495410
 11.4000000,     0.6355284,    -0.3884440,     0.2336390,    -0.0349238,     0.0081462,     0.2886055
 11.4100000,     1.0588863,    -0.4474062,     0.2187788,    -0.0118936,    -0.0040594,     0.4283162
 11.4200000,     1.3559905,    -0.4977601,     0.1828570,    -0.0088875,    -0.0058854,     0.5588329
 11.4300000,     1.5111046,    -0.5450583,     0.1249660,    -0.0326750,     0.0072074,     0.6708434
 11.4400000,     1.5370493,    -0.5949060,     0.0469891,    -0.0825459,     0.0371401,     0.7566369
 11.4500000,     1.4691222,    -0.6514157,    -0.0462030,    -0.1510830,     0.0828294,     0.8109061
 11.4600000,     1.3542957,    -0.7159382,    -0.1471185,    -0.2265126,     0.1403800,     0.8311593
 11.4700000,     1.2384395,    -0.7863802,    -0.2465481,    -0.2959822,     0.2038079,     0.8177118
 11.4800000,     1.1546985,    -0.8572940,    -0.3348577,    -0.3489220,     0.2661361,     0.7733038
 11.4900000,     1.1157900,    -0.9207513,    -0.4034373,    -0.3796527,     0.3206324,     0.7024576
 11.5000000,     1.1119644,    -0.9678292,    -0.4460248,    -0.3886205,     0.3619361,     0.6107231
 11.5100000,     1.1149632,    -0.9903920,    -0.4596478,    -0.3819960,     0.3868592,     0.5039577
 11.5200000,     1.0868403,    -0.9827760,    -0.4449941,    -0.3697876,     0.3947248,     0.3877572
 11.5300000,     0.9913484,    -0.9429990,    -0.4061375,    -0.3629850,     0.3872135,     0.2670987
 11.5400000,     0.8050031,    -0.8732211,    -0.3496771,    -0.3704769,     0.3677939,     0.1462021
 11.5500000,     0.5250538,    -0.7793515,    -0.2834641,    -0.3965309,     0.3408953,     0.0285639
 11.5600000,     0.1723694,    -0.6698880,    -0.2151724,    -0.4394672,     0.3110213,    -0.0829148
 11.5700000,    -0.2114977,    -0.5542515,    -0.1509976,    -0.4918554,     0.2819940,    -0.1857849
 11.5800000,    -0.5724002,    -0.4409885,    -0.0947344,    -0.5421813,     0.2564697,    -0.2779600
 11.5900000,    -0.8549350,    -0.3362412,    -0.0474008,    -0.5775707,     0.2357847,    -0.3577102
 11.6000000,    -1.0143720,    -0.2428158,    -0.0074585,    -0.5869027,     0.2201078,    -0.4237369
 11.6100000,    -1.0264005,    -0.1600408,     0.0284440,    -0.5635583,     0.2088027,    -0.4752919
 11.6200000,    -0.8924645,    -0.0844182,     0.0643864,    -0.5071474,     0.2008663,    -0.5122878
 11.6300000,    -0.6395239,    -0.0108935,     0.1039929,    -0.4238137,     0.1953087,    -0.5353494
 11.6400000,    -0.3143946,     0.0655688,     0.1494067,    -0.3250604,     0.1913766,    -0.5457746
 11.6500000,     0.0259325,     0.1484778,     0.2006367,    -0.2253971,     0.1885831,    -0.5453994
 11.6600000,     0.3257021,     0.2387227,     0.2554034,    -0.1393741,     0.1865729,    -0.5363935
 11.6700000,     0.5409249,     0.3341328,     0.3095060,    -0.0787045,     0.1849036,    -0.5210328
 11.6800000,     0.6467206,     0.4297722,     0.3576180,    -0.0501261,     0.1828499,    -0.5015016
 11.6900000,     0.6400042,     0.5188794,     0.3943380,    -0.0544594,     0.1793266,    -0.4797669
 11.7000000,     0.5372087,     0.5942179,     0.4152727,    -0.0870104,     0.1729884,    -0.4575447
 11.7100000,     0.3679177,     0.6495224,     0.4179306,    -0.1391418,     0.1625004,    -0.4363471
 11.7200000,     0.1662147,     0.6807184,     0.4022502,    -0.2005602,     0.1469183,    -0.4175719
 11.7300000,    -0.0379947,     0.6866651,     0.3706676,    -0.2617155,     0.1260678,    -0.4025794
 11.7400000,    -0.2255497,     0.6692938,     0.3277181,    -0.3157125,     0.1008019,    -0.3927042
 11.7500000,    -0.3909908,     0.6331631,     0.2792603,    -0.3592885,     0.0730356,    -0.3891645
 11.7600000,    -0.5413969,     0.5845816,     0.2314789,    -0.3926703,     0.0455119,    -0.3928677
 11.7700000,    -0.6916713,     0.5305363,     0.1898523,    -0.4184277,     0.0213209,    -0.4041430
 11.7800000,    -0.8577431,     0.4776844,     0.1582747,    -0.4396986,     0.0032678,    -0.4224686
 11.7900000,    -1.0496474,     0.4316215,     0.1384775,    -0.4583216,    -0.0067672,    -0.4462721
 11.8000000,    -1.2664247,     0.3965423,     0.1298389,    -0.4734284,    -0.0083190,    -0.4728835
 11.8100000,    -1.4942589,     0.3752930,     0.1295935,    -0.4809161,    -0.0025431,    -0.4986895
 11.8200000,    -1.7083943,     0.3697021,     0.1333877,    -0.4739852,     0.0079329,    -0.5194985
 11.8300000,    -1.8783624,     0.3810069,     0.1360726,    -0.4446395,     0.0194991,    -0.5310729
 11.8400000,    -1.9751711,     0.4101795,     0.1325948,    -0.3857847,     0.0282980,    -0.5297427
 11.8500000,    -1.9785847,     0.4579958,     0.1188414,    -0.2933916,     0.0310401,    -0.5129845
 11.8600000,    -1.8825795,     0.5247850,     0.0923140,    -0.1681575,     0.0257132,    -0.4798492
 11.8700000,    -1.6975110,     0.6099035,     0.0525387,    -0.0162069,     0.0120140,    -0.4311452
 11.8800000,    -1.4483541,     0.7110805,     0.0011680,     0.1513997,    -0.0086043,    -0.3693315
 11.8900000,    -1.1693693,     0.8238432,    -0.0582287,     0.3202933,    -0.0332879,    -0.2981366
 11.9000000,    -0.8964595,     0.9412391,    -0.1206439,     0.4752276,    -0.0584609,    -0.2219767
 11.9100000,    -0.6590749,     1.0540194,    -0.1803082,     0.6027821,    -0.0806690,    -0.1452925
 11.9200000,    -0.4736636,     1.1513516,    -0.2314686,     0.6937337,    -0.0973858,    -0.0719427
 11.9300000,    -0.3403029,     1.2220025,    -0.2691668,     0.7445646,    -0.1075874,    -0.0047748
 11.9400000,    -0.2433782,     1.2558190,    -0.2899155,     0.7577740,    -0.1119551,     0.0545432
 11.9500000,    -0.1561905,     1.2452484,    -0.2921841,     0.7409382,    -0.1126554,     0.1054124
 11.9600000,    -0.0484082,     1.1866143,    -0.2766275,     0.7047514,    -0.1127519,     0.1479637
 11.9700000,     0.1054270,     1.0808944,    -0.2460223,     0.6605110,    -0.1153939,     0.1825941
 11.9800000,     0.3184038,     0.9338395,    -0.2049110,     0.6176308,    -0.1229848,     0.2095175
 11.9900000,     0.5865963,     0.7553924,    -0.1589920,     0.5817446,    -0.1365410,     0.2284656
 12.0000000,     0.8884450,     0.5584998,    -0.1143342,     0.5538140,    -0.1554065,     0.2386396
 12.0100000,     1.1883921,     0.3575164,    -0.0765197,     0.5304089,    -0.1774016,     0.2389489
 12.0200000,     1.4439925,     0.1664713,    -0.0498406,     0.5050502,    -0.1993756,     0.2284996
 12.0300000,     1.6149064,    -0.0025274,    -0.0366722,     0.4702605,    -0.2180308,     0.2072215
 12.0400000,     1.6717337,    -0.1405130,    -0.0371263,     0.4198108,    -0.2308142,     0.1764753
 12.0500000,     1.6026878,    -0.2423577,    -0.0490512,     0.3506213,    -0.2366470,     0.1394669
 12.0600000,     1.4166064,    -0.3069005,    -0.0683904,     0.2638702,    -0.2363008,     0.1013237
 12.0700000,     1.1416356,    -0.3365654,    -0.0898558,     0.1650655,    -0.2323064,     0.0687480
 12.0800000,     0.8199065,    -0.3366000,    -0.1078154,     0.0630808,    -0.2283974,     0.0492544
 12.0900000,     0.4994098,    -0.3141110,    -0.1172541,    -0.0315977,    -0.2286021,     0.0500866
 12.1000000,     0.2248738,    -0.2770661,    -0.1146499,    -0.1089923,    -0.2361911,     0.0769922
 12.1100000,     0.0296137,    -0.2334018,    -0.0986153,    -0.1616307,    -0.2527283,     0.1330778
 12.1200000,    -0.0699542,    -0.1903195,    -0.0701899,    -0.1859740,    -0.2774580,     0.2179700
 12.1300000,    -0.0760986,    -0.1537984,    -0.0327291,    -0.1829762,    -0.3071922,     0.3274649
 12.1400000,    -0.0076865,    -0.1283052,     0.0086014,    -0.1576917,    -0.3367484,     0.4537641
 12.1500000,     0.1050902,    -0.1166601,     0.0476425,    -0.1180635,    -0.3598644,     0.5862924
 12.1600000,     0.2278211,    -0.1200140,     0.0782371,    -0.0732072,    -0.3704066,     0.7129810
 12.1700000,     0.3291467,    -0.1379076,     0.0952385,    -0.0315993,    -0.3636182,     0.8218166
 12.1800000,     0.3866023,    -0.1684088,     0.0953637,     0.0004271,    -0.3371401,     0.9024023
 12.1900000,     0.3898921,    -0.2083354,     0.0777523,     0.0195741,    -0.2915852,     0.9472765
 12.2000000,     0.3411336,    -0.2535843,     0.0441424,     0.0257222,    -0.2305414,     0.9527792
 12.2100000,     0.2523542,    -0.2995670,    -0.0013606,     0.0213715,    -0.1600026,     0.9193406
 12.2200000,     0.1411468,    -0.3417334,    -0.0528774,     0.0105917,    -0.0873460,     0.8511702
 12.2300000,     0.0257542,    -0.3761281,    -0.1036087,    -0.0022114,    -0.0200710,     0.7554325
 12.2400000,    -0.0791292,    -0.3999016,    -0.1468124,    -0.0133894,     0.0354445,     0.6410768
 12.2500000,    -0.1648476,    -0.4116854,    -0.1767487,    -0.0207487,     0.0749251,     0.5175430
 12.2600000,    -0.2291081,    -0.4117516,    -0.1894560,    -0.0237222,     0.0967364,     0.3935634
 12.2700000,    -0.2742973,    -0.4019118,    -0.1832498,    -0.0230366,     0.1019041,     0.2762488
 12.2800000,    -0.3044900,    -0.3851583,    -0.1588879,    -0.0200335,     0.0936472,     0.1705721
 12.2900000,    -0.3221764,    -0.3651060,    -0.1193967,    -0.0158826,     0.0765607,     0.0792771
 12.3000000,    -0.3257750,    -0.3453353,    -0.0696024,    -0.0109452,     0.0556436,     0.0031578
 12.3100000,    -0.3087472,    -0.3287647,    -0.0154490,    -0.0044865,     0.0353854,    -0.0584148
 12.3200000,    -0.2606615,    -0.3171735,     0.0367910,     0.0051719,     0.0190881,    -0.1068698
 12.3300000,    -0.1699996,    -0.3109650,     0.0813056,     0.0201005,     0.0085349,    -0.1438687
 12.3400000,    -0.0279914,    -0.3092077,     0.1134299,     0.0419675,     0.0040220,    -0.1709062
 12.3500000,     0.1675457,    -0.3099295,     0.1301515,     0.0712351,     0.0046916,    -0.1891358
 12.3600000,     0.4094416,    -0.3105861,     0.1303845,     0.1065842,     0.0090369,    -0.1994141
 12.3700000,     0.6803281,    -0.3085897,     0.1149929,     0.1447542,     0.0154312,    -0.2024987
 12.3800000,     0.9541105,    -0.3017793,     0.0865749,     0.1808779,     0.0225455,    -0.1993056
 12.3900000,     1.1995956,    -0.2887348,     0.0490471,     0.2092610,     0.0295669,    -0.1911193
 12.4000000,     1.3855858,    -0.2688854,     0.0070892,     0.2244454,     0.0361959,    -0.1796768
 12.4100000,     1.4863775,    -0.2424185,    -0.0344791,     0.2223109,     0.0424663,    -0.1670846
 12.4200000,     1.4864833,    -0.2100439,    -0.0713062,     0.2009616,     0.0484728,    -0.1555792
 12.4300000,     1.3835472,    -0.1727069,    -0.1000279,     0.1611856,     0.0541168,    -0.1471903
 12.4400000,     1.1888175,    -0.1313449,    -0.1186310,     0.1063749,     0.0589574,    -0.1433947
 12.4500000,     0.9250739,    -0.0867651,    -0.1266185,     0.0419209,     0.0622222,    -0.1448537
 12.4600000,     0.6224614,    -0.0396754,    -0.1249576,    -0.0257838,     0.0629723,    -0.1513098
 12.4700000,     0.3131225,     0.0091489,    -0.1158257,    -0.0905148,     0.0603707,    -0.1616771
 12.4800000,     0.0257538,     0.0586271,    -0.1021964,    -0.1473031,     0.0539654,    -0.1743102
 12.4900000,    -0.2188081,     0.1071551,    -0.0873342,    -0.1932119,     0.0438942,    -0.1873881
 12.5000000,    -0.4101335,     0.1524988,    -0.0742799,    -0.2276516,     0.0309395,    -0.1993183
 12.5100000,    -0.5484775,     0.1918632,    -0.0654102,    -0.2521940,     0.0164043,    -0.2090558
 12.5200000,    -0.6428938,     0.2221524,    -0.0621415,    -0.2699562,     0.0018356,    -0.2162500
 12.5300000,    -0.7077450,     0.2403823,    -0.0648212,    -0.2847202,    -0.0113343,    -0.2211740
 12.5400000,    -0.7584787,     0.2441568,    -0.0728156,    -0.2999991,    -0.0221257,    -0.2244433
 12.5500000,    -0.8076377,     0.2320959,    -0.0847649,    -0.3182587,    -0.0302313,    -0.2265909
 12.5600000,    -0.8619518,     0.2041053,    -0.0989485,    -0.3404525,    -0.0360442,    -0.2276046
 12.5700000,    -0.9210624,     0.1614100,    -0.1136783,    -0.3659429,    -0.0404766,    -0.2265553
 12.5800000,    -0.9780339,     0.1063331,    -0.1276417,    -0.3927896,    -0.0446056,    -0.2214326
 12.5900000,    -1.0214049,     0.0418629,    -0.1401228,    -0.4183023,    -0.0492389,    -0.2092653
 12.6000000,    -1.0382182,    -0.0288934,    -0.1510652,    -0.4397082,    -0.0545194,    -0.1865439
 12.6100000,    -1.0173023,    -0.1032372,    -0.1609701,    -0.4547723,    -0.0596857,    -0.1498922
 12.6200000,    -0.9520848,    -0.1792565,    -0.1706648,    -0.4622389,    -0.0630755,    -0.0968707
 12.6300000,    -0.8423785,    -0.2559594,    -0.1810011,    -0.4620202,    -0.0623960,    -0.0267566
 12.6400000,    -0.6948489,    -0.3331267,    -0.1925590,    -0.4551263,    -0.0552186,     0.0588706
 12.6500000,    -0.5221698,    -0.4109198,    -0.2054273,    -0.4433895,    -0.0395941,     0.1558799
 12.6600000,    -0.3411369,    -0.4893434,    -0.2191115,    -0.4290770,    -0.0146441,     0.2577651
 12.6700000,    -0.1701857,    -0.5677056,    -0.2325890,    -0.4144949,     0.0190197,     0.3562552
 12.6800000,    -0.0268110,    -0.6442210,    -0.2444953,    -0.4016656,     0.0591656,     0.4422875
 12.6900000,     0.0746651,    -0.7158746,    -0.2533954,    -0.3921268,     0.1021564,     0.5071965
 12.7000000,     0.1246708,    -0.7786013,    -0.2580742,    -0.3868523,     0.1434850,     0.5439278
 12.7100000,     0.1191772,    -0.8277591,    -0.2577780,    -0.3862608,     0.1785345,     0.5480732
 12.7200000,     0.0597376,    -0.8588037,    -0.2523532,    -0.3902625,     0.2034075,     0.5185499
 12.7300000,    -0.0470765,    -0.8680189,    -0.2422530,    -0.3982933,     0.2156524,     0.4578081
 12.7400000,    -0.1906390,    -0.8531426,    -0.2284181,    -0.4093124,     0.2147276,     0.3715323
 12.7500000,    -0.3574406,    -0.8137506,    -0.2120632,    -0.4217712,     0.2021043,     0.2678877
 12.7600000,    -0.5323234,    -0.7513189,    -0.1944256,    -0.4335886,     0.1809808,     0.1564409
 12.7700000,    -0.6997019,    -0.6689580,    -0.1765341,    -0.4421865,     0.1556683,     0.0469343
 12.7800000,    -0.8447371,    -0.5708945,    -0.1590506,    -0.4446349,     0.1307760,    -0.0518897
 12.7900000,    -0.9544535,    -0.4618296,    -0.1422125,    -0.4379288,     0.1103654,    -0.1332369
 12.8000000,    -1.0187670,    -0.3463296,    -0.1258773,    -0.4193818,     0.0972449,    -0.1928553
 12.8100000,    -1.0313550,    -0.2283895,    -0.1096470,    -0.3870784,     0.0925434,    -0.2292178
 12.8200000,    -0.9902603,    -0.1112584,    -0.0930282,    -0.3402941,     0.0956336,    -0.2433104
 12.8300000,    -0.8981030,     0.0024584,    -0.0755830,    -0.2797823,     0.1044036,    -0.2381098
 12.8400000,    -0.7617994,     0.1104828,    -0.0570331,    -0.2078412,     0.1157962,    -0.2178780
 12.8500000,    -0.5917525,     0.2104581,    -0.0372973,    -0.1281166,     0.1264884,    -0.1874170
 12.8600000,    -0.4005758,     0.2996061,    -0.0164692,    -0.0451512,     0.1335602,    -0.1514129
 12.8700000,    -0.2015202,     0.3745897,     0.0052423,     0.0362477,     0.1350149,    -0.1139628
 12.8800000,    -0.0068528,     0.4316713,     0.0275711,     0.1117060,     0.1300617,    -0.0783258
 12.8900000,     0.1735294,     0.4671803,     0.0502183,     0.1779083,     0.1191259,    -0.0468858
 12.9000000,     0.3329986,     0.4782160,     0.0728218,     0.2330251,     0.1036198,    -0.0212715
 12.9100000,     0.4684548,     0.4634414,     0.0948759,     0.2768582,     0.0855570,    -0.0025533
 12.9200000,     0.5799252,     0.4237812,     0.1156267,     0.3106820,     0.0671148,     0.0085671
 12.9300000,     0.6696386,     0.3628391,     0.1339906,     0.3368294,     0.0502526,     0.0116411
 12.9400000,     0.7408258,     0.2868973,     0.1485425,     0.3581236,     0.0364612,     0.0064630
 12.9500000,     0.7965619,     0.2044413,     0.1576149,     0.3772921,     0.0266770,    -0.0068370
 12.9600000,     0.8389436,     0.1252491,     0.1595172,     0.3964939,     0.0213432,    -0.0276385
 12.9700000,     0.8687994,     0.0591809,     0.1528520,     0.4170574,     0.0205660,    -0.0546764
 12.9800000,     0.8859827,     0.0148668,     0.1368715,     0.4394656,     0.0242889,    -0.0859551
 12.9900000,     0.8901265,    -0.0014769,     0.1117911,     0.4635602,     0.0324164,    -0.1187838
 13.0000000,     0.8816042,     0.0130997,     0.0789735,     0.4888768,     0.0448388,    -0.1499640
 13.0100000,     0.8623667,     0.0579083,     0.0409137,     0.5149927,     0.0613505,    -0.1761161
 13.0200000,     0.8363448,     0.1287820,     0.0009944,     0.5417672,     0.0814920,    -0.1941055
 13.0300000,     0.8092093,     0.2187273,    -0.0369710,     0.5693904,     0.1043752,    -0.2014956
 13.0400000,     0.7874565,     0.3189378,    -0.0693325,     0.5982145,     0.1285662,    -0.1969456
 13.0500000,     0.7769723,     0.4199866,    -0.0932242,     0.6284096,     0.1520852,    -0.1804780
 13.0600000,     0.7814010,     0.5129945,    -0.1070798,     0.6595440,     0.1725580,    -0.1535577
 13.0700000,     0.8007297,     0.5905973,    -0.1109253,     0.6902215,     0.1875103,    -0.1189638
 13.0800000,     0.8304947,     0.6475869,    -0.1063695,     0.7179051,     0.1947552,    -0.0804673
 13.0900000,     0.8618969,     0.6811751,    -0.0962787,     0.7390177,     0.1927937,    -0.0423647
 13.1000000,     0.8829208,     0.6909014,    -0.0841884,     0.7493428,     0.1811372,    -0.0089433
 13.1100000,     0.8803129,     0.6782640,    -0.0735695,     0.7446718,     0.1604705,     0.0160402
 13.1200000,     0.8420624,     0.6461856,    -0.0671017,     0.7215745,     0.1326094,     0.0297879
 13.1300000,     0.7598823,     0.5984316,    -0.0661154,     0.6781287,     0.1002482,     0.0307405
 13.1400000,     0.6311571,     0.5390783,    -0.0703261,     0.6144390,     0.0665439,     0.0186766
 13.1500000,     0.4599114,     0.4720903,    -0.0779289,     0.5328161,     0.0346178,    -0.0053618
 13.1600000,     0.2565509,     0.4010311,    -0.0860354,     0.4375551,     0.0070771,    -0.0392888
 13.1700000,     0.0363853,     0.3288940,    -0.0913609,     0.3343416,    -0.0143469,    -0.0802872
 13.1800000,    -0.1827937,     0.2580225,    -0.0910088,     0.2293990,    -0.0289753,    -0.1251547
 13.1900000,    -0.3835981,     0.1900889,    -0.0831732,     0.1285474,    -0.0371436,    -0.1706298
 13.2000000,    -0.5518078,     0.1261064,    -0.0675978,     0.0363691,    -0.0399735,    -0.2136566
 13.2100000,    -0.6784546,     0.0664692,    -0.0456803,    -0.0443482,    -0.0390151,    -0.2515673
 13.2200000,    -0.7608163,     0.0110317,    -0.0201937,    -0.1127844,    -0.0358506,    -0.2821831
 13.2300000,    -0.8021483,    -0.0407603,     0.0053166,    -0.1698516,    -0.0317515,    -0.3038496
 13.2400000,    -0.8102576,    -0.0896732,     0.0273259,    -0.2176226,    -0.0274662,    -0.3154332
 13.2500000,    -0.7952681,    -0.1364320,     0.0431323,    -0.2585646,    -0.0231758,    -0.3163072
 13.2600000,    -0.7670953,    -0.1814376,     0.0514807,    -0.2947613,    -0.0186162,    -0.3063480
 13.2700000,    -0.7331938,    -0.2245055,     0.0528643,    -0.3273035,    -0.0133214,    -0.2859511
 13.2800000,    -0.6970632,    -0.2646859,     0.0494272,    -0.3559812,    -0.0069145,    -0.2560608
 13.2900000,    -0.6578162,    -0.3002225,     0.0444858,    -0.3793377,     0.0006340,    -0.2181979
 13.3000000,    -0.6108654,    -0.3286862,     0.0417730,    -0.3950596,     0.0088530,    -0.1744602
 13.3100000,    -0.5495382,    -0.3472843,     0.0445750,    -0.4005976,     0.0167642,    -0.1274700
 13.3200000,    -0.4672283,    -0.3533067,     0.0549530,    -0.3938668,     0.0230256,    -0.0802533
 13.3300000,    -0.3595893,    -0.3446342,     0.0732264,    -0.3738577,     0.0261922,    -0.0360424
 13.3400000,    -0.2262804,    -0.3202107,     0.0978340,    -0.3410224,     0.0250301,     0.0019859
 13.3500000,    -0.0718869,    -0.2803814,     0.1256022,    -0.2973524,     0.0188086,     0.0310118
 13.3600000,     0.0941727,    -0.2270170,     0.1523623,    -0.2461440,     0.0075003,     0.0488777
 13.3700000,     0.2587266,    -0.1633869,     0.1737760,    -0.1915142,    -0.0081580,     0.0543526
 13.3800000,     0.4066886,    -0.0937937,     0.1861906,    -0.1377844,    -0.0267582,     0.0473176
 13.3900000,     0.5232931,    -0.0230289,     0.1873366,    -0.0888686,    -0.0464480,     0.0288390
 13.4000000,     0.5963062,     0.0442497,     0.1767268,    -0.0477892,    -0.0652407,     0.0011147
 13.4100000,     0.6178303,     0.1041049,     0.1556818,    -0.0164018,    -0.0813423,    -0.0327080
 13.4200000,     0.5854255,     0.1537657,     0.1269964,     0.0046471,    -0.0934304,    -0.0688204
 13.4300000,     0.5024173,     0.1918588,     0.0943399,     0.0157628,    -0.1008296,    -0.1031173
 13.4400000,     0.3774150,     0.2183966,     0.0615374,     0.0181235,    -0.1035600,    -0.1315920
 13.4500000,     0.2231852,     0.2345499,     0.0318981,     0.0133722,    -0.1022577,    -0.1507196
 13.4600000,     0.0551046,     0.2422702,     0.0077343,     0.0033628,    -0.0979982,    -0.1577856
 13.4700000,    -0.1105690,     0.2438564,    -0.0098407,    -0.0099890,    -0.0920665,    -0.1511287
 13.4800000,    -0.2583906,     0.2415613,    -0.0208198,    -0.0247471,    -0.0857264,    -0.1302797
 13.4900000,    -0.3752293,     0.2373143,    -0.0259743,    -0.0389265,    -0.0800319,    -0.0959899
 13.5000000,    -0.4514757,     0.2325968,    -0.0264010,    -0.0504619,    -0.0757094,    -0.0501577
 13.5100000,    -0.4819041,     0.2284682,    -0.0230840,    -0.0572439,    -0.0731203,     0.0043331
 13.5200000,    -0.4661618,     0.2256949,    -0.0165905,    -0.0572697,    -0.0722905,     0.0638411
 13.5300000,    -0.4088610,     0.2249151,    -0.0069812,    -0.0489167,    -0.0729867,     0.1242409
 13.5400000,    -0.3192441,     0.2267648,     0.0060527,    -0.0312975,    -0.0748095,     0.1812239
 13.5500000,    -0.2103943,     0.2319064,     0.0228788,    -0.0046130,    -0.0772796,     0.2306096
 13.5600000,    -0.0979840,     0.2409371,     0.0435421,     0.0295992,    -0.0799019,     0.2686555
 13.5700000,     0.0013928,     0.2541896,     0.0674405,     0.0684182,    -0.0822042,     0.2923512
 13.5800000,     0.0721829,     0.2714782,     0.0931700,     0.1077564,    -0.0837575,     0.2996842
 13.5900000,     0.1019242,     0.2918629,     0.1186081,     0.1428421,    -0.0841893,     0.2898570
 13.6000000,     0.0831052,     0.3135130,     0.1412413,     0.1689079,    -0.0832007,     0.2634337
 13.6100000,     0.0145230,     0.3337284,     0.1586716,     0.1819660,    -0.0805937,     0.2223895
 13.6200000,    -0.0981440,     0.3491495,     0.1691842,     0.1795202,    -0.0763043,     0.1700398
 13.6300000,    -0.2427387,     0.3561390,     0.1722340,     0.1610648,    -0.0704314,     0.1108311
 13.6400000,    -0.4020432,     0.3512803,     0.1687156,     0.1282553,    -0.0632466,     0.0499922
 13.6500000,    -0.5560708,     0.3319044,     0.1609303,     0.0847006,    -0.0551713,    -0.0069396
 13.6600000,    -0.6849136,     0.2965491,     0.1522293,     0.0354048,    -0.0467175,    -0.0546768
 13.6700000,    -0.7716972,     0.2452586,     0.1463902,    -0.0140383,    -0.0383951,    -0.0887667
 13.6800000,    -0.8051379,     0.1796657,     0.1468495,    -0.0583433,    -0.0306047,    -0.1061271
 13.6900000,    -0.7812455,     0.1028356,     0.1559546,    -0.0933474,    -0.0235408,    -0.1054550
 13.7000000,    -0.7038498,     0.0188972,     0.1743969,    -0.1165840,    -0.0171315,    -0.0874374
 13.7100000,    -0.5838416,    -0.0674725,     0.2009578,    -0.1275136,    -0.0110383,    -0.0547167
 13.7200000,    -0.4372543,    -0.1516236,     0.2326294,    -0.1273840,    -0.0047229,    -0.0115964
 13.7300000,    -0.2825373,    -0.2294691,     0.2650940,    -0.1187716,     0.0024250,     0.0364860
 13.7400000,    -0.1375231,    -0.2979002,     0.2934691,    -0.1049222,     0.0109238,     0.0836518
 13.7500000,    -0.0166458,    -0.3550216,     0.3131670,    -0.0890442,     0.0210359,     0.1243423
 13.7600000,     0.0710891,    -0.4001859,     0.3206985,    -0.0737095,     0.0326440,     0.1540324
 13.7700000,     0.1230426,    -0.4338421,     0.3142631,    -0.0604805,     0.0452013,     0.1697841
 13.7800000,     0.1426700,    -0.4572424,     0.2940177,    -0.0498203,     0.0577764,     0.1705534
 13.7900000,     0.1381671,    -0.4720700,     0.2619872,    -0.0412729,     0.0691909,     0.1572003
 13.8000000,     0.1203704,    -0.4800593,     0.2216554,    -0.0338358,     0.0782283,     0.1322087
 13.8100000,     0.1003801,    -0.4826686,     0.1773379,    -0.0264068,     0.0838736,     0.0991723
 13.8200000,     0.0874044,    -0.4808538,     0.1334769,    -0.0181775,     0.0855339,     0.0621450
 13.8300000,     0.0872450,    -0.4749668,     0.0940013,    -0.0088698,     0.0831939,     0.0249818
 13.8400000,     0.1016816,    -0.4647837,     0.0618689,     0.0012385,     0.0774691,    -0.0092075
 13.8500000,     0.1288021,    -0.4496472,     0.0388550,     0.0114915,     0.0695439,    -0.0383909
 13.8600000,     0.1641185,    -0.4286930,     0.0255900,     0.0211726,     0.0610029,    -0.0616818
 13.8700000,     0.2021471,    -0.4011232,     0.0217926,     0.0298579,     0.0535851,    -0.0791437
 13.8800000,     0.2380517,    -0.3664847,     0.0266057,     0.0376938,     0.0489094,    -0.0913951
 13.8900000,     0.2689606,    -0.3249099,     0.0389307,     0.0455065,     0.0482199,    -0.0991195
 13.9000000,     0.2946732,    -0.2772859,     0.0576706,     0.0546987,     0.0521988,    -0.1026089
 13.9100000,     0.3176233,    -0.2253191,     0.0818304,     0.0669456,     0.0608752,    -0.1014620
 13.9200000,     0.3421532,    -0.1714802,     0.1104697,     0.0837582,     0.0736416,    -0.0945241
 13.9300000,     0.3733001,    -0.1188219,     0.1425490,     0.1060216,     0.0893674,    -0.0801009
 13.9400000,     0.4154016,    -0.0706850,     0.1767431,     0.1336257,     0.1065809,    -0.0564105
 13.9500000,     0.4708475,    -0.0303211,     0.2113037,     0.1652882,     0.1236830,    -0.0221809
 13.9600000,     0.5392544,    -0.0004802,     0.2440403,     0.1986238,     0.1391550,     0.0227454
 13.9700000,     0.6172282,     0.0169780,     0.2724547,     0.2304579,     0.1517264,     0.0769495
 13.9800000,     0.6987399,     0.0213866,     0.2940222,     0.2573213,     0.1604849,     0.1372476
 13.9900000,     0.7760052,     0.0134318,     0.3065677,     0.2760219,     0.1649216,     0.1988569
 14.0000000,     0.8406610,    -0.0048657,     0.3086577,     0.2841706,     0.1649195,     0.2559228
 14.0100000,     0.8849877,    -0.0303602,     0.2999175,     0.2805505,     0.1606975,     0.3023403
 14.0200000,     0.9029449,    -0.0591579,     0.2811944,     0.2652574,     0.1527306,     0.3327298
 14.0300000,     0.8908564,    -0.0871097,     0.2545199,     0.2395938,     0.1416598,     0.3433901
 14.0400000,     0.8476738,    -0.1103428,     0.2228667,     0.2057551,     0.1282040,     0.3330383
 14.0500000,     0.7748501,    -0.1257453,     0.1897363,     0.1663949,     0.1130801,     0.3031830
 14.0600000,     0.6759272,    -0.1313252,     0.1586540,     0.1241774,     0.0969314,     0.2580371
 14.0700000,     0.5559801,    -0.1263846,     0.1326595,     0.0814197,     0.0802675,     0.2039640
 14.0800000,     0.4210533,    -0.1114885,     0.1138852,     0.0398970,     0.0634161,     0.1485392
 14.0900000,     0.2776831,    -0.0882436,     0.1032891,     0.0008361,     0.0464931,     0.0993865
 14.1000000,     0.1325392,    -0.0589416,     0.1005805,    -0.0349316,     0.0293986,     0.0629893
 14.1100000,    -0.0078407,    -0.0261419,     0.1043355,    -0.0667285,     0.0118480,     0.0436900
 14.1200000,    -0.1372854,     0.0077180,     0.1122685,    -0.0937943,    -0.0065597,     0.0430490
 14.1300000,    -0.2502645,     0.0406128,     0.1215996,    -0.1151461,    -0.0262365,     0.0596740
 14.1400000,    -0.3422437,     0.0710739,     0.1294523,    -0.1295945,    -0.0474777,     0.0895385
 14.1500000,    -0.4101131,     0.0981769,     0.1332203,    -0.1359330,    -0.0703317,     0.1267182
 14.1600000,    -0.4526234,     0.1214020,     0.1308567,    -0.1332610,    -0.0944963,     0.1644037
 14.1700000,    -0.4707189,     0.1404252,     0.1210623,    -0.1213621,    -0.1192675,     0.1960000
 14.1800000,    -0.4676452,     0.1549100,     0.1033693,    -0.1010296,    -0.1435630,     0.2161189
 14.1900000,    -0.4487279,     0.1643700,     0.0781311,    -0.0742404,    -0.1660259,     0.2213027
 14.2000000,    -0.4207824,     0.1681444,     0.0464370,    -0.0441017,    -0.1851997,     0.2103753
 14.2100000,    -0.3911934,     0.1655002,     0.0099713,    -0.0145504,    -0.1997469,     0.1843959
 14.2200000,    -0.3667909,     0.1558341,    -0.0291689,     0.0101621,    -0.2086713,     0.1462655
 14.2300000,    -0.3527147,     0.1389192,    -0.0686840,     0.0261082,    -0.2114986,     0.1000929
 14.2400000,    -0.3514886,     0.1151257,    -0.1063033,     0.0303265,    -0.2083766,     0.0504645
 14.2500000,    -0.3625051,     0.0855459,    -0.1400237,     0.0213359,    -0.2000684,     0.0017567
 14.2600000,    -0.3820562,     0.0519772,    -0.1683373,    -0.0005870,    -0.1878365,    -0.0423932
 14.2700000,    -0.4039410,     0.0167486,    -0.1904213,    -0.0334294,    -0.1732374,    -0.0793938
 14.2800000,    -0.4205684,    -0.0175813,    -0.2062591,    -0.0737651,    -0.1578653,    -0.1077744
 14.2900000,    -0.4243690,    -0.0485989,    -0.2166608,    -0.1173205,    -0.1430990,    -0.1270688
 14.3000000,    -0.4092601,    -0.0744006,    -0.2231649,    -0.1596769,    -0.1299013,    -0.1375824
 14.3100000,    -0.3718940,    -0.0938709,    -0.2278164,    -0.1969753,    -0.1187127,    -0.1401283
 14.3200000,    -0.3124534,    -0.1068111,    -0.2328457,    -0.2264947,    -0.1094583,    -0.1358056
 14.3300000,    -0.2348452,    -0.1138915,    -0.2402924,    -0.2470013,    -0.1016613,    -0.1258645
 14.3400000,    -0.1462559,    -0.1164405,    -0.2516376,    -0.2588163,    -0.0946320,    -0.1116652
 14.3500000,    -0.0561535,    -0.1161199,    -0.2675138,    -0.2636069,    -0.0876863,    -0.0947041
 14.3600000,     0.0250813,    -0.1145621,    -0.2875523,    -0.2639551,    -0.0803392,    -0.0766580
 14.3700000,     0.0876524,    -0.1130499,    -0.3104061,    -0.2628022,    -0.0724286,    -0.0593914
 14.3800000,     0.1237176,    -0.1123078,    -0.3339506,    -0.2628779,    -0.0641421,    -0.0448871
 14.3900000,     0.1284152,    -0.1124448,    -0.3556303,    -0.2662200,    -0.0559429,    -0.0350848
 14.4000000,     0.1004070,    -0.1130487,    -0.3728861,    -0.2738626,    -0.0484198,    -0.0316454
 14.4100000,     0.0418950,    -0.1133993,    -0.3835816,    -0.2857295,    -0.0421005,    -0.0356862
 14.4200000,    -0.0418383,    -0.1127368,    -0.3863454,    -0.3007312,    -0.0372815,    -0.0475506
 14.4300000,    -0.1432394,    -0.1105160,    -0.3807634,    -0.3170221,    -0.0339190,    -0.0666706
 14.4400000,    -0.2534753,    -0.1065815,    -0.3673900,    -0.3323545,    -0.0316123,    -0.0915677
 14.4500000,    -0.3634352,    -0.1012263,    -0.3475851,    -0.3444556,    -0.0296861,    -0.1200041
 14.4600000,    -0.4645984,    -0.0951250,    -0.3232238,    -0.3513613,    -0.0273532,    -0.1492621
 14.4700000,    -0.5496761,    -0.0891684,    -0.2963490,    -0.3516575,    -0.0239171,    -0.1764991
 14.4800000,    -0.6129939,    -0.0842490,    -0.2688483,    -0.3446061,    -0.0189652,    -0.1991077
 14.4900000,    -0.6506348,    -0.0810542,    -0.2422252,    -0.3301542,    -0.0125018,    -0.2150095
 14.5000000,    -0.6604007,    -0.0799205,    -0.2175036,    -0.3088440,    -0.0049879,    -0.2228305
 14.5100000,    -0.6416644,    -0.0807769,    -0.1952724,    -0.2816545,     0.0027253,    -0.2219334
 14.5200000,    -0.5951794,    -0.0831817,    -0.1758333,    -0.2498086,     0.0095556,    -0.2123225
 14.5300000,    -0.5228985,    -0.0864278,    -0.1593942,    -0.2145779,     0.0144045,    -0.1944656
 14.5400000,    -0.4278202,    -0.0896755,    -0.1462339,    -0.1771131,     0.0163782,    -0.1690966
 14.5500000,    -0.3138645,    -0.0920663,    -0.1367804,    -0.1383189,     0.0149653,    -0.1370656
 14.5600000,    -0.1857576,    -0.0927868,    -0.1315667,    -0.0987899,     0.0101302,    -0.0992827
 14.5700000,    -0.0489021,    -0.0910683,    -0.1310709,    -0.0588126,     0.0023052,    -0.0567714
 14.5800000,     0.0907879,    -0.0861412,    -0.1354810,    -0.0184382,    -0.0077115,    -0.0108100
 14.5900000,     0.2270995,    -0.0771790,    -0.1444553,     0.0223843,    -0.0189244,     0.0368955
 14.6000000,     0.3537828,    -0.0632817,    -0.1569576,     0.0636276,    -0.0303293,     0.0840802
 14.6100000,     0.4648539,    -0.0435380,    -0.1712318,     0.1049887,    -0.0410768,     0.1279052
 14.6200000,     0.5549268,    -0.0171863,    -0.1849526,     0.1457096,    -0.0505711,     0.1651077
 14.6300000,     0.6195603,     0.0161424,    -0.1955389,     0.1844602,    -0.0584859,     0.1923305
 14.6400000,     0.6556014,     0.0561467,    -0.2005777,     0.2193247,    -0.0647016,     0.2065915
 14.6500000,     0.6615074,     0.1016177,    -0.1982679,     0.2479187,    -0.0691893,     0.2058162
 14.6600000,     0.6376156,     0.1503239,    -0.1877820,     0.2676456,    -0.0718829,     0.1893232
 14.6700000,     0.5863246,     0.1990852,    -0.1694561,     0.2760715,    -0.0725823,     0.1581508
 14.6800000,     0.5121377,     0.2440657,    -0.1447511,     0.2713640,    -0.0709228,     0.1151314
 14.6900000,     0.4215168,     0.2812653,    -0.1159821,     0.2527205,    -0.0664264,     0.0646678
 14.7000000,     0.3225052,     0.3071367,    -0.0858660,     0.2206936,    -0.0586276,     0.0122206
 14.7100000,     0.2240983,     0.3192135,    -0.0569831,     0.1773318,    -0.0472440,    -0.0364197
 14.7200000,     0.1353841,     0.3166153,    -0.0312718,     0.1260754,    -0.0323456,    -0.0759573
 14.7300000,     0.0645226,     0.3003089,    -0.0096732,     0.0713915,    -0.0144763,    -0.1023669
 14.7400000,     0.0176868,     0.2730463,     0.0079918,     0.0181867,     0.0053143,    -0.1134793
 14.7500000,    -0.0018760,     0.2389634,     0.0228806,    -0.0289155,     0.0255469,    -0.1092698
 14.7600000,     0.0055139,     0.2028989,     0.0367547,    -0.0663051,     0.0444920,    -0.0917972
 14.7700000,     0.0357789,     0.1695577,     0.0514592,    -0.0919790,     0.0604218,    -0.0648093
 14.7800000,     0.0814485,     0.1426838,     0.0683801,    -0.1058693,     0.0718847,    -0.0330914
 14.7900000,     0.1325922,     0.1244170,     0.0880109,    -0.1098187,     0.0779474,    -0.0016838
 14.8000000,     0.1782336,     0.1149734,     0.1097360,    -0.1071818,     0.0783524,     0.0248890
 14.8100000,     0.2080555,     0.1127270,     0.1318895,    -0.1021083,     0.0735584,     0.0432423
 14.8200000,     0.2141310,     0.1146829,     0.1520822,    -0.0986311,     0.0646550,     0.0515109
 14.8300000,     0.1923802,     0.1172473,     0.1677258,    -0.0997357,     0.0531715,     0.0494417
 14.8400000,     0.1434777,     0.1171332,     0.1766355,    -0.1065994,     0.0408177,     0.0382149
 14.8500000,     0.0730097,     0.1122041,     0.1775688,    -0.1181684,     0.0292115,     0.0200611
 14.8600000,    -0.0091924,     0.1020690,     0.1705731,    -0.1311793,     0.0196438,    -0.0022252
 14.8700000,    -0.0904708,     0.0882930,     0.1570556,    -0.1406472,     0.0129229,    -0.0257675
 14.8800000,    -0.1572999,     0.0741666,     0.1395507,    -0.1407502,     0.0093178,    -0.0479948
 14.8900000,    -0.1974593,     0.0640741,     0.1212342,    -0.1259530,     0.0085987,    -0.0668778
 14.9000000,    -0.2020510,     0.0625889,     0.1052862,    -0.0921614,     0.0101519,    -0.0810034
 14.9100000,    -0.1670022,     0.0734800,     0.0942473,    -0.0376849,     0.0131340,    -0.0895172
 14.9200000,    -0.0937878,     0.0988394,     0.0895072,     0.0361881,     0.0166258,    -0.0919931
 14.9300000,     0.0107570,     0.1385108,     0.0910440,     0.1251213,     0.0197570,    -0.0882991
 14.9400000,     0.1354938,     0.1899387,     0.0974665,     0.2221960,     0.0217814,    -0.0785149
 14.9500000,     0.2667130,     0.2484698,     0.1063515,     0.3188358,     0.0221056,    -0.0629338
 14.9600000,     0.3902182,     0.3080432,     0.1147960,     0.4060250,     0.0202833,    -0.0421426
 14.9700000,     0.4933892,     0.3621315,     0.1200600,     0.4756056,     0.0159982,    -0.0171453
 14.9800000,     0.5668594,     0.4047461,     0.1201557,     0.5214229,     0.0090579,     0.0105301
 14.9900000,     0.6055338,     0.4313182,     0.1142550,     0.5401236,    -0.0005872,     0.0387998
 15.0000000,     0.6088088,     0.4392976,     0.1028281,     0.5314842,    -0.0127999,     0.0651144
 15.0100000,     0.5800138,     0.4283811,     0.0874921,     0.4982359,    -0.0272001,     0.0866861
 15.0200000,     0.5252481,     0.4003573,     0.0706102,     0.4454522,    -0.0431203,     0.1008296
 15.0300000,     0.4518900,     0.3586362,     0.0547411,     0.3796387,    -0.0595989,     0.1053612
 15.0400000,     0.3671046,     0.3075827,     0.0420647,     0.3077109,    -0.0754329,     0.0989755
 15.0500000,     0.2766541,     0.2518034,     0.0339153,     0.2360523,    -0.0892958,     0.0815181
 15.0600000,     0.1842273,     0.1955209,     0.0305223,     0.1698078,    -0.0999099,     0.0540852
 15.0700000,     0.0913818,     0.1421390,     0.0310076,     0.1125055,    -0.1062458,     0.0189195
 15.0800000,    -0.0019505,     0.0940376,     0.0336307,     0.0660232,    -0.1077066,    -0.0208907
 15.0900000,    -0.0965647,     0.0525870,     0.0362166,     0.0308413,    -0.1042580,    -0.0618574
 15.1000000,    -0.1929403,     0.0183166,     0.0366605,     0.0064721,    -0.0964665,    -0.1006011
 15.1100000,    -0.2903279,    -0.0088462,     0.0333951,    -0.0080700,    -0.0854323,    -0.1343265
 15.1200000,    -0.3861959,    -0.0293529,     0.0257164,    -0.0138802,    -0.0726213,    -0.1611773
 15.1300000,    -0.4761819,    -0.0438865,     0.0139034,    -0.0119423,    -0.0596273,    -0.1804103
 15.1400000,    -0.5545725,    -0.0533122,    -0.0008842,    -0.0031061,    -0.0479095,    -0.1923672
 15.1500000,    -0.6152154,    -0.0587085,    -0.0168935,     0.0117678,    -0.0385589,    -0.1982646
 15.1600000,    -0.6526715,    -0.0614282,    -0.0321764,     0.0315696,    -0.0321403,    -0.1998611
 15.1700000,    -0.6633586,    -0.0631281,    -0.0450022,     0.0547092,    -0.0286420,    -0.1990771
 15.1800000,    -0.6464413,    -0.0657143,    -0.0541906,     0.0789886,    -0.0275376,    -0.1976483
 15.1900000,    -0.6042698,    -0.0711771,    -0.0592974,     0.1016435,    -0.0279434,    -0.1968760
 15.2000000,    -0.5422651,    -0.0813264,    -0.0606240,     0.1195772,    -0.0288304,    -0.1975061
 15.2100000,    -0.4682558,    -0.0974766,    -0.0590608,     0.1297515,    -0.0292415,    -0.1997368
 15.2200000,    -0.3913798,    -0.1201542,    -0.0558183,     0.1296623,    -0.0284641,    -0.2033220
 15.2300000,    -0.3207448,    -0.1489063,    -0.0521154,     0.1177944,    -0.0261240,    -0.2077194
 15.2400000,    -0.2640848,    -0.1822729,    -0.0489029,     0.0939537,    -0.0221851,    -0.2122302
 15.2500000,    -0.2266431,    -0.2179523,    -0.0466848,     0.0593966,    -0.0168662,    -0.2160894
 15.2600000,    -0.2104673,    -0.2531422,    -0.0454694,     0.0167171,    -0.0105068,    -0.2184914
 15.2700000,    -0.2142215,    -0.2849964,    -0.0448514,    -0.0304932,    -0.0034241,    -0.2185621
 15.2800000,    -0.2335294,    -0.3111079,    -0.0441927,    -0.0781539,     0.0041951,    -0.2153141
 15.2900000,    -0.2617708,    -0.3299155,    -0.0428493,    -0.1222755,     0.0123355,    -0.2076319
 15.3000000,    -0.2911841,    -0.3409477,    -0.0403835,    -0.1595048,     0.0211165,    -0.1943284
 15.3100000,    -0.3140868,    -0.3448490,    -0.0367107,    -0.1875365,     0.0306902,    -0.1742958
 15.3200000,    -0.3240201,    -0.3431839,    -0.0321479,    -0.2053258,     0.0411042,    -0.1467428
 15.3300000,    -0.3166479,    -0.3380617,    -0.0273587,    -0.2130778,     0.0521756,    -0.1114770
 15.3400000,    -0.2902924,    -0.3316641,    -0.0232133,    -0.2120358,     0.0634166,    -0.0691678
 15.3500000,    -0.2460503,    -0.3257814,    -0.0206020,    -0.2041289,     0.0740437,    -0.0215126
 15.3600000,    -0.1874999,    -0.3214542,    -0.0202476,    -0.1915595,     0.0830781,     0.0287584
 15.3700000,    -0.1200672,    -0.3187991,    -0.0225579,    -0.1764172,     0.0895213,     0.0780788
 15.3800000,    -0.0501593,    -0.3170470,    -0.0275486,    -0.1603876,     0.0925685,     0.1224397
 15.3900000,     0.0158003,    -0.3147819,    -0.0348447,    -0.1445971,     0.0918070,     0.1579306
 15.4000000,     0.0722977,    -0.3103186,    -0.0437543,    -0.1295996,     0.0873501,     0.1813396
 15.4100000,     0.1154943,    -0.3021342,    -0.0533910,    -0.1154805,     0.0798673,     0.1907010
 15.4200000,     0.1437320,    -0.2892552,    -0.0628150,    -0.1020296,     0.0704968,     0.1856805
 15.4300000,     0.1577204,    -0.2715197,    -0.0711659,    -0.0889294,     0.0606532,     0.1677109
 15.4400000,     0.1603851,    -0.2496627,    -0.0777645,    -0.0759087,     0.0517690,     0.1398402
 15.4500000,     0.1563994,    -0.2252108,    -0.0821742,    -0.0628315,     0.0450266,     0.1063051
 15.4600000,     0.1514622,    -0.2002162,    -0.0842221,    -0.0497128,     0.0411399,     0.0719020
 15.4700000,     0.1514162,    -0.1768891,    -0.0839875,    -0.0366754,     0.0402345,     0.0412655
 15.4800000,     0.1613245,    -0.1572028,    -0.0817699,    -0.0238775,     0.0418536,     0.0181852
 15.4900000,     0.1846313,    -0.1425481,    -0.0780446,    -0.0114452,     0.0450869,     0.0050837
 15.5000000,     0.2225294,    -0.1334962,    -0.0734128,     0.0005611,     0.0487914,     0.0027431
 15.5100000,     0.2736302,    -0.1297026,    -0.0685470,     0.0121318,     0.0518529,     0.0103204
 15.5200000,     0.3339992,    -0.1299577,    -0.0641275,     0.0232488,     0.0534258,     0.0256300
 15.5300000,     0.3975653,    -0.1323637,    -0.0607719,     0.0338008,     0.0530996,     0.0456247
 15.5400000,     0.4568622,    -0.1345985,    -0.0589573,     0.0435042,     0.0509540,     0.0669673
 15.5500000,     0.5040061,    -0.1342236,    -0.0589452,     0.0518611,     0.0474961,     0.0865790
 15.5600000,     0.5317753,    -0.1289911,    -0.0607223,     0.0581771,     0.0435010,     0.1020626
 15.5700000,     0.5346361,    -0.1171173,    -0.0639738,     0.0616471,     0.0397976,     0.1119350
 15.5800000,     0.5095632,    -0.0974991,    -0.0681028,     0.0614975,     0.0370572,     0.1156521
 15.5900000,     0.4565281,    -0.0698600,    -0.0723017,     0.0571579,     0.0356364,     0.1134548
 15.6000000,     0.3785813,    -0.0348183,    -0.0756706,     0.0484235,     0.0355120,     0.1061047
 15.6100000,     0.2815141,     0.0061249,    -0.0773637,     0.0355689,     0.0363210,     0.0945913
 15.6200000,     0.1731514,     0.0506814,    -0.0767353,     0.0193831,     0.0374896,     0.0798950
 15.6300000,     0.0623859,     0.0959544,    -0.0734538,     0.0011095,     0.0384149,     0.0628577
 15.6400000,    -0.0418999,     0.1386933,    -0.0675534,    -0.0177028,     0.0386470,     0.0441828
 15.6500000,    -0.1318619,     0.1756105,    -0.0594082,    -0.0354126,     0.0380221,     0.0245414
 15.6600000,    -0.2015261,     0.2037321,    -0.0496285,    -0.0505265,     0.0367098,     0.0047327
 15.6700000,    -0.2473148,     0.2207414,    -0.0389009,    -0.0619207,     0.0351612,    -0.0141740
 15.6800000,    -0.2682153,     0.2252676,    -0.0278064,    -0.0690041,     0.0339711,    -0.0307798
 15.6900000,    -0.2655985,     0.2170703,    -0.0166639,    -0.0717936,     0.0336914,    -0.0434241
 15.7000000,    -0.2427530,     0.1970803,    -0.0054386,    -0.0708912,     0.0346458,    -0.0503871
 15.7100000,    -0.2042397,     0.1672813,     0.0062543,    -0.0673696,     0.0367974,    -0.0501959
 15.7200000,    -0.1551898,     0.1304404,     0.0190447,    -0.0625895,     0.0397073,    -0.0419663
 15.7300000,    -0.1006660,     0.0897292,     0.0336182,    -0.0579834,     0.0426003,    -0.0256985
 15.7400000,    -0.0451744,     0.0483003,     0.0504854,    -0.0548412,     0.0445264,    -0.0024443
 15.7500000,     0.0076229,     0.0088951,     0.0697609,    -0.0541305,     0.0445805,     0.0257130
 15.7600000,     0.0549940,    -0.0264430,     0.0910103,    -0.0563727,     0.0421292,     0.0558857
 15.7700000,     0.0950616,    -0.0564977,     0.1132066,    -0.0615861,     0.0369877,     0.0847903
 15.7800000,     0.1266331,    -0.0808329,     0.1348153,    -0.0692922,     0.0295026,     0.1092687
 15.7900000,     0.1490145,    -0.0995913,     0.1539994,    -0.0785756,     0.0205174,     0.1268260
 15.8000000,     0.1618734,    -0.1131956,     0.1689036,    -0.0881801,     0.0112248,     0.1360781
 15.8100000,     0.1651930,    -0.1220336,     0.1779606,    -0.0966277,     0.0029383,     0.1370181
 15.8200000,     0.1593236,    -0.1262134,     0.1801525,    -0.1023475,    -0.0031662,     0.1310426
 15.8300000,     0.1451035,    -0.1254575,     0.1751705,    -0.1038054,    -0.0062818,     0.1207277
 15.8400000,     0.1239954,    -0.1191705,     0.1634373,    -0.0996350,    -0.0061212,     0.1093917
 15.8500000,     0.0981717,    -0.1066689,     0.1459906,    -0.0887635,    -0.0029569,     0.1005235
 15.8600000,     0.0704894,    -0.0875180,     0.1242534,    -0.0705328,     0.0024567,     0.0971828
 15.8700000,     0.0443162,    -0.0618877,     0.0997486,    -0.0448076,     0.0090582,     0.1014776
 15.8800000,     0.0232027,    -0.0308249,     0.0738226,    -0.0120586,     0.0157069,     0.1142131
 15.8900000,     0.0104353,     0.0036437,     0.0474448,     0.0265929,     0.0214111,     0.1347654
 15.9000000,     0.0085348,     0.0386318,     0.0211250,     0.0693865,     0.0255055,     0.1611944
 15.9100000,     0.0187895,     0.0707390,    -0.0050351,     0.1140029,     0.0277402,     0.1905640
 15.9200000,     0.0409147,     0.0965674,    -0.0311754,     0.1577164,     0.0282679,     0.2194031
 15.9300000,     0.0729161,     0.1133117,    -0.0574448,     0.1976170,     0.0275417,     0.2442226
 15.9400000,     0.1112020,     0.1193011,    -0.0837676,     0.2308806,     0.0261541,     0.2619987
 15.9500000,     0.1509500,     0.1143727,    -0.1096745,     0.2550610,     0.0246653,     0.2705506
 15.9600000,     0.1866836,     0.0999880,    -0.1342491,     0.2683648,     0.0234625,     0.2687664
 15.9700000,     0.2129796,     0.0790570,    -0.1562093,     0.2698713,     0.0226878,     0.2566595
 15.9800000,     0.2251969,     0.0554942,    -0.1741119,     0.2596634,     0.0222474,     0.2352736
 15.9900000,     0.2201121,     0.0335902,    -0.1866321,     0.2388456,     0.0218932,     0.2064718
 16.0000000,     0.1963615,     0.0173207,    -0.1928528,     0.2094411,     0.0213512,     0.1726591
 16.0100000,     0.1546170,     0.0097276,    -0.1924909,     0.1741766,     0.0204540,     0.1364870
 16.0200000,     0.0974722,     0.0124904,    -0.1860025,     0.1361821,     0.0192385,     0.1005804
 16.0300000,     0.0290616,     0.0257621,    -0.1745352,     0.0986413,     0.0179770,     0.0673123
 16.0400000,    -0.0455215,     0.0482854,    -0.1597337,     0.0644405,     0.0171303,     0.0386362
 16.0500000,    -0.1209075,     0.0777457,    -0.1434379,     0.0358613,     0.0172306,     0.0159754
 16.0600000,    -0.1921223,     0.1112672,    -0.1273408,     0.0143548,     0.0187258,     0.0001621
 16.0700000,    -0.2551434,     0.1459374,    -0.1126828,     0.0004274,     0.0218241,    -0.0085835
 16.0800000,    -0.3072616,     0.1792450,    -0.1000514,    -0.0063526,     0.0263833,    -0.0106378
 16.0900000,    -0.3472077,     0.2093492,    -0.0893311,    -0.0072327,     0.0318775,    -0.0069243
 16.1000000,    -0.3750505,     0.2351455,    -0.0798119,    -0.0040572,     0.0374564,     0.0011749
 16.1100000,    -0.3919103,     0.2561456,    -0.0704291,     0.0010119,     0.0420898,     0.0119463
 16.1200000,    -0.3995638,     0.2722367,    -0.0600744,     0.0057977,     0.0447691,     0.0235100
 16.1300000,    -0.4000284,     0.2834093,    -0.0479037,     0.0083894,     0.0447211,     0.0340129
 16.1400000,    -0.3952061,     0.2895449,    -0.0335671,     0.0073688,     0.0415881,     0.0418292
 16.1500000,    -0.3866467,     0.2903301,    -0.0173075,     0.0019519,     0.0355308,     0.0457441
 16.1600000,    -0.3754538,     0.2853218,     0.0000954,    -0.0079658,     0.0272313,     0.0450917
 16.1700000,    -0.3623236,     0.2741406,     0.0175192,    -0.0218610,     0.0177921,     0.0398237
 16.1800000,    -0.3476708,     0.2567302,     0.0337837,    -0.0387146,     0.0085514,     0.0304923
 16.1900000,    -0.3317852,     0.2335939,     0.0479556,    -0.0571990,     0.0008517,     0.0181497
 16.2000000,    -0.3149532,     0.2059262,     0.0595973,    -0.0758861,    -0.0041908,     0.0041763
 16.2100000,    -0.2975017,     0.1755805,     0.0689000,    -0.0934429,    -0.0058708,    -0.0099325
 16.2200000,    -0.2797448,     0.1448570,     0.0766660,    -0.1087842,    -0.0039991,    -0.0227873
 16.2300000,    -0.2618520,     0.1161476,     0.0841422,    -0.1211622,     0.0010886,    -0.0332960
 16.2400000,    -0.2436829,     0.0915135,     0.0927415,    -0.1301870,     0.0086140,    -0.0407965
 16.2500000,    -0.2246548,     0.0722967,     0.1037146,    -0.1357830,     0.0175078,    -0.0451141
 16.2600000,    -0.2037074,     0.0588633,     0.1178454,    -0.1381019,     0.0265955,    -0.0465424
 16.2700000,    -0.1794115,     0.0505501,     0.1352378,    -0.1374175,     0.0347802,    -0.0457580
 16.2800000,    -0.1502313,     0.0458344,     0.1552406,    -0.1340309,     0.0411891,    -0.0436936
 16.2900000,    -0.1149092,     0.0426972,     0.1765245,    -0.1282109,     0.0452635,    -0.0413938
 16.3000000,    -0.0728976,     0.0390951,     0.1972941,    -0.1201815,     0.0467851,    -0.0398793
 16.3100000,    -0.0247380,     0.0334312,     0.2155884,    -0.1101567,     0.0458469,    -0.0400350
 16.3200000,     0.0277199,     0.0249106,     0.2296066,    -0.0984098,     0.0427870,    -0.0425299
 16.3300000,     0.0813464,     0.0136924,     0.2379948,    -0.0853497,     0.0381051,    -0.0477662
 16.3400000,     0.1320471,     0.0008008,     0.2400413,    -0.0715751,     0.0323846,    -0.0558519
 16.3500000,     0.1753462,    -0.0121851,     0.2357512,    -0.0578801,     0.0262300,    -0.0665868
 16.3600000,     0.2071546,    -0.0235831,     0.2257986,    -0.0451923,     0.0202251,    -0.0794594
 16.3700000,     0.2245832,    -0.0320879,     0.2113779,    -0.0344438,     0.0149073,    -0.0936559
 16.3800000,     0.2266373,    -0.0371531,     0.1939968,    -0.0263926,     0.0107483,    -0.1080903
 16.3900000,     0.2146304,    -0.0391727,     0.1752555,    -0.0214291,     0.0081316,    -0.1214678
 16.4000000,     0.1922000,    -0.0394075,     0.1566537,    -0.0194113,     0.0073206,    -0.1323901
 16.4100000,     0.1648763,    -0.0396641,     0.1394535,    -0.0195756,     0.0084193,    -0.1395078
 16.4200000,     0.1392491,    -0.0417998,     0.1246056,    -0.0205564,     0.0113324,    -0.1417068
 16.4300000,     0.1218594,    -0.0471733,     0.1127330,    -0.0205332,     0.0157396,    -0.1383060
 16.4400000,     0.1180155,    -0.0561791,     0.1041513,    -0.0174918,     0.0210964,    -0.1292314
 16.4500000,     0.1307599,    -0.0679931,     0.0989036,    -0.0095673,     0.0266742,    -0.1151242
 16.4600000,     0.1602011,    -0.0806064,     0.0967930,     0.0045929,     0.0316395,    -0.0973483
 16.4700000,     0.2033640,    -0.0911634,     0.0974036,     0.0255103,     0.0351662,    -0.0778737
 16.4800000,     0.2546155,    -0.0965431,     0.1001151,     0.0526709,     0.0365632,    -0.0590373
 16.4900000,     0.3066096,    -0.0940669,     0.1041253,     0.0844810,     0.0353932,    -0.0432067
 16.5000000,     0.3515909,    -0.0821761,     0.1084954,     0.1184072,     0.0315584,    -0.0323989
 16.5100000,     0.3828137,    -0.0609272,     0.1122317,     0.1512853,     0.0253336,    -0.0279205
 16.5200000,     0.3958041,    -0.0321846,     0.1144049,     0.1797533,     0.0173362,    -0.0301013
 16.5300000,     0.3892138,     0.0005473,     0.1142935,     0.2007347,     0.0084356,    -0.0381802
 16.5400000,     0.3650887,     0.0326306,     0.1115251,     0.2118880,    -0.0003811,    -0.0503792
 16.5500000,     0.3284884,     0.0590490,     0.1061828,     0.2119412,    -0.0081634,    -0.0641653
 16.5600000,     0.2865204,     0.0752642,     0.0988426,     0.2008525,    -0.0141428,    -0.0766635
 16.5700000,     0.2469701,     0.0780072,     0.0905201,     0.1797689,    -0.0178405,    -0.0851503
 16.5800000,     0.2167900,     0.0658496,     0.0825216,     0.1507926,    -0.0191211,    -0.0875409
 16.5900000,     0.2007424,     0.0394475,     0.0762192,     0.1166053,    -0.0181838,    -0.0827768
 16.6000000,     0.2004586,     0.0014192,     0.0727875,     0.0800200,    -0.0154981,    -0.0710404
 16.6100000,     0.2140957,    -0.0441115,     0.0729537,     0.0435484,    -0.0117003,    -0.0537510
 16.6200000,     0.2366529,    -0.0922052,     0.0768165,     0.0090614,    -0.0074758,    -0.0333429
 16.6300000,     0.2608785,    -0.1378936,     0.0837771,    -0.0223991,    -0.0034489,    -0.0128636
 16.6400000,     0.2785832,    -0.1769103,     0.0926057,    -0.0506315,    -0.0001038,     0.0045304
 16.6500000,     0.2821027,    -0.2062401,     0.1016373,    -0.0761211,     0.0022568,     0.0160885
 16.6600000,     0.2656275,    -0.2244017,     0.1090652,    -0.0997630,     0.0035111,     0.0198948
 16.6700000,     0.2261599,    -0.2314424,     0.1132742,    -0.1225287,     0.0036865,     0.0151364
 16.6800000,     0.1639365,    -0.2286800,     0.1131482,    -0.1451461,     0.0029097,     0.0021694
 16.6900000,     0.0822750,    -0.2182727,     0.1082879,    -0.1678590,     0.0013555,    -0.0176177
 16.7000000,    -0.0130843,    -0.2027234,     0.0990926,    -0.1903074,    -0.0007940,    -0.0421033
 16.7100000,    -0.1149737,    -0.1844231,     0.0866870,    -0.2115446,    -0.0033717,    -0.0688265
 16.7200000,    -0.2159086,    -0.1653124,     0.0727071,    -0.2301758,    -0.0062315,    -0.0953903
 16.7300000,    -0.3090892,    -0.1467076,     0.0589858,    -0.2445814,    -0.0092424,    -0.1197963
 16.7400000,    -0.3891154,    -0.1292898,     0.0472036,    -0.2531744,    -0.0122821,    -0.1406541
 16.7500000,    -0.4523211,    -0.1132243,     0.0385713,    -0.2546410,    -0.0152373,    -0.1572390
 16.7600000,    -0.4967275,    -0.0983521,     0.0336096,    -0.2481226,    -0.0180169,    -0.1694095
 16.7700000,    -0.5217090,    -0.0843920,     0.0320642,    -0.2333178,    -0.0205761,    -0.1774250
 16.7800000,    -0.5275192,    -0.0711007,     0.0329720,    -0.2105016,    -0.0229442,    -0.1817252
 16.7900000,    -0.5148442,    -0.0583615,     0.0348590,    -0.1804756,    -0.0252457,    -0.1827324
 16.8000000,    -0.4845225,    -0.0461979,     0.0360284,    -0.1444756,    -0.0277024,    -0.1807298
 16.8100000,    -0.4375065,    -0.0347288,     0.0348790,    -0.1040629,    -0.0306100,    -0.1758398
 16.8200000,    -0.3750590,    -0.0240974,     0.0301932,    -0.0610194,    -0.0342863,    -0.1681004
 16.8300000,    -0.2991012,    -0.0144053,     0.0213430,    -0.0172557,    -0.0390003,    -0.1576067
 16.8400000,    -0.2125742,    -0.0056768,     0.0083797,     0.0252700,    -0.0448951,    -0.1446688
 16.8500000,    -0.1196602,     0.0021402,    -0.0079992,     0.0646357,    -0.0519251,    -0.1299304
 16.8600000,    -0.0257398,     0.0091407,    -0.0265908,     0.0990526,    -0.0598243,    -0.1144024
 16.8700000,     0.0629755,     0.0154192,    -0.0459012,     0.1269853,    -0.0681200,    -0.0993895
 16.8800000,     0.1401103,     0.0210348,    -0.0643901,     0.1472902,    -0.0761950,    -0.0863140
 16.8900000,     0.1999817,     0.0260061,    -0.0806998,     0.1593545,    -0.0833897,    -0.0764704
 16.9000000,     0.2384736,     0.0303376,    -0.0938337,     0.1632074,    -0.0891266,    -0.0707658
 16.9100000,     0.2537333,     0.0340725,    -0.1032621,     0.1595695,    -0.0930305,    -0.0695061
 16.9200000,     0.2465219,     0.0373489,    -0.1089491,     0.1498121,    -0.0950185,    -0.0722829
 16.9300000,     0.2201136,     0.0404348,    -0.1113075,     0.1358119,    -0.0953366,    -0.0779962
 16.9400000,     0.1797376,     0.0437201,    -0.1111012,     0.1197084,    -0.0945317,    -0.0850150
 16.9500000,     0.1316564,     0.0476544,    -0.1093155,     0.1035966,    -0.0933602,    -0.0914525
 16.9600000,     0.0820595,     0.0526388,    -0.1070167,     0.0892034,    -0.0926485,    -0.0954999
 16.9700000,     0.0359990,     0.0588926,    -0.1052193,     0.0776126,    -0.0931322,    -0.0957547
 16.9800000,    -0.0034113,     0.0663310,    -0.1047704,     0.0690950,    -0.0953055,    -0.0914755
 16.9900000,    -0.0353637,     0.0744914,    -0.1062603,     0.0630864,    -0.0993114,    -0.0827110
 17.0000000,    -0.0612158,     0.0825355,    -0.1099607,     0.0583283,    -0.1048950,    -0.0702781
 17.0100000,    -0.0838761,     0.0893406,    -0.1157947,     0.0531505,    -0.1114309,    -0.0555941
 17.0200000,    -0.1068565,     0.0936676,    -0.1233403,     0.0458456,    -0.1180184,    -0.0403990
 17.0300000,    -0.1332059,     0.0943762,    -0.1318704,     0.0350614,    -0.1236266,    -0.0264240
 17.0400000,    -0.1645673,     0.0906392,    -0.1404307,     0.0201308,    -0.1272622,    -0.0150741
 17.0500000,    -0.2005706,     0.0821072,    -0.1479521,     0.0012682,    -0.1281272,    -0.0071844
 17.0600000,    -0.2387014,     0.0689839,    -0.1533892,    -0.0204116,    -0.1257394,    -0.0028954
 17.0700000,    -0.2746778,     0.0519917,    -0.1558689,    -0.0430595,    -0.1199955,    -0.0016634
 17.0800000,    -0.3032558,     0.0322329,    -0.1548286,    -0.0644120,    -0.1111699,    -0.0023983
 17.0900000,    -0.3192871,     0.0109803,    -0.1501190,    -0.0822003,    -0.0998536,    -0.0036924
 17.1000000,    -0.3188007,    -0.0105561,    -0.1420494,    -0.0945642,    -0.0868505,    -0.0040914
 17.1100000,    -0.2998756,    -0.0314289,    -0.1313627,    -0.1003853,    -0.0730528,    -0.0023549
 17.1200000,    -0.2631182,    -0.0510721,    -0.1191346,    -0.0994737,    -0.0593199,     0.0023417
 17.1300000,    -0.2116483,    -0.0693134,    -0.1066121,    -0.0925706,    -0.0463795,     0.0102921
 17.1400000,    -0.1506031,    -0.0862790,    -0.0950133,    -0.0811732,    -0.0347663,     0.0212433
 17.1500000,    -0.0862710,    -0.1022212,    -0.0853263,    -0.0672249,    -0.0247995,     0.0344675
 17.1600000,    -0.0250407,    -0.1173166,    -0.0781427,    -0.0527390,    -0.0165965,     0.0488992
 17.1700000,     0.0276175,    -0.1314940,    -0.0735600,    -0.0394416,    -0.0101122,     0.0633044
 17.1800000,     0.0679403,    -0.1443419,    -0.0711723,    -0.0285038,    -0.0051909,     0.0764524
 17.1900000,     0.0942913,    -0.1551260,    -0.0701545,    -0.0204170,    -0.0016188,     0.0872649
 17.2000000,     0.1071631,    -0.1629180,    -0.0694229,    -0.0150234,     0.0008314,     0.0949296
 17.2100000,     0.1088017,    -0.1668064,    -0.0678429,    -0.0116825,     0.0023689,     0.0989747
 17.2200000,     0.1025739,    -0.1661361,    -0.0644418,    -0.0095194,     0.0031653,     0.0993081
 17.2300000,     0.0922380,    -0.1607148,    -0.0585864,    -0.0076882,     0.0033458,     0.0962287
 17.2400000,     0.0812823,    -0.1509269,    -0.0500900,    -0.0055814,     0.0029864,     0.0904137
 17.2500000,     0.0724604,    -0.1377188,    -0.0392321,    -0.0029376,     0.0021159,     0.0828832
 17.2600000,     0.0675840,    -0.1224493,    -0.0266881,     0.0001734,     0.0007200,     0.0749368
 17.2700000,     0.0675661,    -0.1066334,    -0.0133898,     0.0034739,    -0.0012505,     0.0680551
 17.2800000,     0.0726391,    -0.0916344,    -0.0003473,     0.0066653,    -0.0038649,     0.0637632
 17.2900000,     0.0826396,    -0.0783766,     0.0115277,     0.0096206,    -0.0071921,     0.0634580
 17.3000000,     0.0972428,    -0.0671463,     0.0215625,     0.0125168,    -0.0112730,     0.0682124
 17.3100000,     0.1160676,    -0.0575336,     0.0293999,     0.0158659,    -0.0160903,     0.0785854
 17.3200000,     0.1386195,    -0.0485314,     0.0350019,     0.0204229,    -0.0215415,     0.0944680
 17.3300000,     0.1641069,    -0.0387765,     0.0385855,     0.0269906,    -0.0274223,     0.1150055
 17.3400000,     0.1912140,    -0.0268788,     0.0405134,     0.0361655,    -0.0334274,     0.1386242
 17.3500000,     0.2179395,    -0.0117692,     0.0411679,     0.0480925,    -0.0391721,     0.1631778
 17.3600000,     0.2416032,     0.0070145,     0.0408406,     0.0622956,    -0.0442339,     0.1862075
 17.3700000,     0.2590800,     0.0291653,     0.0396627,     0.0776383,    -0.0482092,     0.2052839
 17.3800000,     0.2672576,     0.0536063,     0.0375892,     0.0924383,    -0.0507734,     0.2183796
 17.3900000,     0.2636444,     0.0786509,     0.0344374,     0.1047214,    -0.0517340,     0.2242065
 17.4000000,     0.2469973,     0.1022875,     0.0299652,     0.1125684,    -0.0510623,     0.2224537
 17.4100000,     0.2178116,     0.1225272,     0.0239676,     0.1144810,    -0.0488982,     0.2138730
 17.4200000,     0.1785300,     0.1377375,     0.0163662,     0.1096855,    -0.0455240,     0.2001856
 17.4300000,     0.1333754,     0.1468949,     0.0072688,     0.0983042,    -0.0413120,     0.1838164
 17.4400000,     0.0877964,     0.1497054,    -0.0030122,     0.0813528,    -0.0366575,     0.1674946
 17.4500000,     0.0476023,     0.1465787,    -0.0139868,     0.0605601,    -0.0319116,     0.1537907
 17.4600000,     0.0179448,     0.1384706,    -0.0250498,     0.0380464,    -0.0273268,     0.1446711
 17.4700000,     0.0023511,     0.1266408,    -0.0355634,     0.0159295,    -0.0230299,     0.1411554
 17.4800000,     0.0020178,     0.1123859,    -0.0449395,    -0.0040556,    -0.0190243,     0.1431406
 17.4900000,     0.0155277,     0.0968125,    -0.0527062,    -0.0208415,    -0.0152218,     0.1494279
 17.5000000,     0.0390696,     0.0806950,    -0.0585455,    -0.0341574,    -0.0114923,     0.1579481
 17.5100000,     0.0671346,     0.0644458,    -0.0623010,    -0.0444761,    -0.0077191,     0.1661435
 17.5200000,     0.0935572,     0.0481887,    -0.0639606,    -0.0527986,    -0.0038428,     0.1714338
 17.5300000,     0.1126932,     0.0319069,    -0.0636235,    -0.0603274,     0.0001174,     0.1716782
 17.5400000,     0.1204912,     0.0156163,    -0.0614658,    -0.0681094,     0.0040703,     0.1655469
 17.5500000,     0.1152346,    -0.0004852,    -0.0577139,    -0.0767317,     0.0078873,     0.1527342
 17.5600000,     0.0977989,    -0.0159355,    -0.0526314,    -0.0861418,     0.0114522,     0.1339798
 17.5700000,     0.0713743,    -0.0300139,    -0.0465173,    -0.0956324,     0.0147138,     0.1108982
 17.5800000,     0.0407170,    -0.0418309,    -0.0397106,    -0.1039928,     0.0177236,     0.0856602
 17.5900000,     0.0110944,    -0.0504795,    -0.0325910,    -0.1097907,     0.0206452,     0.0605912
 17.6000000,    -0.0128459,    -0.0552065,    -0.0255676,    -0.1117164,     0.0237302,     0.0377677
 17.6100000,    -0.0280404,    -0.0555614,    -0.0190512,    -0.1089100,     0.0272620,     0.0186896
 17.6200000,    -0.0336055,    -0.0514863,    -0.0134122,    -0.1011964,     0.0314803,     0.0040841
 17.6300000,    -0.0309474,    -0.0433274,    -0.0089318,    -0.0891737,     0.0365023,    -0.0061304
 17.6400000,    -0.0233768,    -0.0317690,    -0.0057587,    -0.0741384,     0.0422632,    -0.0127264
 17.6500000,    -0.0153289,    -0.0177096,    -0.0038849,    -0.0578629,     0.0484907,    -0.0169333
 17.6600000,    -0.0113719,    -0.0021119,    -0.0031507,    -0.0422771,     0.0547242,    -0.0201418
 17.6700000,    -0.0152270,     0.0141354,    -0.0032819,    -0.0291239,     0.0603793,    -0.0236141
 17.6800000,    -0.0290119,     0.0303166,    -0.0039559,    -0.0196595,     0.0648451,    -0.0282541
 17.6900000,    -0.0528611,     0.0459309,    -0.0048828,    -0.0144591,     0.0675953,    -0.0344782
 17.7000000,    -0.0849837,     0.0606784,    -0.0058843,    -0.0133602,     0.0682902,    -0.0421993
 17.7100000,    -0.1221198,     0.0744055,    -0.0069509,    -0.0155442,     0.0668466,    -0.0509123
 17.7200000,    -0.1602670,     0.0870353,    -0.0082631,    -0.0197280,     0.0634590,    -0.0598482
 17.7300000,    -0.1954957,     0.0985091,    -0.0101672,    -0.0244146,     0.0585682,    -0.0681535
 17.7400000,    -0.2246607,     0.1087590,    -0.0131101,    -0.0281464,     0.0527822,    -0.0750529
 17.7500000,    -0.2458571,     0.1177173,    -0.0175451,    -0.0297091,     0.0467660,    -0.0799609
 17.7600000,    -0.2585360,     0.1253571,    -0.0238284,    -0.0282539,     0.0411246,    -0.0825298
 17.7700000,    -0.2632886,     0.1317433,    -0.0321292,    -0.0233292,     0.0363029,    -0.0826346
 17.7800000,    -0.2613851,     0.1370700,    -0.0423733,    -0.0148370,     0.0325238,    -0.0803170
 17.7900000,    -0.2542173,     0.1416625,    -0.0542332,    -0.0029454,     0.0297752,    -0.0757151
 17.8000000,    -0.2428040,     0.1459312,    -0.0671657,     0.0120039,     0.0278476,    -0.0690077
 17.8100000,    -0.2275013,     0.1502810,    -0.0804888,     0.0295617,     0.0264106,    -0.0603932
 17.8200000,    -0.2079924,     0.1549941,    -0.0934798,     0.0491914,     0.0251090,    -0.0501079
 17.8300000,    -0.1835546,     0.1601154,    -0.1054728,     0.0702475,     0.0236564,    -0.0384752
 17.8400000,    -0.1535254,     0.1653738,    -0.1159333,     0.0919303,     0.0219048,    -0.0259648
 17.8500000,    -0.1178269,     0.1701667,    -0.1244976,     0.1132497,     0.0198743,    -0.0132312
 17.8600000,    -0.0773940,     0.1736212,    -0.1309689,     0.1330308,     0.0177402,    -0.0011105
 17.8700000,    -0.0343668,     0.1747278,    -0.1352782,     0.1499818,     0.0157804,     0.0094417
 17.8800000,     0.0080307,     0.1725223,    -0.1374229,     0.1628316,     0.0142990,     0.0174687
 17.8900000,     0.0459256,     0.1662789,    -0.1374043,     0.1705153,     0.0135445,     0.0221698
 17.9000000,     0.0754633,     0.1556718,    -0.1351816,     0.1723748,     0.0136424,     0.0230632
 17.9100000,     0.0935612,     0.1408678,    -0.1306588,     0.1683239,     0.0145574,     0.0201177
 17.9200000,     0.0985715,     0.1225263,    -0.1237067,     0.1589333,     0.0160928,     0.0138166
 17.9300000,     0.0906945,     0.1017062,    -0.1142174,     0.1454024,     0.0179259,     0.0051305
 17.9400000,     0.0720300,     0.0796964,    -0.1021751,     0.1294105,     0.0196691,    -0.0046055
 17.9500000,     0.0462408,     0.0578096,    -0.0877238,     0.1128642,     0.0209423,    -0.0138948
 17.9600000,     0.0178879,     0.0371822,    -0.0712127,     0.0975895,     0.0214392,    -0.0213265
 17.9700000,    -0.0084226,     0.0186244,    -0.0532039,     0.0850254,     0.0209747,    -0.0258215
 17.9800000,    -0.0288996,     0.0025498,    -0.0344360,     0.0759879,     0.0195029,    -0.0268265
 17.9900000,    -0.0412439,    -0.0110050,    -0.0157482,     0.0705519,     0.0171067,    -0.0244171
 18.0000000,    -0.0449965,    -0.0222827,     0.0020205,     0.0680824,     0.0139638,    -0.0192865
 18.0100000,    -0.0414833,    -0.0316602,     0.0181383,     0.0674086,     0.0102999,    -0.0126201
 18.0200000,    -0.0333731,    -0.0394968,     0.0320710,     0.0671059,     0.0063426,    -0.0058794
 18.0300000,    -0.0239548,    -0.0460163,     0.0435388,     0.0658250,     0.0022866,    -0.0005366
 18.0400000,    -0.0162999,    -0.0512538,     0.0525283,     0.0625977,    -0.0017228,     0.0021882
 18.0500000,    -0.0125024,    -0.0550771,     0.0592621,     0.0570522,    -0.0055861,     0.0015370
 18.0600000,    -0.0131678,    -0.0572755,     0.0641319,     0.0494930,    -0.0092312,    -0.0026685
 18.0700000,    -0.0172656,    -0.0576861,     0.0676150,     0.0408267,    -0.0125873,    -0.0100198
 18.0800000,    -0.0223758,    -0.0563212,     0.0701901,     0.0323543,    -0.0155625,    -0.0196240
 18.0900000,    -0.0252684,    -0.0534559,     0.0722708,     0.0254753,    -0.0180316,    -0.0302888
 18.1000000,    -0.0226851,    -0.0496482,     0.0741676,     0.0213698,    -0.0198405,    -0.0407509
 18.1100000,    -0.0121443,    -0.0456806,     0.0760793,     0.0207286,    -0.0208255,    -0.0499013
 18.1200000,     0.0074102,    -0.0424331,     0.0781113,     0.0235881,    -0.0208434,    -0.0569626
 18.1300000,     0.0352573,    -0.0407170,     0.0803061,     0.0293039,    -0.0198048,    -0.0615889
 18.1400000,     0.0689211,    -0.0411098,     0.0826758,     0.0366643,    -0.0176994,    -0.0638742
 18.1500000,     0.1045578,    -0.0438333,     0.0852223,     0.0441158,    -0.0146083,    -0.0642753
 18.1600000,     0.1376222,    -0.0487074,     0.0879399,     0.0500489,    -0.0106975,    -0.0634735
 18.1700000,     0.1636722,    -0.0551923,     0.0908000,     0.0530835,    -0.0061936,    -0.0622074
 18.1800000,     0.1791467,    -0.0625133,     0.0937257,     0.0522939,    -0.0013478,    -0.0611152
 18.1900000,     0.1819629,    -0.0698392,     0.0965652,     0.0473342,     0.0036051,    -0.0606158
 18.2000000,     0.1718299,    -0.0764734,     0.0990782,     0.0384447,     0.0084827,    -0.0608502
 18.2100000,     0.1502332,    -0.0820116,     0.1009438,     0.0263515,     0.0131775,    -0.0616872
 18.2200000,     0.1201200,    -0.0864319,     0.1017919,     0.0120897,     0.0176626,    -0.0627857
 18.2300000,     0.0853686,    -0.0900940,     0.1012563,    -0.0032041,     0.0219783,    -0.0636928
 18.2400000,     0.0501605,    -0.0936509,     0.0990381,    -0.0184821,     0.0262050,    -0.0639541
 18.2500000,     0.0183801,    -0.0978935,     0.0949647,    -0.0329229,     0.0304272,    -0.0632118
 18.2600000,    -0.0068567,    -0.1035671,     0.0890311,    -0.0459948,     0.0346995,    -0.0612716
 18.2700000,    -0.0234839,    -0.1112012,     0.0814120,    -0.0574467,     0.0390206,    -0.0581320
 18.2800000,    -0.0305660,    -0.1209913,     0.0724405,    -0.0672436,     0.0433207,    -0.0539741
 18.2900000,    -0.0282087,    -0.1327570,     0.0625572,    -0.0754769,     0.0474668,    -0.0491224
 18.3000000,    -0.0173608,    -0.1459795,     0.0522412,    -0.0822793,     0.0512814,    -0.0439893
 18.3100000,     0.0004234,    -0.1599046,     0.0419380,    -0.0877692,     0.0545739,    -0.0390159
 18.3200000,     0.0232048,    -0.1736806,     0.0320009,    -0.0920343,     0.0571748,    -0.0346202
 18.3300000,     0.0488304,    -0.1864941,     0.0226584,    -0.0951501,     0.0589695,    -0.0311579
 18.3400000,     0.0750532,    -0.1976715,     0.0140142,    -0.0972178,     0.0599235,    -0.0288948
 18.3500000,     0.0996234,    -0.2067239,     0.0060768,    -0.0983964,     0.0600965,    -0.0279888
 18.3600000,     0.1203858,    -0.2133333,    -0.0011904,    -0.0989100,     0.0596420,    -0.0284756
 18.3700000,     0.1354129,    -0.2172925,    -0.0078142,    -0.0990183,     0.0587944,    -0.0302562
 18.3800000,     0.1431870,    -0.2184255,    -0.0137668,    -0.0989518,     0.0578434,    -0.0330871
 18.3900000,     0.1428132,    -0.2165219,    -0.0189453,    -0.0988282,     0.0571002,    -0.0365774
 18.4000000,     0.1342235,    -0.2113105,    -0.0231808,    -0.0985772,     0.0568575,    -0.0402010
 18.4100000,     0.1183140,    -0.2024891,    -0.0262765,    -0.0979000,     0.0573489,    -0.0433313
 18.4200000,     0.0969553,    -0.1898060,    -0.0280626,    -0.0962876,     0.0587112,    -0.0453024
 18.4300000,     0.0728384,    -0.1731752,    -0.0284560,    -0.0931061,     0.0609542,    -0.0454951
 18.4400000,     0.0491492,    -0.1527910,    -0.0275047,    -0.0877374,     0.0639431,    -0.0434380
 18.4500000,     0.0291072,    -0.1292080,    -0.0254064,    -0.0797496,     0.0673975,    -0.0389081
 18.4600000,     0.0154419,    -0.1033536,    -0.0224908,    -0.0690581,     0.0709100,    -0.0320086
 18.4700000,     0.0099040,    -0.0764608,    -0.0191700,    -0.0560323,     0.0739848,    -0.0232065
 18.4800000,     0.0129154,    -0.0499225,    -0.0158641,    -0.0415172,     0.0760942,    -0.0133120
 18.4900000,     0.0234384,    -0.0250955,    -0.0129209,    -0.0267506,     0.0767476,    -0.0033959
 18.5000000,     0.0391055,    -0.0030905,    -0.0105456,    -0.0131835,     0.0755627,     0.0053478
 18.5100000,     0.0566004,     0.0154034,    -0.0087591,    -0.0022342,     0.0723291,     0.0117754
 18.5200000,     0.0722224,     0.0302209,    -0.0073942,     0.0049761,     0.0670511,     0.0149741
 18.5300000,     0.0825304,     0.0417235,    -0.0061312,     0.0078494,     0.0599620,     0.0144162
 18.5400000,     0.0849390,     0.0506999,    -0.0045669,     0.0064474,     0.0515033,     0.0100564
 18.5500000,     0.0781492,     0.0581829,    -0.0023008,     0.0015028,     0.0422703,     0.0023510
 18.5600000,     0.0623263,     0.0652232,     0.0009790,    -0.0057023,     0.0329311,    -0.0078080
 18.5700000,     0.0389943,     0.0726666,     0.0054284,    -0.0135718,     0.0241321,    -0.0192359
 18.5800000,     0.0106710,     0.0809845,     0.0110128,    -0.0204996,     0.0164068,    -0.0306486
 18.5900000,    -0.0196745,     0.0901922,     0.0175095,    -0.0251808,     0.0101047,    -0.0408739
 18.6000000,    -0.0492260,     0.0998699,     0.0245478,    -0.0268658,     0.0053534,    -0.0490386
 18.6100000,    -0.0758589,     0.1092775,     0.0316724,    -0.0255052,     0.0020626,    -0.0546981
 18.6200000,    -0.0985030,     0.1175337,     0.0384195,    -0.0217540,    -0.0000326,    -0.0578846
 18.6300000,    -0.1172604,     0.1238143,     0.0443853,    -0.0168357,    -0.0012960,    -0.0590642
 18.6400000,    -0.1332619,     0.1275238,     0.0492770,    -0.0122939,    -0.0021007,    -0.0590151
 18.6500000,    -0.1483042,     0.1284008,     0.0529353,    -0.0096837,    -0.0027416,    -0.0586508
 18.6600000,    -0.1643516,     0.1265370,     0.0553291,    -0.0102653,    -0.0033707,    -0.0588246
 18.6700000,    -0.1830155,     0.1223107,     0.0565277,    -0.0147623,    -0.0039675,    -0.0601544
 18.6800000,    -0.2051202,     0.1162566,     0.0566601,    -0.0232278,    -0.0043507,    -0.0629005
 18.6900000,    -0.2304448,     0.1089100,     0.0558737,    -0.0350421,    -0.0042267,    -0.0669201
 18.7000000,    -0.2576848,     0.1006695,     0.0543030,    -0.0490347,    -0.0032649,    -0.0717024
 18.7100000,    -0.2846338,     0.0917140,     0.0520546,    -0.0636978,    -0.0011807,    -0.0764766
 18.7200000,    -0.3085364,     0.0819965,     0.0492098,    -0.0774445,     0.0021915,    -0.0803662
 18.7300000,    -0.3265332,     0.0713184,     0.0458414,    -0.0888570,     0.0068515,    -0.0825587
 18.7400000,    -0.3361087,     0.0594610,     0.0420367,    -0.0968773,     0.0126232,    -0.0824563
 18.7500000,    -0.3354563,     0.0463413,     0.0379183,    -0.1009119,     0.0191806,    -0.0797795
 18.7600000,    -0.3237037,     0.0321467,     0.0336551,    -0.1008388,     0.0261034,    -0.0746055
 18.7700000,    -0.3009735,     0.0174098,     0.0294584,    -0.0969337,     0.0329487,    -0.0673382
 18.7800000,    -0.2682917,     0.0029968,     0.0255648,    -0.0897418,     0.0393203,    -0.0586204
 18.7900000,    -0.2273814,    -0.0099957,     0.0222066,    -0.0799353,     0.0449219,    -0.0492075
 18.8000000,    -0.1804007,    -0.0204184,     0.0195798,    -0.0681912,     0.0495822,    -0.0398306
 18.8100000,    -0.1296776,    -0.0272861,     0.0178135,    -0.0551140,     0.0532507,    -0.0310749
 18.8200000,    -0.0774886,    -0.0299857,     0.0169512,    -0.0412136,     0.0559667,    -0.0232940
 18.8300000,    -0.0259034,    -0.0284287,     0.0169433,    -0.0269294,     0.0578153,    -0.0165739
 18.8400000,     0.0232994,    -0.0231100,     0.0176554,    -0.0126815,     0.0588826,    -0.0107478
 18.8500000,     0.0686626,    -0.0150570,     0.0188867,     0.0010788,     0.0592245,    -0.0054533
 18.8600000,     0.1090494,    -0.0056728,     0.0203952,     0.0138439,     0.0588567,    -0.0002190
 18.8700000,     0.1436344,     0.0034978,     0.0219248,     0.0250639,     0.0577685,     0.0054398
 18.8800000,     0.1719010,     0.0110356,     0.0232278,     0.0342037,     0.0559540,     0.0119310
 18.8900000,     0.1936473,     0.0158963,     0.0240830,     0.0408301,     0.0534495,     0.0195165
 18.9000000,     0.2089907,     0.0175932,     0.0243065,     0.0447056,     0.0503636,     0.0282709
 18.9100000,     0.2183543,     0.0162803,     0.0237584,     0.0458620,     0.0468867,     0.0380690
 18.9200000,     0.2224200,     0.0127193,     0.0223459,     0.0446316,     0.0432737,     0.0486003
 18.9300000,     0.2220415,     0.0081403,     0.0200262,     0.0416199,     0.0398012,     0.0594028
 18.9400000,     0.2181224,     0.0040225,     0.0168084,     0.0376223,     0.0367051,     0.0699102
 18.9500000,     0.2114813,     0.0018364,     0.0127550,     0.0334987,     0.0341170,     0.0795058
 18.9600000,     0.2027324,     0.0027947,     0.0079799,     0.0300319,     0.0320135,     0.0875784
 18.9700000,     0.1922137,     0.0076535,     0.0026413,     0.0278010,     0.0301948,     0.0935787
 18.9800000,     0.1799867,     0.0165938,    -0.0030713,     0.0270972,     0.0283026,     0.0970724
 18.9900000,     0.1659152,     0.0291988,    -0.0089575,     0.0278991,     0.0258757,     0.0977892
 19.0000000,     0.1498113,     0.0445232,    -0.0148285,     0.0299132,     0.0224348,     0.0956627
 19.0100000,     0.1316153,     0.0612353,    -0.0205296,     0.0326667,     0.0175801,     0.0908579
 19.0200000,     0.1115661,     0.0778050,    -0.0259556,     0.0356296,     0.0110791,     0.0837776
 19.0300000,     0.0903129,     0.0927036,    -0.0310562,     0.0383371,     0.0029261,     0.0750438
 19.0400000,     0.0689313,     0.1045865,    -0.0358273,     0.0404825,    -0.0066411,     0.0654497
 19.0500000,     0.0488261,     0.1124342,    -0.0402904,     0.0419613,    -0.0171723,     0.0558843
 19.0600000,     0.0315298,     0.1156399,    -0.0444644,     0.0428579,    -0.0280764,     0.0472338
 19.0700000,     0.0184327,     0.1140382,    -0.0483371,     0.0433830,    -0.0387197,     0.0402738
 19.0800000,     0.0105002,     0.1078827,    -0.0518440,     0.0437799,    -0.0485271,     0.0355668
 19.0900000,     0.0080411,     0.0977827,    -0.0548624,     0.0442275,    -0.0570672,     0.0333825
 19.1000000,     0.0105833,     0.0846126,    -0.0572237,     0.0447666,    -0.0641012,     0.0336569
 19.1100000,     0.0168938,     0.0694104,    -0.0587432,     0.0452698,    -0.0695886,     0.0360005
 19.1200000,     0.0251491,     0.0532756,    -0.0592609,     0.0454649,    -0.0736515,     0.0397581
 19.1300000,     0.0332311,     0.0372763,    -0.0586837,     0.0450052,    -0.0765079,     0.0441124
 19.1400000,     0.0390923,     0.0223725,    -0.0570171,     0.0435708,    -0.0783953,     0.0482177
 19.1500000,     0.0411212,     0.0093569,    -0.0543774,     0.0409751,    -0.0795029,     0.0513396
 19.1600000,     0.0384338,    -0.0011826,    -0.0509783,     0.0372480,    -0.0799311,     0.0529784
 19.1700000,     0.0310329,    -0.0088819,    -0.0470925,     0.0326755,    -0.0796871,     0.0529513
 19.1800000,     0.0198023,    -0.0135994,    -0.0429964,     0.0277825,    -0.0787170,     0.0514206
 19.1900000,     0.0063387,    -0.0153986,    -0.0389099,     0.0232601,    -0.0769622,     0.0488581
 19.2000000,    -0.0073466,    -0.0145173,    -0.0349462,     0.0198527,    -0.0744244,     0.0459551
 19.2100000,    -0.0191941,    -0.0113269,    -0.0310865,     0.0182266,    -0.0712176,     0.0434893
 19.2200000,    -0.0274617,    -0.0062882,    -0.0271858,     0.0188484,    -0.0675909,     0.0421767
 19.2300000,    -0.0310192,     0.0000923,    -0.0230135,     0.0218968,    -0.0639124,     0.0425316
 19.2400000,    -0.0295205,     0.0073013,    -0.0183184,     0.0272257,    -0.0606149,     0.0447633
 19.2500000,    -0.0234289,     0.0148489,    -0.0129053,     0.0343832,    -0.0581152,     0.0487273
 19.2600000,    -0.0139004,     0.0222892,    -0.0067028,     0.0426803,    -0.0567246,     0.0539399
 19.2700000,    -0.0025574,     0.0292338,     0.0001946,     0.0512930,    -0.0565743,     0.0596547
 19.2800000,     0.0087982,     0.0353573,     0.0075239,     0.0593783,    -0.0575741,     0.0649867
 19.2900000,     0.0184736,     0.0404016,     0.0148942,     0.0661797,    -0.0594174,     0.0690622
 19.3000000,     0.0251271,     0.0441777,     0.0218642,     0.0711073,    -0.0616326,     0.0711665
 19.3100000,     0.0279252,     0.0465696,     0.0280395,     0.0737824,    -0.0636723,     0.0708656
 19.3200000,     0.0266012,     0.0475370,     0.0331692,     0.0740456,    -0.0650202,     0.0680780
 19.3300000,     0.0214205,     0.0471162,     0.0372157,     0.0719352,    -0.0652927,     0.0630872
 19.3400000,     0.0130735,     0.0454160,     0.0403815,     0.0676472,    -0.0643109,     0.0564920
 19.3500000,     0.0025284,     0.0426050,     0.0430814,     0.0614894,    -0.0621293,     0.0491046
 19.3600000,    -0.0091254,     0.0388894,     0.0458637,     0.0538389,    -0.0590127,     0.0418160
 19.3700000,    -0.0208171,     0.0344839,     0.0492957,     0.0451078,    -0.0553693,     0.0354520
 19.3800000,    -0.0316013,     0.0295766,     0.0538357,     0.0357188,    -0.0516548,     0.0306438
 19.3900000,    -0.0407266,     0.0242975,     0.0597224,     0.0260851,    -0.0482712,     0.0277374
 19.4000000,    -0.0476698,     0.0186945,     0.0669048,     0.0165909,    -0.0454827,     0.0267528
 19.4100000,    -0.0521426,     0.0127255,     0.0750302,     0.0075677,    -0.0433679,     0.0274012
 19.4200000,    -0.0540798,     0.0062690,     0.0834958,    -0.0007329,    -0.0418176,     0.0291533
 19.4300000,    -0.0536152,    -0.0008469,     0.0915531,    -0.0081671,    -0.0405766,     0.0313449
 19.4400000,    -0.0510471,    -0.0087998,     0.0984435,    -0.0147207,    -0.0393183,     0.0333015
 19.4500000,    -0.0467944,    -0.0177215,     0.1035370,    -0.0205149,    -0.0377310,     0.0344567
 19.4600000,    -0.0413428,    -0.0276494,     0.1064431,    -0.0257912,    -0.0355968,     0.0344462
 19.4700000,    -0.0351855,    -0.0384890,     0.1070715,    -0.0308722,    -0.0328433,     0.0331590
 19.4800000,    -0.0287639,    -0.0499973,     0.1056295,    -0.0361020,    -0.0295567,     0.0307397
 19.4900000,    -0.0224223,    -0.0617891,     0.1025581,    -0.0417763,    -0.0259575,     0.0275423
 19.5000000,    -0.0163855,    -0.0733668,     0.0984241,    -0.0480773,    -0.0223444,     0.0240454
 19.5100000,    -0.0107728,    -0.0841684,     0.0937907,    -0.0550270,    -0.0190243,     0.0207457
 19.5200000,    -0.0056490,    -0.0936257,     0.0890996,    -0.0624724,    -0.0162470,     0.0180516
 19.5300000,    -0.0011043,    -0.1012238,     0.0845883,    -0.0701084,    -0.0141590,     0.0161956
 19.5400000,     0.0026528,    -0.1065528,     0.0802614,    -0.0775345,    -0.0127897,     0.0151846
 19.5500000,     0.0052187,    -0.1093463,     0.0759204,    -0.0843347,    -0.0120693,     0.0147961
 19.5600000,     0.0059613,    -0.1095023,     0.0712425,    -0.0901625,    -0.0118721,     0.0146234
 19.5700000,     0.0040529,    -0.1070871,     0.0658876,    -0.0948097,    -0.0120722,     0.0141599
 19.5800000,    -0.0014187,    -0.1023241,     0.0596076,    -0.0982417,    -0.0125943,     0.0129079
 19.5900000,    -0.0112721,    -0.0955702,     0.0523311,    -0.1005892,    -0.0134448,     0.0104904
 19.6000000,    -0.0260121,    -0.0872837,     0.0442032,    -0.1020952,    -0.0147162,     0.0067449
 19.6100000,    -0.0456147,    -0.0779845,     0.0355719,    -0.1030278,    -0.0165608,     0.0017784
 19.6200000,    -0.0693657,    -0.0682103,     0.0269256,    -0.1035813,    -0.0191442,    -0.0040259
 19.6300000,    -0.0958035,    -0.0584682,     0.0187953,    -0.1037858,    -0.0225879,    -0.0100555
 19.6400000,    -0.1227960,    -0.0491841,     0.0116469,    -0.1034534,    -0.0269210,    -0.0155613
 19.6500000,    -0.1477573,    -0.0406559,     0.0057875,    -0.1021747,    -0.0320498,    -0.0197799
 19.6600000,    -0.1679815,    -0.0330134,     0.0013070,    -0.0993715,    -0.0377580,    -0.0220644
 19.6700000,    -0.1810404,    -0.0261960,    -0.0019325,    -0.0943998,    -0.0437345,    -0.0219992
 19.6800000,    -0.1851732,    -0.0199545,    -0.0042579,    -0.0866815,    -0.0496234,    -0.0194776
 19.6900000,    -0.1795939,    -0.0138840,    -0.0061081,    -0.0758395,    -0.0550835,    -0.0147274
 19.7000000,    -0.1646494,    -0.0074891,    -0.0079369,    -0.0618056,    -0.0598402,    -0.0082799
 19.7100000,    -0.1417908,    -0.0002772,    -0.0101179,    -0.0448780,    -0.0637192,    -0.0008867
 19.7200000,    -0.1133542,     0.0081324,    -0.0128723,    -0.0257141,    -0.0666521,     0.0065998
 19.7300000,    -0.0821872,     0.0179009,    -0.0162339,    -0.0052575,    -0.0686560,     0.0133605
 19.7400000,    -0.0511888,     0.0288854,    -0.0200574,     0.0153856,    -0.0697922,     0.0187338
 19.7500000,    -0.0228501,     0.0405972,    -0.0240629,     0.0350979,    -0.0701189,     0.0223080
 19.7600000,     0.0011159,     0.0522184,    -0.0279074,     0.0528990,    -0.0696515,     0.0239651
 19.7700000,     0.0199848,     0.0626801,    -0.0312626,     0.0680615,    -0.0683436,     0.0238710
 19.7800000,     0.0340323,     0.0707979,    -0.0338833,     0.0801747,    -0.0660952,     0.0224150
 19.7900000,     0.0443512,     0.0754428,    -0.0356523,     0.0891452,    -0.0627871,     0.0201129
 19.8000000,     0.0525154,     0.0757207,    -0.0365938,     0.0951408,    -0.0583319,     0.0174940
 19.8100000,     0.0601671,     0.0711290,    -0.0368571,     0.0984943,    -0.0527292,     0.0149942
 19.8200000,     0.0686149,     0.0616573,    -0.0366765,     0.0995919,    -0.0461064,     0.0128758
 19.8300000,     0.0785290,     0.0478138,    -0.0363202,     0.0987747,    -0.0387340,     0.0111880
 19.8400000,     0.0897958,     0.0305688,    -0.0360392,     0.0962756,    -0.0310065,     0.0097743
 19.8500000,     0.1015579,     0.0112230,    -0.0360279,     0.0922051,    -0.0233915,     0.0083219
 19.8600000,     0.1124269,    -0.0087751,    -0.0364020,     0.0865862,    -0.0163568,     0.0064403
 19.8700000,     0.1208172,    -0.0280301,    -0.0371944,     0.0794278,    -0.0102911,     0.0037532
 19.8800000,     0.1253252,    -0.0453814,    -0.0383663,     0.0708137,    -0.0054373,    -0.0000174
 19.8900000,     0.1250704,    -0.0600337,    -0.0398271,     0.0609838,    -0.0018541,    -0.0049905
 19.9000000,     0.1199242,    -0.0716136,    -0.0414557,     0.0503812,     0.0005840,    -0.0110997
 19.9100000,     0.1105801,    -0.0801479,    -0.0431188,     0.0396523,     0.0021486,    -0.0181039
 19.9200000,     0.0984514,    -0.0859719,    -0.0446838,     0.0295918,     0.0031890,    -0.0256306
 19.9300000,     0.0854214,    -0.0895951,    -0.0460251,     0.0210433,     0.0040502,    -0.0332409
 19.9400000,     0.0735003,    -0.0915529,    -0.0470293,     0.0147716,     0.0049965,    -0.0405005
 19.9500000,     0.0644612,    -0.0922815,    -0.0475996,     0.0113332,     0.0061584,    -0.0470443
 19.9600000,     0.0595261,    -0.0920379,    -0.0476640,     0.0109715,     0.0075150,    -0.0526208
 19.9700000,     0.0591644,    -0.0908814,    -0.0471854,     0.0135581,     0.0089148,    -0.0571111
 19.9800000,     0.0630346,    -0.0887127,    -0.0461737,     0.0185940,     0.0101287,    -0.0605227
 19.9900000,     0.0700752,    -0.0853553,    -0.0446932,     0.0252717,     0.0109206,    -0.0629614
 20.0000000,     0.0787172,    -0.0806538,    -0.0428633,     0.0325875,     0.0111171,    -0.0645926
 20.0100000,     0.0871712,    -0.0745607,    -0.0408479,     0.0394861,     0.0106587,    -0.0656004
 20.0200000,     0.0937311,    -0.0671873,    -0.0388345,     0.0450101,     0.0096191,    -0.0661541
 20.0300000,     0.0970395,    -0.0588062,    -0.0370057,     0.0484315,     0.0081883,    -0.0663875
 20.0400000,     0.0962701,    -0.0498046,    -0.0355097,     0.0493427,     0.0066251,    -0.0663932
 20.0500000,     0.0912063,    -0.0406036,    -0.0344376,     0.0476954,     0.0051906,    -0.0662284
 20.0600000,     0.0822143,    -0.0315638,    -0.0338133,     0.0437835,     0.0040824,    -0.0659286
 20.0700000,     0.0701280,    -0.0229072,    -0.0336022,     0.0381755,     0.0033851,    -0.0655213
 20.0800000,     0.0560771,    -0.0146753,    -0.0337347,     0.0316119,     0.0030518,    -0.0650363
 20.0900000,     0.0412939,    -0.0067381,    -0.0341415,     0.0248842,     0.0029214,    -0.0645087
 20.1000000,     0.0269320,     0.0011470,    -0.0347900,     0.0187161,     0.0027668,    -0.0639750
 20.1100000,     0.0139216,     0.0092394,    -0.0357106,     0.0136629,     0.0023621,    -0.0634644
 20.1200000,     0.0028753,     0.0177071,    -0.0370037,     0.0100424,     0.0015508,    -0.0629907
 20.1300000,    -0.0059502,     0.0265340,    -0.0388227,     0.0079043,     0.0002978,    -0.0625473
 20.1400000,    -0.0126429,     0.0354681,    -0.0413337,     0.0070383,    -0.0012898,    -0.0621101
 20.1500000,    -0.0175818,     0.0440257,    -0.0446607,     0.0070174,    -0.0029789,    -0.0616458
 20.1600000,    -0.0213541,     0.0515554,    -0.0488290,     0.0072671,    -0.0044598,    -0.0611264
 20.1700000,    -0.0246521,     0.0573492,    -0.0537225,     0.0071518,    -0.0054169,    -0.0605425
 20.1800000,    -0.0281629,     0.0607770,    -0.0590688,     0.0060646,    -0.0056040,    -0.0599123
 20.1900000,    -0.0324602,     0.0614157,    -0.0644593,     0.0035111,    -0.0049041,    -0.0592820
 20.2000000,    -0.0379104,     0.0591440,    -0.0694046,    -0.0008231,    -0.0033590,    -0.0587152
 20.2100000,    -0.0446039,     0.0541815,    -0.0734151,    -0.0070290,    -0.0011619,    -0.0582736
 20.2200000,    -0.0523257,     0.0470648,    -0.0760907,    -0.0149602,     0.0013870,    -0.0579933
 20.2300000,    -0.0605718,     0.0385662,    -0.0771992,    -0.0242487,     0.0039500,    -0.0578644
 20.2400000,    -0.0686168,     0.0295721,    -0.0767245,    -0.0343495,     0.0062294,    -0.0578192
 20.2500000,    -0.0756271,     0.0209499,    -0.0748703,    -0.0446068,     0.0080346,    -0.0577361
 20.2600000,    -0.0808047,     0.0134286,    -0.0720183,    -0.0543346,     0.0093217,    -0.0574588
 20.2700000,    -0.0835375,     0.0075166,    -0.0686467,    -0.0628985,     0.0101963,    -0.0568307
 20.2800000,    -0.0835275,     0.0034688,    -0.0652276,    -0.0697881,     0.0108796,    -0.0557347
 20.2900000,    -0.0808666,     0.0013034,    -0.0621265,    -0.0746687,     0.0116458,    -0.0541308
 20.3000000,    -0.0760390,     0.0008564,    -0.0595273,    -0.0774049,     0.0127478,    -0.0520810
 20.3100000,    -0.0698412,     0.0018546,    -0.0574024,    -0.0780532,     0.0143488,    -0.0497519
 20.3200000,    -0.0632289,     0.0039872,    -0.0555341,    -0.0768266,     0.0164775,    -0.0473936
 20.3300000,    -0.0571179,     0.0069579,    -0.0535840,    -0.0740386,     0.0190179,    -0.0452952
 20.3400000,    -0.0521799,     0.0105080,    -0.0511950,    -0.0700379,     0.0217351,    -0.0437261
 20.3500000,    -0.0486787,     0.0144122,    -0.0480985,    -0.0651480,     0.0243315,    -0.0428743
 20.3600000,    -0.0463884,     0.0184555,    -0.0442029,    -0.0596230,     0.0265177,    -0.0427977
 20.3700000,    -0.0446212,     0.0224082,    -0.0396388,    -0.0536277,     0.0280815,    -0.0433987
 20.3800000,    -0.0423672,     0.0260126,    -0.0347488,    -0.0472459,     0.0289378,    -0.0444316
 20.3900000,    -0.0385258,     0.0289942,    -0.0300221,    -0.0405117,     0.0291464,    -0.0455434
 20.4000000,    -0.0321836,     0.0310978,    -0.0259885,    -0.0334559,     0.0288950,    -0.0463404
 20.4100000,    -0.0228793,     0.0321436,    -0.0230960,    -0.0261549,     0.0284515,    -0.0464684
 20.4200000,    -0.0107960,     0.0320854,    -0.0216020,    -0.0187678,     0.0280986,    -0.0456890
 20.4300000,     0.0031705,     0.0310542,    -0.0215033,    -0.0115519,     0.0280657,    -0.0439342
 20.4400000,     0.0174908,     0.0293675,    -0.0225246,    -0.0048508,     0.0284766,    -0.0413260
 20.4500000,     0.0302245,     0.0274963,    -0.0241688,     0.0009441,     0.0293239,    -0.0381554
 20.4600000,     0.0393487,     0.0259875,    -0.0258174,     0.0054519,     0.0304763,    -0.0348220
 20.4700000,     0.0431316,     0.0253569,    -0.0268606,     0.0083666,     0.0317158,    -0.0317468
 20.4800000,     0.0404757,     0.0259722,    -0.0268239,     0.0095152,     0.0327936,    -0.0292761
 20.4900000,     0.0311601,     0.0279541,    -0.0254642,     0.0088941,     0.0334925,    -0.0275959
 20.5000000,     0.0159292,     0.0311204,    -0.0228113,     0.0066776,     0.0336770,    -0.0266785
 20.5100000,    -0.0035944,     0.0349894,    -0.0191466,     0.0031937,     0.0333226,    -0.0262715
 20.5200000,    -0.0251594,     0.0388470,    -0.0149240,    -0.0011261,     0.0325151,    -0.0259359
 20.5300000,    -0.0462506,     0.0418677,    -0.0106534,    -0.0058140,     0.0314232,    -0.0251257
 20.5400000,    -0.0644988,     0.0432656,    -0.0067755,    -0.0104344,     0.0302529,    -0.0232937
 20.5500000,    -0.0780563,     0.0424458,    -0.0035581,    -0.0146397,     0.0291949,    -0.0200026
 20.5600000,    -0.0858668,     0.0391233,    -0.0010388,    -0.0182028,     0.0283803,    -0.0150183
 20.5700000,    -0.0877807,     0.0333865,     0.0009719,    -0.0210202,     0.0278550,    -0.0083658
 20.5800000,    -0.0845000,     0.0256903,     0.0028299,    -0.0230860,     0.0275798,    -0.0003346
 20.5900000,    -0.0773719,     0.0167819,     0.0049541,    -0.0244474,     0.0274533,     0.0085658
 20.6000000,    -0.0680784,     0.0075771,     0.0077082,    -0.0251511,     0.0273522,     0.0176943
 20.6100000,    -0.0582906,    -0.0009880,     0.0112972,    -0.0251970,     0.0271763,     0.0263910
 20.6200000,    -0.0493574,    -0.0080976,     0.0157044,    -0.0245106,     0.0268867,     0.0340918
 20.6300000,    -0.0420879,    -0.0131623,     0.0206855,    -0.0229407,     0.0265251,     0.0404233
 20.6400000,    -0.0366623,    -0.0158723,     0.0258206,    -0.0202853,     0.0262106,     0.0452579
 20.6500000,    -0.0326797,    -0.0161937,     0.0306111,    -0.0163378,     0.0261131,     0.0487192
 20.6600000,    -0.0293181,    -0.0143153,     0.0345961,    -0.0109444,     0.0264119,     0.0511397
 20.6700000,    -0.0255636,    -0.0105673,     0.0374601,    -0.0040587,     0.0272481,     0.0529783
 20.6800000,    -0.0204550,    -0.0053328,     0.0391028,     0.0042207,     0.0286847,     0.0547186
 20.6900000,    -0.0132911,     0.0010217,     0.0396556,     0.0136370,     0.0306845,     0.0567669
 20.7000000,    -0.0037619,     0.0081853,     0.0394388,     0.0237914,     0.0331098,     0.0593730
 20.7100000,     0.0080125,     0.0159039,     0.0388719,     0.0341857,     0.0357462,     0.0625882
 20.7200000,     0.0215331,     0.0239523,     0.0383594,     0.0442833,     0.0383430,     0.0662668
 20.7300000,     0.0360382,     0.0320929,     0.0381815,     0.0535759,     0.0406608,     0.0701115
 20.7400000,     0.0506519,     0.0400388,     0.0384183,     0.0616447,     0.0425158,     0.0737473
 20.7500000,     0.0645287,     0.0474407,     0.0389260,     0.0682027,     0.0438098,     0.0768109
 20.7600000,     0.0769648,     0.0539046,     0.0393736,     0.0731150,     0.0445409,     0.0790330
 20.7700000,     0.0874619,     0.0590418,     0.0393294,     0.0763924,     0.0447929,     0.0802975
 20.7800000,     0.0957399,     0.0625380,     0.0383776,     0.0781641,     0.0447089,     0.0806659
 20.7900000,     0.1017118,     0.0642229,     0.0362343,     0.0786376,     0.0444559,     0.0803619
 20.8000000,     0.1054376,     0.0641203,     0.0328358,     0.0780529,     0.0441901,     0.0797213
 20.8100000,     0.1070772,     0.0624592,     0.0283740,     0.0766432,     0.0440308,     0.0791197
 20.8200000,     0.1068547,     0.0596391,     0.0232723,     0.0746057,     0.0440491,     0.0788915
 20.8300000,     0.1050399,     0.0561528,     0.0181054,     0.0720875,     0.0442698,     0.0792599
 20.8400000,     0.1019431,     0.0524817,     0.0134821,     0.0691849,     0.0446861,     0.0802901
 20.8500000,     0.0979117,     0.0489880,     0.0099204,     0.0659527,     0.0452777,     0.0818752
 20.8600000,     0.0933177,     0.0458298,     0.0077435,     0.0624180,     0.0460286,     0.0837564
 20.8700000,     0.0885285,     0.0429221,     0.0070215,     0.0585941,     0.0469345,     0.0855722
 20.8800000,     0.0838589,     0.0399545,     0.0075722,     0.0544909,     0.0480018,     0.0869250
 20.8900000,     0.0795146,     0.0364655,     0.0090196,     0.0501190,     0.0492348,     0.0874523
 20.9000000,     0.0755410,     0.0319572,     0.0108930,     0.0454908,     0.0506187,     0.0868873
 20.9100000,     0.0717969,     0.0260244,     0.0127444,     0.0406191,     0.0521032,     0.0850984
 20.9200000,     0.0679655,     0.0184687,     0.0142523,     0.0355161,     0.0535940,     0.0821010
 20.9300000,     0.0636107,     0.0093697,     0.0152882,     0.0301965,     0.0549558,     0.0780415
 20.9400000,     0.0582722,    -0.0009047,     0.0159303,     0.0246823,     0.0560291,     0.0731585
 20.9500000,     0.0515805,    -0.0117518,     0.0164229,     0.0190116,     0.0566562,     0.0677303
 20.9600000,     0.0433673,    -0.0224410,     0.0170926,     0.0132449,     0.0567123,     0.0620220
 20.9700000,     0.0337415,    -0.0322489,     0.0182455,     0.0074694,     0.0561311,     0.0562408
 20.9800000,     0.0231090,    -0.0405928,     0.0200697,     0.0017961,     0.0549202,     0.0505100
 20.9900000,     0.0121247,    -0.0471330,     0.0225707,    -0.0036492,     0.0531605,     0.0448654
 21.0000000,     0.0015825,    -0.0518198,     0.0255538,    -0.0087410,     0.0509879,     0.0392733
 21.0100000,    -0.0077353,    -0.0548785,     0.0286581,    -0.0133715,     0.0485639,     0.0336651
 21.0200000,    -0.0152172,    -0.0567354,     0.0314328,    -0.0174651,     0.0460394,     0.0279804
 21.0300000,    -0.0205528,    -0.0579065,     0.0334353,    -0.0209876,     0.0435230,     0.0222088
 21.0400000,    -0.0238017,    -0.0588739,     0.0343272,    -0.0239448,     0.0410607,     0.0164200
 21.0500000,    -0.0253837,    -0.0599811,     0.0339435,    -0.0263719,     0.0386330,     0.0107771
 21.0600000,    -0.0259885,    -0.0613686,     0.0323189,    -0.0283151,     0.0361699,     0.0055279
 21.0700000,    -0.0264253,    -0.0629639,     0.0296661,    -0.0298102,     0.0335805,     0.0009755
 21.0800000,    -0.0274456,    -0.0645226,     0.0263145,    -0.0308649,     0.0307883,    -0.0025652
 21.0900000,    -0.0295807,    -0.0657095,     0.0226245,    -0.0314495,     0.0277631,    -0.0048204
 21.1000000,    -0.0330326,    -0.0661940,     0.0189035,    -0.0315012,     0.0245415,    -0.0056062
 21.1100000,    -0.0376433,    -0.0657364,     0.0153437,    -0.0309410,     0.0212280,    -0.0048680
 21.1200000,    -0.0429510,    -0.0642443,     0.0119982,    -0.0297018,     0.0179773,    -0.0026995
 21.1300000,    -0.0483154,    -0.0617857,     0.0088011,    -0.0277611,     0.0149615,     0.0006603
 21.1400000,    -0.0530847,    -0.0585607,     0.0056236,    -0.0251693,     0.0123296,     0.0048540
 21.1500000,    -0.0567576,    -0.0548419,     0.0023515,    -0.0220675,     0.0101703,     0.0094515
 21.1600000,    -0.0591035,    -0.0509030,    -0.0010413,    -0.0186881,     0.0084879,     0.0140072
 21.1700000,    -0.0602088,    -0.0469582,    -0.0044418,    -0.0153358,     0.0071976,     0.0181203
 21.1800000,    -0.0604387,    -0.0431265,    -0.0075873,    -0.0123526,     0.0061420,     0.0214859
 21.1900000,    -0.0603267,    -0.0394343,    -0.0100990,    -0.0100719,     0.0051253,     0.0239309
 21.2000000,    -0.0604205,    -0.0358491,    -0.0115543,    -0.0087718,     0.0039573,     0.0254256
 21.2100000,    -0.0611272,    -0.0323357,    -0.0115800,    -0.0086361,     0.0024959,     0.0260721
 21.2200000,    -0.0625989,    -0.0289142,    -0.0099437,    -0.0097325,     0.0006778,     0.0260691
 21.2300000,    -0.0646916,    -0.0256987,    -0.0066210,    -0.0120104,    -0.0014694,     0.0256623
 21.2400000,    -0.0670090,    -0.0229045,    -0.0018201,    -0.0153198,    -0.0038376,     0.0250875
 21.2500000,    -0.0690209,    -0.0208142,     0.0040424,    -0.0194443,    -0.0062673,     0.0245187
 21.2600000,    -0.0702263,    -0.0197122,     0.0104105,    -0.0241414,    -0.0085882,     0.0240303
 21.2700000,    -0.0703139,    -0.0198006,     0.0166872,    -0.0291796,    -0.0106611,     0.0235806
 21.2800000,    -0.0692774,    -0.0211207,     0.0223390,    -0.0343630,    -0.0124095,     0.0230204
 21.2900000,    -0.0674465,    -0.0235031,     0.0269844,    -0.0395393,    -0.0138350,     0.0221244
 21.3000000,    -0.0654193,    -0.0265622,     0.0304461,    -0.0445897,    -0.0150108,     0.0206399
 21.3100000,    -0.0639068,    -0.0297432,     0.0327566,    -0.0494054,    -0.0160570,     0.0183438
 21.3200000,    -0.0635214,    -0.0324133,     0.0341200,    -0.0538577,    -0.0171041,     0.0150947
 21.3300000,    -0.0645632,    -0.0339804,     0.0348402,    -0.0577731,    -0.0182540,     0.0108726
 21.3400000,    -0.0668566,    -0.0340112,     0.0352360,    -0.0609222,    -0.0195497,     0.0057950
 21.3500000,    -0.0696869,    -0.0323221,     0.0355635,    -0.0630275,    -0.0209610,     0.0001083
 21.3600000,    -0.0718610,    -0.0290216,     0.0359660,    -0.0637929,    -0.0223888,    -0.0058459
 21.3700000,    -0.0718907,    -0.0244908,     0.0364590,    -0.0629497,    -0.0236886,    -0.0116830
 21.3800000,    -0.0682664,    -0.0193076,     0.0369539,    -0.0603115,    -0.0247043,    -0.0170362
 21.3900000,    -0.0597677,    -0.0141295,     0.0373086,    -0.0558248,    -0.0253050,    -0.0216152
 21.4000000,    -0.0457452,    -0.0095620,     0.0373893,    -0.0496056,    -0.0254141,    -0.0252505
 21.4100000,    -0.0263102,    -0.0060419,     0.0371252,    -0.0419509,    -0.0250239,    -0.0279172
 21.4200000,    -0.0023913,    -0.0037617,     0.0365397,    -0.0333220,    -0.0241928,    -0.0297319
 21.4300000,     0.0243620,    -0.0026502,     0.0357494,    -0.0242993,    -0.0230250,    -0.0309264
 21.4400000,     0.0518098,    -0.0024121,     0.0349315,    -0.0155167,    -0.0216421,    -0.0318015
 21.4500000,     0.0776431,    -0.0026147,     0.0342691,    -0.0075857,    -0.0201516,    -0.0326726
 21.4600000,     0.0997319,    -0.0027984,     0.0338906,    -0.0010220,    -0.0186246,    -0.0338153
 21.4700000,     0.1164329,    -0.0025843,     0.0338205,     0.0038126,    -0.0170868,    -0.0354237
 21.4800000,     0.1267968,    -0.0017527,     0.0339575,     0.0067443,    -0.0155262,    -0.0375860
 21.4900000,     0.1306420,    -0.0002747,     0.0340862,     0.0077927,    -0.0139146,    -0.0402818
 21.5000000,     0.1284880,     0.0017063,     0.0339215,     0.0071503,    -0.0122367,    -0.0434008
 21.5100000,     0.1213722,     0.0039369,     0.0331754,     0.0051387,    -0.0105155,    -0.0467739
 21.5200000,     0.1105999,     0.0061390,     0.0316280,     0.0021546,    -0.0088284,    -0.0502128
 21.5300000,     0.0974834,     0.0080949,     0.0291857,    -0.0013872,    -0.0073040,    -0.0535463
 21.5400000,     0.0831296,     0.0097080,     0.0259091,    -0.0051035,    -0.0061021,    -0.0566458
 21.5500000,     0.0683160,     0.0110228,     0.0220037,    -0.0086774,    -0.0053783,    -0.0594373
 21.5600000,     0.0534724,     0.0122008,     0.0177745,    -0.0118773,    -0.0052424,    -0.0618964
 21.5700000,     0.0387592,     0.0134589,     0.0135550,    -0.0145580,    -0.0057225,    -0.0640301
 21.5800000,     0.0242115,     0.0149891,     0.0096281,    -0.0166511,    -0.0067439,    -0.0658522
 21.5900000,     0.0098999,     0.0168824,     0.0061599,    -0.0181456,    -0.0081314,    -0.0673577
 21.6000000,    -0.0039371,     0.0190800,     0.0031618,    -0.0190688,    -0.0096349,    -0.0685045
 21.6100000,    -0.0168278,     0.0213662,     0.0004922,    -0.0194674,    -0.0109760,    -0.0692074
 21.6200000,    -0.0280887,     0.0234071,    -0.0021030,    -0.0193953,    -0.0119036,    -0.0693458
 21.6300000,    -0.0369265,     0.0248264,    -0.0049208,    -0.0189056,    -0.0122482,    -0.0687847
 21.6400000,    -0.0425962,     0.0252997,    -0.0082186,    -0.0180478,    -0.0119593,    -0.0674029
 21.6500000,    -0.0445743,     0.0246420,    -0.0121411,    -0.0168675,    -0.0111187,    -0.0651235
 21.6600000,    -0.0427025,     0.0228665,    -0.0166723,    -0.0154073,    -0.0099254,    -0.0619387
 21.6700000,    -0.0372650,     0.0201965,    -0.0216268,    -0.0137061,    -0.0086544,    -0.0579226
 21.6800000,    -0.0289778,     0.0170271,    -0.0266806,    -0.0117984,    -0.0075993,    -0.0532303
 21.6900000,    -0.0188888,     0.0138446,    -0.0314348,    -0.0097125,    -0.0070127,    -0.0480813
 21.7000000,    -0.0082102,     0.0111218,    -0.0354957,    -0.0074692,    -0.0070560,    -0.0427315
 21.7100000,     0.0018832,     0.0092168,    -0.0385528,    -0.0050810,    -0.0077731,    -0.0374381
 21.7200000,     0.0104444,     0.0082973,    -0.0404351,    -0.0025537,    -0.0090917,    -0.0324262
 21.7300000,     0.0168956,     0.0083127,    -0.0411342,     0.0001109,    -0.0108508,    -0.0278608
 21.7400000,     0.0210916,     0.0090180,    -0.0407888,     0.0029117,    -0.0128494,    -0.0238316
 21.7500000,     0.0232968,     0.0100443,    -0.0396384,     0.0058454,    -0.0149001,    -0.0203519
 21.7600000,     0.0240831,     0.0109995,    -0.0379569,     0.0089038,    -0.0168778,    -0.0173707
 21.7700000,     0.0241763,     0.0115708,    -0.0359867,     0.0120743,    -0.0187476,    -0.0147952
 21.7800000,     0.0242856,     0.0116056,    -0.0338877,     0.0153392,    -0.0205682,    -0.0125185
 21.7900000,     0.0249528,     0.0111495,    -0.0317162,     0.0186764,    -0.0224681,    -0.0104463
 21.8000000,     0.0264517,     0.0104313,    -0.0294357,     0.0220580,    -0.0246018,    -0.0085174
 21.8100000,     0.0287540,     0.0097996,    -0.0269558,     0.0254462,    -0.0270988,    -0.0067148
 21.8200000,     0.0315632,     0.0096267,    -0.0241866,     0.0287875,    -0.0300159,    -0.0050649
 21.8300000,     0.0344032,     0.0102040,    -0.0210934,     0.0320046,    -0.0333088,    -0.0036268
 21.8400000,     0.0367373,     0.0116559,    -0.0177330,     0.0349907,    -0.0368274,    -0.0024747
 21.8500000,     0.0380891,     0.0138936,    -0.0142635,     0.0376060,    -0.0403394,    -0.0016770
 21.8600000,     0.0381405,     0.0166205,    -0.0109216,     0.0396827,    -0.0435731,    -0.0012773
 21.8700000,     0.0367864,     0.0193891,    -0.0079731,     0.0410376,    -0.0462734,    -0.0012815
 21.8800000,     0.0341412,     0.0216947,    -0.0056502,     0.0414930,    -0.0482528,    -0.0016526
 21.8900000,     0.0304991,     0.0230841,    -0.0040906,     0.0409034,    -0.0494288,    -0.0023142
 21.9000000,     0.0262620,     0.0232536,    -0.0032957,     0.0391838,    -0.0498373,    -0.0031623
 21.9100000,     0.0218543,     0.0221116,    -0.0031201,     0.0363329,    -0.0496189,    -0.0040811
 21.9200000,     0.0176410,     0.0197941,    -0.0032948,     0.0324463,    -0.0489836,    -0.0049610
 21.9300000,     0.0138685,     0.0166291,    -0.0034810,     0.0277155,    -0.0481625,    -0.0057141
 21.9400000,     0.0106333,     0.0130605,    -0.0033409,     0.0224105,    -0.0473579,    -0.0062847
 21.9500000,     0.0078844,     0.0095511,    -0.0026091,     0.0168492,    -0.0467051,    -0.0066533
 21.9600000,     0.0054532,     0.0064888,    -0.0011472,     0.0113571,    -0.0462550,    -0.0068337
 21.9700000,     0.0031026,     0.0041167,     0.0010312,     0.0062270,    -0.0459785,    -0.0068640
 21.9800000,     0.0005847,     0.0025047,     0.0037714,     0.0016847,    -0.0457920,    -0.0067945
 21.9900000,    -0.0023046,     0.0015636,     0.0068198,    -0.0021307,    -0.0455955,    -0.0066738
 22.0000000,    -0.0056818,     0.0010983,     0.0098874,    -0.0051691,    -0.0453109,    -0.0065385
 22.0100000,    -0.0095508,     0.0008806,     0.0127177,    -0.0074538,    -0.0449108,    -0.0064055
 22.0200000,    -0.0137973,     0.0007246,     0.0151425,    -0.0090519,    -0.0444302,    -0.0062712
 22.0300000,    -0.0182056,     0.0005415,     0.0171122,    -0.0100393,    -0.0439560,    -0.0061159
 22.0400000,    -0.0224933,     0.0003634,     0.0186932,    -0.0104691,    -0.0436001,    -0.0059128
 22.0500000,    -0.0263610,     0.0003293,     0.0200353,    -0.0103507,    -0.0434623,    -0.0056392
 22.0600000,    -0.0295495,     0.0006408,     0.0213184,    -0.0096470,    -0.0435936,    -0.0052880
 22.0700000,    -0.0318971,     0.0015001,     0.0226924,    -0.0082895,    -0.0439715,    -0.0048756
 22.0800000,    -0.0333869,     0.0030497,     0.0242284,    -0.0062080,    -0.0444940,    -0.0044450
 22.0900000,    -0.0341743,     0.0053297,     0.0258914,    -0.0033683,    -0.0449957,    -0.0040620
 22.1000000,    -0.0345870,     0.0082650,     0.0275448,     0.0001941,    -0.0452806,    -0.0038053
 22.1100000,    -0.0350915,     0.0116852,     0.0289820,     0.0043524,    -0.0451667,    -0.0037511
 22.1200000,    -0.0362278,     0.0153707,     0.0299786,     0.0088864,    -0.0445278,    -0.0039564
 22.1300000,    -0.0385173,     0.0191113,     0.0303511,     0.0135041,    -0.0433239,    -0.0044424
 22.1400000,    -0.0423593,     0.0227601,     0.0300050,     0.0178807,    -0.0416115,    -0.0051834
 22.1500000,    -0.0479326,     0.0262664,     0.0289614,     0.0217111,    -0.0395310,    -0.0061029
 22.1600000,    -0.0551241,     0.0296787,     0.0273540,     0.0247614,    -0.0372738,    -0.0070791
 22.1700000,    -0.0635004,     0.0331138,     0.0253973,     0.0269092,    -0.0350387,    -0.0079593
 22.1800000,    -0.0723359,     0.0367029,     0.0233348,     0.0281629,    -0.0329875,    -0.0085811
 22.1900000,    -0.0806967,     0.0405263,     0.0213800,     0.0286553,    -0.0312111,    -0.0087973
 22.2000000,    -0.0875704,     0.0445568,     0.0196655,     0.0286108,    -0.0297155,    -0.0084987
 22.2100000,    -0.0920206,     0.0486277,     0.0182135,     0.0282958,    -0.0284305,    -0.0076320
 22.2200000,    -0.0933382,     0.0524355,     0.0169347,     0.0279610,    -0.0272378,    -0.0062068
 22.2300000,    -0.0911584,     0.0555794,     0.0156568,     0.0277891,    -0.0260124,    -0.0042912
 22.2400000,    -0.0855201,     0.0576293,     0.0141733,     0.0278614,    -0.0246637,    -0.0019970
 22.2500000,    -0.0768537,     0.0582068,     0.0123021,     0.0281474,    -0.0231678,     0.0005447
 22.2600000,    -0.0658976,     0.0570614,     0.0099386,     0.0285224,    -0.0215801,     0.0032101
 22.2700000,    -0.0535609,     0.0541217,     0.0070883,     0.0288064,    -0.0200252,     0.0059074
 22.2800000,    -0.0407596,     0.0495119,     0.0038742,     0.0288158,    -0.0186669,     0.0085935
 22.2900000,    -0.0282626,     0.0435292,     0.0005146,     0.0284140,    -0.0176648,     0.0112786
 22.3000000,    -0.0165776,     0.0365873,    -0.0027215,     0.0275502,    -0.0171301,     0.0140163
 22.3100000,    -0.0059039,     0.0291425,    -0.0055700,     0.0262755,    -0.0170906,     0.0168830
 22.3200000,     0.0038424,     0.0216173,    -0.0078250,     0.0247344,    -0.0174753,     0.0199487
 22.3300000,     0.0129380,     0.0143415,    -0.0093777,     0.0231326,    -0.0181229,     0.0232466
 22.3400000,     0.0217219,     0.0075216,    -0.0102309,     0.0216904,    -0.0188117,     0.0267491
 22.3500000,     0.0304594,     0.0012438,    -0.0104897,     0.0205918,    -0.0193048,     0.0303560
 22.3600000,     0.0392349,    -0.0044943,    -0.0103284,     0.0199431,    -0.0193993,     0.0338978
 22.3700000,     0.0479021,    -0.0097357,    -0.0099479,     0.0197491,    -0.0189672,     0.0371561
 22.3800000,     0.0561044,    -0.0145145,    -0.0095308,     0.0199129,    -0.0179791,     0.0398970
 22.3900000,     0.0633612,    -0.0188206,    -0.0092073,     0.0202586,    -0.0165044,     0.0419100
 22.4000000,     0.0691953,    -0.0225896,    -0.0090402,     0.0205705,    -0.0146893,     0.0430458
 22.4100000,     0.0732693,    -0.0257200,    -0.0090280,     0.0206378,    -0.0127183,     0.0432446
 22.4200000,     0.0754904,    -0.0281119,    -0.0091258,     0.0202963,    -0.0107696,     0.0425467
 22.4300000,     0.0760549,    -0.0297157,    -0.0092741,     0.0194552,    -0.0089753,     0.0410851
 22.4400000,     0.0754134,    -0.0305743,    -0.0094273,     0.0181043,    -0.0073965,     0.0390597
 22.4500000,     0.0741639,    -0.0308446,    -0.0095719,     0.0163029,    -0.0060183,     0.0366987
 22.4600000,     0.0728939,    -0.0307892,    -0.0097306,     0.0141531,    -0.0047658,     0.0342163
 22.4700000,     0.0720125,    -0.0307366,    -0.0099511,     0.0117674,    -0.0035349,     0.0317753
 22.4800000,     0.0716157,    -0.0310187,    -0.0102835,     0.0092400,    -0.0022295,     0.0294628
 22.4900000,     0.0714248,    -0.0318994,    -0.0107564,     0.0066290,    -0.0007939,     0.0272857
 22.5000000,     0.0708195,    -0.0335127,    -0.0113575,     0.0039550,     0.0007676,     0.0251852
 22.5100000,     0.0689663,    -0.0358263,    -0.0120283,     0.0012146,     0.0023898,     0.0230681
 22.5200000,     0.0650178,    -0.0386425,    -0.0126743,    -0.0015965,     0.0039640,     0.0208465
 22.5300000,     0.0583402,    -0.0416372,    -0.0131907,    -0.0044586,     0.0053691,     0.0184766
 22.5400000,     0.0487134,    -0.0444294,    -0.0134945,    -0.0073098,     0.0065061,     0.0159862
 22.5500000,     0.0364557,    -0.0466667,    -0.0135561,    -0.0100443,     0.0073286,     0.0134839
 22.5600000,     0.0224355,    -0.0481043,    -0.0134193,    -0.0125258,     0.0078572,     0.0111473
 22.5700000,     0.0079601,    -0.0486610,    -0.0132026,    -0.0146181,     0.0081768,     0.0091903
 22.5800000,    -0.0054416,    -0.0484369,    -0.0130796,    -0.0162223,     0.0084142,     0.0078187
 22.5900000,    -0.0162996,    -0.0476892,    -0.0132426,    -0.0173124,     0.0087038,     0.0071820
 22.6000000,    -0.0234875,    -0.0467702,    -0.0138554,    -0.0179573,     0.0091493,     0.0073336
 22.6100000,    -0.0264489,    -0.0460440,    -0.0150107,    -0.0183220,     0.0097922,     0.0082094
 22.6200000,    -0.0253155,    -0.0458001,    -0.0166997,    -0.0186435,     0.0105964,     0.0096295
 22.6300000,    -0.0208865,    -0.0461845,    -0.0188051,    -0.0191859,     0.0114530,     0.0113254
 22.6400000,    -0.0144738,    -0.0471654,    -0.0211200,    -0.0201815,     0.0122051,     0.0129860
 22.6500000,    -0.0076430,    -0.0485389,    -0.0233888,    -0.0217724,     0.0126872,     0.0143146
 22.6600000,    -0.0019053,    -0.0499744,    -0.0253610,    -0.0239662,     0.0127688,     0.0150840
 22.6700000,     0.0015741,    -0.0510865,    -0.0268455,    -0.0266158,     0.0123909,     0.0151788
 22.6800000,     0.0021893,    -0.0515166,    -0.0277515,    -0.0294324,     0.0115871,     0.0146142
 22.6900000,    -0.0000137,    -0.0510045,    -0.0281050,    -0.0320275,     0.0104815,     0.0135297
 22.7000000,    -0.0043826,    -0.0494336,    -0.0280383,    -0.0339793,     0.0092659,     0.0121569
 22.7100000,    -0.0098275,    -0.0468408,    -0.0277518,    -0.0349074,     0.0081586,     0.0107704
 22.7200000,    -0.0150711,    -0.0433915,    -0.0274607,    -0.0345417,     0.0073568,     0.0096307
 22.7300000,    -0.0189243,    -0.0393268,    -0.0273370,    -0.0327705,     0.0069939,     0.0089328
 22.7400000,    -0.0205249,    -0.0348999,    -0.0274632,    -0.0296576,     0.0071102,     0.0087704
 22.7500000,    -0.0194913,    -0.0303169,    -0.0278087,    -0.0254251,     0.0076470,     0.0091231
 22.7600000,    -0.0159617,    -0.0256972,    -0.0282359,    -0.0204080,     0.0084623,     0.0098677
 22.7700000,    -0.0105214,    -0.0210624,    -0.0285332,    -0.0149904,     0.0093657,     0.0108106
 22.7800000,    -0.0040408,    -0.0163547,    -0.0284692,    -0.0095381,     0.0101641,     0.0117323
 22.7900000,     0.0025285,    -0.0114770,    -0.0278520,    -0.0043451,     0.0107051,     0.0124340
 22.8000000,     0.0083508,    -0.0063431,    -0.0265809,     0.0003985,     0.0109098,     0.0127754
 22.8100000,     0.0128482,    -0.0009230,    -0.0246763,     0.0046073,     0.0107860,     0.0126955
 22.8200000,     0.0157616,     0.0047292,    -0.0222808,     0.0082763,     0.0104204,     0.0122135
 22.8300000,     0.0171228,     0.0104717,    -0.0196308,     0.0114366,     0.0099528,     0.0114107
 22.8400000,     0.0171563,     0.0160964,    -0.0170061,     0.0141077,     0.0095385,     0.0103994
 22.8500000,     0.0161459,     0.0213671,    -0.0146699,     0.0162578,     0.0093107,     0.0092879
 22.8600000,     0.0143064,     0.0260651,    -0.0128143,     0.0177858,     0.0093517,     0.0081505
 22.8700000,     0.0117018,     0.0300279,    -0.0115237,     0.0185291,     0.0096793,     0.0070105
 22.8800000,     0.0082292,     0.0331713,    -0.0107664,     0.0182984,     0.0102523,     0.0058401
 22.8900000,     0.0036755,     0.0354887,    -0.0104134,     0.0169280,     0.0109918,     0.0045767
 22.9000000,    -0.0021739,     0.0370307,    -0.0102810,     0.0143326,     0.0118117,     0.0031506
 22.9100000,    -0.0094062,     0.0378711,    -0.0101835,     0.0105527,     0.0126492,     0.0015163
 22.9200000,    -0.0178730,     0.0380712,    -0.0099833,     0.0057777,     0.0134877,    -0.0003209
 22.9300000,    -0.0271376,     0.0376546,    -0.0096241,     0.0003390,     0.0143637,    -0.0022917
 22.9400000,    -0.0364989,     0.0366010,    -0.0091399,    -0.0053276,     0.0153586,    -0.0042651
 22.9500000,    -0.0450908,     0.0348623,    -0.0086364,    -0.0107426,     0.0165750,    -0.0060693
 22.9600000,    -0.0520386,     0.0323963,    -0.0082518,    -0.0154552,     0.0181067,    -0.0075230
 22.9700000,    -0.0566325,     0.0292094,    -0.0081075,    -0.0191113,     0.0200090,    -0.0084733
 22.9800000,    -0.0584777,     0.0253936,    -0.0082623,    -0.0215029,     0.0222793,    -0.0088284
 22.9900000,    -0.0575799,     0.0211461,    -0.0086837,    -0.0225897,     0.0248523,    -0.0085783
 23.0000000,    -0.0543444,     0.0167618,    -0.0092447,    -0.0224891,     0.0276116,    -0.0077995
 23.0100000,    -0.0494854,     0.0125974,    -0.0097480,    -0.0214382,     0.0304154,    -0.0066398
 23.0200000,    -0.0438671,     0.0090129,    -0.0099712,    -0.0197378,     0.0331280,    -0.0052895
 23.0300000,    -0.0383130,     0.0063028,    -0.0097235,    -0.0176924,     0.0356496,    -0.0039444
 23.0400000,    -0.0334319,     0.0046348,    -0.0088970,    -0.0155587,     0.0379355,    -0.0027691
 23.0500000,    -0.0295019,     0.0040102,    -0.0075004,    -0.0135137,     0.0399998,    -0.0018703
 23.0600000,    -0.0264421,     0.0042591,    -0.0056653,    -0.0116481,     0.0419020,    -0.0012842
 23.0700000,    -0.0238785,     0.0050725,    -0.0036224,    -0.0099819,     0.0437205,    -0.0009821
 23.0800000,    -0.0212868,     0.0060665,    -0.0016529,    -0.0084971,     0.0455209,    -0.0008909
 23.0900000,    -0.0181743,     0.0068640,    -0.0000262,    -0.0071744,     0.0473263,    -0.0009226
 23.1000000,    -0.0142552,     0.0071760,     0.0010604,    -0.0060247,     0.0491004,    -0.0010059
 23.1100000,    -0.0095700,     0.0068624,     0.0015256,    -0.0051044,     0.0507470,    -0.0011101
 23.1200000,    -0.0045177,     0.0059585,     0.0014205,    -0.0045115,     0.0521273,    -0.0012565
 23.1300000,     0.0002120,     0.0046596,     0.0009137,    -0.0043622,     0.0530913,    -0.0015132
 23.1400000,     0.0037919,     0.0032674,     0.0002486,    -0.0047565,     0.0535149,    -0.0019750
 23.1500000,     0.0054618,     0.0021113,    -0.0003162,    -0.0057416,     0.0533332,    -0.0027338
 23.1600000,     0.0047335,     0.0014620,    -0.0005692,    -0.0072848,     0.0525608,    -0.0038463
 23.1700000,     0.0015456,     0.0014600,    -0.0003949,    -0.0092635,     0.0512938,    -0.0053081
 23.1800000,    -0.0036716,     0.0020749,     0.0002017,    -0.0114775,     0.0496916,    -0.0070406
 23.1900000,    -0.0100412,     0.0031062,     0.0011016,    -0.0136810,     0.0479429,    -0.0088943
 23.2000000,    -0.0163881,     0.0042257,     0.0021063,    -0.0156283,     0.0462249,    -0.0106690
 23.2100000,    -0.0214580,     0.0050508,     0.0029907,    -0.0171214,     0.0446649,    -0.0121463
 23.2200000,    -0.0241620,     0.0052321,     0.0035623,    -0.0180492,     0.0433145,    -0.0131271
 23.2300000,    -0.0237878,     0.0045347,     0.0037098,    -0.0184076,     0.0421435,    -0.0134667
 23.2400000,    -0.0201347,     0.0028932,     0.0034299,    -0.0182957,     0.0410540,    -0.0130994
 23.2500000,    -0.0135401,     0.0004293,     0.0028259,    -0.0178888,     0.0399129,    -0.0120475
 23.2600000,    -0.0047942,    -0.0025710,     0.0020784,    -0.0173937,     0.0385919,    -0.0104138
 23.2700000,     0.0050350,    -0.0057168,     0.0013969,    -0.0169977,     0.0370071,    -0.0083590
 23.2800000,     0.0148262,    -0.0085899,     0.0009641,    -0.0168213,     0.0351458,    -0.0060714
 23.2900000,     0.0236264,    -0.0108256,     0.0008881,    -0.0168880,     0.0330750,    -0.0037338
 23.3000000,     0.0308204,    -0.0121762,     0.0011736,    -0.0171159,     0.0309277,    -0.0014964
 23.3100000,     0.0362127,    -0.0125449,     0.0017209,    -0.0173344,     0.0288721,     0.0005396
 23.3200000,     0.0400085,    -0.0119844,     0.0023503,    -0.0173209,     0.0270695,     0.0023251
 23.3300000,     0.0427041,    -0.0106637,     0.0028469,    -0.0168500,     0.0256342,     0.0038542
 23.3400000,     0.0449180,    -0.0088137,     0.0030132,    -0.0157429,     0.0246044,     0.0051463
 23.3500000,     0.0472076,    -0.0066676,     0.0027169,    -0.0139068,     0.0239317,     0.0062262
 23.3600000,     0.0499167,    -0.0044110,     0.0019199,    -0.0113564,     0.0234936,     0.0071062
 23.3700000,     0.0530889,    -0.0021532,     0.0006849,    -0.0082133,     0.0231244,     0.0077769
 23.3800000,     0.0564666,     0.0000741,    -0.0008447,    -0.0046843,     0.0226582,     0.0082065
 23.3900000,     0.0595691,     0.0022949,    -0.0024834,    -0.0010253,     0.0219715,     0.0083499
 23.4000000,     0.0618278,     0.0045516,    -0.0040494,     0.0025011,     0.0210157,     0.0081636
 23.4100000,     0.0627404,     0.0068655,    -0.0054084,     0.0056644,     0.0198305,     0.0076208
 23.4200000,     0.0620036,     0.0092082,    -0.0064992,     0.0082953,     0.0185345,     0.0067240
 23.4300000,     0.0595912,     0.0114925,    -0.0073396,     0.0102982,     0.0172952,     0.0055088
 23.4400000,     0.0557581,     0.0135852,    -0.0080079,     0.0116493,     0.0162869,     0.0040395
 23.4500000,     0.0509727,     0.0153396,    -0.0086079,     0.0123819,     0.0156457,     0.0023963
 23.4600000,     0.0457962,     0.0166352,    -0.0092275,     0.0125653,     0.0154345,     0.0006581
 23.4700000,     0.0407416,     0.0174155,    -0.0099020,     0.0122835,     0.0156264,    -0.0011144
 23.4800000,     0.0361494,     0.0177085,    -0.0105939,     0.0116196,     0.0161104,    -0.0028912
 23.4900000,     0.0321133,     0.0176257,    -0.0111943,     0.0106485,     0.0167189,    -0.0046768
 23.5000000,     0.0284715,     0.0173363,    -0.0115479,     0.0094371,     0.0172693,    -0.0065044
 23.5100000,     0.0248676,     0.0170231,    -0.0114927,     0.0080507,     0.0176086,    -0.0084219
 23.5200000,     0.0208619,     0.0168324,    -0.0109068,     0.0065604,     0.0176512,    -0.0104736
 23.5300000,     0.0160653,     0.0168303,    -0.0097478,     0.0050477,     0.0173979,    -0.0126816
 23.5400000,     0.0102589,     0.0169788,    -0.0080750,     0.0036018,     0.0169330,    -0.0150331
 23.5500000,     0.0034699,     0.0171389,    -0.0060467,     0.0023116,     0.0163995,    -0.0174768
 23.5600000,    -0.0040161,     0.0171025,    -0.0038936,     0.0012509,     0.0159590,    -0.0199297
 23.5700000,    -0.0117105,     0.0166442,    -0.0018733,     0.0004639,     0.0157461,    -0.0222925
 23.5800000,    -0.0190282,     0.0155823,    -0.0002172,    -0.0000469,     0.0158299,    -0.0244713
 23.5900000,    -0.0254208,     0.0138319,     0.0009176,    -0.0003243,     0.0161914,    -0.0263989
 23.6000000,    -0.0305006,     0.0114373,     0.0014789,    -0.0004501,     0.0167238,    -0.0280502
 23.6100000,    -0.0341260,     0.0085736,     0.0015260,    -0.0005291,     0.0172541,    -0.0294484
 23.6200000,    -0.0364266,     0.0055166,     0.0012100,    -0.0006656,     0.0175825,    -0.0306595
 23.6300000,    -0.0377618,     0.0025874,     0.0007338,    -0.0009396,     0.0175277,    -0.0317756
 23.6400000,    -0.0386242,     0.0000855,     0.0003018,    -0.0013854,     0.0169683,    -0.0328911
 23.6500000,    -0.0395116,    -0.0017747,     0.0000718,    -0.0019810,     0.0158693,    -0.0340775
 23.6600000,    -0.0407986,    -0.0029057,     0.0001215,    -0.0026483,     0.0142872,    -0.0353621
 23.6700000,    -0.0426392,    -0.0033599,     0.0004376,    -0.0032659,     0.0123539,    -0.0367164
 23.6800000,    -0.0449242,    -0.0033070,     0.0009301,    -0.0036913,     0.0102429,    -0.0380568
 23.6900000,    -0.0473003,    -0.0029842,     0.0014664,    -0.0037863,     0.0081281,    -0.0392578
 23.7000000,    -0.0492487,    -0.0026311,     0.0019174,    -0.0034408,     0.0061439,    -0.0401746
 23.7100000,    -0.0502011,    -0.0024250,     0.0022012,    -0.0025891,     0.0043598,    -0.0406705
 23.7200000,    -0.0496667,    -0.0024347,     0.0023148,    -0.0012166,     0.0027731,    -0.0406431
 23.7300000,    -0.0473408,    -0.0026031,     0.0023436,     0.0006451,     0.0013216,    -0.0400425
 23.7400000,    -0.0431717,    -0.0027649,     0.0024471,     0.0029308,    -0.0000869,    -0.0388796
 23.7500000,    -0.0373724,    -0.0026930,     0.0028238,     0.0055569,    -0.0015378,    -0.0372216
 23.7600000,    -0.0303786,    -0.0021639,     0.0036646,     0.0084362,    -0.0030756,    -0.0351766
 23.7700000,    -0.0227651,    -0.0010237,     0.0051059,     0.0114858,    -0.0046827,    -0.0328718
 23.7800000,    -0.0151430,     0.0007602,     0.0071955,     0.0146264,    -0.0062761,    -0.0304300
 23.7900000,    -0.0080612,     0.0030773,     0.0098779,     0.0177748,    -0.0077246,    -0.0279500
 23.8000000,    -0.0019338,     0.0056857,     0.0130042,     0.0208322,    -0.0088817,    -0.0254947
 23.8100000,     0.0029944,     0.0082560,     0.0163619,     0.0236734,    -0.0096253,    -0.0230893
 23.8200000,     0.0066417,     0.0104372,     0.0197184,     0.0261437,    -0.0098949,    -0.0207288
 23.8300000,     0.0090514,     0.0119274,     0.0228660,     0.0280651,    -0.0097145,    -0.0183919
 23.8400000,     0.0103371,     0.0125341,     0.0256565,     0.0292559,    -0.0091966,    -0.0160576
 23.8500000,     0.0106289,     0.0122088,     0.0280195,     0.0295597,    -0.0085245,    -0.0137187
 23.8600000,     0.0100371,     0.0110491,     0.0299571,     0.0288778,    -0.0079164,    -0.0113904
 23.8700000,     0.0086408,     0.0092689,     0.0315221,     0.0271997,    -0.0075808,    -0.0091101
 23.8800000,     0.0065034,     0.0071441,     0.0327824,     0.0246211,    -0.0076734,    -0.0069307
 23.8900000,     0.0037052,     0.0049496,     0.0337863,     0.0213458,    -0.0082651,    -0.0049074
 23.9000000,     0.0003813,     0.0029013,     0.0345352,     0.0176667,    -0.0093295,    -0.0030835
 23.9100000,    -0.0032514,     0.0011180,     0.0349755,     0.0139301,    -0.0107527,    -0.0014788
 23.9200000,    -0.0068898,    -0.0003889,     0.0350092,     0.0104864,    -0.0123615,    -0.0000826
 23.9300000,    -0.0101670,    -0.0016971,     0.0345233,     0.0076387,    -0.0139630,     0.0011451
 23.9400000,    -0.0127012,    -0.0029346,     0.0334272,     0.0055983,    -0.0153869,     0.0022659
 23.9500000,    -0.0141590,    -0.0042289,     0.0316918,     0.0044557,    -0.0165182,     0.0033500
 23.9600000,    -0.0143190,    -0.0056618,     0.0293743,     0.0041748,    -0.0173143,     0.0044617
 23.9700000,    -0.0131204,    -0.0072391,     0.0266261,     0.0046081,    -0.0178031,     0.0056466
 23.9800000,    -0.0106834,    -0.0088839,     0.0236764,     0.0055332,    -0.0180631,     0.0069244
 23.9900000,    -0.0072957,    -0.0104540,     0.0207968,     0.0066994,    -0.0181930,     0.0082877
 24.0000000,    -0.0033671,    -0.0117770,     0.0182545,     0.0078760,    -0.0182792,     0.0097082
 24.0100000,     0.0006384,    -0.0126933,     0.0162639,     0.0088917,    -0.0183695,     0.0111473
 24.0200000,     0.0042786,    -0.0130945,     0.0149500,     0.0096579,    -0.0184617,     0.0125681
 24.0300000,     0.0072015,    -0.0129463,     0.0143305,     0.0101714,    -0.0185082,     0.0139463
 24.0400000,     0.0091926,    -0.0122910,     0.0143220,     0.0104973,    -0.0184355,     0.0152764
 24.0500000,     0.0101928,    -0.0112293,     0.0147677,     0.0107386,    -0.0181723,     0.0165713
 24.0600000,     0.0102864,    -0.0098869,     0.0154798,     0.0109993,    -0.0176787,     0.0178569
 24.0700000,     0.0096649,    -0.0083780,     0.0162853,     0.0113505,    -0.0169659,     0.0191609
 24.0800000,     0.0085767,    -0.0067752,     0.0170646,     0.0118082,    -0.0161032,     0.0205022
 24.0900000,     0.0072758,    -0.0050960,     0.0177729,     0.0123259,    -0.0152073,     0.0218804
 24.1000000,     0.0059799,    -0.0033098,     0.0184398,     0.0128041,    -0.0144186,     0.0232715
 24.1100000,     0.0048450,    -0.0013645,     0.0191482,     0.0131130,    -0.0138691,     0.0246286
 24.1200000,     0.0039584,     0.0007769,     0.0199990,     0.0131220,    -0.0136516,     0.0258897
 24.1300000,     0.0033475,     0.0030980,     0.0210698,     0.0127288,    -0.0137986,     0.0269898
 24.1400000,     0.0029972,     0.0055036,     0.0223815,     0.0118813,    -0.0142764,     0.0278736
 24.1500000,     0.0028696,     0.0078144,     0.0238790,     0.0105867,    -0.0149965,     0.0285078
 24.1600000,     0.0029191,     0.0097861,     0.0254322,     0.0089086,    -0.0158411,     0.0288878
 24.1700000,     0.0031007,     0.0111501,     0.0268579,     0.0069514,    -0.0166971,     0.0290383
 24.1800000,     0.0033718,     0.0116663,     0.0279553,     0.0048387,    -0.0174876,     0.0290080
 24.1900000,     0.0036916,     0.0111757,     0.0285472,     0.0026906,    -0.0181937,     0.0288586
 24.2000000,     0.0040213,     0.0096385,     0.0285166,     0.0006060,    -0.0188597,     0.0286517
 24.2100000,     0.0043310,     0.0071488,     0.0278289,    -0.0013477,    -0.0195797,     0.0284372
 24.2200000,     0.0046117,     0.0039200,     0.0265358,    -0.0031342,    -0.0204694,     0.0282445
 24.2300000,     0.0048920,     0.0002450,     0.0247596,    -0.0047410,    -0.0216293,     0.0280802
 24.2400000,     0.0052528,    -0.0035605,     0.0226637,    -0.0061679,    -0.0231100,     0.0279313
 24.2500000,     0.0058327,    -0.0072179,     0.0204166,    -0.0074151,    -0.0248889,     0.0277729
 24.2600000,     0.0068188,    -0.0105334,     0.0181589,    -0.0084769,    -0.0268639,     0.0275789
 24.2700000,     0.0084192,    -0.0134229,     0.0159823,    -0.0093408,    -0.0288685,     0.0273311
 24.2800000,     0.0108197,    -0.0159090,     0.0139239,    -0.0099943,    -0.0307031,     0.0270265
 24.2900000,     0.0141318,    -0.0180899,     0.0119764,    -0.0104353,    -0.0321772,     0.0266776
 24.3000000,     0.0183434,    -0.0200921,     0.0101103,    -0.0106831,    -0.0331497,     0.0263093
 24.3100000,     0.0232858,    -0.0220168,     0.0082993,    -0.0107858,    -0.0335604,     0.0259504
 24.3200000,     0.0286272,    -0.0238982,     0.0065426,    -0.0108197,    -0.0334417,     0.0256233
 24.3300000,     0.0338989,    -0.0256826,     0.0048742,    -0.0108807,    -0.0329091,     0.0253353
 24.3400000,     0.0385547,    -0.0272363,     0.0033587,    -0.0110685,    -0.0321331,     0.0250730
 24.3500000,     0.0420517,    -0.0283799,     0.0020727,    -0.0114662,    -0.0312981,     0.0248023
 24.3600000,     0.0439404,    -0.0289389,     0.0010783,    -0.0121222,    -0.0305601,     0.0244743
 24.3700000,     0.0439439,    -0.0287999,     0.0003958,    -0.0130373,    -0.0300122,     0.0240357
 24.3800000,     0.0420095,    -0.0279536,    -0.0000154,    -0.0141623,    -0.0296683,     0.0234413
 24.3900000,     0.0383208,    -0.0265144,    -0.0002609,    -0.0154073,    -0.0294665,     0.0226660
 24.4000000,     0.0332660,    -0.0247097,    -0.0004973,    -0.0166606,    -0.0292932,     0.0217125
 24.4100000,     0.0273683,    -0.0228387,    -0.0009039,    -0.0178141,    -0.0290195,     0.0206133
 24.4200000,     0.0211930,    -0.0212122,    -0.0016437,    -0.0187880,    -0.0285409,     0.0194264
 24.4300000,     0.0152502,    -0.0200856,    -0.0028259,    -0.0195504,    -0.0278101,     0.0182239
 24.4400000,     0.0099137,    -0.0196028,    -0.0044773,    -0.0201253,    -0.0268533,     0.0170785
 24.4500000,     0.0053738,    -0.0197645,    -0.0065324,    -0.0205879,    -0.0257665,     0.0160481
 24.4600000,     0.0016312,    -0.0204289,    -0.0088438,    -0.0210469,    -0.0246922,     0.0151640
 24.4700000,    -0.0014671,    -0.0213448,    -0.0112116,    -0.0216191,    -0.0237833,     0.0144240
 24.4800000,    -0.0041620,    -0.0222101,    -0.0134261,    -0.0223997,    -0.0231626,     0.0137925
 24.4900000,    -0.0067021,    -0.0227392,    -0.0153118,    -0.0234380,    -0.0228899,     0.0132075
 24.5000000,    -0.0092706,    -0.0227247,    -0.0167634,    -0.0247213,    -0.0229449,     0.0125924
 24.5100000,    -0.0119366,    -0.0220781,    -0.0177648,    -0.0261725,    -0.0232301,     0.0118712
 24.5200000,    -0.0146411,    -0.0208387,    -0.0183860,    -0.0276610,    -0.0235939,     0.0109823
 24.5300000,    -0.0172212,    -0.0191514,    -0.0187593,    -0.0290237,    -0.0238682,     0.0098903
 24.5400000,    -0.0194638,    -0.0172175,    -0.0190410,    -0.0300928,    -0.0239096,     0.0085905
 24.5500000,    -0.0211748,    -0.0152344,    -0.0193688,    -0.0307220,    -0.0236352,     0.0071097
 24.5600000,    -0.0222439,    -0.0133385,    -0.0198249,    -0.0308076,    -0.0230427,     0.0054991
 24.5700000,    -0.0226891,    -0.0115670,    -0.0204161,    -0.0302994,    -0.0222091,     0.0038248
 24.5800000,    -0.0226673,    -0.0098483,    -0.0210737,    -0.0291997,    -0.0212700,     0.0021560
 24.5900000,    -0.0224484,    -0.0080234,    -0.0216750,    -0.0275532,    -0.0203826,     0.0005544
 24.6000000,    -0.0223589,    -0.0058928,    -0.0220793,    -0.0254304,    -0.0196838,    -0.0009342
 24.6100000,    -0.0227073,    -0.0032754,    -0.0221695,    -0.0229102,    -0.0192530,    -0.0022833
 24.6200000,    -0.0237111,    -0.0000647,    -0.0218879,    -0.0200658,    -0.0190906,    -0.0034857
 24.6300000,    -0.0254414,     0.0037342,    -0.0212555,    -0.0169574,    -0.0191167,    -0.0045497
 24.6400000,    -0.0278002,     0.0079945,    -0.0203714,    -0.0136328,    -0.0191918,    -0.0054929
 24.6500000,    -0.0305341,     0.0124901,    -0.0193898,    -0.0101349,    -0.0191537,    -0.0063358
 24.6600000,    -0.0332833,     0.0169429,    -0.0184815,    -0.0065127,    -0.0188617,    -0.0070959
 24.6700000,    -0.0356522,     0.0210832,    -0.0177891,    -0.0028310,    -0.0182367,    -0.0077839
 24.6800000,    -0.0372867,     0.0247078,    -0.0173877,     0.0008235,    -0.0172864,    -0.0084021
 24.6900000,    -0.0379405,     0.0277203,    -0.0172614,     0.0043441,    -0.0161103,    -0.0089449
 24.7000000,    -0.0375155,     0.0301428,    -0.0173023,     0.0076126,    -0.0148805,    -0.0094011
 24.7100000,    -0.0360697,     0.0320961,    -0.0173323,     0.0105143,    -0.0138054,    -0.0097565
 24.7200000,    -0.0337922,     0.0337534,    -0.0171439,     0.0129546,    -0.0130822,    -0.0099971
 24.7300000,    -0.0309536,     0.0352797,    -0.0165487,     0.0148749,    -0.0128516,    -0.0101115
 24.7400000,    -0.0278448,     0.0367731,    -0.0154235,     0.0162614,    -0.0131641,    -0.0100934
 24.7500000,    -0.0247195,     0.0382248,    -0.0137412,     0.0171477,    -0.0139674,    -0.0099426
 24.7600000,    -0.0217530,     0.0395068,    -0.0115801,     0.0176077,    -0.0151153,    -0.0096662
 24.7700000,    -0.0190241,     0.0403950,    -0.0091079,     0.0177428,    -0.0163984,    -0.0092790
 24.7800000,    -0.0165234,     0.0406193,    -0.0065461,     0.0176658,    -0.0175866,    -0.0088041
 24.7900000,    -0.0141806,     0.0399313,    -0.0041221,     0.0174847,    -0.0184753,    -0.0082717
 24.8000000,    -0.0119012,     0.0381719,    -0.0020212,     0.0172919,    -0.0189226,    -0.0077181
 24.8100000,    -0.0096026,     0.0353213,    -0.0003503,     0.0171583,    -0.0188707,    -0.0071832
 24.8200000,    -0.0072382,     0.0315193,     0.0008783,     0.0171345,    -0.0183480,    -0.0067064
 24.8300000,    -0.0048046,     0.0270492,     0.0017392,     0.0172568,    -0.0174508,    -0.0063219
 24.8400000,    -0.0023320,     0.0222895,     0.0023662,     0.0175543,    -0.0163133,    -0.0060544
 24.8500000,     0.0001375,     0.0176429,     0.0029093,     0.0180550,    -0.0150724,    -0.0059146
 24.8600000,     0.0025752,     0.0134605,     0.0034908,     0.0187864,    -0.0138373,    -0.0058967
 24.8700000,     0.0049855,     0.0099783,     0.0041686,     0.0197717,    -0.0126716,    -0.0059790
 24.8800000,     0.0074120,     0.0072808,     0.0049186,     0.0210198,    -0.0115904,    -0.0061267
 24.8900000,     0.0099294,     0.0052984,     0.0056375,     0.0225136,    -0.0105729,    -0.0062977
 24.9000000,     0.0126202,     0.0038408,     0.0061679,     0.0241993,    -0.0095842,    -0.0064504
 24.9100000,     0.0155449,     0.0026539,     0.0063363,     0.0259811,    -0.0086001,    -0.0065518
 24.9200000,     0.0187140,     0.0014890,     0.0059965,     0.0277236,    -0.0076259,    -0.0065844
 24.9300000,     0.0220698,     0.0001646,     0.0050662,     0.0292632,    -0.0067038,    -0.0065508
 24.9400000,     0.0254856,    -0.0013921,     0.0035485,     0.0304275,    -0.0059065,    -0.0064738
 24.9500000,     0.0287819,    -0.0031339,     0.0015332,     0.0310588,    -0.0053180,    -0.0063937
 24.9600000,     0.0317580,    -0.0049140,    -0.0008216,     0.0310365,    -0.0050083,    -0.0063610
 24.9700000,     0.0342287,    -0.0065298,    -0.0033226,     0.0302954,    -0.0050079,    -0.0064276
 24.9800000,     0.0360590,    -0.0077805,    -0.0057804,     0.0288340,    -0.0052912,    -0.0066372
 24.9900000,     0.0371851,    -0.0085204,    -0.0080445,     0.0267120,    -0.0057734,    -0.0070177
 25.0000000,     0.0376172,    -0.0086958,    -0.0100266,     0.0240378,    -0.0063236,    -0.0075759
 25.0100000,     0.0374234,    -0.0083569,    -0.0117057,     0.0209486,    -0.0067898,    -0.0082969
 25.0200000,     0.0366980,    -0.0076410,    -0.0131172,     0.0175884,    -0.0070323,    -0.0091468
 25.0300000,     0.0355250,    -0.0067350,    -0.0143275,     0.0140885,    -0.0069547,    -0.0100793
 25.0400000,     0.0339461,    -0.0058256,    -0.0154036,     0.0105542,    -0.0065258,    -0.0110437
 25.0500000,     0.0319433,    -0.0050526,    -0.0163862,     0.0070614,    -0.0057858,    -0.0119934
 25.0600000,     0.0294426,    -0.0044764,    -0.0172721,     0.0036620,    -0.0048357,    -0.0128917
 25.0700000,     0.0263383,    -0.0040684,    -0.0180130,     0.0003948,    -0.0038107,    -0.0137162
 25.0800000,     0.0225340,    -0.0037265,    -0.0185278,    -0.0027003,    -0.0028466,    -0.0144593
 25.0900000,     0.0179877,    -0.0033095,    -0.0187266,    -0.0055711,    -0.0020458,    -0.0151251
 25.1000000,     0.0127513,    -0.0026812,    -0.0185385,    -0.0081480,    -0.0014525,    -0.0157254
 25.1100000,     0.0069928,    -0.0017519,    -0.0179347,    -0.0103471,    -0.0010435,    -0.0162741
 25.1200000,     0.0009927,    -0.0005056,    -0.0169413,    -0.0120810,    -0.0007370,    -0.0167822
 25.1300000,    -0.0048842,     0.0009941,    -0.0156376,    -0.0132739,    -0.0004167,    -0.0172551
 25.1400000,    -0.0102378,     0.0026204,    -0.0141397,    -0.0138787,     0.0000343,    -0.0176913
 25.1500000,    -0.0146923,     0.0042173,    -0.0125746,    -0.0138888,     0.0007002,    -0.0180830
 25.1600000,    -0.0179524,     0.0056408,    -0.0110516,    -0.0133432,     0.0016077,    -0.0184195
 25.1700000,    -0.0198452,     0.0067966,    -0.0096382,    -0.0123217,     0.0027160,    -0.0186895
 25.1800000,    -0.0203383,     0.0076624,    -0.0083480,    -0.0109318,     0.0039271,    -0.0188844
 25.1900000,    -0.0195325,     0.0082901,    -0.0071429,    -0.0092896,     0.0051101,    -0.0189995
 25.2000000,    -0.0176313,     0.0087859,    -0.0059500,    -0.0075013,     0.0061376,    -0.0190351
 25.2100000,    -0.0148967,     0.0092751,    -0.0046878,    -0.0056472,     0.0069213,    -0.0189951
 25.2200000,    -0.0116032,     0.0098613,    -0.0032953,    -0.0037755,     0.0074393,    -0.0188861
 25.2300000,    -0.0079994,     0.0105909,    -0.0017553,    -0.0019050,     0.0077474,    -0.0187152
 25.2400000,    -0.0042867,     0.0114340,    -0.0001061,    -0.0000378,     0.0079700,    -0.0184899
 25.2500000,    -0.0006167,     0.0122868,     0.0015617,     0.0018235,     0.0082734,    -0.0182168
 25.2600000,     0.0028954,     0.0129954,     0.0031243,     0.0036571,     0.0088273,    -0.0179032
 25.2700000,     0.0061502,     0.0133945,     0.0044521,     0.0054093,     0.0097636,    -0.0175573
 25.2800000,     0.0090435,     0.0133504,     0.0054417,     0.0069914,     0.0111429,    -0.0171893
 25.2900000,     0.0114571,     0.0127966,     0.0060410,     0.0082880,     0.0129370,    -0.0168111
 25.3000000,     0.0132643,     0.0117517,     0.0062629,     0.0091759,     0.0150319,    -0.0164349
 25.3100000,     0.0143508,     0.0103137,     0.0061835,     0.0095505,     0.0172509,    -0.0160713
 25.3200000,     0.0146446,     0.0086326,     0.0059242,     0.0093520,     0.0193913,    -0.0157255
 25.3300000,     0.0141455,     0.0068677,     0.0056226,     0.0085866,     0.0212675,    -0.0153952
 25.3400000,     0.0129435,     0.0051415,     0.0054004,     0.0073356,     0.0227490,    -0.0150684
 25.3500000,     0.0112177,     0.0035036,     0.0053345,     0.0057503,     0.0237842,    -0.0147238
 25.3600000,     0.0092115,     0.0019142,     0.0054399,     0.0040321,     0.0244061,    -0.0143333
 25.3700000,     0.0071871,     0.0002548,     0.0056675,     0.0024015,     0.0247173,    -0.0138662
 25.3800000,     0.0053687,    -0.0016374,     0.0059184,     0.0010623,     0.0248609,    -0.0132959
 25.3900000,     0.0038885,    -0.0039174,     0.0060690,     0.0001687,     0.0249823,    -0.0126051
 25.4000000,     0.0027489,    -0.0066770,     0.0060023,    -0.0001994,     0.0251944,    -0.0117912
 25.4100000,     0.0018134,    -0.0099001,     0.0056364,    -0.0000458,     0.0255527,    -0.0108680
 25.4200000,     0.0008321,    -0.0134420,     0.0049437,     0.0005475,     0.0260473,    -0.0098650
 25.4300000,    -0.0005023,    -0.0170386,     0.0039565,     0.0014400,     0.0266123,    -0.0088228
 25.4400000,    -0.0024783,    -0.0203467,     0.0027589,     0.0024613,     0.0271496,    -0.0077869
 25.4500000,    -0.0052862,    -0.0230064,     0.0014668,     0.0034419,     0.0275599,    -0.0067997
 25.4600000,    -0.0089546,    -0.0247125,     0.0002023,     0.0042407,     0.0277733,    -0.0058933
 25.4700000,    -0.0133198,    -0.0252773,    -0.0009299,     0.0047617,     0.0277694,    -0.0050849
 25.4800000,    -0.0180373,    -0.0246721,    -0.0018598,     0.0049600,     0.0275840,    -0.0043752
 25.4900000,    -0.0226365,    -0.0230353,    -0.0025582,     0.0048352,     0.0272989,    -0.0037498
 25.5000000,    -0.0266067,    -0.0206460,    -0.0030314,     0.0044170,     0.0270196,    -0.0031848
 25.5100000,    -0.0294994,    -0.0178694,    -0.0033071,     0.0037471,     0.0268463,    -0.0026525
 25.5200000,    -0.0310217,    -0.0150851,    -0.0034178,     0.0028636,     0.0268465,    -0.0021288
 25.5300000,    -0.0311010,    -0.0126173,    -0.0033856,     0.0017914,     0.0270372,    -0.0015971
 25.5400000,    -0.0299055,    -0.0106790,    -0.0032149,     0.0005414,     0.0273807,    -0.0010505
 25.5500000,    -0.0278138,    -0.0093456,    -0.0028949,    -0.0008826,     0.0277967,    -0.0004902
 25.5600000,    -0.0253401,    -0.0085605,    -0.0024105,    -0.0024709,     0.0281855,     0.0000787
 25.5700000,    -0.0230304,    -0.0081701,    -0.0017593,    -0.0041955,     0.0284572,     0.0006534
 25.5800000,    -0.0213508,    -0.0079780,    -0.0009679,    -0.0060003,     0.0285589,     0.0012386
 25.5900000,    -0.0205939,    -0.0078038,    -0.0001020,    -0.0077999,     0.0284916,     0.0018506
 25.6000000,    -0.0208216,    -0.0075318,     0.0007335,    -0.0094865,     0.0283126,     0.0025169
 25.6100000,    -0.0218564,    -0.0071380,     0.0014070,    -0.0109450,     0.0281219,     0.0032733
 25.6200000,    -0.0233231,    -0.0066888,     0.0017828,    -0.0120728,     0.0280364,     0.0041562
 25.6300000,    -0.0247300,    -0.0063146,     0.0017489,    -0.0127994,     0.0281583,     0.0051945
 25.6400000,    -0.0255708,    -0.0061654,     0.0012432,    -0.0131008,     0.0285449,     0.0064006
 25.6500000,    -0.0254258,    -0.0063615,     0.0002713,    -0.0130053,     0.0291900,     0.0077646
 25.6600000,    -0.0240412,    -0.0069527,    -0.0010895,    -0.0125892,     0.0300189,     0.0092515
 25.6700000,    -0.0213695,    -0.0078976,    -0.0027017,    -0.0119626,     0.0309020,     0.0108046
 25.6800000,    -0.0175670,    -0.0090662,    -0.0043924,    -0.0112494,     0.0316803,     0.0123523
 25.6900000,    -0.0129500,    -0.0102673,    -0.0059859,    -0.0105646,     0.0322002,     0.0138192
 25.7000000,    -0.0079238,    -0.0112904,    -0.0073366,    -0.0099962,     0.0323463,     0.0151372
 25.7100000,    -0.0029004,    -0.0119528,    -0.0083550,    -0.0095926,     0.0320659,     0.0162566
 25.7200000,     0.0017751,    -0.0121368,    -0.0090182,    -0.0093601,     0.0313786,     0.0171525
 25.7300000,     0.0058754,    -0.0118102,    -0.0093665,    -0.0092683,     0.0303698,     0.0178270
 25.7400000,     0.0093106,    -0.0110227,    -0.0094834,    -0.0092617,     0.0291695,     0.0183062
 25.7500000,     0.0121166,    -0.0098812,    -0.0094669,    -0.0092744,     0.0279218,     0.0186326
 25.7600000,     0.0144182,    -0.0085111,    -0.0094001,    -0.0092428,     0.0267543,     0.0188551
 25.7700000,     0.0163804,    -0.0070152,    -0.0093265,    -0.0091139,     0.0257528,     0.0190193
 25.7800000,     0.0181595,    -0.0054418,    -0.0092405,    -0.0088482,     0.0249496,     0.0191592
 25.7900000,     0.0198675,    -0.0037722,    -0.0090916,    -0.0084175,     0.0243251,     0.0192932
 25.8000000,     0.0215546,    -0.0019294,    -0.0088044,    -0.0077997,     0.0238237,     0.0194245
 25.8100000,     0.0232112,     0.0001907,    -0.0083072,    -0.0069746,     0.0233766,     0.0195452
 25.8200000,     0.0247854,     0.0026777,    -0.0075610,    -0.0059227,     0.0229269,     0.0196430
 25.8300000,     0.0262072,     0.0055632,    -0.0065825,    -0.0046298,     0.0224477,     0.0197092
 25.8400000,     0.0274107,     0.0087898,    -0.0054513,    -0.0030961,     0.0219507,     0.0197443
 25.8500000,     0.0283478,     0.0122018,    -0.0043010,    -0.0013476,     0.0214807,     0.0197609
 25.8600000,     0.0289906,     0.0155610,    -0.0032945,     0.0005527,     0.0210995,     0.0197829
 25.8700000,     0.0293235,     0.0185861,    -0.0025889,     0.0024994,     0.0208633,     0.0198406
 25.8800000,     0.0293305,     0.0210058,    -0.0022987,     0.0043479,     0.0208009,     0.0199635
 25.8900000,     0.0289855,     0.0226137,    -0.0024680,     0.0059280,     0.0208977,     0.0201729
 25.9000000,     0.0282499,     0.0233118,    -0.0030560,     0.0070654,     0.0210921,     0.0204753
 25.9100000,     0.0270824,     0.0231304,    -0.0039435,     0.0076098,     0.0212845,     0.0208589
 25.9200000,     0.0254586,     0.0222202,    -0.0049560,     0.0074618,     0.0213578,     0.0212945
 25.9300000,     0.0233954,     0.0208182,    -0.0059007,     0.0065934,     0.0212026,     0.0217395
 25.9400000,     0.0209717,     0.0191948,    -0.0066070,     0.0050576,     0.0207429,     0.0221452
 25.9500000,     0.0183374,     0.0175949,    -0.0069612,     0.0029819,     0.0199534,     0.0224652
 25.9600000,     0.0157036,     0.0161879,    -0.0069272,     0.0005496,     0.0188647,     0.0226625
 25.9700000,     0.0133133,     0.0150375,    -0.0065490,    -0.0020317,     0.0175548,     0.0227146
 25.9800000,     0.0113966,     0.0140986,    -0.0059335,    -0.0045641,     0.0161296,     0.0226147
 25.9900000,     0.0101191,     0.0132404,    -0.0052201,    -0.0068923,     0.0146961,     0.0223700
 26.0000000,     0.0095363,     0.0122903,    -0.0045441,    -0.0089247,     0.0133372,     0.0219959
 26.0100000,     0.0095665,     0.0110861,    -0.0040040,    -0.0106419,     0.0120930,     0.0215102
 26.0200000,     0.0099903,     0.0095229,    -0.0036410,    -0.0120886,     0.0109543,     0.0209261
 26.0300000,     0.0104807,     0.0075832,    -0.0034351,    -0.0133518,     0.0098699,     0.0202486
 26.0400000,     0.0106593,     0.0053433,    -0.0033198,    -0.0145316,     0.0087647,     0.0194728
 26.0500000,     0.0101677,     0.0029540,    -0.0032088,    -0.0157115,     0.0075645,     0.0185857
 26.0600000,     0.0087394,     0.0006024,    -0.0030279,    -0.0169348,     0.0062200,     0.0175708
 26.0700000,     0.0062558,    -0.0015362,    -0.0027434,    -0.0181932,     0.0047230,     0.0164142
 26.0800000,     0.0027734,    -0.0033413,    -0.0023774,    -0.0194302,     0.0031120,     0.0151104
 26.0900000,    -0.0014829,    -0.0047769,    -0.0020050,    -0.0205571,     0.0014635,     0.0136665
 26.1000000,    -0.0061617,    -0.0058974,    -0.0017358,    -0.0214778,    -0.0001272,     0.0121041
 26.1100000,    -0.0108508,    -0.0068305,    -0.0016805,    -0.0221149,    -0.0015706,     0.0104583
 26.1200000,    -0.0151523,    -0.0077420,    -0.0019151,    -0.0224309,    -0.0028065,     0.0087735
 26.1300000,    -0.0187508,    -0.0087902,    -0.0024498,    -0.0224380,    -0.0038196,     0.0070979
 26.1400000,    -0.0214596,    -0.0100843,    -0.0032131,    -0.0221948,    -0.0046423,     0.0054779
 26.1500000,    -0.0232347,    -0.0116558,    -0.0040559,    -0.0217894,    -0.0053444,     0.0039527
 26.1600000,    -0.0241574,    -0.0134510,    -0.0047764,    -0.0213158,    -0.0060114,     0.0025509
 26.1700000,    -0.0243891,    -0.0153452,    -0.0051601,    -0.0208468,    -0.0067184,     0.0012890
 26.1800000,    -0.0241150,    -0.0171750,    -0.0050267,    -0.0204140,    -0.0075054,     0.0001722
 26.1900000,    -0.0234888,    -0.0187786,    -0.0042719,    -0.0199979,    -0.0083625,    -0.0008039
 26.2000000,    -0.0225958,    -0.0200342,    -0.0028943,    -0.0195325,    -0.0092282,    -0.0016513
 26.2100000,    -0.0214422,    -0.0208854,    -0.0010001,    -0.0189235,    -0.0100032,    -0.0023873
 26.2200000,    -0.0199729,    -0.0213475,     0.0012151,    -0.0180748,    -0.0105760,    -0.0030335
 26.2300000,    -0.0181121,    -0.0214936,     0.0035057,    -0.0169179,    -0.0108535,    -0.0036154
 26.2400000,    -0.0158137,    -0.0214251,     0.0056249,    -0.0154349,    -0.0107896,    -0.0041622
 26.2500000,    -0.0131068,    -0.0212349,     0.0073737,    -0.0136702,    -0.0104036,    -0.0047065
 26.2600000,    -0.0101212,    -0.0209754,     0.0086389,    -0.0117267,    -0.0097823,    -0.0052828
 26.2700000,    -0.0070848,    -0.0206390,     0.0094096,    -0.0097463,    -0.0090659,    -0.0059246
 26.2800000,    -0.0042893,    -0.0201582,     0.0097716,    -0.0078802,    -0.0084192,    -0.0066605
 26.2900000,    -0.0020336,    -0.0194254,     0.0098801,    -0.0062545,    -0.0079949,    -0.0075089
 26.3000000,    -0.0005557,    -0.0183269,     0.0099184,    -0.0049403,    -0.0078992,    -0.0084733
 26.3100000,     0.0000277,    -0.0167821,     0.0100533,    -0.0039359,    -0.0081664,    -0.0095393
 26.3200000,    -0.0002406,    -0.0147760,     0.0103981,    -0.0031644,    -0.0087500,    -0.0106738
 26.3300000,    -0.0011551,    -0.0123762,     0.0109914,    -0.0024897,    -0.0095329,    -0.0118276
 26.3400000,    -0.0023813,    -0.0097283,     0.0117962,    -0.0017459,    -0.0103537,    -0.0129414
 26.3500000,    -0.0035212,    -0.0070297,     0.0127182,    -0.0007743,    -0.0110439,    -0.0139542
 26.3600000,    -0.0041968,    -0.0044879,     0.0136367,     0.0005406,    -0.0114658,    -0.0148123
 26.3700000,    -0.0041330,    -0.0022732,     0.0144401,     0.0022437,    -0.0115432,    -0.0154779
 26.3800000,    -0.0032208,    -0.0004790,     0.0150552,     0.0042979,    -0.0112769,    -0.0159355
 26.3900000,    -0.0015470,     0.0009003,     0.0154628,     0.0065894,    -0.0107409,    -0.0161933
 26.4000000,     0.0006183,     0.0019680,     0.0156959,     0.0089494,    -0.0100623,    -0.0162816
 26.4100000,     0.0028723,     0.0028979,     0.0158220,     0.0111869,    -0.0093881,    -0.0162467
 26.4200000,     0.0047593,     0.0038896,     0.0159143,     0.0131247,    -0.0088489,    -0.0161417
 26.4300000,     0.0058600,     0.0051156,     0.0160222,     0.0146308,    -0.0085280,    -0.0160169
 26.4400000,     0.0058742,     0.0066741,     0.0161486,     0.0156397,    -0.0084439,    -0.0159114
 26.4500000,     0.0046768,     0.0085594,     0.0162421,     0.0161579,    -0.0085498,    -0.0158472
 26.4600000,     0.0023392,     0.0106576,     0.0162077,     0.0162558,    -0.0087503,    -0.0158273
 26.4700000,    -0.0008890,     0.0127694,     0.0159323,     0.0160481,    -0.0089299,    -0.0158378
 26.4800000,    -0.0046296,     0.0146550,     0.0153197,     0.0156676,    -0.0089865,    -0.0158529
 26.4900000,    -0.0084458,     0.0160901,     0.0143255,     0.0152407,    -0.0088603,    -0.0158421
 26.5000000,    -0.0119156,     0.0169193,     0.0129810,     0.0148685,    -0.0085504,    -0.0157771
 26.5100000,    -0.0146939,     0.0170939,     0.0113996,     0.0146173,    -0.0081156,    -0.0156372
 26.5200000,    -0.0165514,     0.0166853,     0.0097614,     0.0145194,    -0.0076584,    -0.0154118
 26.5300000,    -0.0173867,     0.0158700,     0.0082798,     0.0145810,    -0.0072978,    -0.0150997
 26.5400000,    -0.0172122,     0.0148893,     0.0071558,     0.0147947,    -0.0071369,    -0.0147058
 26.5500000,    -0.0161238,     0.0139955,     0.0065325,     0.0151495,    -0.0072346,    -0.0142365
 26.5600000,    -0.0142636,     0.0133953,     0.0064598,     0.0156373,    -0.0075893,    -0.0136950
 26.5700000,    -0.0117875,     0.0132055,     0.0068789,     0.0162517,    -0.0081384,    -0.0130776
 26.5800000,    -0.0088445,     0.0134309,     0.0076321,     0.0169812,    -0.0087743,    -0.0123739
 26.5900000,    -0.0055721,     0.0139690,     0.0084950,     0.0177997,    -0.0093716,    -0.0115680
 26.6000000,    -0.0021033,     0.0146402,     0.0092249,     0.0186572,    -0.0098208,    -0.0106440
 26.6100000,     0.0014198,     0.0152349,     0.0096138,     0.0194767,    -0.0100563,    -0.0095914
 26.6200000,     0.0048351,     0.0155660,     0.0095342,     0.0201591,    -0.0100742,    -0.0084112
 26.6300000,     0.0079591,     0.0155137,     0.0089661,     0.0205968,    -0.0099335,    -0.0071192
 26.6400000,     0.0105987,     0.0150521,     0.0079991,     0.0206944,    -0.0097403,    -0.0057477
 26.6500000,     0.0125766,     0.0142519,     0.0068093,     0.0203908,    -0.0096202,    -0.0043426
 26.6600000,     0.0137628,     0.0132586,     0.0056166,     0.0196791,    -0.0096838,    -0.0029583
 26.6700000,     0.0141056,     0.0122549,     0.0046331,     0.0186158,    -0.0099966,    -0.0016504
 26.6800000,     0.0136519,     0.0114144,     0.0040147,     0.0173197,    -0.0105595,    -0.0004674
 26.6900000,     0.0125489,     0.0108611,     0.0038277,     0.0159551,    -0.0113059,     0.0005557
 26.7000000,     0.0110261,     0.0106424,     0.0040383,     0.0147061,    -0.0121160,     0.0014018
 26.7100000,     0.0093585,     0.0107238,     0.0045267,     0.0137436,    -0.0128453,     0.0020733
 26.7200000,     0.0078197,     0.0110029,     0.0051222,     0.0131948,    -0.0133592,     0.0025891
 26.7300000,     0.0066341,     0.0113399,     0.0056491,     0.0131194,    -0.0135662,     0.0029802
 26.7400000,     0.0059415,     0.0115951,     0.0059736,     0.0135005,    -0.0134408,     0.0032830
 26.7500000,     0.0057799,     0.0116629,     0.0060370,     0.0142503,    -0.0130301,     0.0035329
 26.7600000,     0.0060928,     0.0114944,     0.0058700,     0.0152298,    -0.0124431,     0.0037581
 26.7700000,     0.0067568,     0.0111025,     0.0055827,     0.0162793,    -0.0118250,     0.0039763
 26.7800000,     0.0076225,     0.0105502,     0.0053347,     0.0172505,    -0.0113237,     0.0041932
 26.7900000,     0.0085586,     0.0099261,     0.0052918,     0.0180349,    -0.0110558,     0.0044037
 26.8000000,     0.0094853,     0.0093146,     0.0055816,     0.0185813,    -0.0110820,     0.0045941
 26.8100000,     0.0103900,     0.0087696,     0.0062590,     0.0188984,    -0.0113968,     0.0047457
 26.8200000,     0.0113211,     0.0082999,     0.0072897,     0.0190433,    -0.0119354,     0.0048383
 26.8300000,     0.0123603,     0.0078688,     0.0085561,     0.0190989,    -0.0125950,     0.0048527
 26.8400000,     0.0135831,     0.0074079,     0.0098843,     0.0191454,    -0.0132654,     0.0047729
 26.8500000,     0.0150187,     0.0068406,     0.0110835,     0.0192337,    -0.0138603,     0.0045870
 26.8600000,     0.0166197,     0.0061079,     0.0119899,     0.0193669,    -0.0143412,     0.0042876
 26.8700000,     0.0182529,     0.0051879,     0.0125018,     0.0194939,    -0.0147277,     0.0038720
 26.8800000,     0.0197142,     0.0041033,     0.0125991,     0.0195163,    -0.0150924,     0.0033422
 26.8900000,     0.0207650,     0.0029146,     0.0123419,     0.0193066,    -0.0155406,     0.0027047
 26.9000000,     0.0211827,     0.0017005,     0.0118492,     0.0187334,    -0.0161815,     0.0019713
 26.9100000,     0.0208113,     0.0005321,     0.0112639,     0.0176870,    -0.0170979,     0.0011585
 26.9200000,     0.0196004,    -0.0005529,     0.0107139,     0.0161000,    -0.0183217,     0.0002873
 26.9300000,     0.0176222,    -0.0015653,     0.0102790,     0.0139590,    -0.0198232,    -0.0006189
 26.9400000,     0.0150598,    -0.0025654,     0.0099720,     0.0113045,    -0.0215145,    -0.0015352
 26.9500000,     0.0121713,    -0.0036477,     0.0097399,     0.0082223,    -0.0232677,    -0.0024385
 26.9600000,     0.0092360,    -0.0049120,     0.0094824,     0.0048272,    -0.0249425,    -0.0033093
 26.9700000,     0.0064961,    -0.0064296,     0.0090848,     0.0012454,    -0.0264154,    -0.0041332
 26.9800000,     0.0041091,    -0.0082121,     0.0084539,    -0.0023999,    -0.0276041,    -0.0049017
