Q , F(Q)_RMC, F(Q)_Expt
  0.800000000000000       ,   -1.12124911627892       ,  -0.552017454704327     
  0.810000000000000       ,   -1.14649308259363       ,  -0.752184665950137     
  0.820000000000000       ,   -1.17274430767437       ,  -0.928621287126235     
  0.830000000000000       ,   -1.19170172295821       ,   -1.05957681498994     
  0.840000000000000       ,   -1.19660767480030       ,   -1.13118995306967     
  0.850000000000000       ,   -1.18442851163782       ,   -1.14066513881188     
  0.860000000000000       ,   -1.15713814862626       ,   -1.09715273665407     
  0.870000000000000       ,   -1.12162437854305       ,   -1.01997619226916     
  0.880000000000000       ,   -1.08806438800229       ,  -0.934430958912388     
  0.890000000000000       ,   -1.06701502596592       ,  -0.865946572699952     
  0.900000000000000       ,   -1.06583759796569       ,  -0.833825051902905     
  0.910000000000000       ,   -1.08532851357022       ,  -0.845942542689533     
  0.920000000000000       ,   -1.11748215913925       ,  -0.895674793496960     
  0.930000000000000       ,   -1.14514083917774       ,  -0.961893756000704     
  0.940000000000000       ,   -1.14391220450354       ,   -1.01226030678834     
  0.950000000000000       ,   -1.08623194880203       ,   -1.00933437417373     
  0.960000000000000       ,  -0.946929119642140       ,  -0.918389163525698     
  0.970000000000000       ,  -0.709234690140747       ,  -0.715391422861435     
  0.980000000000000       ,  -0.369965389194177       ,  -0.393494285906540     
  0.990000000000000       ,   5.732411867127402E-002  ,   3.338154098456302E-002
   1.00000000000000       ,   0.542094034066853       ,   0.530766828885980     
   1.01000000000000       ,    1.03980375232796       ,    1.04781454942785     
   1.02000000000000       ,    1.49780433051198       ,    1.52478515781084     
   1.03000000000000       ,    1.86320007061035       ,    1.90253285418503     
   1.04000000000000       ,    2.09129350291615       ,    2.13225671440561     
   1.05000000000000       ,    2.15305176352419       ,    2.18370164757231     
   1.06000000000000       ,    2.04017141848717       ,    2.05027686001163     
   1.07000000000000       ,    1.76675064657388       ,    1.75014644711846     
   1.08000000000000       ,    1.36721639927989       ,    1.32311737008262     
   1.09000000000000       ,   0.890868672591309       ,   0.823946732287210     
   1.10000000000000       ,   0.394046688630027       ,   0.313351844092876     
   1.11000000000000       ,  -6.863951785667503E-002  ,  -0.151597443035751     
   1.12000000000000       ,  -0.452421843189366       ,  -0.525967188169916     
   1.13000000000000       ,  -0.728411263974687       ,  -0.782874028731174     
   1.14000000000000       ,  -0.886584783570814       ,  -0.915924981779851     
   1.15000000000000       ,  -0.935368788335308       ,  -0.937983709617896     
   1.16000000000000       ,  -0.898129273833089       ,  -0.876767847861177     
   1.17000000000000       ,  -0.807448133276567       ,  -0.768344381866191     
   1.18000000000000       ,  -0.698426026887630       ,  -0.649905867261431     
   1.19000000000000       ,  -0.602342805089020       ,  -0.553230608973495     
   1.20000000000000       ,  -0.541823163258082       ,  -0.499970198423506     
   1.21000000000000       ,  -0.528253763823183       ,  -0.499441173432096     
   1.22000000000000       ,  -0.561677542140942       ,  -0.549035855163819     
   1.23000000000000       ,  -0.632869829900337       ,  -0.636834823818662     
   1.24000000000000       ,  -0.726890033712386       ,  -0.745608930113666     
   1.25000000000000       ,  -0.827180819919280       ,  -0.857213177458177     
   1.26000000000000       ,  -0.919285606046760       ,  -0.956418415306613     
   1.27000000000000       ,  -0.993454850232461       ,   -1.03346816859636     
   1.28000000000000       ,   -1.04574906775261       ,   -1.08501499717531     
   1.29000000000000       ,   -1.07763275846832       ,   -1.11349001340861     
   1.30000000000000       ,   -1.09439605028384       ,   -1.12529842470361     
   1.31000000000000       ,   -1.10296554191050       ,   -1.12844323281839     
   1.32000000000000       ,   -1.10973233890329       ,   -1.13022489633379     
   1.33000000000000       ,   -1.11893427662195       ,   -1.13555426195884     
   1.34000000000000       ,   -1.13191894101471       ,   -1.14619256087307     
   1.35000000000000       ,   -1.14734777716956       ,   -1.16096136551831     
   1.36000000000000       ,   -1.16215066458410       ,   -1.17671758384882     
   1.37000000000000       ,   -1.17286599414872       ,   -1.18972179135222     
   1.38000000000000       ,   -1.17694017027480       ,   -1.19697494151450     
   1.39000000000000       ,   -1.17361753549577       ,   -1.19716001649602     
   1.40000000000000       ,   -1.16420141727768       ,   -1.19097393542706     
   1.41000000000000       ,   -1.15166205259474       ,   -1.18082403237922     
   1.42000000000000       ,   -1.13975225521054       ,   -1.17003970341273     
   1.43000000000000       ,   -1.13191835246309       ,   -1.16186846826958     
   1.44000000000000       ,   -1.13033253741876       ,   -1.15856064611479     
   1.45000000000000       ,   -1.13531911864098       ,   -1.16079616306490     
   1.46000000000000       ,   -1.14532178023864       ,   -1.16759148087524     
   1.47000000000000       ,   -1.15740029643504       ,   -1.17668059863640     
   1.48000000000000       ,   -1.16809816293103       ,   -1.18523267318122     
   1.49000000000000       ,   -1.17442653542852       ,   -1.19068470106996     
   1.50000000000000       ,   -1.17468803965806       ,   -1.19145030931353     
   1.51000000000000       ,   -1.16891852921374       ,   -1.18731499870117     
   1.52000000000000       ,   -1.15883715424136       ,   -1.17942606366017     
   1.53000000000000       ,   -1.14733202415461       ,   -1.16990179357052     
   1.54000000000000       ,   -1.13763225319868       ,   -1.16118637626943     
   1.55000000000000       ,   -1.13239481342400       ,   -1.15533738035712     
   1.56000000000000       ,   -1.13294798339052       ,   -1.15343824010161     
   1.57000000000000       ,   -1.13888215641134       ,   -1.15528139729751     
   1.58000000000000       ,   -1.14808058152060       ,   -1.15938562451617     
   1.59000000000000       ,   -1.15716618470463       ,   -1.16331916752868     
   1.60000000000000       ,   -1.16223804344020       ,   -1.16422510032441     
   1.61000000000000       ,   -1.15970861892265       ,   -1.15940622637025     
   1.62000000000000       ,   -1.14704400597129       ,   -1.14683141268750     
   1.63000000000000       ,   -1.12325204000931       ,   -1.12546729467698     
   1.64000000000000       ,   -1.08904079765224       ,   -1.09540186644777     
   1.65000000000000       ,   -1.04665799114468       ,   -1.05778761023301     
   1.66000000000000       ,  -0.999494344719240       ,   -1.01467176673280     
   1.67000000000000       ,  -0.951572431152771       ,  -0.968788874161922     
   1.68000000000000       ,  -0.907039872264269       ,  -0.923366572482125     
   1.69000000000000       ,  -0.869748918391160       ,  -0.881952200215862     
   1.70000000000000       ,  -0.842950454920600       ,  -0.848224520781674     
   1.71000000000000       ,  -0.829081165036189       ,  -0.825732123389726     
   1.72000000000000       ,  -0.829596679602109       ,  -0.817511041123311     
   1.73000000000000       ,  -0.844810426237730       ,  -0.825580214764781     
   1.74000000000000       ,  -0.873734079817519       ,  -0.850382151160758     
   1.75000000000000       ,  -0.913965514619630       ,  -0.890304098413001     
   1.76000000000000       ,  -0.961711343865623       ,  -0.941454738580514     
   1.77000000000000       ,   -1.01204141327035       ,  -0.997859958315851     
   1.78000000000000       ,   -1.05943851537058       ,   -1.05216903274152     
   1.79000000000000       ,   -1.09862921576113       ,   -1.09683834397156     
   1.80000000000000       ,   -1.12557847915869       ,   -1.12561102396426     
   1.81000000000000       ,   -1.13843215766311       ,   -1.13497829565222     
   1.82000000000000       ,   -1.13813272567073       ,   -1.12523533677080     
   1.83000000000000       ,   -1.12844462757276       ,   -1.10076515736701     
   1.84000000000000       ,   -1.11521998315959       ,   -1.06931118911723     
   1.85000000000000       ,   -1.10490404589542       ,   -1.04021798899920     
   1.86000000000000       ,   -1.10248970450432       ,   -1.02188666594804     
   1.87000000000000       ,   -1.10933032321298       ,   -1.01894416723296     
   1.88000000000000       ,   -1.12135284304238       ,   -1.02979431681288     
   1.89000000000000       ,   -1.12822957620040       ,   -1.04524610194799     
   1.90000000000000       ,   -1.11394216380976       ,   -1.04877213784849     
   1.91000000000000       ,   -1.05891289050531       ,   -1.01864799815616     
   1.92000000000000       ,  -0.943531019709265       ,  -0.931813370550416     
   1.93000000000000       ,  -0.752538206684450       ,  -0.768864402656152     
   1.94000000000000       ,  -0.479444516384787       ,  -0.519234587809892     
   1.95000000000000       ,  -0.130005868837476       ,  -0.185442997009002     
   1.96000000000000       ,   0.276141695274334       ,   0.214653852839225     
   1.97000000000000       ,   0.706315689613283       ,   0.648363788461290     
   1.98000000000000       ,    1.11825878374529       ,    1.07166095484917     
   1.99000000000000       ,    1.46587446270709       ,    1.43531603217054     
   2.00000000000000       ,    1.70633492060685       ,    1.69268689772575     
   2.01000000000000       ,    1.80729664330209       ,    1.80776479445836     
   2.02000000000000       ,    1.75282757370177       ,    1.76190315780364     
   2.03000000000000       ,    1.54680761694933       ,    1.55781496366230     
   2.04000000000000       ,    1.21299748322840       ,    1.21989712672752     
   2.05000000000000       ,   0.791602186518574       ,   0.790642763453355     
   2.06000000000000       ,   0.332858220889062       ,   0.323693018994263     
   2.07000000000000       ,  -0.111202376129889       ,  -0.125209043895926     
   2.08000000000000       ,  -0.495252249594812       ,  -0.507628646870383     
   2.09000000000000       ,  -0.787785142192707       ,  -0.790361156483735     
   2.10000000000000       ,  -0.975458696772678       ,  -0.960286735883676     
   2.11000000000000       ,   -1.06383448079679       ,   -1.02519796100663     
   2.12000000000000       ,   -1.07443458760389       ,   -1.01047947576790     
   2.13000000000000       ,   -1.03881039878768       ,  -0.952398493688610     
   2.14000000000000       ,  -0.990952007986978       ,  -0.889491819596585     
   2.15000000000000       ,  -0.959713111974575       ,  -0.853944189728587     
   2.16000000000000       ,  -0.962903742444714       ,  -0.864846419209483     
   2.17000000000000       ,   -1.00431148026454       ,  -0.924793782649057     
   2.18000000000000       ,   -1.07423399698593       ,   -1.02052427256112     
   2.19000000000000       ,   -1.15329195393983       ,   -1.12736951083574     
   2.20000000000000       ,   -1.21852553168404       ,   -1.21640630338906     
   2.21000000000000       ,   -1.25023683837740       ,   -1.26255730232101     
   2.22000000000000       ,   -1.23785272919723       ,   -1.25164655650544     
   2.23000000000000       ,   -1.18329806484473       ,   -1.18463395975388     
   2.24000000000000       ,   -1.10094623015429       ,   -1.07789157817441     
   2.25000000000000       ,   -1.01402576176329       ,  -0.959306926101345     
   2.26000000000000       ,  -0.948226144800226       ,  -0.860997622268653     
   2.27000000000000       ,  -0.923962966013407       ,  -0.810269944397867     
   2.28000000000000       ,  -0.949162453896478       ,  -0.820951015074213     
   2.29000000000000       ,   -1.01440634061793       ,  -0.887246176023808     
   2.30000000000000       ,   -1.09183138311098       ,  -0.981800036978523     
   2.31000000000000       ,   -1.13839208127340       ,   -1.05876386092532     
   2.32000000000000       ,   -1.10313713166880       ,   -1.06157858843989     
   2.33000000000000       ,  -0.937229414218628       ,  -0.934110268721089     
   2.34000000000000       ,  -0.604761430800329       ,  -0.632961908803148     
   2.35000000000000       ,  -9.213885377806828E-002  ,  -0.138418914360717     
   2.36000000000000       ,   0.586005174718160       ,   0.538344521576082     
   2.37000000000000       ,    1.38577417409148       ,    1.35348885699285     
   2.38000000000000       ,    2.23832041673152       ,    2.23479706581363     
   2.39000000000000       ,    3.05891850902625       ,    3.09145111417398     
   2.40000000000000       ,    3.75926272498637       ,    3.82761150379426     
   2.41000000000000       ,    4.26080273954600       ,    4.35733944049642     
   2.42000000000000       ,    4.50672214899500       ,    4.61812348363199     
   2.43000000000000       ,    4.47043134432198       ,    4.58054761309405     
   2.44000000000000       ,    4.15912978571705       ,    4.25240306746640     
   2.45000000000000       ,    3.61194484918267       ,    3.67663639506110     
   2.46000000000000       ,    2.89317437664820       ,    2.92370938092852     
   2.47000000000000       ,    2.08203829236645       ,    2.07997673627830     
   2.48000000000000       ,    1.26090810790618       ,    1.23435752388603     
   2.49000000000000       ,   0.504131418901534       ,   0.465761994791277     
   2.50000000000000       ,  -0.130707055364396       ,  -0.166579948457623     
   2.51000000000000       ,  -0.607864314162809       ,  -0.628468191829361     
   2.52000000000000       ,  -0.914444661919525       ,  -0.911300474451710     
   2.53000000000000       ,   -1.05773917701621       ,   -1.02837926346748     
   2.54000000000000       ,   -1.05996273300205       ,   -1.00826553402588     
   2.55000000000000       ,  -0.951818400463100       ,  -0.886927679466617     
   2.56000000000000       ,  -0.766340801027835       ,  -0.700455938113441     
   2.57000000000000       ,  -0.534173878292191       ,  -0.479744414983242     
   2.58000000000000       ,  -0.280921020283393       ,  -0.247898090526981     
   2.59000000000000       ,  -2.660654482407385E-002  ,  -2.037131897805104E-002
   2.60000000000000       ,   0.213244166464200       ,   0.192828695489791     
   2.61000000000000       ,   0.425741274579196       ,   0.383980740996233     
   2.62000000000000       ,   0.598905001131382       ,   0.544756807560498     
   2.63000000000000       ,   0.720827450462979       ,   0.664613354113701     
   2.64000000000000       ,   0.780104815930576       ,   0.731016308270584     
   2.65000000000000       ,   0.767470313672338       ,   0.731460491651497     
   2.66000000000000       ,   0.678143532472935       ,   0.656689443949460     
   2.67000000000000       ,   0.514144743656851       ,   0.504143608193780     
   2.68000000000000       ,   0.285770867139914       ,   0.280556820297428     
   2.69000000000000       ,   1.160398722082540E-002  ,   2.805824383600389E-003
   2.70000000000000       ,  -0.283223617828178       ,  -0.303456067067824     
   2.71000000000000       ,  -0.570343755969788       ,  -0.607292587629344     
   2.72000000000000       ,  -0.822466780010605       ,  -0.877469572334359     
   2.73000000000000       ,   -1.01783219558509       ,   -1.08789520628094     
   2.74000000000000       ,   -1.14384813071485       ,   -1.22232433481843     
   2.75000000000000       ,   -1.19911231325523       ,   -1.27726389496410     
   2.76000000000000       ,   -1.19333768477713       ,   -1.26239642111816     
   2.77000000000000       ,   -1.14514906210758       ,   -1.19837900381731     
   2.78000000000000       ,   -1.07817022938845       ,   -1.11244838800925     
   2.79000000000000       ,   -1.01618027534717       ,   -1.03273639834054     
   2.80000000000000       ,  -0.978304978897323       ,  -0.982467541425378     
   2.81000000000000       ,  -0.975186750049495       ,  -0.975217340360254     
   2.82000000000000       ,   -1.00685725316782       ,   -1.01216268224050     
   2.83000000000000       ,   -1.06267657362221       ,   -1.08181913813174     
   2.84000000000000       ,   -1.12328650087679       ,   -1.16223985881207     
   2.85000000000000       ,   -1.16414531222151       ,   -1.22516464911167     
   2.86000000000000       ,   -1.15994478284289       ,   -1.24125933711016     
   2.87000000000000       ,   -1.08910271193260       ,   -1.18543911225991     
   2.88000000000000       ,  -0.937581810036553       ,   -1.04133837475757     
   2.89000000000000       ,  -0.701476409917167       ,  -0.804236557668659     
   2.90000000000000       ,  -0.388073960912980       ,  -0.482099803002154     
   2.91000000000000       ,  -1.537137494380396E-002  ,  -9.476214521200024E-002
   2.92000000000000       ,   0.389751313740114       ,   0.328434667754406     
   2.93000000000000       ,   0.794361160029265       ,   0.752049490800316     
   2.94000000000000       ,    1.16292310302316       ,    1.13846591678728     
   2.95000000000000       ,    1.46101426834322       ,    1.45187071427226     
   2.96000000000000       ,    1.65900360927605       ,    1.66195355415376     
   2.97000000000000       ,    1.73545026865223       ,    1.74712072483479     
   2.98000000000000       ,    1.67999077691903       ,    1.69708999141291     
   2.99000000000000       ,    1.49546236540608       ,    1.51473633366234     
   3.00000000000000       ,    1.19896760396261       ,    1.21700288093005     
   3.01000000000000       ,   0.821563408684462       ,   0.834621731329442     
   3.02000000000000       ,   0.406299796241476       ,   0.410364490303767     
   3.03000000000000       ,   4.473969178387821E-003  ,  -4.384162947051376E-003
   3.04000000000000       ,  -0.329789424162831       ,  -0.354737279623659     
   3.05000000000000       ,  -0.546198308650935       ,  -0.588795944364502     
   3.06000000000000       ,  -0.605421064170968       ,  -0.664845298736049     
   3.07000000000000       ,  -0.485638226005295       ,  -0.558246930499810     
   3.08000000000000       ,  -0.187355301587494       ,  -0.266818367890582     
   3.09000000000000       ,   0.264587085047748       ,   0.186486782821330     
   3.10000000000000       ,   0.822530583929232       ,   0.754494270000920     
   3.11000000000000       ,    1.42122236633646       ,    1.37067507009620     
   3.12000000000000       ,    1.98625568917329       ,    1.95760632895563     
   3.13000000000000       ,    2.44458035679733       ,    2.43792893335303     
   3.14000000000000       ,    2.73542833994932       ,    2.74609022722689     
   3.15000000000000       ,    2.81977066239259       ,    2.83883021353950     
   3.16000000000000       ,    2.68654892270716       ,    2.70242723039899     
   3.17000000000000       ,    2.35441548494791       ,    2.35519181751837     
   3.18000000000000       ,    1.86849811860645       ,    1.84452120647746     
   3.19000000000000       ,    1.29263574186137       ,    1.23885313231729     
   3.20000000000000       ,   0.698426853648254       ,   0.615881112201595     
   3.21000000000000       ,   0.153101291857767       ,   4.919438874844585E-002
   3.22000000000000       ,  -0.291483830689853       ,  -0.404100577608839     
   3.23000000000000       ,  -0.606591741914570       ,  -0.712340362564951     
   3.24000000000000       ,  -0.789577623163399       ,  -0.873043574079905     
   3.25000000000000       ,  -0.861510679683709       ,  -0.910660087626141     
   3.26000000000000       ,  -0.859965245303663       ,  -0.868791916400701     
   3.27000000000000       ,  -0.828511796851830       ,  -0.798515839486705     
   3.28000000000000       ,  -0.805154342590612       ,  -0.745292479209165     
   3.29000000000000       ,  -0.812219172190434       ,  -0.737293550928162     
   3.30000000000000       ,  -0.849934267398671       ,  -0.777729380153653     
   3.31000000000000       ,  -0.895192152742637       ,  -0.842950428366647     
   3.32000000000000       ,  -0.905909085449638       ,  -0.886889678862067     
   3.33000000000000       ,  -0.830202428798022       ,  -0.851057685286165     
   3.34000000000000       ,  -0.618556367282846       ,  -0.678086668438988     
   3.35000000000000       ,  -0.236459247389211       ,  -0.326007342162472     
   3.36000000000000       ,   0.325174819904075       ,   0.219787246005569     
   3.37000000000000       ,    1.04409805936914       ,   0.939525037120244     
   3.38000000000000       ,    1.86675777887443       ,    1.77864648645520     
   3.39000000000000       ,    2.71450189870384       ,    2.65433095537955     
   3.40000000000000       ,    3.49495473978518       ,    3.46786785855700     
   3.41000000000000       ,    4.11650435837543       ,    4.12058070111446     
   3.42000000000000       ,    4.50320275088482       ,    4.53027729648348     
   3.43000000000000       ,    4.60728353659193       ,    4.64508375029026     
   3.44000000000000       ,    4.41696516627040       ,    4.45204353752736     
   3.45000000000000       ,    3.95813138528394       ,    3.97891122331090     
   3.46000000000000       ,    3.28967024271203       ,    3.28891893895904     
   3.47000000000000       ,    2.49346196378560       ,    2.46965884504334     
   3.48000000000000       ,    1.66098894479561       ,    1.61832488123030     
   3.49000000000000       ,   0.879105151834909       ,   0.826172970790413     
   3.50000000000000       ,   0.217546671193132       ,   0.165079348389649     
   3.51000000000000       ,  -0.279699578982532       ,  -0.321480385747722     
   3.52000000000000       ,  -0.597910127280877       ,  -0.621704402618767     
   3.53000000000000       ,  -0.749821841898931       ,  -0.752870380109515     
   3.54000000000000       ,  -0.769343312387541       ,  -0.753911872558935     
   3.55000000000000       ,  -0.702408315577279       ,  -0.675071992131568     
   3.56000000000000       ,  -0.597008381903412       ,  -0.566955337432180     
   3.57000000000000       ,  -0.494404771701212       ,  -0.471200098921760     
   3.58000000000000       ,  -0.423075982879045       ,  -0.414435533389245     
   3.59000000000000       ,  -0.396228909138730       ,  -0.406327570357184     
   3.60000000000000       ,  -0.412867055565332       ,  -0.441557052061849     
   3.61000000000000       ,  -0.461656412001812       ,  -0.504738791116755     
   3.62000000000000       ,  -0.526316389842795       ,  -0.576751612666997     
   3.63000000000000       ,  -0.591083102330350       ,  -0.640807235363916     
   3.64000000000000       ,  -0.644957312567802       ,  -0.686840054738797     
   3.65000000000000       ,  -0.683892602226836       ,  -0.713360304075413     
   3.66000000000000       ,  -0.710674885846612       ,  -0.726624474979163     
   3.67000000000000       ,  -0.732840295077315       ,  -0.737659192056101     
   3.68000000000000       ,  -0.759433470483127       ,  -0.758166757020821     
   3.69000000000000       ,  -0.797624467554279       ,  -0.796537090806298     
   3.70000000000000       ,  -0.850145650034448       ,  -0.855064500524521     
   3.71000000000000       ,  -0.914214104866529       ,  -0.929071422785324     
   3.72000000000000       ,  -0.982160313149827       ,   -1.00809092325890     
   3.73000000000000       ,   -1.04351120893697       ,   -1.07870266371752     
   3.74000000000000       ,   -1.08789641821907       ,   -1.12819450357687     
   3.75000000000000       ,   -1.10795167439660       ,   -1.14803443298344     
   3.76000000000000       ,   -1.10142358904045       ,   -1.13622199097271     
   3.77000000000000       ,   -1.07191704167021       ,   -1.09791147438356     
   3.78000000000000       ,   -1.02810091607496       ,   -1.04416896369275     
   3.79000000000000       ,  -0.981598279812462       ,  -0.989215816792640     
   3.80000000000000       ,  -0.944126632924423       ,  -0.946896384280051     
   3.81000000000000       ,  -0.924637550185406       ,  -0.927291915427265     
   3.82000000000000       ,  -0.927190343259455       ,  -0.934344660458895     
   3.83000000000000       ,  -0.950090530147198       ,  -0.965077559727467     
   3.84000000000000       ,  -0.986488114958565       ,   -1.01057271904578     
   3.85000000000000       ,   -1.02625228081547       ,   -1.05841770107110     
   3.86000000000000       ,   -1.05861608071494       ,   -1.09595948588465     
   3.87000000000000       ,   -1.07489868131138       ,   -1.11351434083962     
   3.88000000000000       ,   -1.07060854298051       ,   -1.10671304566805     
   3.89000000000000       ,   -1.04640610924744       ,   -1.07740241513551     
   3.90000000000000       ,   -1.00771081081729       ,   -1.03290987483130     
   3.91000000000000       ,  -0.963093420171280       ,  -0.983906312483004     
   3.92000000000000       ,  -0.921908402452372       ,  -0.941462644462058     
   3.93000000000000       ,  -0.891811452970068       ,  -0.914095702448526     
   3.94000000000000       ,  -0.876826962943174       ,  -0.905589528395801     
   3.95000000000000       ,  -0.876475163513501       ,  -0.914163593898381     
   3.96000000000000       ,  -0.886180500741599       ,  -0.933196936549329     
   3.97000000000000       ,  -0.898836768263572       ,  -0.953301299965187     
   3.98000000000000       ,  -0.907090721929248       ,  -0.965174800937272     
   3.99000000000000       ,  -0.905706100856699       ,  -0.962453904586111     
   4.00000000000000       ,  -0.893336932410007       ,  -0.943771198582572     
   4.01000000000000       ,  -0.873183045655436       ,  -0.913423479625858     
   4.02000000000000       ,  -0.852287084468854       ,  -0.880410221729407     
   4.03000000000000       ,  -0.839589701509984       ,  -0.856027477562746     
   4.04000000000000       ,  -0.843197921506760       ,  -0.850589542402854     
   4.05000000000000       ,  -0.867554376972633       ,  -0.870101843202370     
   4.06000000000000       ,  -0.911260876248555       ,  -0.913758209453557     
   4.07000000000000       ,  -0.966187723449122       ,  -0.972967991270650     
   4.08000000000000       ,   -1.01821551527738       ,   -1.03227082568165     
   4.09000000000000       ,   -1.04957413981660       ,   -1.07205092234700     
   4.10000000000000       ,   -1.04235439035024       ,   -1.07252473148030     
   4.11000000000000       ,  -0.982464086096386       ,   -1.01815078521358     
   4.12000000000000       ,  -0.863156800567991       ,  -0.901477008643939     
   4.13000000000000       ,  -0.687314360021203       ,  -0.725532466368887     
   4.14000000000000       ,  -0.467905658236116       ,  -0.504168146986961     
   4.15000000000000       ,  -0.226421858468827       ,  -0.260187914406200     
   4.16000000000000       ,   1.048186304329774E-002  ,  -2.158738157101782E-002
   4.17000000000000       ,   0.215520752162803       ,   0.183371937929983     
   4.18000000000000       ,   0.365615108526961       ,   0.331273854449062     
   4.19000000000000       ,   0.446074959437600       ,   0.407823945053016     
   4.20000000000000       ,   0.453309552651700       ,   0.410446639257403     
   4.21000000000000       ,   0.395531140596026       ,   0.348707408648013     
   4.22000000000000       ,   0.291321433659767       ,   0.242507221264299     
   4.23000000000000       ,   0.166346115810465       ,   0.118435521698111     
   4.24000000000000       ,   4.885104916698398E-002  ,   5.011339129605987E-003
   4.25000000000000       ,  -3.521533140116335E-002  ,  -7.227699300670781E-002
   4.26000000000000       ,  -6.657158401618182E-002  ,  -9.523238325911856E-002
   4.27000000000000       ,  -3.571679801089760E-002  ,  -5.579337964014752E-002
   4.28000000000000       ,   5.569268596940852E-002  ,   4.294523441415350E-002
   4.29000000000000       ,   0.195346344929520       ,   0.187583933753029     
   4.30000000000000       ,   0.362468870508220       ,   0.356857667255839     
   4.31000000000000       ,   0.531232280113945       ,   0.525135943806112     
   4.32000000000000       ,   0.674767642815457       ,   0.666341336384204     
   4.33000000000000       ,   0.769120943646677       ,   0.757659860650846     
   4.34000000000000       ,   0.796580593175075       ,   0.782539553380811     
   4.35000000000000       ,   0.747968848536575       ,   0.732659407767089     
   4.36000000000000       ,   0.623691283128643       ,   0.608749624708344     
   4.37000000000000       ,   0.433533707072090       ,   0.420313287590151     
   4.38000000000000       ,   0.195351933711411       ,   0.184413550671733     
   4.39000000000000       ,  -6.709934500639191E-002  ,  -7.625533555972175E-002
   4.40000000000000       ,  -0.326905256455856       ,  -0.335786654989994     
   4.41000000000000       ,  -0.556996523306651       ,  -0.567756695185323     
   4.42000000000000       ,  -0.733135569667316       ,  -0.747995424008332     
   4.43000000000000       ,  -0.836614983261855       ,  -0.857224303706224     
   4.44000000000000       ,  -0.856417280199767       ,  -0.883328964480422     
   4.45000000000000       ,  -0.790604166133137       ,  -0.823007548599016     
   4.46000000000000       ,  -0.646737863722180       ,  -0.682530890223246     
   4.47000000000000       ,  -0.441201950474413       ,  -0.477393937868649     
   4.48000000000000       ,  -0.197394785901682       ,  -0.230744888341495     
   4.49000000000000       ,   5.708657151413454E-002  ,   2.935256569733878E-002
   4.50000000000000       ,   0.293986882705842       ,   0.273560798705310     
   4.51000000000000       ,   0.488213827295544       ,   0.475345439690320     
   4.52000000000000       ,   0.621383895765424       ,   0.614867955093235     
   4.53000000000000       ,   0.684508642398768       ,   0.682021276112323     
   4.54000000000000       ,   0.679315232519059       ,   0.678013709545901     
   4.55000000000000       ,   0.617882860696065       ,   0.615116113134022     
   4.56000000000000       ,   0.520550275649703       ,   0.514500198572191     
   4.57000000000000       ,   0.412362701713755       ,   0.402455065301243     
   4.58000000000000       ,   0.318617355947922       ,   0.305601197155437     
   4.59000000000000       ,   0.260272134894595       ,   0.245952175901499     
   4.60000000000000       ,   0.250051384200267       ,   0.236747227483581     
   4.61000000000000       ,   0.289991181793347       ,   0.279866808236697     
   4.62000000000000       ,   0.370922805393901       ,   0.365362394336088     
   4.63000000000000       ,   0.474039124249512       ,   0.473232231085091     
   4.64000000000000       ,   0.574292623495748       ,   0.577136831034458     
   4.65000000000000       ,   0.645015698655937       ,   0.649362309761876     
   4.66000000000000       ,   0.662908509793512       ,   0.666088015962084     
   4.67000000000000       ,   0.612459871450135       ,   0.611951679171063     
   4.68000000000000       ,   0.488971130220835       ,   0.483044857183616     
   4.69000000000000       ,   0.299621788842228       ,   0.287784768403490     
   4.70000000000000       ,   6.239408797165400E-002  ,   4.552949701429240E-002
   4.71000000000000       ,  -0.196915775814129       ,  -0.216756443952813     
   4.72000000000000       ,  -0.449013304416651       ,  -0.469111289624299     
   4.73000000000000       ,  -0.665926141732521       ,  -0.683563000292194     
   4.74000000000000       ,  -0.825439092940920       ,  -0.838561599691972     
   4.75000000000000       ,  -0.914360886957310       ,  -0.922075085702866     
   4.76000000000000       ,  -0.930093989358268       ,  -0.932864063303437     
   4.77000000000000       ,  -0.880321700826562       ,  -0.879824588124639     
   4.78000000000000       ,  -0.780985085557202       ,  -0.779659103355933     
   4.79000000000000       ,  -0.653023726467988       ,  -0.653426613159195     
   4.80000000000000       ,  -0.518543311954736       ,  -0.522682526190304     
   4.81000000000000       ,  -0.397121530737010       ,  -0.405925539444962     
   4.82000000000000       ,  -0.302875034065488       ,  -0.315937519393172     
   4.83000000000000       ,  -0.242715643382023       ,  -0.258374762186209     
   4.84000000000000       ,  -0.215973289497890       ,  -0.231703326847512     
   4.85000000000000       ,  -0.215311630000421       ,  -0.228326235248338     
   4.86000000000000       ,  -0.228657779224964       ,  -0.236572188040544     
   4.87000000000000       ,  -0.241740860749347       ,  -0.243127906400416     
   4.88000000000000       ,  -0.240794387581681       ,  -0.235498402515402     
   4.89000000000000       ,  -0.215013989606071       ,  -0.204149917874956     
   4.90000000000000       ,  -0.158450318007559       ,  -0.144095983387624     
   4.91000000000000       ,  -7.112807887598281E-002  ,  -5.579483009600998E-002
   4.92000000000000       ,   4.070857684540824E-002  ,   5.468734012035026E-002
   4.93000000000000       ,   0.165230875477203       ,   0.176236041610199     
   4.94000000000000       ,   0.286471951859069       ,   0.293925464472759     
   4.95000000000000       ,   0.386452422282813       ,   0.390857032177240     
   4.96000000000000       ,   0.447788786959822       ,   0.450479437110111     
   4.97000000000000       ,   0.456519465012395       ,   0.459200335073140     
   4.98000000000000       ,   0.404812696200693       ,   0.409009167402054     
   4.99000000000000       ,   0.293164049775590       ,   0.299739867637687     
   5.00000000000000       ,   0.131673353847188       ,   0.140544902298685     
   5.01000000000000       ,  -5.996252138717473E-002  ,  -4.983566902883933E-002
   5.02000000000000       ,  -0.253975719101611       ,  -0.244318144022021     
   5.03000000000000       ,  -0.417595655763774       ,  -0.410330430282671     
   5.04000000000000       ,  -0.517411979141136       ,  -0.514088295886299     
   5.05000000000000       ,  -0.524499902574624       ,  -0.525785078794939     
   5.06000000000000       ,  -0.419537853426941       ,  -0.424910794932367     
   5.07000000000000       ,  -0.197020040783559       ,  -0.204754007929097     
   5.08000000000000       ,   0.132300822991064       ,   0.124850316362415     
   5.09000000000000       ,   0.541392113875914       ,   0.537255025498397     
   5.10000000000000       ,   0.989616699930227       ,   0.991554456119792     
   5.11000000000000       ,    1.42790010516020       ,    1.43778422648955     
   5.12000000000000       ,    1.80568895658522       ,    1.82406036308442     
   5.13000000000000       ,    2.07859399882950       ,    2.10450844162021     
   5.14000000000000       ,    2.21538964151121       ,    2.24658654483436     
   5.15000000000000       ,    2.20306999783705       ,    2.23642524889334     
   5.16000000000000       ,    2.04895397036646       ,    2.08111076239001     
   5.17000000000000       ,    1.77934757364720       ,    1.80737937685851     
   5.18000000000000       ,    1.43491681901584       ,    1.45687224152559     
   5.19000000000000       ,    1.06357094321539       ,    1.07878199651595     
   5.20000000000000       ,   0.712167213886745       ,   0.721261772649569     
   5.21000000000000       ,   0.418610560404940       ,   0.423241472125202     
   5.22000000000000       ,   0.205868080415278       ,   0.208237617327590     
   5.23000000000000       ,   7.905000510020492E-002  ,   8.135314218983491E-002
   5.24000000000000       ,   2.609356861486940E-002  ,   3.001664478766358E-002
   5.25000000000000       ,   2.184914182584928E-002  ,   2.823969928327613E-002
   5.26000000000000       ,   3.466404893085687E-002  ,   4.343939700934790E-002
   5.27000000000000       ,   3.404059090099865E-002  ,   4.433989724397588E-002
   5.28000000000000       ,  -2.274252278817951E-003  ,   8.249412733745342E-003
   5.29000000000000       ,  -8.327799484176854E-002  ,  -7.384204452918740E-002
   5.30000000000000       ,  -0.202833476860341       ,  -0.195413670973928     
   5.31000000000000       ,  -0.341288010264042       ,  -0.336166434160606     
   5.32000000000000       ,  -0.470192042823938       ,  -0.466938618055711     
   5.33000000000000       ,  -0.559041714332216       ,  -0.556654133525158     
   5.34000000000000       ,  -0.582530890704313       ,  -0.579734306694777     
   5.35000000000000       ,  -0.526694674143989       ,  -0.522314145746543     
   5.36000000000000       ,  -0.392580678419964       ,  -0.385882427142616     
   5.37000000000000       ,  -0.196639228863459       ,  -0.187547560706976     
   5.38000000000000       ,   3.224551929030751E-002  ,   4.311377377867950E-002
   5.39000000000000       ,   0.258418638183018       ,   0.269910806572226     
   5.40000000000000       ,   0.446557828962112       ,   0.457291018344912     
   5.41000000000000       ,   0.568659003085635       ,   0.577393538747730     
   5.42000000000000       ,   0.609391746093038       ,   0.615374087763547     
   5.43000000000000       ,   0.568694432670382       ,   0.571879744548687     
   5.44000000000000       ,   0.461107082386116       ,   0.462203191742930     
   5.45000000000000       ,   0.312069811938645       ,   0.312390348744761     
   5.46000000000000       ,   0.152079840610722       ,   0.153242845003001     
   5.47000000000000       ,   1.005125264698122E-002  ,   1.359806416678422E-002
   5.48000000000000       ,  -9.263914360944403E-002  ,  -8.561090349429874E-002
   5.49000000000000       ,  -0.146134894127522       ,  -0.135235315953791     
   5.50000000000000       ,  -0.153310531596838       ,  -0.138956382850006     
   5.51000000000000       ,  -0.128060379993325       ,  -0.111388625388254     
   5.52000000000000       ,  -9.118331333905275E-002  ,  -7.380415267018892E-002
   5.53000000000000       ,  -6.490996855610917E-002  ,  -4.856202958139228E-002
   5.54000000000000       ,  -6.739090222102627E-002  ,  -5.358204984168692E-002
   5.55000000000000       ,  -0.108423368371006       ,  -9.814002017194433E-002
   5.56000000000000       ,  -0.187358801712017       ,  -0.180905740643909     
   5.57000000000000       ,  -0.293589145000655       ,  -0.290586794208174     
   5.58000000000000       ,  -0.409391013340375       ,  -0.408917533010984     
   5.59000000000000       ,  -0.514359908440914       ,  -0.515191585317188     
   5.60000000000000       ,  -0.590319131231637       ,  -0.591202697831111     
   5.61000000000000       ,  -0.625516242371697       ,  -0.625405270064487     
   5.62000000000000       ,  -0.617133052743698       ,  -0.615336679324548     
   5.63000000000000       ,  -0.571574241979898       ,  -0.567794867770618     
   5.64000000000000       ,  -0.502553278292761       ,  -0.496822129716980     
   5.65000000000000       ,  -0.427526068953853       ,  -0.420072666466667     
   5.66000000000000       ,  -0.363404915449265       ,  -0.354511284146538     
   5.67000000000000       ,  -0.322629166724020       ,  -0.312518594745166     
   5.68000000000000       ,  -0.310545452504842       ,  -0.299339792590157     
   5.69000000000000       ,  -0.324696096287365       ,  -0.312450216374871     
   5.70000000000000       ,  -0.356121281396204       ,  -0.342916094057743     
   5.71000000000000       ,  -0.392272901090114       ,  -0.378327598868972     
   5.72000000000000       ,  -0.420741211814631       ,  -0.406497133001448     
   5.73000000000000       ,  -0.432805567548906       ,  -0.418941065931003     
   5.74000000000000       ,  -0.425881435016850       ,  -0.413237389437611     
   5.75000000000000       ,  -0.404229055334676       ,  -0.393652506590341     
   5.76000000000000       ,  -0.377739060446382       ,  -0.369879875336851     
   5.77000000000000       ,  -0.359103845944350       ,  -0.354218174116757     
   5.78000000000000       ,  -0.360097730947971       ,  -0.357916421815172     
   5.79000000000000       ,  -0.387921684162701       ,  -0.387629732963636     
   5.80000000000000       ,  -0.442562869957973       ,  -0.442909865319924     
   5.81000000000000       ,  -0.515877576562505       ,  -0.515405496377111     
   5.82000000000000       ,  -0.592688208486426       ,  -0.590030542048114     
   5.83000000000000       ,  -0.653693676488025       ,  -0.647877533760299     
   5.84000000000000       ,  -0.679547763864825       ,  -0.670224818189870     
   5.85000000000000       ,  -0.655169916982200       ,  -0.642715043811809     
   5.86000000000000       ,  -0.573287227668891       ,  -0.558733028952759     
   5.87000000000000       ,  -0.436380139154621       ,  -0.421194343219517     
   5.88000000000000       ,  -0.256574625743614       ,  -0.242326135109252     
   5.89000000000000       ,  -5.350024800236828E-002  ,  -4.148860874624609E-002
   5.90000000000000       ,   0.149398240182957       ,   0.158463502780209     
   5.91000000000000       ,   0.329259747343469       ,   0.335452516298116     
   5.92000000000000       ,   0.467933285977807       ,   0.472127572130197     
   5.93000000000000       ,   0.554935660480070       ,   0.558636809873646     
   5.94000000000000       ,   0.588639502960214       ,   0.593664480689760     
   5.95000000000000       ,   0.575520721780881       ,   0.583597917731483     
   5.96000000000000       ,   0.527753349051592       ,   0.540131930388578     
   5.97000000000000       ,   0.459816886725841       ,   0.476974233650264     
   5.98000000000000       ,   0.384987480782747       ,   0.406500989042062     
   5.99000000000000       ,   0.312573477523319       ,   0.337185311856872     
   6.00000000000000       ,   0.246535510482012       ,   0.272394766637068     
   6.01000000000000       ,   0.185759503535308       ,   0.210786184771487     
   6.02000000000000       ,   0.125822085794867       ,   0.148110743391757     
   6.03000000000000       ,   6.170859618339173E-002  ,   7.988248708820984E-002
   6.04000000000000       ,  -9.292936185467083E-003  ,   4.147525494157906E-003
   6.05000000000000       ,  -8.533603612486879E-002  ,  -7.642933800203337E-002
   6.06000000000000       ,  -0.159043832130213       ,  -0.153765822443226     
   6.07000000000000       ,  -0.218135477070597       ,  -0.215125965324575     
   6.08000000000000       ,  -0.247555436572372       ,  -0.245321103316880     
   6.09000000000000       ,  -0.232623109780218       ,  -0.229852365018319     
   6.10000000000000       ,  -0.162451946891823       ,  -0.158250036566309     
   6.11000000000000       ,  -3.280363520930778E-002  ,  -2.679872849222369E-002
   6.12000000000000       ,   0.152335564737534       ,   0.160030325464093     
   6.13000000000000       ,   0.380872449243577       ,   0.389819531008586     
   6.14000000000000       ,   0.634434886052622       ,   0.644104551261701     
   6.15000000000000       ,   0.891521135932907       ,   0.901528402721372     
   6.16000000000000       ,    1.13126819308756       ,    1.14154918890819     
   6.17000000000000       ,    1.33699125675820       ,    1.34787137120565     
   6.18000000000000       ,    1.49870299041529       ,    1.51083847641184     
   6.19000000000000       ,    1.61406562170008       ,    1.62827345211987     
   6.20000000000000       ,    1.68760187578076       ,    1.70462146201997     
   6.21000000000000       ,    1.72840248374240       ,    1.74865033965794     
   6.22000000000000       ,    1.74692016936117       ,    1.77030075723800     
   6.23000000000000       ,    1.75164915056255       ,    1.77747181134803     
   6.24000000000000       ,    1.74650660290043       ,    1.77353323377381     
   6.25000000000000       ,    1.72955555240059       ,    1.75617288414319     
   6.26000000000000       ,    1.69338081779077       ,    1.71786222181662     
   6.27000000000000       ,    1.62702978983018       ,    1.64783126456780     
   6.28000000000000       ,    1.51905315305797       ,    1.53508096695437     
   6.29000000000000       ,    1.36091579652554       ,    1.37171041252888     
   6.30000000000000       ,    1.14995646800151       ,    1.15575666180747     
   6.31000000000000       ,   0.891176113162309       ,   0.892853730465563     
   6.32000000000000       ,   0.597403692403497       ,   0.596286950142366     
   6.33000000000000       ,   0.287760148721720       ,   0.285385585491621     
   6.34000000000000       ,  -1.527140655571658E-002  ,  -1.742590545642443E-002
   6.35000000000000       ,  -0.289548034994035       ,  -0.290296353353312     
   6.36000000000000       ,  -0.516952515209950       ,  -0.515557614330393     
   6.37000000000000       ,  -0.686285757417354       ,  -0.682518033494435     
   6.38000000000000       ,  -0.794777140331217       ,  -0.788872708095815     
   6.39000000000000       ,  -0.847938836314431       ,  -0.840476798801603     
   6.40000000000000       ,  -0.857857807277806       ,  -0.849589745966153     
   6.41000000000000       ,  -0.840354234898995       ,  -0.832024908287563     
   6.42000000000000       ,  -0.811662492459923       ,  -0.803857782445312     
   6.43000000000000       ,  -0.785362293704111       ,  -0.778410467177616     
   6.44000000000000       ,  -0.770192776750715       ,  -0.764131159048387     
   6.45000000000000       ,  -0.769149192966314       ,  -0.763753884425825     
   6.46000000000000       ,  -0.779949730597872       ,  -0.774814148096052     
   6.47000000000000       ,  -0.796644101035890       ,  -0.791284945968688     
   6.48000000000000       ,  -0.811889126758130       ,  -0.805856550920813     
   6.49000000000000       ,  -0.819293867546790       ,  -0.812265508766165     
   6.50000000000000       ,  -0.815260844904453       ,  -0.807105496839911     
   6.51000000000000       ,  -0.799908282414259       ,  -0.790712341974486     
   6.52000000000000       ,  -0.776907359086230       ,  -0.766964132658731     
   6.53000000000000       ,  -0.752344888179655       ,  -0.742112175654861     
   6.54000000000000       ,  -0.732958176270642       ,  -0.722992851137305     
   6.55000000000000       ,  -0.724229830265561       ,  -0.715109583356767     
   6.56000000000000       ,  -0.728845613435745       ,  -0.721088175336963     
   6.57000000000000       ,  -0.745909066955339       ,  -0.739898651448225     
   6.58000000000000       ,  -0.771103516645586       ,  -0.767033287168049     
   6.59000000000000       ,  -0.797747921559877       ,  -0.795585984963553     
   6.60000000000000       ,  -0.818468754858816       ,  -0.817953267130582     
   6.61000000000000       ,  -0.827060099297859       ,  -0.827726195490064     
   6.62000000000000       ,  -0.820063238943192       ,  -0.821300540105678     
   6.63000000000000       ,  -0.797672697719379       ,  -0.798807373352023     
   6.64000000000000       ,  -0.763746891249444       ,  -0.764137411631485     
   6.65000000000000       ,  -0.724924575209777       ,  -0.724056472233144     
   6.66000000000000       ,  -0.689067692814892       ,  -0.686631028771135     
   6.67000000000000       ,  -0.663413602219582       ,  -0.659348293645094     
   6.68000000000000       ,  -0.652886349270464       ,  -0.647385243471919     
   6.69000000000000       ,  -0.658972807025663       ,  -0.652439873637434     
   6.70000000000000       ,  -0.679427261147411       ,  -0.672397059890559     
   6.71000000000000       ,  -0.708863120254597       ,  -0.701895938250541     
   6.72000000000000       ,  -0.740073290742705       ,  -0.733646037949539     
   6.73000000000000       ,  -0.765744185801355       ,  -0.760158770750328     
   6.74000000000000       ,  -0.780134868062186       ,  -0.775462706185716     
   6.75000000000000       ,  -0.780304650276891       ,  -0.776378654606741     
   6.76000000000000       ,  -0.766586353330852       ,  -0.763041752004738     
   6.77000000000000       ,  -0.742190628322852       ,  -0.738545495793837     
   6.78000000000000       ,  -0.712043834705036       ,  -0.707801742013903     
   6.79000000000000       ,  -0.681155588729896       ,  -0.675908269318368     
   6.80000000000000       ,  -0.652935415058067       ,  -0.646443858384054     
   6.81000000000000       ,  -0.627900631604840       ,  -0.620138387850455     
   6.82000000000000       ,  -0.603132993914413       ,  -0.594284346596488     
   6.83000000000000       ,  -0.572668275973388       ,  -0.563084126148640     
   6.84000000000000       ,  -0.528780413746258       ,  -0.518903759599898     
   6.85000000000000       ,  -0.463901544516490       ,  -0.454180234890899     
   6.86000000000000       ,  -0.372752812441696       ,  -0.363558594883577     
   6.87000000000000       ,  -0.254188040455603       ,  -0.245757781228398     
   6.88000000000000       ,  -0.112292269386775       ,  -0.104700700758169     
   6.89000000000000       ,   4.357662828751886E-002  ,   5.041127712266646E-002
   6.90000000000000       ,   0.199893013810866       ,   0.206176472323393     
   6.91000000000000       ,   0.341055054032640       ,   0.347068378953257     
   6.92000000000000       ,   0.452079683005560       ,   0.458126784649835     
   6.93000000000000       ,   0.521371560957723       ,   0.527733197952559     
   6.94000000000000       ,   0.543000540230220       ,   0.549900855915182     
   6.95000000000000       ,   0.518006091930522       ,   0.525592864204052     
   6.96000000000000       ,   0.454435044199843       ,   0.462770944275580     
   6.97000000000000       ,   0.366072131588058       ,   0.375132632949554     
   6.98000000000000       ,   0.270088199278992       ,   0.279762672629152     
   6.99000000000000       ,   0.184052413380456       ,   0.194147747790024     
   7.00000000000000       ,   0.122885524140845       ,   0.133134946777453     
   7.01000000000000       ,   9.634329027430479E-002  ,   0.106425267385150     
   7.02000000000000       ,   0.107509915964493       ,   0.117081774563738     
   7.03000000000000       ,   0.152573828180266       ,   0.161321538731955     
   7.04000000000000       ,   0.221896195629531       ,   0.229596194736053     
   7.05000000000000       ,   0.302121562894665       ,   0.308704181718378     
   7.06000000000000       ,   0.378874753489425       ,   0.384473950845764     
   7.07000000000000       ,   0.439481558665114       ,   0.444454355585588     
   7.08000000000000       ,   0.475164173655210       ,   0.480066766854276     
   7.09000000000000       ,   0.482291517858171       ,   0.487807481148661     
   7.10000000000000       ,   0.462480262770970       ,   0.469307953860283     
   7.11000000000000       ,   0.421596858234127       ,   0.430315277908347     
   7.12000000000000       ,   0.367948212962670       ,   0.378889660727406     
   7.13000000000000       ,   0.310117087748092       ,   0.323277916936572     
   7.14000000000000       ,   0.254961199473261       ,   0.269976995844406     
   7.15000000000000       ,   0.206239424581656       ,   0.222438212546178     
   7.16000000000000       ,   0.164167636457686       ,   0.180696647415715     
   7.17000000000000       ,   0.125977511353411       ,   0.141979810848910     
   7.18000000000000       ,   8.730655789498906E-002  ,   0.102108443442172     
   7.19000000000000       ,   4.404313113164145E-002  ,   5.730625434434521E-002
   7.20000000000000       ,  -5.865867288488603E-003  ,   5.930596012303428E-003
   7.21000000000000       ,  -6.113619212716592E-002  ,  -5.035183305112990E-002
   7.22000000000000       ,  -0.116768396063412       ,  -0.106292113675984     
   7.23000000000000       ,  -0.164729734944807       ,  -0.153820644146685     
   7.24000000000000       ,  -0.195595175221947       ,  -0.183718925798361     
   7.25000000000000       ,  -0.200800476684495       ,  -0.187841301969396     
   7.26000000000000       ,  -0.174985364675246       ,  -0.161366104504852     
   7.27000000000000       ,  -0.117845178435404       ,  -0.104511834391465     
   7.28000000000000       ,  -3.498423818370256E-002  ,  -2.324178925449009E-002
   7.29000000000000       ,   6.253728672579725E-002  ,   7.131441833755388E-002
   7.30000000000000       ,   0.159988390292232       ,   0.164713344298914     
   7.31000000000000       ,   0.241802547198864       ,   0.242019175821311     
   7.32000000000000       ,   0.294918940235995       ,   0.291044226199280     
   7.33000000000000       ,   0.311927935928004       ,   0.305322094998381     
   7.34000000000000       ,   0.293308077175986       ,   0.286134929726680     
   7.35000000000000       ,   0.248187076586557       ,   0.243073538155609     
   7.36000000000000       ,   0.193336948054639       ,   0.192888615301714     
   7.37000000000000       ,   0.150469718694307       ,   0.156738093856302     
   7.38000000000000       ,   0.142262073931586       ,   0.156278086044129     
   7.39000000000000       ,   0.187827733791824       ,   0.209310013791325     
   7.40000000000000       ,   0.298510793361413       ,   0.325825460622967     
   7.41000000000000       ,   0.474853957387999       ,   0.505251340812650     
   7.42000000000000       ,   0.705400495780827       ,   0.735494069592423     
   7.43000000000000       ,   0.967652799205549       ,   0.994050118809172     
   7.44000000000000       ,    1.23109900040551       ,    1.25105659236796     
   7.45000000000000       ,    1.46181478591587       ,    1.47377825426319     
   7.46000000000000       ,    1.62783278780001       ,    1.63174340449372     
   7.47000000000000       ,    1.70431193587421       ,    1.70160826715755     
   7.48000000000000       ,    1.67756768634757       ,    1.67087553047313     
   7.49000000000000       ,    1.54723630918411       ,    1.53980822302803     
   7.50000000000000       ,    1.32619982468232       ,    1.32122148823003     
   7.51000000000000       ,    1.03832126495978       ,    1.03823294900033     
   7.52000000000000       ,   0.714447397152555       ,   0.720427374618311     
   7.53000000000000       ,   0.387446675211115       ,   0.399169345505501     
   7.54000000000000       ,   8.720381462438047E-002  ,   0.102925840047355     
   7.55000000000000       ,  -0.163537828443161       ,  -0.146581815213059     
   7.56000000000000       ,  -0.351797411998668       ,  -0.336775933928236     
   7.57000000000000       ,  -0.475080789934146       ,  -0.464858789441923     
   7.58000000000000       ,  -0.540229873238116       ,  -0.536728254272536     
   7.59000000000000       ,  -0.560776587963900       ,  -0.564536783936988     
   7.60000000000000       ,  -0.553441220870963       ,  -0.563487542535356     
   7.61000000000000       ,  -0.534530217238875       ,  -0.548556706528440     
   7.62000000000000       ,  -0.516943133368954       ,  -0.531780618330305     
   7.63000000000000       ,  -0.508311566290954       ,  -0.520570575380226     
   7.64000000000000       ,  -0.510512611878648       ,  -0.517262025982060     
   7.65000000000000       ,  -0.520491102799917       ,  -0.519828406324819     
   7.66000000000000       ,  -0.532056074335860       ,  -0.523452923135635     
   7.67000000000000       ,  -0.538142397483756       ,  -0.522501784453951     
   7.68000000000000       ,  -0.532979007453398       ,  -0.512404955615000     
   7.69000000000000       ,  -0.513681818998072       ,  -0.491024261096299     
   7.70000000000000       ,  -0.480965398797072       ,  -0.459247883814523     
   7.71000000000000       ,  -0.438895623798820       ,  -0.420752270078065     
   7.72000000000000       ,  -0.393830443338169       ,  -0.381068127787125     
   7.73000000000000       ,  -0.352866919671933       ,  -0.346232970162076     
   7.74000000000000       ,  -0.322195582203159       ,  -0.321379875600306     
   7.75000000000000       ,  -0.305746494993123       ,  -0.309592708462845     
   7.76000000000000       ,  -0.304408097606638       ,  -0.311264754571198     
   7.77000000000000       ,  -0.315941970710534       ,  -0.324059593686103     
   7.78000000000000       ,  -0.335546591374764       ,  -0.343427119443134     
   7.79000000000000       ,  -0.356882531292290       ,  -0.363509422393803     
   7.80000000000000       ,  -0.373291208215657       ,  -0.378206145905011     
   7.81000000000000       ,  -0.378932364571751       ,  -0.382166681884133     
   7.82000000000000       ,  -0.369625441475505       ,  -0.371530178953127     
   7.83000000000000       ,  -0.343283979869591       ,  -0.344323142769023     
   7.84000000000000       ,  -0.299947835437116       ,  -0.300520606985858     
   7.85000000000000       ,  -0.241512924435250       ,  -0.241853419041899     
   7.86000000000000       ,  -0.171308586854394       ,  -0.171482159358750     
   7.87000000000000       ,  -9.366919111989819E-002  ,  -9.365142633274313E-002
   7.88000000000000       ,  -1.359637825857760E-002  ,  -1.339429171173208E-002
   7.89000000000000       ,   6.346802837551084E-002  ,   6.370580289605386E-002
   7.90000000000000       ,   0.131813241142491       ,   0.131745985457696     
   7.91000000000000       ,   0.185676458842303       ,   0.184809101207618     
   7.92000000000000       ,   0.219608612707296       ,   0.217416247060976     
   7.93000000000000       ,   0.229045085890118       ,   0.225152206738720     
   7.94000000000000       ,   0.211054907809510       ,   0.205415055683152     
   7.95000000000000       ,   0.165148296733138       ,   0.158162994207145     
   7.96000000000000       ,   9.394814160122560E-002  ,   8.647538011821655E-002
   7.97000000000000       ,   3.503213094295781E-003  ,  -3.266963736993830E-003
   7.98000000000000       ,  -9.694452946615124E-002  ,  -0.101733466879540     
   7.99000000000000       ,  -0.195829880254274       ,  -0.197583197126459     
   8.00000000000000       ,  -0.280723181299049       ,  -0.278918411920452     
   8.01000000000000       ,  -0.340178533081720       ,  -0.335045895756473     
   8.02000000000000       ,  -0.365648073632055       ,  -0.358237019294552     
   8.03000000000000       ,  -0.353077177472260       ,  -0.345134463651518     
   8.04000000000000       ,  -0.303817929590008       ,  -0.297487399515785     
   8.05000000000000       ,  -0.224607885296167       ,  -0.222007152318076     
   8.06000000000000       ,  -0.126539457998936       ,  -0.129302912256244     
   8.07000000000000       ,  -2.315576962761986E-002  ,  -3.204760404281029E-002
   8.08000000000000       ,   7.199517454674828E-002  ,   5.730436691749857E-002
   8.09000000000000       ,   0.147880543184660       ,   0.128813193287466     
   8.10000000000000       ,   0.198068678555527       ,   0.176904275515918     
   8.11000000000000       ,   0.221940607483995       ,   0.201386531279204     
   8.12000000000000       ,   0.224752784525760       ,   0.207409661367858     
   8.13000000000000       ,   0.216508051506688       ,   0.204343810308704     
   8.14000000000000       ,   0.209839238685703       ,   0.203786763574050     
   8.15000000000000       ,   0.217319635310144       ,   0.217087268365172     
   8.16000000000000       ,   0.248740225619582       ,   0.252878009956276     
   8.17000000000000       ,   0.308906630034167       ,   0.315114682732869     
   8.18000000000000       ,   0.396405268303505       ,   0.402017067674978     
   8.19000000000000       ,   0.503590201430839       ,   0.506125237907262     
   8.20000000000000       ,   0.617792060316969       ,   0.615458008350719     
   8.21000000000000       ,   0.723502295048390       ,   0.715539719483093     
   8.22000000000000       ,   0.805092646525602       ,   0.791892001266856     
   8.23000000000000       ,   0.849531515947440       ,   0.832504036352764     
   8.24000000000000       ,   0.848574571327412       ,   0.829813435391980     
   8.25000000000000       ,   0.800030021021685       ,   0.781843237270934     
   8.26000000000000       ,   0.707899824020321       ,   0.692321612633439     
   8.27000000000000       ,   0.581431048606086       ,   0.569818797830457     
   8.28000000000000       ,   0.433325693549090       ,   0.426125656545953     
   8.29000000000000       ,   0.277507865651384       ,   0.274231011787281     
   8.30000000000000       ,   0.126905576516498       ,   0.126305778429754     
   8.31000000000000       ,  -8.336381526791906E-003  ,  -7.934635325434836E-003
   8.32000000000000       ,  -0.121920697126228       ,  -0.122228367522372     
   8.33000000000000       ,  -0.211622741595180       ,  -0.214018979419530     
   8.34000000000000       ,  -0.278744820015766       ,  -0.284016808805742     
   8.35000000000000       ,  -0.327019356728213       ,  -0.335259282605669     
   8.36000000000000       ,  -0.361269234058290       ,  -0.371938280750359     
   8.37000000000000       ,  -0.386144304763136       ,  -0.398273833661742     
   8.38000000000000       ,  -0.405191251379639       ,  -0.417661454838537     
   8.39000000000000       ,  -0.420400865502234       ,  -0.432223740028647     
   8.40000000000000       ,  -0.432244130923159       ,  -0.442782794655839     
   8.41000000000000       ,  -0.440089828323469       ,  -0.449167505038176     
   8.42000000000000       ,  -0.442819031894174       ,  -0.450702118493509     
   8.43000000000000       ,  -0.439430627173406       ,  -0.446702782486742     
   8.44000000000000       ,  -0.429466405789348       ,  -0.436836331504922     
   8.45000000000000       ,  -0.413159956778724       ,  -0.421258486667786     
   8.46000000000000       ,  -0.391306710713227       ,  -0.400526592794484     
   8.47000000000000       ,  -0.364936719444515       ,  -0.375352697803632     
   8.48000000000000       ,  -0.334925038516913       ,  -0.346307527847365     
   8.49000000000000       ,  -0.301684671806290       ,  -0.313594381965744     
   8.50000000000000       ,  -0.265054061907659       ,  -0.276984290819842     
   8.51000000000000       ,  -0.224426789058800       ,  -0.235949876931443     
   8.52000000000000       ,  -0.179095037225557       ,  -0.189971727593491     
   8.53000000000000       ,  -0.128712268901039       ,  -0.138936074768520     
   8.54000000000000       ,  -7.374246725820545E-002  ,  -8.351131223507963E-002
   8.55000000000000       ,  -1.576291448561412E-002  ,  -2.539141045577260E-002
   8.56000000000000       ,   4.247617303578899E-002  ,   3.267429148897089E-002
   8.57000000000000       ,   9.726959591196160E-002  ,   8.709235911662533E-002
   8.58000000000000       ,   0.144416471171582       ,   0.133845035572603     
   8.59000000000000       ,   0.179824582971019       ,   0.169035065892742     
   8.60000000000000       ,   0.200129551474221       ,   0.189443377385691     
   8.61000000000000       ,   0.203198672289542       ,   0.192987410776191     
   8.62000000000000       ,   0.188421854837548       ,   0.178995300281773     
   8.63000000000000       ,   0.156746989299924       ,   0.148257367357096     
   8.64000000000000       ,   0.110478615433877       ,   0.102868375150407     
   8.65000000000000       ,   5.291026581690934E-002  ,   4.591773223938021E-002
   8.66000000000000       ,  -1.211074636327051E-002  ,  -1.889056230502626E-002
   8.67000000000000       ,  -8.058798295389635E-002  ,  -8.760593089832515E-002
   8.68000000000000       ,  -0.148679047347597       ,  -0.156326358367005     
   8.69000000000000       ,  -0.212870047367139       ,  -0.221395012982780     
   8.70000000000000       ,  -0.270040088020527       ,  -0.279509766966291     
   8.71000000000000       ,  -0.317468360698100       ,  -0.327784216440623     
   8.72000000000000       ,  -0.352847960340476       ,  -0.363807858873839     
   8.73000000000000       ,  -0.374356861458284       ,  -0.385741751001057     
   8.74000000000000       ,  -0.380802535717144       ,  -0.392458589571258     
   8.75000000000000       ,  -0.371814039977817       ,  -0.383702390371302     
   8.76000000000000       ,  -0.348018681250953       ,  -0.360214856638101     
   8.77000000000000       ,  -0.311122905347707       ,  -0.323763925266644     
   8.78000000000000       ,  -0.263826761358806       ,  -0.277020981979216     
   8.79000000000000       ,  -0.209537982533670       ,  -0.223266153046461     
   8.80000000000000       ,  -0.151906743014915       ,  -0.165948184538166     
   8.81000000000000       ,  -9.426043996337535E-002  ,  -0.108173782412079     
   8.82000000000000       ,  -3.906196206193783E-002  ,  -5.223622510506757E-002
   8.83000000000000       ,   1.247009074896604E-002  ,   6.977083180857692E-004
   8.84000000000000       ,   6.046281427711420E-002  ,   5.064607965572082E-002
   8.85000000000000       ,   0.106152884790761       ,   9.857125032262226E-002
   8.86000000000000       ,   0.151334479999857       ,   0.145867526465824     
   8.87000000000000       ,   0.197597659888540       ,   0.193677350642737     
   8.88000000000000       ,   0.245530563835024       ,   0.242192713846369     
   8.89000000000000       ,   0.294088569028881       ,   0.290121478789604     
   8.90000000000000       ,   0.340315110624673       ,   0.334478898859887     
   8.91000000000000       ,   0.379532622130610       ,   0.370803703232674     
   8.92000000000000       ,   0.406020566600777       ,   0.393807081966060     
   8.93000000000000       ,   0.414082975687260       ,   0.398361381280174     
   8.94000000000000       ,   0.399307059512166       ,   0.380646791216535     
   8.95000000000000       ,   0.359752235367552       ,   0.339220542055500     
   8.96000000000000       ,   0.296802261078073       ,   0.275768804931226     
   8.97000000000000       ,   0.215466507627115       ,   0.195350383697503     
   8.98000000000000       ,   0.124020262144527       ,   0.106034938443580     
   8.99000000000000       ,   3.300671174228150E-002  ,   1.795783456941212E-002
   9.00000000000000       ,  -4.624395125677778E-002  ,  -5.806671866659222E-002
   9.01000000000000       ,  -0.103319509746933       ,  -0.112138898111144     
   9.02000000000000       ,  -0.130345243781126       ,  -0.136790444036956     
   9.03000000000000       ,  -0.123221707395037       ,  -0.128153383688772     
   9.04000000000000       ,  -8.225872196557039E-002  ,  -8.657288777957164E-002
   9.05000000000000       ,  -1.210210730134155E-002  ,  -1.656257903330444E-002
   9.06000000000000       ,   7.901379479749913E-002  ,   7.387586122048861E-002
   9.07000000000000       ,   0.180529983478833       ,   0.174431931819943     
   9.08000000000000       ,   0.281098407865015       ,   0.273944656970502     
   9.09000000000000       ,   0.370112451049069       ,   0.361885165782797     
   9.10000000000000       ,   0.438981330930785       ,   0.429625611793397     
   9.11000000000000       ,   0.481971681949384       ,   0.471318224503465     
   9.12000000000000       ,   0.496541832362618       ,   0.484297821493715     
   9.13000000000000       ,   0.483199223668426       ,   0.469016655470064     
   9.14000000000000       ,   0.444995031432649       ,   0.428600675366457     
   9.15000000000000       ,   0.386815495358591       ,   0.368165369102725     
   9.16000000000000       ,   0.314630819274966       ,   0.294040569884947     
   9.17000000000000       ,   0.234825550887565       ,   0.213030202672215     
   9.18000000000000       ,   0.153674356760728       ,   0.131786577545395     
   9.19000000000000       ,   7.696415251880115E-002  ,   5.632585169616015E-002
   9.20000000000000       ,   9.716786474154044E-003  ,  -8.332030537328061E-003
   9.21000000000000       ,  -4.405116642111537E-002  ,  -5.843753722527380E-002
   9.22000000000000       ,  -8.158020349314242E-002  ,  -9.173497982152515E-002
   9.23000000000000       ,  -0.101639947626133       ,  -0.107645694817373     
   9.24000000000000       ,  -0.104779947055086       ,  -0.107387158697088     
   9.25000000000000       ,  -9.347614981294428E-002  ,  -9.397472440708994E-002
   9.26000000000000       ,  -7.207373409227974E-002  ,  -7.204143388697706E-002
   9.27000000000000       ,  -4.644564652369888E-002  ,  -4.742640775218835E-002
   9.28000000000000       ,  -2.333909216995739E-002  ,  -2.652353221235113E-002
   9.29000000000000       ,  -9.457975489521053E-003  ,  -1.544086570846368E-002
   9.30000000000000       ,  -1.040852159843312E-002  ,  -1.908210629727441E-002
   9.31000000000000       ,  -2.969558212450869E-002  ,  -4.030672903554721E-002
   9.32000000000000       ,  -6.797905317210311E-002  ,  -7.933948209012684E-002
   9.33000000000000       ,  -0.122772597305006       ,  -0.133574175505860     
   9.34000000000000       ,  -0.188691781994479       ,  -0.197852305374600     
   9.35000000000000       ,  -0.258249753577569       ,  -0.265205544205749     
   9.36000000000000       ,  -0.323079407209964       ,  -0.327952091461797     
   9.37000000000000       ,  -0.375359771752781       ,  -0.378953510225994     
   9.38000000000000       ,  -0.409166557272710       ,  -0.412792107901436     
   9.39000000000000       ,  -0.421469001777509       ,  -0.426632786542772     
   9.40000000000000       ,  -0.412560192513039       ,  -0.420589921082640     
   9.41000000000000       ,  -0.385823884536384       ,  -0.397519078589172     
   9.42000000000000       ,  -0.346882833274530       ,  -0.362274522559247     
   9.43000000000000       ,  -0.302309997724549       ,  -0.320589643897269     
   9.44000000000000       ,  -0.258183105495364       ,  -0.277822028130750     
   9.45000000000000       ,  -0.218801226243935       ,  -0.237837567058395     
   9.46000000000000       ,  -0.185849016121271       ,  -0.202280042323211     
   9.47000000000000       ,  -0.158196322365585       ,  -0.170388933215305     
   9.48000000000000       ,  -0.132379187816688       ,  -0.139406748464312     
   9.49000000000000       ,  -0.103654682928766       ,  -0.105484862873006     
   9.50000000000000       ,  -6.739124921467353E-002  ,  -6.488344250101968E-002
   9.51000000000000       ,  -2.047823273910608E-002  ,  -1.519236774635359E-002
   9.52000000000000       ,   3.756903296822663E-002  ,   4.370806484795631E-002
   9.53000000000000       ,   0.104067028653639       ,   0.109173315708344     
   9.54000000000000       ,   0.173320125929114       ,   0.175929096529317     
   9.55000000000000       ,   0.237457228687336       ,   0.236803266015657     
   9.56000000000000       ,   0.287782523562098       ,   0.283914190986680     
   9.57000000000000       ,   0.316362586221988       ,   0.310075739877314     
   9.58000000000000       ,   0.317522467813118       ,   0.310132798628099     
   9.59000000000000       ,   0.288945408076588       ,   0.281956993877222     
   9.60000000000000       ,   0.232158199173575       ,   0.226905639850862     
   9.61000000000000       ,   0.152316198720015       ,   0.149660573951697     
   9.62000000000000       ,   5.734841750874179E-002  ,   5.749178825036377E-002
   9.63000000000000       ,  -4.334843472144814E-002  ,  -4.089460550398390E-002
   9.64000000000000       ,  -0.140394851070076       ,  -0.136687786946301     
   9.65000000000000       ,  -0.225798460126728       ,  -0.222222853749855     
   9.66000000000000       ,  -0.293956433932666       ,  -0.291922238372340     
   9.67000000000000       ,  -0.342130026738201       ,  -0.342777167701594     
   9.68000000000000       ,  -0.370350964276059       ,  -0.374322728155210     
   9.69000000000000       ,  -0.380839424349123       ,  -0.388166897637457     
   9.70000000000000       ,  -0.377107139440760       ,  -0.387219915390077     
   9.71000000000000       ,  -0.362968090825826       ,  -0.374818369392220     
   9.72000000000000       ,  -0.341676069742416       ,  -0.353940764699510     
   9.73000000000000       ,  -0.315358015946397       ,  -0.326671164923130     
   9.74000000000000       ,  -0.284829700955940       ,  -0.293997103602185     
   9.75000000000000       ,  -0.249787157433325       ,  -0.255945449953829     
   9.76000000000000       ,  -0.209285017476322       ,  -0.211984585405890     
   9.77000000000000       ,  -0.162358856170748       ,  -0.161569075260827     
   9.78000000000000       ,  -0.108631861340191       ,  -0.104683257881791     
   9.79000000000000       ,  -4.876628666067548E-002  ,  -4.225383303108385E-002
   9.80000000000000       ,   1.533164413561471E-002  ,   2.365805730101459E-002
   9.81000000000000       ,   8.058272332216881E-002  ,   8.991959969759464E-002
   9.82000000000000       ,   0.143050906207023       ,   0.152622291462943     
   9.83000000000000       ,   0.198428860621296       ,   0.207545015537688     
   9.84000000000000       ,   0.242594805240658       ,   0.250693088364584     
   9.85000000000000       ,   0.272143810212867       ,   0.278818893754900     
   9.86000000000000       ,   0.284816672413184       ,   0.289844982188058     
   9.87000000000000       ,   0.279779340158657       ,   0.283137298301328     
   9.88000000000000       ,   0.257736166718468       ,   0.259606114500844     
   9.89000000000000       ,   0.220883621025867       ,   0.221638042800514     
   9.90000000000000       ,   0.172724049998654       ,   0.172879894663665     
   9.91000000000000       ,   0.117762663732131       ,   0.117903579809550     
   9.92000000000000       ,   6.110950090998967E-002  ,   6.178327260878643E-002
   9.93000000000000       ,   8.007448218867263E-003  ,   9.615989973627035E-003
   9.94000000000000       ,  -3.668795611753109E-002  ,  -3.398149917613645E-002
   9.95000000000000       ,  -6.903969460243078E-002  ,  -6.536090280141618E-002
   9.96000000000000       ,  -8.651827632943229E-002  ,  -8.226878315737127E-002
   9.97000000000000       ,  -8.838103963704776E-002  ,  -8.415656540843983E-002
   9.98000000000000       ,  -7.586883759499584E-002  ,  -7.231840813998441E-002
   9.99000000000000       ,  -5.215736564587732E-002  ,  -4.981114903604641E-002
   10.0000000000000       ,  -2.202911137973496E-002  ,  -2.113428176887750E-002
   10.0100000000000       ,   8.723078186181836E-003  ,   8.315972690053752E-003
   10.0200000000000       ,   3.409626927026017E-002  ,   3.296168122320298E-002
   10.0300000000000       ,   4.876680300177008E-002  ,   4.783019042887530E-002
   10.0400000000000       ,   4.892030257213127E-002  ,   4.928858038529566E-002
   10.0500000000000       ,   3.286767698701114E-002  ,   3.559551458174229E-002
   10.0600000000000       ,   1.319235522800907E-003  ,   7.161549860259080E-003
   10.0700000000000       ,  -4.275337167730807E-002  ,  -3.354438987654639E-002
   10.0800000000000       ,  -9.465925118954262E-002  ,  -8.244011771008400E-002
   10.0900000000000       ,  -0.148843153699242       ,  -0.134554922881435     
   10.1000000000000       ,  -0.199892810661985       ,  -0.184902461186466     
   10.1100000000000       ,  -0.243500154115575       ,  -0.229335104855662     
   10.1200000000000       ,  -0.277181182994511       ,  -0.265211728346831     
   10.1300000000000       ,  -0.300605639152372       ,  -0.291745697497972     
   10.1400000000000       ,  -0.315468565683997       ,  -0.309964694306556     
   10.1500000000000       ,  -0.324934146702888       ,  -0.322295592524043     
   10.1600000000000       ,  -0.332776066266544       ,  -0.331868068765105     
   10.1700000000000       ,  -0.342406314491346       ,  -0.341691735037186     
   10.1800000000000       ,  -0.356009690544786       ,  -0.353888956037699     
   10.1900000000000       ,  -0.373977477788098       ,  -0.369152251819211     
   10.2000000000000       ,  -0.394765540758213       ,  -0.386543668474464     
   10.2100000000000       ,  -0.415204615483997       ,  -0.403675091667260     
   10.2200000000000       ,  -0.431186199952200       ,  -0.417221039280365     
   10.2300000000000       ,  -0.438560546183734       ,  -0.423639251497159     
   10.2400000000000       ,  -0.434034369417973       ,  -0.419927284005879     
   10.2500000000000       ,  -0.415856842977155       ,  -0.404236542340221     
   10.2600000000000       ,  -0.384133387375809       ,  -0.376200609273196     
   10.2700000000000       ,  -0.340695993636730       ,  -0.336904195800665     
   10.2800000000000       ,  -0.288565466493494       ,  -0.288506336914164     
   10.2900000000000       ,  -0.231139856544115       ,  -0.233615943222091     
   10.3000000000000       ,  -0.171310941287384       ,  -0.174579382554358     
   10.3100000000000       ,  -0.110730619446994       ,  -0.112863530370900     
   10.3200000000000       ,  -4.941633696932818E-002  ,  -4.869762683913334E-002
   10.3300000000000       ,   1.419360501002743E-002  ,   1.892246835451513E-002
   10.3400000000000       ,   8.272984942265416E-002  ,   9.184985920789587E-002
   10.3500000000000       ,   0.159030818121762       ,   0.172096407444398     
   10.3600000000000       ,   0.245121282748107       ,   0.260988180783679     
   10.3700000000000       ,   0.341265800681740       ,   0.358361982027066     
   10.3800000000000       ,   0.445323798810473       ,   0.461998777097405     
   10.3900000000000       ,   0.552573617783913       ,   0.567446042939686     
   10.4000000000000       ,   0.656075472609748       ,   0.668302461103971     
   10.4100000000000       ,   0.747529692479348       ,   0.756942152295925     
   10.4200000000000       ,   0.818481781849803       ,   0.825562752016149     
   10.4300000000000       ,   0.861652442252974       ,   0.867372087403641     
   10.4400000000000       ,   0.872143958337676       ,   0.877696658253955     
   10.4500000000000       ,   0.848298931542958       ,   0.854807676374847     
   10.4600000000000       ,   0.792056608357312       ,   0.800313594214151     
   10.4700000000000       ,   0.708749988425417       ,   0.719049848839295     
   10.4800000000000       ,   0.606392073844633       ,   0.618489373039524     
   10.4900000000000       ,   0.494590159781184       ,   0.507782168650822     
   10.5000000000000       ,   0.383285482101396       ,   0.396592453785807     
   10.5100000000000       ,   0.281532289637435       ,   0.293927182141292     
   10.5200000000000       ,   0.196505437105438       ,   0.207137559331465     
   10.5300000000000       ,   0.132867604469208       ,   0.141230864980558     
   10.5400000000000       ,   9.255106237199745E-002  ,   9.856483796752416E-002
   10.5500000000000       ,   7.493164356530846E-002  ,   7.892563829514375E-002
   10.5600000000000       ,   7.730966950197221E-002  ,   7.992725242954027E-002
   10.5700000000000       ,   9.557452139017684E-002  ,   9.762619103148609E-002
   10.5800000000000       ,   0.124920173148161       ,   0.127226243298295     
   10.5900000000000       ,   0.160495501158257       ,   0.163753898404541     
   10.6000000000000       ,   0.197907658449608       ,   0.202610806675045     
   10.6100000000000       ,   0.233538870784392       ,   0.239947124562401     
   10.6200000000000       ,   0.264676652992688       ,   0.272839657203546     
   10.6300000000000       ,   0.289487307904481       ,   0.299293502592296     
   10.6400000000000       ,   0.306879258933002       ,   0.318110251684380     
   10.6500000000000       ,   0.316306843459004       ,   0.328677822193537     
   10.6600000000000       ,   0.317560098167651       ,   0.330737723970542     
   10.6700000000000       ,   0.310576398719001       ,   0.324177878517317     
   10.6800000000000       ,   0.295299578731322       ,   0.308886556564317     
   10.6900000000000       ,   0.271603523967122       ,   0.284688565692010     
   10.7000000000000       ,   0.239290205934122       ,   0.251370406101926     
   10.7100000000000       ,   0.198165042635322       ,   0.208787482460885     
   10.7200000000000       ,   0.148183293111446       ,   0.157033753654298     
   10.7300000000000       ,   8.964882454836383E-002  ,   9.664266899169725E-002
   10.7400000000000       ,   2.343197205903325E-002  ,   2.877885432633721E-002
   10.7500000000000       ,  -4.884044187542456E-002  ,  -4.462531975722228E-002
   10.7600000000000       ,  -0.124677738966080       ,  -0.120832954968143     
   10.7700000000000       ,  -0.200752665660259       ,  -0.196400366240565     
   10.7800000000000       ,  -0.273098655571534       ,  -0.267424602061431     
   10.7900000000000       ,  -0.337482108715960       ,  -0.329928438816085     
   10.8000000000000       ,  -0.389915207551796       ,  -0.380339077302242     
   10.8100000000000       ,  -0.427234282650681       ,  -0.415987852807065     
   10.8200000000000       ,  -0.447637628387420       ,  -0.435539392975337     
   10.8300000000000       ,  -0.451064917667270       ,  -0.439256490041801     
   10.8400000000000       ,  -0.439314639694961       ,  -0.429025340599864     
   10.8500000000000       ,  -0.415837269330689       ,  -0.408104177505896     
   10.8600000000000       ,  -0.385204329996059       ,  -0.380611042211940     
   10.8700000000000       ,  -0.352325034738840       ,  -0.350823440296947     
   10.8800000000000       ,  -0.321546735852854       ,  -0.322411243934186     
   10.8900000000000       ,  -0.295816616648845       ,  -0.297752061948138     
   10.9000000000000       ,  -0.276087346844891       ,  -0.277476368549835     
   10.9100000000000       ,  -0.261113582386593       ,  -0.260354943500835     
   10.9200000000000       ,  -0.247713412262436       ,  -0.243578025072760     
   10.9300000000000       ,  -0.231472598617103       ,  -0.223395545039749     
   10.9400000000000       ,  -0.207769989003055       ,  -0.196007499647199     
   10.9500000000000       ,  -0.172922527029930       ,  -0.158531073014126     
   10.9600000000000       ,  -0.125207750105647       ,  -0.109842112359661     
   10.9700000000000       ,  -6.553264073527545E-002  ,  -5.110199919927287E-002
   10.9800000000000       ,   2.418922274532949E-003  ,   1.416320216986031E-002
   10.9900000000000       ,   7.262333060840252E-002  ,   8.047600013976676E-002
   11.0000000000000       ,   0.137677993414501       ,   0.141254630144917     
   11.0100000000000       ,   0.190107787695314       ,   0.189939902765207     
   11.0200000000000       ,   0.223756674025507       ,   0.221181027682831     
   11.0300000000000       ,   0.234975565636189       ,   0.231838488487091     
   11.0400000000000       ,   0.223351936488731       ,   0.221592696386911     
   11.0500000000000       ,   0.191818250759387       ,   0.193024736688697     
   11.0600000000000       ,   0.146106254511194       ,   0.151144318123140     
   11.0700000000000       ,   9.365432377315114E-002  ,   0.102456756236103     
   11.0800000000000       ,   4.219416505886891E-002  ,   5.375972407713667E-002
   11.0900000000000       ,  -1.685965095737478E-003  ,   1.091922042316962E-002
   11.1000000000000       ,  -3.369844964678070E-002  ,  -2.212103292245709E-002
   11.1100000000000       ,  -5.249210230573897E-002  ,  -4.389356878550080E-002
   11.1200000000000       ,  -5.964008989803014E-002  ,  -5.541733796929291E-002
   11.1300000000000       ,  -5.899730772451168E-002  ,  -5.967672888101741E-002
   11.1400000000000       ,  -5.558439377717267E-002  ,  -6.069903385389184E-002
   11.1500000000000       ,  -5.425975769848345E-002  ,  -6.244756720264567E-002
   11.1600000000000       ,  -5.848575580256731E-002  ,  -6.778607867932482E-002
   11.1700000000000       ,  -6.947024299146842E-002  ,  -7.775062144902864E-002
   11.1800000000000       ,  -8.587593478433482E-002  ,  -9.129209337509116E-002
   11.1900000000000       ,  -0.104157784401058       ,  -0.105542994009539     
   11.2000000000000       ,  -0.119443384776889       ,  -0.116540683751757     
   11.2100000000000       ,  -0.126746647162617       ,  -0.120234395350929     
   11.2200000000000       ,  -0.122229276148276       ,  -0.113538447608254     
   11.2300000000000       ,  -0.104215002436520       ,  -9.518422657224386E-002
   11.2400000000000       ,  -7.371990906462718E-002  ,  -6.617049534771441E-002
   11.2500000000000       ,  -3.437453019363279E-002  ,  -2.970430885032688E-002
   11.2600000000000       ,   8.246630646070898E-003  ,   9.358391129352351E-003
   11.2700000000000       ,   4.773742864193035E-002  ,   4.544956898943021E-002
   11.2800000000000       ,   7.816435592810855E-002  ,   7.339553580146231E-002
   11.2900000000000       ,   9.527200610253886E-002  ,   8.944866173403468E-002
   11.3000000000000       ,   9.732496595274530E-002  ,   9.201930093075088E-002
   11.3100000000000       ,   8.540721315414622E-002  ,   8.195288427305548E-002
   11.3200000000000       ,   6.312497263614314E-002  ,   6.230095987553615E-002
   11.3300000000000       ,   3.579340614508349E-002  ,   3.764816897110766E-002
   11.3400000000000       ,   9.300336908406386E-003  ,   1.315358754406774E-002
   11.3500000000000       ,  -1.109403468456950E-002  ,  -6.477194591295548E-003
   11.3600000000000       ,  -2.175774091115525E-002  ,  -1.786576837897605E-002
   11.3700000000000       ,  -2.127998442471002E-002  ,  -1.950080055072873E-002
   11.3800000000000       ,  -1.054978353472384E-002  ,  -1.184780398699465E-002
   11.3900000000000       ,   7.664270577540377E-003  ,   2.965555070595716E-003
   11.4000000000000       ,   2.950427833535232E-002  ,   2.178665130954310E-002
   11.4100000000000       ,   5.097591232744617E-002  ,   4.122740817686823E-002
   11.4200000000000       ,   6.883021647670169E-002  ,   5.841086689958131E-002
   11.4300000000000       ,   8.117097666247917E-002  ,   7.150204175607486E-002
   11.4400000000000       ,   8.766205561160036E-002  ,   7.991320089982194E-002
   11.4500000000000       ,   8.931388007019553E-002  ,   8.416046407148585E-002
   11.4600000000000       ,   8.793386669161021E-002  ,   8.543733091561269E-002
   11.4700000000000       ,   8.540627219818740E-002  ,   8.503971053802888E-002
   11.4800000000000       ,   8.300378596323003E-002  ,   8.380986078038759E-002
   11.4900000000000       ,   8.091833743063519E-002  ,   8.175623077084004E-002
   11.5000000000000       ,   7.813703665962564E-002  ,   7.795614534143844E-002
   11.5100000000000       ,   7.269715517454976E-002  ,   7.077182605650700E-002
   11.5200000000000       ,   6.225492240040201E-002  ,   5.832687844821604E-002
   11.5300000000000       ,   4.482126086061412E-002  ,   3.912091055412883E-002
   11.5400000000000       ,   1.947327519222726E-002  ,   1.262146441770643E-002
   11.5500000000000       ,  -1.314625138455924E-002  ,  -2.032581157914754E-002
   11.5600000000000       ,  -5.067930625273754E-002  ,  -5.738654222736985E-002
   11.5700000000000       ,  -8.930746311993636E-002  ,  -9.497384087082852E-002
   11.5800000000000       ,  -0.124368779949039       ,  -0.128796160966745     
   11.5900000000000       ,  -0.151208009498565       ,  -0.154607041795986     
   11.6000000000000       ,  -0.166075614843389       ,  -0.168998137060464     
   11.6100000000000       ,  -0.166878880912468       ,  -0.170065043973633     
   11.6200000000000       ,  -0.153621905857962       ,  -0.157802905829222     
   11.6300000000000       ,  -0.128441703191710       ,  -0.134148506798361     
   11.6400000000000       ,  -9.523777210322772E-002  ,  -0.102663105068997     
   11.6500000000000       ,  -5.898083986981904E-002  ,  -6.792721908852632E-002
   11.6600000000000       ,  -2.485263934246027E-002  ,  -3.477728785463390E-002
   11.6700000000000       ,   2.601966535533653E-003  ,  -7.541697682524725E-003
   11.6800000000000       ,   2.014182661681469E-002  ,   1.057502031291637E-002
   11.6900000000000       ,   2.619655983629735E-002  ,   1.785237617087974E-002
   11.7000000000000       ,   2.088893704408679E-002  ,   1.411392900849862E-002
   11.7100000000000       ,   5.746982758567463E-003  ,   5.112098460710995E-004
   11.7200000000000       ,  -1.679403383361339E-002  ,  -2.088633283112048E-002
   11.7300000000000       ,  -4.396211610640720E-002  ,  -4.757896449099647E-002
   11.7400000000000       ,  -7.315215052850239E-002  ,  -7.708162716534514E-002
   11.7500000000000       ,  -0.102255285991363       ,  -0.107231580848045     
   11.7600000000000       ,  -0.129762827621756       ,  -0.136310929515800     
   11.7700000000000       ,  -0.154658086725438       ,  -0.162991326312888     
   11.7800000000000       ,  -0.176166171750009       ,  -0.186156998608047     
   11.7900000000000       ,  -0.193466105556510       ,  -0.204692584412352     
   11.8000000000000       ,  -0.205474084488407       ,  -0.217327078570782     
   11.8100000000000       ,  -0.210781220973240       ,  -0.222604197367227     
   11.8200000000000       ,  -0.207781406076887       ,  -0.219009071649448     
   11.8300000000000       ,  -0.194968099236453       ,  -0.205232588215224     
   11.8400000000000       ,  -0.171327984220554       ,  -0.180510991667355     
   11.8500000000000       ,  -0.136727736247501       ,  -0.144951107365616     
   11.8600000000000       ,  -9.218569249387999E-002  ,  -9.974792190998814E-002
   11.8700000000000       ,  -3.994402542756985E-002  ,  -4.722230044573625E-002
   11.8800000000000       ,   1.669704425145997E-002  ,   9.352919864471024E-003
   11.8900000000000       ,   7.376498956726013E-002  ,   6.612046644031798E-002
   11.9000000000000       ,   0.127149742603316       ,   0.119135148798096     
   11.9100000000000       ,   0.173180184622638       ,   0.164892699566940     
   11.9200000000000       ,   0.209124026248922       ,   0.200784777026886     
   11.9300000000000       ,   0.233509500733994       ,   0.225389251420606     
   11.9400000000000       ,   0.246207531940399       ,   0.238541211576911     
   11.9500000000000       ,   0.248266869906013       ,   0.241178688359087     
   11.9600000000000       ,   0.241549174013619       ,   0.235006310358093     
   11.9700000000000       ,   0.228253378314823       ,   0.222058450266219     
   11.9800000000000       ,   0.210439322510510       ,   0.204262176982090     
   11.9900000000000       ,   0.189655414690642       ,   0.183095630047960     
   12.0000000000000       ,   0.166746081034033       ,   0.159411046575130     
   12.0100000000000       ,   0.141869554500797       ,   0.133450413493829     
   12.0200000000000       ,   0.114706282377046       ,   0.105035676999089     
   12.0300000000000       ,   8.479476285708230E-002  ,   7.387546967695677E-002
   12.0400000000000       ,   5.190473187955518E-002  ,   3.990543510526538E-002
   12.0500000000000       ,   1.635277685248458E-002  ,   3.574567172384596E-003
   12.0600000000000       ,  -2.081728926568720E-002  ,  -3.399427779211113E-002
   12.0700000000000       ,  -5.783270198261044E-002  ,  -7.100997441443470E-002
   12.0800000000000       ,  -9.236960576778280E-002  ,  -0.105185759625797     
   12.0900000000000       ,  -0.121870962531700       ,  -0.134042135625791     
   12.1000000000000       ,  -0.143935618351288       ,  -0.155275746098376     
   12.1100000000000       ,  -0.156697381419062       ,  -0.167118211377317     
   12.1200000000000       ,  -0.159119395304312       ,  -0.168614623570116     
   12.1300000000000       ,  -0.151151346781737       ,  -0.159772003203225     
   12.1400000000000       ,  -0.133728797809602       ,  -0.141557681413306     
   12.1500000000000       ,  -0.108627148326036       ,  -0.115758816669998     
   12.1600000000000       ,  -7.820974769989185E-002  ,  -8.473986452052241E-002
   12.1700000000000       ,  -4.512498203607531E-002  ,  -5.114955946708895E-002
   12.1800000000000       ,  -1.200860497395551E-002  ,  -1.763070421759643E-002
   12.1900000000000       ,   1.876344610160621E-002  ,   1.342398072266965E-002
   12.2000000000000       ,   4.524569418174832E-002  ,   4.004452518184341E-002
   12.2100000000000       ,   6.601266439767645E-002  ,   6.077959387287145E-002
   12.2200000000000       ,   8.018078282385362E-002  ,   7.472723619625637E-002
   12.2300000000000       ,   8.738644630211048E-002  ,   8.152193502796273E-002
   12.2400000000000       ,   8.774511012065717E-002  ,   8.130041993757285E-002
   12.2500000000000       ,   8.180906947499637E-002  ,   7.466204609191369E-002
   12.2600000000000       ,   7.052960081637316E-002  ,   6.262839421359620E-002
   12.2700000000000       ,   5.521679619229439E-002  ,   4.659544285132078E-002
   12.2800000000000       ,   3.748208968730635E-002  ,   2.826433445193121E-002
   12.2900000000000       ,   1.914704652463248E-002  ,   9.536150586530720E-003
   12.3000000000000       ,   2.108173408810451E-003  ,  -7.637172087690978E-003
   12.3100000000000       ,  -1.184031887981172E-002  ,  -2.144131577203437E-002
   12.3200000000000       ,  -2.120919006886672E-002  ,  -3.040852509306051E-002
   12.3300000000000       ,  -2.501281903354515E-002  ,  -3.361586656132456E-002
   12.3400000000000       ,  -2.292732877369824E-002  ,  -3.083558225827724E-002
   12.3500000000000       ,  -1.537303236188242E-002  ,  -2.260287934813417E-002
   12.3600000000000       ,  -3.496195336429219E-003  ,  -1.017796939872439E-002
   12.3700000000000       ,   1.095775908735712E-002  ,   4.602488028364656E-003
   12.3800000000000       ,   2.586700421024114E-002  ,   1.956806443908318E-002
   12.3900000000000       ,   3.902016531272588E-002  ,   3.251539000946505E-002
   12.4000000000000       ,   4.842172345601446E-002  ,   4.151800352525024E-002
   12.4100000000000       ,   5.256540720188242E-002  ,   4.519246254477886E-002
   12.4200000000000       ,   5.062987046694019E-002  ,   4.287487755572907E-002
   12.4300000000000       ,   4.256468955471483E-002  ,   3.467820847635314E-002
   12.4400000000000       ,   2.905445420042858E-002  ,   2.142274011737370E-002
   12.4500000000000       ,   1.137043487556207E-002  ,   4.455552002124551E-003
   12.4600000000000       ,  -8.861299939107951E-003  ,  -1.460525042954174E-002
   12.4700000000000       ,  -2.993296626588767E-002  ,  -3.415317087215836E-002
   12.4800000000000       ,  -5.032165071258887E-002  ,  -5.285141708058908E-002
   12.4900000000000       ,  -6.890498292506420E-002  ,  -6.982175225793584E-002
   12.5000000000000       ,  -8.509221907404495E-002  ,  -8.473404178605842E-002
   12.5100000000000       ,  -9.885285285595874E-002  ,  -9.778577359624185E-002
   12.5200000000000       ,  -0.110642659266333       ,  -0.109580967118292     
   12.5300000000000       ,  -0.121243817049940       ,  -0.120935112045692     
   12.5400000000000       ,  -0.131548944957933       ,  -0.132644292371144     
   12.5500000000000       ,  -0.142326885756296       ,  -0.145260989215537     
   12.5600000000000       ,  -0.154010191791451       ,  -0.158916182283733     
   12.5700000000000       ,  -0.166540661668099       ,  -0.173218458804679     
   12.5800000000000       ,  -0.179300733971982       ,  -0.187247851555600     
   12.5900000000000       ,  -0.191146251451069       ,  -0.199647321986673     
   12.6000000000000       ,  -0.200541499622627       ,  -0.208800311201505     
   12.6100000000000       ,  -0.205782090010248       ,  -0.213070332421843     
   12.6200000000000       ,  -0.205276928503279       ,  -0.211069411669159     
   12.6300000000000       ,  -0.197849016170074       ,  -0.201917087156578     
   12.6400000000000       ,  -0.183008002473366       ,  -0.185451095790349     
   12.6500000000000       ,  -0.161146849300192       ,  -0.162354985339071     
   12.6600000000000       ,  -0.133621703499448       ,  -0.134176600439258     
   12.6700000000000       ,  -0.102688206965801       ,  -0.103224234713435     
   12.6800000000000       ,  -7.128783614448787E-002  ,  -7.234323000182830E-002
   12.6900000000000       ,  -4.270193452073149E-002  ,  -4.459330259869148E-002
   12.7000000000000       ,  -2.011518510208345E-002  ,  -2.286361505662993E-002
   12.7100000000000       ,  -6.150012605170664E-003  ,  -9.475890655860020E-003
   12.7200000000000       ,  -2.444593064877000E-003  ,  -5.832973450549742E-003
   12.7300000000000       ,  -9.346628853838548E-003  ,  -1.216901286232897E-002
   12.7400000000000       ,  -2.578156925625175E-002  ,  -2.744689176567743E-002
   12.7500000000000       ,  -4.932871141460100E-002  ,  -4.942922629727809E-002
   12.7600000000000       ,  -7.650529278070108E-002  ,  -7.492363378201632E-002
   12.7700000000000       ,  -0.103222969454678       ,  -0.100174948746755     
   12.7800000000000       ,  -0.125349636475626       ,  -0.121351571646018     
   12.7900000000000       ,  -0.139288709988178       ,  -0.135055090591876     
   12.8000000000000       ,  -0.142482357115666       ,  -0.138775631258865     
   12.8100000000000       ,  -0.133756502352423       ,  -0.131222021800148     
   12.8200000000000       ,  -0.113452160789074       ,  -0.112475237253064     
   12.8300000000000       ,  -8.332494471326211E-002  ,  -8.394255436043783E-002
   12.8400000000000       ,  -4.623534226639968E-002  ,  -4.812317645479117E-002
   12.8500000000000       ,  -5.688586619303617E-003  ,  -8.227494268422392E-003
   12.8600000000000       ,   3.469254191384281E-002  ,   3.228441126886167E-002
   12.8700000000000       ,   7.167058572244507E-002  ,   7.016844550664128E-002
   12.8800000000000       ,   0.102790294608855       ,   0.102793231503234     
   12.8900000000000       ,   0.126612947800951       ,   0.128411615532319     
   12.9000000000000       ,   0.142766272107244       ,   0.146277073692264     
   12.9100000000000       ,   0.151824859404913       ,   0.156605353072970     
   12.9200000000000       ,   0.155066851097124       ,   0.160409272451723     
   12.9300000000000       ,   0.154171296905111       ,   0.159253968530033     
   12.9400000000000       ,   0.150923630221830       ,   0.154987444243807     
   12.9500000000000       ,   0.146984441283451       ,   0.149496321619561     
   12.9600000000000       ,   0.143753024392092       ,   0.144521412530683     
   12.9700000000000       ,   0.142328436858909       ,   0.141546609906250     
   12.9800000000000       ,   0.143544417943936       ,   0.141753354690522     
   12.9900000000000       ,   0.148037023650191       ,   0.146016984028572     
   13.0000000000000       ,   0.156299360289227       ,   0.154914451215616     
   13.0100000000000       ,   0.168687056488467       ,   0.168716533855196     
   13.0200000000000       ,   0.185358255316859       ,   0.187350194942468     
   13.0300000000000       ,   0.206157274416364       ,   0.210334312203224     
   13.0400000000000       ,   0.230474633417640       ,   0.236709256824463     
   13.0500000000000       ,   0.257131253957485       ,   0.264992517386945     
   13.0600000000000       ,   0.284336770389136       ,   0.293194875873119     
   13.0700000000000       ,   0.309759805265071       ,   0.318923156764284     
   13.0800000000000       ,   0.330724176669391       ,   0.339577782157739     
   13.0900000000000       ,   0.344514850396972       ,   0.352630353852764     
   13.1000000000000       ,   0.348748367070540       ,   0.355943937781021     
   13.1100000000000       ,   0.341741816288437       ,   0.348082544570502     
   13.1200000000000       ,   0.322807746720396       ,   0.328551095068041     
   13.1300000000000       ,   0.292412033076275       ,   0.297915051355573     
   13.1400000000000       ,   0.252156154861187       ,   0.257768892723990     
   13.1500000000000       ,   0.204579493485683       ,   0.210550760572217     
   13.1600000000000       ,   0.152813617291904       ,   0.159230822956196     
   13.1700000000000       ,   0.100150915108725       ,   0.106926455082176     
   13.1800000000000       ,   4.960742241579415E-002  ,   5.651233053166136E-002
   13.1900000000000       ,   3.560214768690965E-003  ,   1.029440861803759E-002
   13.2000000000000       ,  -3.647686802847015E-002  ,  -3.019679548809637E-002
   13.2100000000000       ,  -6.990543152178989E-002  ,  -6.426343629318648E-002
   13.2200000000000       ,  -9.692560631648030E-002  ,  -9.194900002612667E-002
   13.2300000000000       ,  -0.118288009897563       ,  -0.113829576880151     
   13.2400000000000       ,  -0.134978293914791       ,  -0.130741545304068     
   13.2500000000000       ,  -0.147908750447868       ,  -0.143509617634388     
   13.2600000000000       ,  -0.157685268771407       ,  -0.152734901516468     
   13.2700000000000       ,  -0.164496692663156       ,  -0.158685267779561     
   13.2800000000000       ,  -0.168142634958185       ,  -0.161304221416470     
   13.2900000000000       ,  -0.168182480734712       ,  -0.160325888625166     
   13.3000000000000       ,  -0.164160409146358       ,  -0.155459306216279     
   13.3100000000000       ,  -0.155845057659386       ,  -0.146590418009441     
   13.3200000000000       ,  -0.143421295604564       ,  -0.133948115935349     
   13.3300000000000       ,  -0.127585193635874       ,  -0.118191305227926     
   13.3400000000000       ,  -0.109517937938621       ,  -0.100394330818921     
   13.3500000000000       ,  -9.074393181696098E-002  ,  -8.193299724131659E-002
   13.3600000000000       ,  -7.290551280864055E-002  ,  -6.429678477371026E-002
   13.3700000000000       ,  -5.750525046670956E-002  ,  -4.886924291483878E-002
   13.3800000000000       ,  -4.567262652475030E-002  ,  -3.672434862797901E-002
   13.3900000000000       ,  -3.800416841926585E-002  ,  -2.848095556844878E-002
   13.4000000000000       ,  -3.450722993281651E-002  ,  -2.424224055538026E-002
   13.4100000000000       ,  -3.465260184969472E-002  ,  -2.362641955221299E-002
   13.4200000000000       ,  -3.751629079570499E-002  ,  -2.587423842787041E-002
   13.4300000000000       ,  -4.197213204091062E-002  ,  -3.000291585426915E-002
   13.4400000000000       ,  -4.688865143516371E-002  ,  -3.496893810094791E-002
   13.4500000000000       ,  -5.128726574934012E-002  ,  -3.980467890804951E-002
   13.4600000000000       ,  -5.443298129260549E-002  ,  -4.370498654785454E-002
   13.4700000000000       ,  -5.584913265229322E-002  ,  -4.605623837232267E-002
   13.4800000000000       ,  -5.526885359603683E-002  ,  -4.641729343092383E-002
   13.4900000000000       ,  -5.255232714630458E-002  ,  -4.447467380329262E-002
   13.5000000000000       ,  -4.760625052395560E-002  ,  -3.999978345652442E-002
   13.5100000000000       ,  -4.033863056584511E-002  ,  -3.283271158236307E-002
   13.5200000000000       ,  -3.066908988139815E-002  ,  -2.290623643805906E-002
   13.5300000000000       ,  -1.859592912786280E-002  ,  -1.030820058341251E-002
   13.5400000000000       ,  -4.301446623023562E-003  ,   4.635133510885301E-003
   13.5500000000000       ,   1.173810997826239E-002  ,   2.128333596341046E-002
   13.5600000000000       ,   2.867782129403183E-002  ,   3.864570540317273E-002
   13.5700000000000       ,   4.529978859786699E-002  ,   5.541114805370095E-002
   13.5800000000000       ,   6.009960056793123E-002  ,   7.005653650754953E-002
   13.5900000000000       ,   7.146234147537572E-002  ,   8.102722140755052E-002
   13.6000000000000       ,   7.790373985146075E-002  ,   8.696414001626443E-002
   13.6100000000000       ,   7.833304828512938E-002  ,   8.693718408490735E-002
   13.6200000000000       ,   7.228427236766691E-002  ,   8.063808081000791E-002
   13.6300000000000       ,   6.006424678497973E-002  ,   6.849001326171567E-002
   13.6400000000000       ,   4.277984019251003E-002  ,   5.164512628452611E-002
   13.6500000000000       ,   2.222949913553087E-002  ,   3.186212075606811E-002
   13.6600000000000       ,   6.714735710479921E-004  ,   1.127979042145977E-002
   13.6700000000000       ,  -1.949357664047242E-002  ,  -7.876613831226502E-003
   13.6800000000000       ,  -3.606994330598763E-002  ,  -2.360556379956421E-002
   13.6900000000000       ,  -4.738198316704818E-002  ,  -3.440192374299728E-002
   13.7000000000000       ,  -5.250101362107538E-002  ,  -3.944565002404617E-002
   13.7100000000000       ,  -5.134564865145515E-002  ,  -3.867690847539464E-002
   13.7200000000000       ,  -4.464230833330041E-002  ,  -3.275030675192810E-002
   13.7300000000000       ,  -3.375966005871923E-002  ,  -2.288379822326733E-002
   13.7400000000000       ,  -2.045392942442875E-002  ,  -1.063634217316646E-002
   13.7500000000000       ,  -6.576578252435456E-003  ,   2.341133543490706E-003
   13.7600000000000       ,   6.200922417780173E-003  ,   1.453630066904340E-002
   13.7700000000000       ,   1.659869298018128E-002  ,   2.475106270025747E-002
   13.7800000000000       ,   2.384706910739443E-002  ,   3.220120642903469E-002
   13.7900000000000       ,   2.770473492093248E-002  ,   3.653719501032308E-002
   13.8000000000000       ,   2.839019505342154E-002  ,   3.779977628367731E-002
   13.8100000000000       ,   2.645651511975786E-002  ,   3.633532441815905E-002
   13.8200000000000       ,   2.264684563620855E-002  ,   3.269959322260580E-002
   13.8300000000000       ,   1.776621905823812E-002  ,   2.757462270617688E-002
   13.8400000000000       ,   1.259471029731503E-002  ,   2.171361248051657E-002
   13.8500000000000       ,   7.851451384297842E-003  ,   1.591576969928280E-002
   13.8600000000000       ,   4.202460432367201E-003  ,   1.102113892134941E-002
   13.8700000000000       ,   2.292077958863091E-003  ,   7.907531604019384E-003
   13.8800000000000       ,   2.771277933861351E-003  ,   7.469996353746007E-003
   13.8900000000000       ,   6.297733815133572E-003  ,   1.056820635716923E-002
   13.9000000000000       ,   1.349167300398016E-002  ,   1.793731871180471E-002
   13.9100000000000       ,   2.484575009129647E-002  ,   3.007052281719142E-002
   13.9200000000000       ,   4.060266378728851E-002  ,   4.709320867483604E-002
   13.9300000000000       ,   6.062697308987507E-002  ,   6.865621510107110E-002
   13.9400000000000       ,   8.430415000693274E-002  ,   9.387673401356256E-002
   13.9500000000000       ,   0.110498443444642       ,   0.121349482076404     
   13.9600000000000       ,   0.137591662155844       ,   0.149238764392445     
   13.9700000000000       ,   0.163609473128374       ,   0.175446581070161     
   13.9800000000000       ,   0.186423666072329       ,   0.197836373249165     
   13.9900000000000       ,   0.204002117222840       ,   0.214479847348825     
   14.0000000000000       ,   0.214666671626680       ,   0.223888293829251     
   14.0100000000000       ,   0.217315480753607       ,   0.225191308012645     
   14.0200000000000       ,   0.211571379267160       ,   0.218234547278318     
   14.0300000000000       ,   0.197830646631908       ,   0.203582277136332     
   14.0400000000000       ,   0.177204302215874       ,   0.182427003751683     
   14.0500000000000       ,   0.151363212450457       ,   0.156424063433027     
   14.0600000000000       ,   0.122314825952800       ,   0.127480567745468     
   14.0700000000000       ,   9.215003047846712E-002  ,   9.753349852063385E-002
   14.0800000000000       ,   6.280151787304164E-002  ,   6.835031761706159E-002
   14.0900000000000       ,   3.584993382184977E-002  ,   4.137798395802270E-002
   14.1000000000000       ,   1.240245260619049E-002  ,   1.765475782436626E-002
   14.1100000000000       ,  -6.946972735584463E-003  ,  -2.213670441351734E-003
   14.1200000000000       ,  -2.208216490505164E-002  ,  -1.802358828033918E-002
   14.1300000000000       ,  -3.327335502452020E-002  ,  -2.990579775630026E-002
   14.1400000000000       ,  -4.105659003447339E-002  ,  -3.824172427565096E-002
   14.1500000000000       ,  -4.611156431334062E-002  ,  -4.358149935664005E-002
   14.1600000000000       ,  -4.916041228849183E-002  ,  -4.657659136230848E-002
   14.1700000000000       ,  -5.090055437967688E-002  ,  -4.793182011607506E-002
   14.1800000000000       ,  -5.197351127712328E-002  ,  -4.837410008618896E-002
   14.1900000000000       ,  -5.296151566632137E-002  ,  -4.862991982960729E-002
   14.2000000000000       ,  -5.439714361845978E-002  ,  -4.940160457700477E-002
   14.2100000000000       ,  -5.676947558135269E-002  ,  -5.133411060827145E-002
   14.2200000000000       ,  -6.051363146359119E-002  ,  -5.496879841889515E-002
   14.2300000000000       ,  -6.597780443854893E-002  ,  -6.068691527751648E-002
   14.2400000000000       ,  -7.337108837002940E-002  ,  -6.865160107793561E-002
   14.2500000000000       ,  -8.270395700122159E-002  ,  -7.876139642528615E-002
   14.2600000000000       ,  -9.373887405465821E-002  ,  -9.062923685250431E-002
   14.2700000000000       ,  -0.105969575075887       ,  -0.103598281282152     
   14.2800000000000       ,  -0.118643548960321       ,  -0.116800030507670     
   14.2900000000000       ,  -0.130833873789851       ,  -0.129252199300799     
   14.3000000000000       ,  -0.141555617559719       ,  -0.139985383470067     
   14.3100000000000       ,  -0.149910966578136       ,  -0.148180529322042     
   14.3200000000000       ,  -0.155238684632572       ,  -0.153295147132097     
   14.3300000000000       ,  -0.157239567133392       ,  -0.155156122947033     
   14.3400000000000       ,  -0.156051422265652       ,  -0.154001107689867     
   14.3500000000000       ,  -0.152254739556239       ,  -0.150458205751508     
   14.3600000000000       ,  -0.146802295948243       ,  -0.145463739244254     
   14.3700000000000       ,  -0.140880196373318       ,  -0.140128453289864     
   14.3800000000000       ,  -0.135721406725387       ,  -0.135571739017727     
   14.3900000000000       ,  -0.132402915645365       ,  -0.132749584713714     
   14.4000000000000       ,  -0.131662091908542       ,  -0.132303844391616     
   14.4100000000000       ,  -0.133765511956992       ,  -0.134457595866097     
   14.4200000000000       ,  -0.138454775211175       ,  -0.138974227347469     
   14.4300000000000       ,  -0.144980164897574       ,  -0.145187587666215     
   14.4400000000000       ,  -0.152217020064271       ,  -0.152098783071459     
   14.4500000000000       ,  -0.158844438112048       ,  -0.158524015796351     
   14.4600000000000       ,  -0.163554402108765       ,  -0.163269197079936     
   14.4700000000000       ,  -0.165253901915331       ,  -0.165302497549439     
   14.4800000000000       ,  -0.163224213548807       ,  -0.163896409789724     
   14.4900000000000       ,  -0.157209946545341       ,  -0.158716322866301     
   14.5000000000000       ,  -0.147424143273093       ,  -0.149842182123862     
   14.5100000000000       ,  -0.134471955323475       ,  -0.137721887263344     
   14.5200000000000       ,  -0.119211046150985       ,  -0.123067509586435     
   14.5300000000000       ,  -0.102578795785043       ,  -0.106715883115188     
   14.5400000000000       ,  -8.542224707623099E-002  ,  -8.948161770545193E-002
   14.5500000000000       ,  -6.836535715144966E-002  ,  -7.203174055300096E-002
   14.5600000000000       ,  -5.173975899012406E-002  ,  -5.480660729947646E-002
   14.5700000000000       ,  -3.559154822960268E-002  ,  -3.800214262986914E-002
   14.5800000000000       ,  -1.976032317890643E-002  ,  -2.161560109747612E-002
   14.5900000000000       ,  -4.011105997839407E-003  ,  -5.543350307691972E-003
   14.6000000000000       ,   1.181195106130727E-002  ,   1.029256867462565E-002
   14.6100000000000       ,   2.764656108636839E-002  ,   2.581963949148817E-002
   14.6200000000000       ,   4.312231778330724E-002  ,   4.072345325909635E-002
   14.6300000000000       ,   5.754459175592463E-002  ,   5.441562458195338E-002
   14.6400000000000       ,   6.996216493304555E-002  ,   6.607534555038530E-002
   14.6500000000000       ,   7.931080573115178E-002  ,   7.476336357607986E-002
   14.6600000000000       ,   8.460818551502858E-002  ,   7.959080636702807E-002
   14.6700000000000       ,   8.516301930409956E-002  ,   7.991147236477152E-002
   14.6800000000000       ,   8.075576362696518E-002  ,   7.549804419559082E-002
   14.6900000000000       ,   7.175101073612720E-002  ,   6.666227493311568E-002
   14.7000000000000       ,   5.911266973105878E-002  ,   5.428717229618256E-002
   14.7100000000000       ,   4.431030764078647E-002  ,   3.975449265030007E-002
   14.7200000000000       ,   2.912552779732206E-002  ,   2.477080027543969E-002
   14.7300000000000       ,   1.538714726296592E-002  ,   1.111616598666931E-002
   14.7400000000000       ,   4.679342474993234E-003  ,   3.570795394632584E-004
   14.7500000000000       ,  -1.925273751590727E-003  ,  -6.424432625419457E-003
   14.7600000000000       ,  -4.057299239632349E-003  ,  -8.832700700139178E-003
   14.7700000000000       ,  -2.127683842209256E-003  ,  -7.248102403480517E-003
   14.7800000000000       ,   2.729947485451467E-003  ,  -2.779964445466152E-003
   14.7900000000000       ,   8.848587997866562E-003  ,   2.917408626242204E-003
   14.8000000000000       ,   1.432160217786306E-002  ,   7.939774131145466E-003
   14.8100000000000       ,   1.735375231394274E-002  ,   1.049094690693295E-002
   14.8200000000000       ,   1.660998214569593E-002  ,   9.241368065362410E-003
   14.8300000000000       ,   1.150028618194563E-002  ,   3.621688546724777E-003
   14.8400000000000       ,   2.347711584745681E-003  ,  -6.005263196784678E-003
   14.8500000000000       ,  -9.595113923841520E-003  ,  -1.833102174350456E-002
   14.8600000000000       ,  -2.229055996692356E-002  ,  -3.125627109485501E-002
   14.8700000000000       ,  -3.320395202206235E-002  ,  -4.219392132825666E-002
   14.8800000000000       ,  -3.969219464925284E-002  ,  -4.847373056403905E-002
   14.8900000000000       ,  -3.943212726858654E-002  ,  -4.778280875949070E-002
   14.9000000000000       ,  -3.081951367556576E-002  ,  -3.856882954137975E-002
   14.9100000000000       ,  -1.327299562513904E-002  ,  -2.033810317788353E-002
   14.9200000000000       ,   1.260810780353638E-002  ,   6.202121221298749E-003
   14.9300000000000       ,   4.506002267380465E-002  ,   3.918178895403266E-002
   14.9400000000000       ,   8.134463350862177E-002  ,   7.578126523480389E-002
   14.9500000000000       ,   0.118085392435399       ,   0.112585642503241     
   14.9600000000000       ,   0.151697764778014       ,   0.146023823652857     
   14.9700000000000       ,   0.178848489004194       ,   0.172823901191882     
   14.9800000000000       ,   0.196874517514759       ,   0.190416102874569     
   14.9900000000000       ,   0.204100535415705       ,   0.197225832322228     
   15.0000000000000       ,   0.200011809550864       ,   0.192819618546914     
   15.0100000000000       ,   0.185263489667246       ,   0.177892103142483     
   15.0200000000000       ,   0.161533987259150       ,   0.154107834867434     
   15.0300000000000       ,   0.131254056194320       ,   0.123833111334907     
   15.0400000000000       ,   9.726064340177173E-002  ,   8.980694507313527E-002
   15.0500000000000       ,   6.243273501132421E-002  ,   5.480459961643153E-002
   15.0600000000000       ,   2.936434583397608E-002  ,   2.134207414071534E-002
   15.0700000000000       ,   1.184494917648572E-004  ,  -8.542812404932517E-003
   15.0800000000000       ,  -2.391234729453210E-002  ,  -3.341441624995604E-002
   15.0900000000000       ,  -4.203347648147915E-002  ,  -5.246829069623563E-002
   15.1000000000000       ,  -5.417921107187305E-002  ,  -6.548088017434739E-002
   15.1100000000000       ,  -6.077623095900229E-002  ,  -7.270597139912996E-002
   15.1200000000000       ,  -6.257709361692591E-002  ,  -7.474777552316304E-002
   15.1300000000000       ,  -6.050003100636470E-002  ,  -7.243772993982230E-002
   15.1400000000000       ,  -5.550338001828612E-002  ,  -6.673416414027745E-002
   15.1500000000000       ,  -4.850976666588323E-002  ,  -5.865323019988021E-002
   15.1600000000000       ,  -4.038017385730226E-002  ,  -4.922869611402527E-002
   15.1700000000000       ,  -3.192472361453615E-002  ,  -3.948985555366077E-002
   15.1800000000000       ,  -2.392835978238833E-002  ,  -3.044268840498452E-002
   15.1900000000000       ,  -1.716742750389001E-002  ,  -2.304019450447355E-002
   15.2000000000000       ,  -1.239767999957404E-002  ,  -1.813302345236013E-002
   15.2100000000000       ,  -1.030420581719222E-002  ,  -1.639962825647528E-002
   15.2200000000000       ,  -1.141661073121650E-002  ,  -1.826403137957248E-002
   15.2300000000000       ,  -1.600528879698124E-002  ,  -2.381661613299361E-002
   15.2400000000000       ,  -2.398362104245885E-002  ,  -3.275722038584366E-002
   15.2500000000000       ,  -3.484407522581015E-002  ,  -4.437907918921321E-002
   15.2600000000000       ,  -4.765240466523817E-002  ,  -5.760673897253441E-002
   15.2700000000000       ,  -6.111400365489573E-002  ,  -7.109190606990239E-002
   15.2800000000000       ,  -7.371200690310097E-002  ,  -8.336010940219050E-002
   15.2900000000000       ,  -8.390101639655108E-002  ,  -9.299033953820492E-002
   15.3000000000000       ,  -9.032688487970235E-002  ,  -9.880175987497082E-002
   15.3100000000000       ,  -9.203488449924251E-002  ,  -0.100017976080701     
   15.3200000000000       ,  -8.862786998175919E-002  ,  -9.638114331944685E-002
   15.3300000000000       ,  -8.034319062274545E-002  ,  -8.819526809526215E-002
   15.3400000000000       ,  -6.803091470699113E-002  ,  -7.628924830135592E-002
   15.3500000000000       ,  -5.303375070232667E-002  ,  -6.190348341413509E-002
   15.3600000000000       ,  -3.698732346678317E-002  ,  -4.651682542598487E-002
   15.3700000000000       ,  -2.157447777055738E-002  ,  -3.164081459779850E-002
   15.3800000000000       ,  -8.275957831521684E-003  ,  -1.861364595576672E-002
   15.3900000000000       ,   1.839634759726921E-003  ,  -8.426117947201602E-003
   15.4000000000000       ,   8.251382163496940E-003  ,  -1.605979312775659E-003
   15.4100000000000       ,   1.102619567413060E-002  ,   1.823265193848841E-003
   15.4200000000000       ,   1.076070645386893E-002  ,   2.305943700978060E-003
   15.4300000000000       ,   8.440123118679085E-003  ,   6.501136400051923E-004
   15.4400000000000       ,   5.243795834428252E-003  ,  -2.123507545015325E-003
   15.4500000000000       ,   2.335391974451780E-003  ,  -4.952186701844316E-003
   15.4600000000000       ,   6.759999082029007E-004  ,  -6.892546163213935E-003
   15.4700000000000       ,   8.913873927313610E-004  ,  -7.247585626574397E-003
   15.4800000000000       ,   3.211856422090826E-003  ,  -5.642293711255952E-003
   15.4900000000000       ,   7.487585747064531E-003  ,  -2.041279570573502E-003
   15.5000000000000       ,   1.326741865147009E-002  ,   3.287344174463237E-003
   15.5100000000000       ,   1.991782628717038E-002  ,   9.848598246367520E-003
   15.5200000000000       ,   2.675338952777514E-002  ,   1.701899859834869E-002
   15.5300000000000       ,   3.315134246863508E-002  ,   2.414654305441840E-002
   15.5400000000000       ,   3.862976197301270E-002  ,   3.063506639105123E-002
   15.5500000000000       ,   4.287986025296419E-002  ,   3.600171893823802E-002
   15.5600000000000       ,   4.575477648736349E-002  ,   3.990390145165772E-002
   15.5700000000000       ,   4.722741215230956E-002  ,   4.213929375999934E-002
   15.5800000000000       ,   4.733592704093576E-002  ,   4.262799124979327E-002
   15.5900000000000       ,   4.613630342408605E-002  ,   4.138810900862149E-002
   15.6000000000000       ,   4.367701278645993E-002  ,   3.851521184170225E-002
   15.6100000000000       ,   4.000265186388267E-002  ,   3.417209588585016E-002
   15.6200000000000       ,   3.518370610453379E-002  ,   2.858998582061070E-002
   15.6300000000000       ,   2.936092221156951E-002  ,   2.207670081575509E-002
   15.6400000000000       ,   2.278739007275483E-002  ,   1.502334771790942E-002
   15.6500000000000       ,   1.585075741265178E-002  ,   7.899784887107311E-003
   15.6600000000000       ,   9.062252016593345E-003  ,   1.230935479746513E-003
   15.6700000000000       ,   3.007360849634508E-003  ,  -4.449331206469832E-003
   15.6800000000000       ,  -1.736873406923312E-003  ,  -8.663678892992296E-003
   15.6900000000000       ,  -4.703417073765146E-003  ,  -1.106659107619332E-002
   15.7000000000000       ,  -5.634532632281577E-003  ,  -1.151500397555653E-002
   15.7100000000000       ,  -4.555704722529969E-003  ,  -1.011789620162182E-002
   15.7200000000000       ,  -1.804504510789066E-003  ,  -7.250260349712205E-003
   15.7300000000000       ,   1.997173745907498E-003  ,  -3.522349490523578E-003
   15.7400000000000       ,   6.027864545851427E-003  ,   2.967413582023929E-004
   15.7500000000000       ,   9.396756022221080E-003  ,   3.392861384470184E-003
   15.7600000000000       ,   1.129790379186882E-002  ,   5.041308594501418E-003
   15.7700000000000       ,   1.116106425434001E-002  ,   4.739788882914023E-003
   15.7800000000000       ,   8.771269416490613E-003  ,   2.316019322610082E-003
   15.7900000000000       ,   4.334271140505740E-003  ,  -2.010805375307613E-003
   15.8000000000000       ,  -1.525527640699061E-003  ,  -7.628302703793833E-003
   15.8100000000000       ,  -7.836013257517685E-003  ,  -1.359258301451595E-002
   15.8200000000000       ,  -1.340639777415662E-002  ,  -1.874604819503509E-002
   15.8300000000000       ,  -1.699369755743483E-002  ,  -2.187429709043330E-002
   15.8400000000000       ,  -1.748018310055707E-002  ,  -2.187839866222701E-002
   15.8500000000000       ,  -1.403446741400514E-002  ,  -1.793629108363088E-002
   15.8600000000000       ,  -6.232837213497457E-003  ,  -9.629138544548827E-003
   15.8700000000000       ,   5.874936113383197E-003  ,   2.985426543881325E-003
   15.8800000000000       ,   2.176148484532449E-002  ,   1.936243613720781E-002
   15.8900000000000       ,   4.047603703511135E-002  ,   3.852057571474314E-002
   15.9000000000000       ,   6.074568684810295E-002  ,   5.914557266868904E-002
   15.9100000000000       ,   8.110758971678292E-002  ,   7.972991129729295E-002
   15.9200000000000       ,   0.100054295575443       ,   9.872939310814656E-002
   15.9300000000000       ,   0.116175732625497       ,   0.114717014418943     
   15.9400000000000       ,   0.128284660240382       ,   0.126517424860330     
   15.9500000000000       ,   0.135516543915244       ,   0.133309857483512     
   15.9600000000000       ,   0.137398677159140       ,   0.134692693805232     
   15.9700000000000       ,   0.133886264959834       ,   0.130707674447109     
   15.9800000000000       ,   0.125364892750690       ,   0.121825478638261     
   15.9900000000000       ,   0.112619644095245       ,   0.108896746395541     
   16.0000000000000       ,   9.677175240599065E-002  ,   9.307383576771462E-002
   16.0100000000000       ,   7.918480560302529E-002  ,   7.570922767446883E-002
   16.0200000000000       ,   6.134468445066775E-002  ,   5.823711635160077E-002
   16.0300000000000       ,   4.472068575764657E-002  ,   4.204578625233316E-002
   16.0400000000000       ,   3.061921082513466E-002  ,   2.834995783626926E-002
   16.0500000000000       ,   2.004507625810042E-002  ,   1.807405358944826E-002
   16.0600000000000       ,   1.358777557515228E-002  ,   1.175862321851607E-002
   16.0700000000000       ,   1.134980792469675E-002  ,   9.502162913456059E-003
   16.0800000000000       ,   1.293082295685972E-002  ,   1.094857909801287E-002
   16.0900000000000       ,   1.747479943302209E-002  ,   1.532627250556716E-002
   16.1000000000000       ,   2.377853953065706E-002  ,   2.153849974592910E-002
   16.1100000000000       ,   3.044986754695699E-002  ,   2.829714720606225E-002
   16.1200000000000       ,   3.609493904813144E-002  ,   3.428463928399388E-002
   16.1300000000000       ,   3.950789097677726E-002  ,   3.832292228615163E-002
   16.1400000000000       ,   3.983418594943789E-002  ,   3.952570220707591E-002
   16.1500000000000       ,   3.668213936498805E-002  ,   3.741126936530662E-002
   16.1600000000000       ,   3.016498710100383E-002  ,   3.195847005171910E-002
   16.1700000000000       ,   2.086717971288510E-002  ,   2.359699104416043E-002
   16.1800000000000       ,   9.741327839142841E-003  ,   1.313365506110997E-002
   16.1900000000000       ,  -2.046043322774077E-003  ,   1.626946626240172E-003
   16.2000000000000       ,  -1.329332632343866E-002  ,  -9.769525016641736E-003
   16.2100000000000       ,  -2.293714394435192E-002  ,  -1.996913875062667E-002
   16.2200000000000       ,  -3.019214457064535E-002  ,  -2.809433657345940E-002
   16.2300000000000       ,  -3.463652810447939E-002  ,  -3.357757595116759E-002
   16.2400000000000       ,  -3.623340346365533E-002  ,  -3.620830018369232E-002
   16.2500000000000       ,  -3.529028661753612E-002  ,  -3.612327279393253E-002
   16.2600000000000       ,  -3.237011506938937E-002  ,  -3.374770698004072E-002
   16.2700000000000       ,  -2.817488260823580E-002  ,  -2.970256407190531E-002
   16.2800000000000       ,  -2.342595823658701E-002  ,  -2.469769614566359E-002
   16.2900000000000       ,  -1.876298474256684E-002  ,  -1.943051252895007E-002
   16.3000000000000       ,  -1.467672117006144E-002  ,  -1.450587352914541E-002
   16.3100000000000       ,  -1.148199676484546E-002  ,  -1.038614422901064E-002
   16.3200000000000       ,  -9.327307728135512E-003  ,  -7.372534417245740E-003
   16.3300000000000       ,  -8.229748367765147E-003  ,  -5.611907253866302E-003
   16.3400000000000       ,  -8.119656792216396E-003  ,  -5.118745509490806E-003
   16.3500000000000       ,  -8.879407534470446E-003  ,  -5.800821453496936E-003
   16.3600000000000       ,  -1.036495889253002E-002  ,  -7.479340909338325E-003
   16.3700000000000       ,  -1.240581905910528E-002  ,  -9.899073980999420E-003
   16.3800000000000       ,  -1.478709838336466E-002  ,  -1.272976140922250E-002
   16.3900000000000       ,  -1.722411318132261E-002  ,  -1.556516794928390E-002
   16.4000000000000       ,  -1.934375448292186E-002  ,  -1.792901646364219E-002
   16.4100000000000       ,  -2.068644935619791E-002  ,  -1.929675192658049E-002
   16.4200000000000       ,  -2.073797540224480E-002  ,  -1.913857382522345E-002
   16.4300000000000       ,  -1.899265806545208E-002  ,  -1.698324243935015E-002
   16.4400000000000       ,  -1.504044155269108E-002  ,  -1.249530990264799E-002
   16.4500000000000       ,  -8.662240537315876E-003  ,  -5.552482601053925E-003
   16.4600000000000       ,   8.701603091150232E-005  ,   3.693506733562272E-003
   16.4700000000000       ,   1.082866292055601E-002  ,   1.478870811913708E-002
   16.4800000000000       ,   2.286031183656040E-002  ,   2.699317595382343E-002
   16.4900000000000       ,   3.521310560037102E-002  ,   3.934555387891751E-002
   16.5000000000000       ,   4.676227136230356E-002  ,   5.077042689766615E-002
   16.5100000000000       ,   5.637548684062207E-002  ,   6.021359671581848E-002
   16.5200000000000       ,   6.307451456219899E-002  ,   6.678359251341112E-002
   16.5300000000000       ,   6.618112036921532E-002  ,   6.987494657800596E-002
   16.5400000000000       ,   6.541966635196195E-002  ,   6.925085395786668E-002
   16.5500000000000       ,   6.095590966257927E-002  ,   6.506955595933274E-002
   16.5600000000000       ,   5.336314254825473E-002  ,   5.784887512532502E-002
   16.5700000000000       ,   4.352057048606069E-002  ,   4.837476293481049E-002
   16.5800000000000       ,   3.246192582902303E-002  ,   3.757016067258061E-002
   16.5900000000000       ,   2.120202814127140E-002  ,   2.634777230785599E-002
   16.6000000000000       ,   1.057328895030621E-002  ,   1.547302234126477E-002
   16.6100000000000       ,   1.102108562137319E-003  ,   5.461020167821764E-003
   16.6200000000000       ,  -7.052853181212440E-003  ,  -3.475645590334365E-003
   16.6300000000000       ,  -1.409077226842270E-002  ,  -1.142148801893457E-002
   16.6400000000000       ,  -2.049130435832347E-002  ,  -1.869923687989775E-002
   16.6500000000000       ,  -2.688676105322267E-002  ,  -2.577129889666217E-002
   16.6600000000000       ,  -3.390989390797381E-002  ,  -3.312186274771706E-002
   16.6700000000000       ,  -4.204700875449506E-002  ,  -4.114215676254545E-002
   16.6800000000000       ,  -5.152379027835299E-002  ,  -5.003913436765502E-002
   16.6900000000000       ,  -6.224361064993233E-002  ,  -5.978196234775680E-002
   16.7000000000000       ,  -7.378702773641604E-002  ,  -7.009260587991625E-002
   16.7100000000000       ,  -8.546909535167298E-002  ,  -8.047836635365595E-002
   16.7200000000000       ,  -9.644054506357937E-002  ,  -9.029716822807093E-002
   16.7300000000000       ,  -0.105811920593311       ,  -9.884197557347761E-002
   16.7400000000000       ,  -0.112777514607036       ,  -0.105429499368018     
   16.7500000000000       ,  -0.116718526128891       ,  -0.109480111326059     
   16.7600000000000       ,  -0.117271221014116       ,  -0.110579743385717     
   16.7700000000000       ,  -0.114354273100500       ,  -0.108519290606446     
   16.7800000000000       ,  -0.108157822600659       ,  -0.103311393504157     
   16.7900000000000       ,  -9.910324821700464E-002  ,  -9.518749957196103E-002
   16.8000000000000       ,  -8.778598350930857E-002  ,  -8.457936007561051E-002
   16.8100000000000       ,  -7.491357937905421E-002  ,  -7.208875991954684E-002
   16.8200000000000       ,  -6.124819658791260E-002  ,  -5.844794232975174E-002
   16.8300000000000       ,  -4.755807789056644E-002  ,  -4.447176426559449E-002
   16.8400000000000       ,  -3.457788935041253E-002  ,  -3.100194546228899E-002
   16.8500000000000       ,  -2.297459305123481E-002  ,  -1.884437522952109E-002
   16.8600000000000       ,  -1.331464407937572E-002  ,  -8.702339204022080E-003
   16.8700000000000       ,  -6.029939045092667E-003  ,  -1.111218349957754E-003
   16.8800000000000       ,  -1.383418725448913E-003  ,   3.617207026726889E-003
   16.8900000000000       ,   5.607316050016286E-004  ,   5.431286316139958E-003
   16.9000000000000       ,  -4.574776890582904E-005  ,   4.547887908681654E-003
   16.9100000000000       ,  -2.839501893367443E-003  ,   1.426689042762154E-003
   16.9200000000000       ,  -7.278042032240218E-003  ,  -3.290389953058976E-003
   16.9300000000000       ,  -1.270208069901500E-002  ,  -8.868854970118294E-003
   16.9400000000000       ,  -1.842257111523327E-002  ,  -1.458822024815588E-002
   16.9500000000000       ,  -2.382030910456483E-002  ,  -1.984849663026408E-002
   16.9600000000000       ,  -2.844072202935542E-002  ,  -2.425773609033570E-002
   16.9700000000000       ,  -3.206465600155557E-002  ,  -2.768369844625799E-002
   16.9800000000000       ,  -3.473851682137618E-002  ,  -3.025835693765791E-002
   16.9900000000000       ,  -3.675392782987958E-002  ,  -3.233244840660051E-002
   17.0000000000000       ,  -3.857695295660381E-002  ,  -3.438697832238554E-002
   17.0100000000000       ,  -4.073783337064755E-002  ,  -3.691749295274669E-002
   17.0200000000000       ,  -4.370161452031845E-002  ,  -4.031306201009004E-002
   17.0300000000000       ,  -4.774567138872009E-002  ,  -4.475381158876691E-002
   17.0400000000000       ,  -5.287038866225732E-002  ,  -5.014790966999141E-002
   17.0500000000000       ,  -5.876370406825214E-002  ,  -5.612157264055923E-002
   17.0600000000000       ,  -6.482979729182975E-002  ,  -6.206534626288562E-002
   17.0700000000000       ,  -7.027900799146995E-002  ,  -6.722872459733446E-002
   17.0800000000000       ,  -7.426294029894104E-002  ,  -7.084545066505264E-002
   17.0900000000000       ,  -7.602860575813215E-002  ,  -7.226565992695509E-002
   17.1000000000000       ,  -7.506073394998990E-002  ,  -7.106970638024329E-002
   17.1100000000000       ,  -7.118324368421888E-002  ,  -6.714233074282043E-002
   17.1200000000000       ,  -6.459904736975311E-002  ,  -6.069395618202524E-002
   17.1300000000000       ,  -5.586013780387851E-002  ,  -5.222656330996547E-002
   17.1400000000000       ,  -4.577448048387441E-002  ,  -4.245249987404363E-002
   17.1500000000000       ,  -3.526935789728796E-002  ,  -3.218339882223734E-002
   17.1600000000000       ,  -2.523954008381215E-002  ,  -2.221128834618308E-002
   17.1700000000000       ,  -1.641103782572634E-002  ,  -1.320405956966797E-002
   17.1800000000000       ,  -9.246741952062359E-003  ,  -5.632888970929292E-003
   17.1900000000000       ,  -3.910061477544453E-003  ,   2.587932688903681E-004
   17.2000000000000       ,  -2.891765202334688E-004  ,   4.444690841741407E-003
   17.2100000000000       ,   1.929086753698023E-003  ,   7.072046282377546E-003
   17.2200000000000       ,   3.157276186731092E-003  ,   8.399783004569474E-003
   17.2300000000000       ,   3.803752941231951E-003  ,   8.735201308258608E-003
   17.2400000000000       ,   4.192482038730235E-003  ,   8.383911814509169E-003
   17.2500000000000       ,   4.523444704358086E-003  ,   7.622087289084951E-003
   17.2600000000000       ,   4.879227264500246E-003  ,   6.692628749280778E-003
   17.2700000000000       ,   5.270577603614615E-003  ,   5.819482220926423E-003
   17.2800000000000       ,   5.703167178035375E-003  ,   5.229036617462664E-003
   17.2900000000000       ,   6.242156986629419E-003  ,   5.165650744806719E-003
   17.3000000000000       ,   7.051908010785427E-003  ,   5.890371018942431E-003
   17.3100000000000       ,   8.395154651590615E-003  ,   7.657269537408827E-003
   17.3200000000000       ,   1.058743052171772E-002  ,   1.066913255615961E-002
   17.3300000000000       ,   1.391557424064660E-002  ,   1.502151213118848E-002
   17.3400000000000       ,   1.854035765972212E-002  ,   2.064942719584499E-002
   17.3500000000000       ,   2.440965933957350E-002  ,   2.729273418214066E-002
   17.3600000000000       ,   3.120828886472710E-002  ,   3.449370771569873E-002
   17.3700000000000       ,   3.836333478791925E-002  ,   4.163405304767617E-002
   17.3800000000000       ,   4.511128750877951E-002  ,   4.800977299208680E-002
   17.3900000000000       ,   5.061811836958997E-002  ,   5.293307247479730E-002
   17.4000000000000       ,   5.412964156221711E-002  ,   5.584304513186655E-002
   17.4100000000000       ,   5.512034815722069E-002  ,   5.640315534684016E-002
   17.4200000000000       ,   5.340695392952375E-002  ,   5.456460744082493E-002
   17.4300000000000       ,   4.919894962838330E-002  ,   5.058058983589920E-002
   17.4400000000000       ,   4.307137547409785E-002  ,   4.496597541801035E-002
   17.4500000000000       ,   3.586205248252506E-002  ,   3.840833055721364E-002
   17.4600000000000       ,   2.851271365004841E-002  ,   3.164656119064902E-002
   17.4700000000000       ,   2.188684338182908E-002  ,   2.534083786911955E-002
   17.4800000000000       ,   1.660330501727577E-002  ,   1.995987633121896E-002
   17.4900000000000       ,   1.292235230358926E-002  ,   1.570854390413418E-002
   17.5000000000000       ,   1.070973401758282E-002  ,   1.251067454945080E-002
   17.5100000000000       ,   9.487634136156995E-003  ,   1.005057928240116E-002
   17.5200000000000       ,   8.561922606216639E-003  ,   7.864457392532031E-003
   17.5300000000000       ,   7.197996539101306E-003  ,   5.462387887151500E-003
   17.5400000000000       ,   4.806320435563440E-003  ,   2.455083230828336E-003
   17.5500000000000       ,   1.096233356457463E-003  ,  -1.341477405632824E-003
   17.5600000000000       ,  -3.836673822620465E-003  ,  -5.845823582213878E-003
   17.5700000000000       ,  -9.509772378709921E-003  ,  -1.070820592609033E-002
   17.5800000000000       ,  -1.514028752465509E-002  ,  -1.536633654671566E-002
   17.5900000000000       ,  -1.980163524900127E-002  ,  -1.914867341577099E-002
   17.6000000000000       ,  -2.261574346335388E-002  ,  -2.140458166767117E-002
   17.6100000000000       ,  -2.294014001106047E-002  ,  -2.163538988418424E-002
   17.6200000000000       ,  -2.050995972157704E-002  ,  -1.960042002159746E-002
   17.6300000000000       ,  -1.550508775591894E-002  ,  -1.537735409787217E-002
   17.6400000000000       ,  -8.529027995948268E-003  ,  -9.365566567982342E-003
   17.6500000000000       ,  -5.049972761920633E-004  ,  -2.232269414815977E-003
   17.6600000000000       ,   7.488052304279630E-003  ,   5.187863310567700E-003
   17.6700000000000       ,   1.440503887435806E-002  ,   1.202065964637053E-002
   17.6800000000000       ,   1.941165575340044E-002  ,   1.748487175940770E-002
   17.6900000000000       ,   2.201475600503092E-002  ,   2.100637265408516E-002
   17.7000000000000       ,   2.212390782832449E-002  ,   2.229612117414908E-002
   17.7100000000000       ,   2.003740301074304E-002  ,   2.138153683807303E-002
   17.7200000000000       ,   1.636195702373526E-002  ,   1.858977865110943E-002
   17.7300000000000       ,   1.188805813418924E-002  ,   1.448962689826854E-002
   17.7400000000000       ,   7.449756310641152E-003  ,   9.804695264914155E-003
   17.7500000000000       ,   3.797520256690203E-003  ,   5.313650875307531E-003
   17.7600000000000       ,   1.506247458913720E-003  ,   1.752851893522592E-003
   17.7700000000000       ,   9.296886009260143E-004  ,  -2.661064907422957E-004
   17.7800000000000       ,   2.200437553986175E-003  ,  -3.159570077763221E-004
   17.7900000000000       ,   5.264338399812972E-003  ,   1.812683304374031E-003
   17.8000000000000       ,   9.932090437310111E-003  ,   6.102769844655599E-003
   17.8100000000000       ,   1.593015323440764E-002  ,   1.232363694916143E-002
   17.8200000000000       ,   2.293743701805358E-002  ,   2.006044925607548E-002
   17.8300000000000       ,   3.060204501073038E-002  ,   2.875586346405117E-002
   17.8400000000000       ,   3.854101382272364E-002  ,   3.776040073278595E-002
   17.8500000000000       ,   4.633294260287231E-002  ,   4.638889019917278E-002
   17.8600000000000       ,   5.351656460234684E-002  ,   5.398055107824109E-002
   17.8700000000000       ,   5.960678389202568E-002  ,   5.995960480840609E-002
   17.8800000000000       ,   6.413393306443427E-002  ,   6.389194311296005E-002
   17.8900000000000       ,   6.670369744105467E-002  ,   6.553187942461637E-002
   17.9000000000000       ,   6.706675727580295E-002  ,   6.485212394902902E-002
   17.9100000000000       ,   6.518127353603344E-002  ,   6.205053648871510E-002
   17.9200000000000       ,   6.124982538749597E-002  ,   5.752932298661991E-002
   17.9300000000000       ,   5.571608069594240E-002  ,   5.184608949224994E-002
   17.9400000000000       ,   4.921472410732811E-002  ,   4.564098608445991E-002
   17.9500000000000       ,   4.247908148534706E-002  ,   3.954909276190197E-002
   17.9600000000000       ,   3.622175155363266E-002  ,   3.411106182813561E-002
   17.9700000000000       ,   3.101154624512600E-002  ,   2.969677930543981E-002
   17.9800000000000       ,   2.717292096031079E-002  ,   2.645576728837051E-002
   17.9900000000000       ,   2.473081963008397E-002  ,   2.430413451434113E-002
   18.0000000000000       ,   2.341494573560240E-002  ,   2.295166774268203E-002
   18.0100000000000       ,   2.272480452720908E-002  ,   2.196528675727918E-002
   18.0200000000000       ,   2.204333715092001E-002  ,   2.085804469249521E-002
   18.0300000000000       ,   2.077577227430906E-002  ,   1.918764076697042E-002
   18.0400000000000       ,   1.848415982227386E-002  ,   1.664619469611634E-002
   18.0500000000000       ,   1.498847756310692E-002  ,   1.312437671926115E-002
   18.0600000000000       ,   1.041222370651633E-002  ,   8.737710245769777E-003
   18.0700000000000       ,   5.162475643768164E-003  ,   3.810055340677199E-003
   18.0800000000000       ,  -1.512429380466666E-004  ,  -1.182506632257003E-003
   18.0900000000000       ,  -4.841579471509191E-003  ,  -5.696605864233664E-003
   18.1000000000000       ,  -8.284429796628551E-003  ,  -9.219175946930480E-003
   18.1100000000000       ,  -1.004626491629519E-002  ,  -1.135941490937983E-002
   18.1200000000000       ,  -9.971076772530073E-003  ,  -1.191830762644129E-002
   18.1300000000000       ,  -8.209710752963124E-003  ,  -1.092360373529427E-002
   18.1400000000000       ,  -5.187291336983562E-003  ,  -8.625016941817380E-003
   18.1500000000000       ,  -1.517885353328081E-003  ,  -5.451992387405872E-003
   18.1600000000000       ,   2.113581341521913E-003  ,  -1.943136117094494E-003
   18.1700000000000       ,   5.076197185457274E-003  ,   1.338975682878755E-003
   18.1800000000000       ,   6.898884717872337E-003  ,   3.892165634450823E-003
   18.1900000000000       ,   7.337150563304571E-003  ,   5.344061081075007E-003
   18.2000000000000       ,   6.390627714487050E-003  ,   5.496215776143074E-003
   18.2100000000000       ,   4.272672674222148E-003  ,   4.337985003199409E-003
   18.2200000000000       ,   1.343458292336524E-003  ,   2.030887036139627E-003
   18.2300000000000       ,  -1.975322258331454E-003  ,  -1.130926708542162E-003
   18.2400000000000       ,  -5.284139087317429E-003  ,  -4.775225351748778E-003
   18.2500000000000       ,  -8.270626137777246E-003  ,  -8.511192613750862E-003
   18.2600000000000       ,  -1.074541315314343E-002  ,  -1.198449397897039E-002
   18.2700000000000       ,  -1.264655801180565E-002  ,  -1.492070896317190E-002
   18.2800000000000       ,  -1.401802417274321E-002  ,  -1.715281619297509E-002
   18.2900000000000       ,  -1.497283504665410E-002  ,  -1.863133321980373E-002
   18.3000000000000       ,  -1.565314674990613E-002  ,  -1.941809776546510E-002
   18.3100000000000       ,  -1.619748760710201E-002  ,  -1.966626430004681E-002
   18.3200000000000       ,  -1.672079947595639E-002  ,  -1.958990595659479E-002
   18.3300000000000       ,  -1.730734373107134E-002  ,  -1.942690216542200E-002
   18.3400000000000       ,  -1.801183780634051E-002  ,  -1.939888527920686E-002
   18.3500000000000       ,  -1.886183429839048E-002  ,  -1.967217600966169E-002
   18.3600000000000       ,  -1.985502172810780E-002  ,  -2.032393691837241E-002
   18.3700000000000       ,  -2.094851192043518E-002  ,  -2.131807031587253E-002
   18.3800000000000       ,  -2.204209577483762E-002  ,  -2.249535690120986E-002
   18.3900000000000       ,  -2.296217660456129E-002  ,  -2.358158963308678E-002
   18.4000000000000       ,  -2.345588890814351E-002  ,  -2.421571791219312E-002
   18.4100000000000       ,  -2.320455306779807E-002  ,  -2.399724134131891E-002
   18.4200000000000       ,  -2.186178617662901E-002  ,  -2.254857585153313E-002
   18.4300000000000       ,  -1.911502976281136E-002  ,  -1.958448072590162E-002
   18.4400000000000       ,  -1.476162299902427E-002  ,  -1.497772145561235E-002
   18.4500000000000       ,  -8.783998461242773E-003  ,  -8.808809238966481E-003
   18.4600000000000       ,  -1.405178494165758E-003  ,  -1.388550060603670E-003
   18.4700000000000       ,   6.893095291418696E-003  ,   6.754519331279933E-003
   18.4800000000000       ,   1.540126900080265E-002  ,   1.492425475563550E-002
   18.4900000000000       ,   2.326373475006047E-002  ,   2.234029089189472E-002
   18.5000000000000       ,   2.960164007788922E-002  ,   2.824365893540278E-002
   18.5100000000000       ,   3.365631084513981E-002  ,   3.200830244725787E-002
   18.5200000000000       ,   3.492590662253768E-002  ,   3.323955331812746E-002
   18.5300000000000       ,   3.326668071101888E-002  ,   3.184151553572927E-002
   18.5400000000000       ,   2.893540911388599E-002  ,   2.803978646220155E-002
   18.5500000000000       ,   2.256041235822083E-002  ,   2.235336550987613E-002
   18.5600000000000       ,   1.504294794096089E-002  ,   1.551863237333079E-002
   18.5700000000000       ,   7.405488806672944E-003  ,   8.377180412022459E-003
   18.5800000000000       ,   6.151877139478793E-004  ,   1.746268863169563E-003
   18.5900000000000       ,  -4.583115431635240E-003  ,  -3.705754993632265E-003
   18.6000000000000       ,  -7.791191961830155E-003  ,  -7.557323079515571E-003
   18.6100000000000       ,  -9.014249712720209E-003  ,  -9.687829590101895E-003
   18.6200000000000       ,  -8.639306504264756E-003  ,  -1.027918194341798E-002
   18.6300000000000       ,  -7.340360145383276E-003  ,  -9.765480708703977E-003
   18.6400000000000       ,  -5.930679929014928E-003  ,  -8.741059221793484E-003
   18.6500000000000       ,  -5.193145271941315E-003  ,  -7.844479428160337E-003
   18.6600000000000       ,  -5.723379679405066E-003  ,  -7.639929807211052E-003
   18.6700000000000       ,  -7.816724352564846E-003  ,  -8.517134759523405E-003
   18.6800000000000       ,  -1.141983328637766E-002  ,  -1.062656365711838E-002
   18.6900000000000       ,  -1.615329022755902E-002  ,  -1.385942897728515E-002
   18.7000000000000       ,  -2.139646941218788E-002  ,  -1.787326207282296E-002
   18.7100000000000       ,  -2.641330086364735E-002  ,  -2.215554204134242E-002
   18.7200000000000       ,  -3.049036478492778E-002  ,  -2.611154385170212E-002
   18.7300000000000       ,  -3.305821365493431E-002  ,  -2.915937406555065E-002
   18.7400000000000       ,  -3.377278170315175E-002  ,  -3.081546789196070E-002
   18.7500000000000       ,  -3.254446279361898E-002  ,  -3.075726635280881E-002
   18.7600000000000       ,  -2.951515318370755E-002  ,  -2.885538825040714E-002
   18.7700000000000       ,  -2.499516091093235E-002  ,  -2.517400598702179E-002
   18.7800000000000       ,  -1.937969866639846E-002  ,  -1.994393688663324E-002
   18.7900000000000       ,  -1.306708049080222E-002  ,  -1.351705585243833E-002
   18.8000000000000       ,  -6.397525132668331E-003  ,  -6.312402966461540E-003
   18.8100000000000       ,   3.761743748021966E-004  ,   1.236226787440885E-003
   18.8200000000000       ,   7.084681909104460E-003  ,   8.723857576962028E-003
   18.8300000000000       ,   1.361274535936292E-002  ,   1.580513130077857E-002
   18.8400000000000       ,   1.985872335834681E-002  ,   2.221181487869964E-002
   18.8500000000000       ,   2.569925572810854E-002  ,   2.775910448816211E-002
   18.8600000000000       ,   3.097248851300265E-002  ,   3.234411099790566E-002
   18.8700000000000       ,   3.548663648905295E-002  ,   3.593983892755377E-002
   18.8800000000000       ,   3.905221353329306E-002  ,   3.858686900627253E-002
   18.8900000000000       ,   4.152840181662219E-002  ,   4.038342099644503E-002
   18.9000000000000       ,   4.286897885458300E-002  ,   4.147317158639345E-002
   18.9100000000000       ,   4.315240137704298E-002  ,   4.202965480155764E-002
   18.9200000000000       ,   4.258431932285441E-002  ,   4.223651025791419E-002
   18.9300000000000       ,   4.146800014436299E-002  ,   4.226414460707596E-002
   18.9400000000000       ,   4.014695637710242E-002  ,   4.224510051246880E-002
   18.9500000000000       ,   3.893210857153165E-002  ,   4.225197638813991E-002
   18.9600000000000       ,   3.803087816543087E-002  ,   4.228250963851600E-002
   18.9700000000000       ,   3.749624693650444E-002  ,   4.225602121649356E-002
   18.9800000000000       ,   3.720974195711309E-002  ,   4.202374070973406E-002
   18.9900000000000       ,   3.690444068218254E-002  ,   4.139287696959818E-002
   19.0000000000000       ,   3.622437447799329E-002  ,   4.016126407136063E-002
   19.0100000000000       ,   3.480758559948639E-002  ,   3.815674900933094E-002
   19.0200000000000       ,   3.237389374885126E-002  ,   3.527391059004639E-002
   19.0300000000000       ,   2.879677417112959E-002  ,   3.150069186131570E-002
   19.0400000000000       ,   2.414213088768374E-002  ,   2.692920540057706E-002
   19.0500000000000       ,   1.866439608162331E-002  ,   2.174803178022496E-002
   19.0600000000000       ,   1.276045593258843E-002  ,   1.621712266143716E-002
   19.0700000000000       ,   6.891935419127840E-003  ,   1.063008613583390E-002
   19.0800000000000       ,   1.493909527811184E-003  ,   5.271323281632572E-003
   19.0900000000000       ,  -3.108702192544470E-003  ,   3.765652545161009E-004
   19.1000000000000       ,  -6.757733959190715E-003  ,  -3.895435208535585E-003
   19.1100000000000       ,  -9.478613711224562E-003  ,  -7.474801556835092E-003
   19.1200000000000       ,  -1.145428672732815E-002  ,  -1.037439201461673E-002
   19.1300000000000       ,  -1.296333180051929E-002  ,  -1.266791623462801E-002
   19.1400000000000       ,  -1.429782751085713E-002  ,  -1.445793766069072E-002
   19.1500000000000       ,  -1.568113426064055E-002  ,  -1.584138314207462E-002
   19.1600000000000       ,  -1.720546334290276E-002  ,  -1.688042208435588E-002
   19.1700000000000       ,  -1.880405279924808E-002  ,  -1.758506388871379E-002
   19.1800000000000       ,  -2.026425935311892E-002  ,  -1.791095777626867E-002
   19.1900000000000       ,  -2.127801919274351E-002  ,  -1.777236251826012E-002
   19.2000000000000       ,  -2.151732287106599E-002  ,  -1.706690450880188E-002
   19.2100000000000       ,  -2.071667692439951E-002  ,  -1.570630255508870E-002
   19.2200000000000       ,  -1.874326153250808E-002  ,  -1.364619954754143E-002
   19.2300000000000       ,  -1.563881279905762E-002  ,  -1.090874637765702E-002
   19.2400000000000       ,  -1.162422073732910E-002  ,  -7.593410428066912E-003
   19.2500000000000       ,  -7.066651838000218E-003  ,  -3.874121928185560E-003
   19.2600000000000       ,  -2.417507073808496E-003  ,   1.632505589133122E-005
   19.2700000000000       ,   1.864296340000457E-003  ,   3.811361587769006E-003
   19.2800000000000       ,   5.386737587559446E-003  ,   7.240547378207076E-003
   19.2900000000000       ,   7.881409875783634E-003  ,   1.005929871486886E-002
   19.3000000000000       ,   9.232218617996240E-003  ,   1.207414323475297E-002
   19.3100000000000       ,   9.472842913189852E-003  ,   1.316057945589417E-002
   19.3200000000000       ,   8.757040286013212E-003  ,   1.327223925600339E-002
   19.3300000000000       ,   7.311573187172230E-003  ,   1.244149715019824E-002
   19.3400000000000       ,   5.384357779429826E-003  ,   1.077265453801725E-002
   19.3500000000000       ,   3.199911283273300E-003  ,   8.429260065519525E-003
   19.3600000000000       ,   9.307177791366132E-004  ,   5.617114352107242E-003
   19.3700000000000       ,  -1.312114500262803E-003  ,   2.564286965929404E-003
   19.3800000000000       ,  -3.471038586497013E-003  ,  -5.006846274357019E-004
   19.3900000000000       ,  -5.523505863016775E-003  ,  -3.371146795562273E-003
   19.4000000000000       ,  -7.461047414001634E-003  ,  -5.883572276695815E-003
   19.4100000000000       ,  -9.273723822010952E-003  ,  -7.935485125696614E-003
   19.4200000000000       ,  -1.094474837030142E-002  ,  -9.497431808735208E-003
   19.4300000000000       ,  -1.245593596982202E-002  ,  -1.061637602978024E-002
   19.4400000000000       ,  -1.380056742126371E-002  ,  -1.140859698794908E-002
   19.4500000000000       ,  -1.499752936070085E-002  ,  -1.204162593835202E-002
   19.4600000000000       ,  -1.610000462808459E-002  ,  -1.270678695445802E-002
   19.4700000000000       ,  -1.719369832290642E-002  ,  -1.358610594585585E-002
   19.4800000000000       ,  -1.838305109344929E-002  ,  -1.481916212308712E-002
   19.4900000000000       ,  -1.976804176260203E-002  ,  -1.647631835566760E-002
   19.5000000000000       ,  -2.141772577763076E-002  ,  -1.854427890357158E-002
   19.5100000000000       ,  -2.334845972068669E-002  ,  -2.092797777066174E-002
   19.5200000000000       ,  -2.551417983919151E-002  ,  -2.346965817134035E-002
   19.5300000000000       ,  -2.781317592938195E-002  ,  -2.598226844319352E-002
   19.5400000000000       ,  -3.011126617142599E-002  ,  -2.829080532620069E-002
   19.5500000000000       ,  -3.227637326779130E-002  ,  -3.027285264094817E-002
   19.5600000000000       ,  -3.421563598816092E-002  ,  -3.188898143505828E-002
   19.5700000000000       ,  -3.590454874360172E-002  ,  -3.319521239653077E-002
   19.5800000000000       ,  -3.739882687089808E-002  ,  -3.433322166072558E-002
   19.5900000000000       ,  -3.882360838180040E-002  ,  -3.549874011326552E-002
   19.6000000000000       ,  -4.034033079291644E-002  ,  -3.689363426540085E-002
   19.6100000000000       ,  -4.209772736210273E-002  ,  -3.867130375529954E-002
   19.6200000000000       ,  -4.417825480783372E-002  ,  -4.088725808677782E-002
   19.6300000000000       ,  -4.655352468681745E-002  ,  -4.346640305171222E-002
   19.6400000000000       ,  -4.906121302704617E-002  ,  -4.619559983241122E-002
   19.6500000000000       ,  -5.141155911689015E-002  ,  -4.874499516092809E-002
   19.6600000000000       ,  -5.322487571042142E-002  ,  -5.071551388919619E-002
   19.6700000000000       ,  -5.409405692752451E-002  ,  -5.170410138186526E-002
   19.6800000000000       ,  -5.365971671452732E-002  ,  -5.137413317476449E-002
   19.6900000000000       ,  -5.168194272077022E-002  ,  -4.951687585414514E-002
   19.7000000000000       ,  -4.809270577691579E-002  ,  -4.609141347319801E-002
   19.7100000000000       ,  -4.301682864377340E-002  ,  -4.123478220073545E-002
   19.7200000000000       ,  -3.675625363327313E-002  ,  -3.524026617210289E-002
   19.7300000000000       ,  -2.974057004385358E-002  ,  -2.850853131604371E-002
   19.7400000000000       ,  -2.245441203000452E-002  ,  -2.148200032044575E-002
   19.7500000000000       ,  -1.535756808625175E-002  ,  -1.457629721220978E-002
   19.7600000000000       ,  -8.815175233211930E-003  ,  -8.122925292078996E-003
   19.7700000000000       ,  -3.052814256566578E-003  ,  -2.334504082517278E-003
   19.7800000000000       ,   1.854720197749814E-003  ,   2.701470850555100E-003
   19.7900000000000       ,   5.960275857694049E-003  ,   7.001029460653335E-003
   19.8000000000000       ,   9.394283603932607E-003  ,   1.064136886867023E-002
   19.8100000000000       ,   1.230151000390880E-002  ,   1.370947077619847E-002
   19.8200000000000       ,   1.478122274150208E-002  ,   1.625527021132117E-002
   19.8300000000000       ,   1.684617323765430E-002  ,   1.826155295257571E-002
   19.8400000000000       ,   1.841085150672144E-002  ,   1.963846044146769E-002
   19.8500000000000       ,   1.931199671047703E-002  ,   2.024430039004629E-002
   19.8600000000000       ,   1.935618879178731E-002  ,   1.992775859773219E-002
   19.8700000000000       ,   1.838249107131192E-002  ,   1.858114173253270E-002
   19.8800000000000       ,   1.632421682504572E-002  ,   1.619124451007199E-002
   19.8900000000000       ,   1.325387782255943E-002  ,   1.287455177427878E-002
   19.9000000000000       ,   9.399214060768735E-003  ,   8.886744375290292E-003
   19.9100000000000       ,   5.124946077479386E-003  ,   4.602135186851021E-003
   19.9200000000000       ,   8.828945888041856E-004  ,   4.654222037428042E-004
   19.9300000000000       ,  -2.859538942364433E-003  ,  -3.075535837185884E-003
   19.9400000000000       ,  -5.697566832677083E-003  ,  -5.642774804139734E-003
   19.9500000000000       ,  -7.357450097152765E-003  ,  -6.992397511321691E-003
   19.9600000000000       ,  -7.741031405605520E-003  ,  -7.056789550265574E-003
   19.9700000000000       ,  -6.937645188119835E-003  ,  -5.956260338439897E-003
   19.9800000000000       ,  -5.201882873523704E-003  ,  -3.977744037392756E-003
   19.9900000000000       ,  -2.902946689944670E-003  ,  -1.524849817874065E-003
   20.0000000000000       ,  -4.569742113262033E-004  ,   9.508407303856749E-004
   20.0100000000000       ,   1.743450790725315E-003  ,   3.023941539618687E-003
   20.0200000000000       ,   3.388851505934987E-003  ,   4.361077639388897E-003
   20.0300000000000       ,   4.291168559218015E-003  ,   4.766845704636643E-003
   20.0400000000000       ,   4.395933738432291E-003  ,   4.202939371442262E-003
   20.0500000000000       ,   3.769386586138889E-003  ,   2.779101034554950E-003
   20.0600000000000       ,   2.566707847751253E-003  ,   7.200543704251576E-004
   20.0700000000000       ,   9.906445897033610E-004  ,  -1.683237429166829E-003
   20.0800000000000       ,  -7.496232668610833E-004  ,  -4.127535511557877E-003
   20.0900000000000       ,  -2.471333157984562E-003  ,  -6.346293373569873E-003
   20.1000000000000       ,  -4.038122656914419E-003  ,  -8.145700033453239E-003
   20.1100000000000       ,  -5.366578409684722E-003  ,  -9.423490161775136E-003
   20.1200000000000       ,  -6.422229928800014E-003  ,  -1.017021165734800E-002
   20.1300000000000       ,  -7.209870519761099E-003  ,  -1.045607815162543E-002
   20.1400000000000       ,  -7.763263513061083E-003  ,  -1.040870767365466E-002
   20.1500000000000       ,  -8.137812495359470E-003  ,  -1.018764374805444E-002
   20.1600000000000       ,  -8.407287655015996E-003  ,  -9.960682646712826E-003
   20.1700000000000       ,  -8.663118659858440E-003  ,  -9.885157748796537E-003
   20.1800000000000       ,  -9.012984059245777E-003  ,  -1.009512657429429E-002
   20.1900000000000       ,  -9.575062118285670E-003  ,  -1.069353971708068E-002
   20.2000000000000       ,  -1.046551033226466E-002  ,  -1.174743677758718E-002
   20.2100000000000       ,  -1.177915735700458E-002  ,  -1.328420548895189E-002
   20.2200000000000       ,  -1.356626692403049E-002  ,  -1.528781783232409E-002
   20.2300000000000       ,  -1.581063321878221E-002  ,  -1.769531312468795E-002
   20.2400000000000       ,  -1.841535135510134E-002  ,  -2.039509099869159E-002
   20.2500000000000       ,  -2.120188378384427E-002  ,  -2.322929917017144E-002
   20.2600000000000       ,  -2.392553012118798E-002  ,  -2.600243154894842E-002
   20.2700000000000       ,  -2.630664671314916E-002  ,  -2.849715479364832E-002
   20.2800000000000       ,  -2.807289312012567E-002  ,  -3.049661610829671E-002
   20.2900000000000       ,  -2.900449806589254E-002  ,  -3.181053742456500E-002
   20.3000000000000       ,  -2.897298715932250E-002  ,  -3.230084531247633E-002
   20.3100000000000       ,  -2.796453982608967E-002  ,  -3.190192174677126E-002
   20.3200000000000       ,  -2.608211066150913E-002  ,  -3.063106862562810E-002
   20.3300000000000       ,  -2.352503820086953E-002  ,  -2.858643299764193E-002
   20.3400000000000       ,  -2.054999957060341E-002  ,  -2.593210384832835E-002
   20.3500000000000       ,  -1.742159376455358E-002  ,  -2.287279717924920E-002
   20.3600000000000       ,  -1.436342348498581E-002  ,  -1.962283759316901E-002
   20.3700000000000       ,  -1.152059602864863E-002  ,  -1.637544566843134E-002
   20.3800000000000       ,  -8.941994630728365E-003  ,  -1.327830603208960E-002
   20.3900000000000       ,  -6.586052697177017E-003  ,  -1.041999983683436E-002
   20.4000000000000       ,  -4.348186725647097E-003  ,  -7.829449846813373E-003
   20.4100000000000       ,  -2.102859028735272E-003  ,  -5.487617908389466E-003
   20.4200000000000       ,   2.502788298666251E-004  ,  -3.348002144614318E-003
   20.4300000000000       ,   2.747690317090809E-003  ,  -1.360640029514583E-003
   20.4400000000000       ,   5.340415303408329E-003  ,   5.062421577242779E-004
   20.4500000000000       ,   7.895210893213480E-003  ,   2.251973303291291E-003
   20.4600000000000       ,   1.021835480321375E-002  ,   3.839637920002028E-003
   20.4700000000000       ,   1.209655425160561E-002  ,   5.203167492055340E-003
   20.4800000000000       ,   1.334521558900918E-002  ,   6.263128578721126E-003
   20.4900000000000       ,   1.385251501033630E-002  ,   6.947019770043856E-003
   20.5000000000000       ,   1.360870470000779E-002  ,   7.208990630682523E-003
   20.5100000000000       ,   1.271363755234083E-002  ,   7.044267397202057E-003
   20.5200000000000       ,   1.136071865883512E-002  ,   6.495068063546402E-003
   20.5300000000000       ,   9.801110279556996E-003  ,   5.646994952984192E-003
   20.5400000000000       ,   8.296660543553564E-003  ,   4.617226898765213E-003
   20.5500000000000       ,   7.072577511933078E-003  ,   3.537707700496612E-003
   20.5600000000000       ,   6.280735246954403E-003  ,   2.537494812582113E-003
   20.5700000000000       ,   5.981745294724185E-003  ,   1.728293741999276E-003
   20.5800000000000       ,   6.149260481753373E-003  ,   1.196051952473577E-003
   20.5900000000000       ,   6.694558065102510E-003  ,   9.996705191913074E-004
   20.6000000000000       ,   7.504600084211031E-003  ,   1.175918929416555E-003
   20.6100000000000       ,   8.483652309558101E-003  ,   1.748034963184799E-003
   20.6200000000000       ,   9.587879460019861E-003  ,   2.734666194403177E-003
   20.6300000000000       ,   1.084423524438500E-002  ,   4.155949929861267E-003
   20.6400000000000       ,   1.234892150314700E-002  ,   6.034558819133566E-003
   20.6500000000000       ,   1.424570856221452E-002  ,   8.391149577101813E-003
   20.6600000000000       ,   1.668926611044640E-002  ,   1.123538649822569E-002
   20.6700000000000       ,   1.980219955935406E-002  ,   1.455509383700848E-002
   20.6800000000000       ,   2.363591705937093E-002  ,   1.830675292510599E-002
   20.6900000000000       ,   2.814449214555118E-002  ,   2.241033484877792E-002
   20.7000000000000       ,   3.317763729190922E-002  ,   2.675042294923432E-002
   20.7100000000000       ,   3.849454685210926E-002  ,   3.118402192210178E-002
   20.7200000000000       ,   4.379576051618957E-002  ,   3.555379461294009E-002
   20.7300000000000       ,   4.876640667353341E-002  ,   3.970415219609590E-002
   20.7400000000000       ,   5.312203029208519E-002  ,   4.349698468889673E-002
   20.7500000000000       ,   5.664808648225126E-002  ,   4.682400351095786E-002
   20.7600000000000       ,   5.922598749684913E-002  ,   4.961359890293821E-002
   20.7700000000000       ,   6.084178616126731E-002  ,   5.183151828881455E-002
   20.7800000000000       ,   6.157734043667967E-002  ,   5.347615558497745E-002
   20.7900000000000       ,   6.158724607701502E-002  ,   5.457040699516330E-002
   20.8000000000000       ,   6.106721473438585E-002  ,   5.515259889454949E-002
   20.8100000000000       ,   6.022049741098329E-002  ,   5.526881205281929E-002
   20.8200000000000       ,   5.922837961556884E-002  ,   5.496810654052918E-002
   20.8300000000000       ,   5.822903278576116E-002  ,   5.430096412312465E-002
   20.8400000000000       ,   5.730666159568449E-002  ,   5.332007873638304E-002
   20.8500000000000       ,   5.649057283854595E-002  ,   5.208180117028534E-002
   20.8600000000000       ,   5.576204220828739E-002  ,   5.064632988289252E-002
   20.8700000000000       ,   5.506597753683445E-002  ,   4.907520126632633E-002
   20.8800000000000       ,   5.432439942228051E-002  ,   4.742563256023379E-002
   20.8900000000000       ,   5.344946273870137E-002  ,   4.574250753048129E-002
   20.9000000000000       ,   5.235475344957657E-002  ,   4.404988856810847E-002
   20.9100000000000       ,   5.096452132963465E-002  ,   4.234453843455667E-002
   20.9200000000000       ,   4.922106005881094E-002  ,   4.059382197052638E-002
   20.9300000000000       ,   4.709051473278966E-002  ,   3.873951312784193E-002
   20.9400000000000       ,   4.456707637263190E-002  ,   3.670764732519158E-002
   20.9500000000000       ,   4.167505745521318E-002  ,   3.442298945942655E-002
   20.9600000000000       ,   3.846802933068114E-002  ,   3.182536038574254E-002
   20.9700000000000       ,   3.502428020571693E-002  ,   2.888435975215987E-002
   20.9800000000000       ,   3.143840927415886E-002  ,   2.560916799864151E-002
   20.9900000000000       ,   2.780980523146713E-002  ,   2.205111093445877E-002
   21.0000000000000       ,   2.422979428302316E-002  ,   1.829830127760704E-002
   21.0100000000000       ,   2.077002565996514E-002  ,   1.446352944875316E-002
   21.0200000000000       ,   1.747486240722827E-002  ,   1.066818219456569E-002
   21.0300000000000       ,   1.435997612339615E-002  ,   7.025894959225116E-003
   21.0400000000000       ,   1.141804149132424E-002  ,   3.629632585442123E-003
   21.0500000000000       ,   8.630659614772298E-003  ,   5.449254300284463E-004
   21.0600000000000       ,   5.983855306946011E-003  ,  -2.189698953647788E-003
   21.0700000000000       ,   3.483200531555997E-003  ,  -4.556019547948077E-003
   21.0800000000000       ,   1.164239241725754E-003  ,  -6.545823848560324E-003
   21.0900000000000       ,  -9.053611939342395E-004  ,  -8.150688708067086E-003
   21.1000000000000       ,  -2.633712880291493E-003  ,  -9.355526374168196E-003
   21.1100000000000       ,  -3.921986445316197E-003  ,  -1.013853939130811E-002
   21.1200000000000       ,  -4.687857621339998E-003  ,  -1.047838078454907E-002
   21.1300000000000       ,  -4.889973250977203E-003  ,  -1.036713296221132E-002
   21.1400000000000       ,  -4.547496572231105E-003  ,  -9.825778101310289E-003
   21.1500000000000       ,  -3.749440893590588E-003  ,  -8.917673459386271E-003
   21.1600000000000       ,  -2.650527686200320E-003  ,  -7.755524372597633E-003
   21.1700000000000       ,  -1.453284172381373E-003  ,  -6.498541058322731E-003
   21.1800000000000       ,  -3.793308737345850E-004  ,  -5.338635833409964E-003
   21.1900000000000       ,   3.644972954503749E-004  ,  -4.477164738084545E-003
   21.2000000000000       ,   6.181011892442505E-004  ,  -4.096196155088385E-003
   21.2100000000000       ,   2.912486571330987E-004  ,  -4.329966315459688E-003
   21.2200000000000       ,  -6.271289161713420E-004  ,  -5.242598155760370E-003
   21.2300000000000       ,  -2.075354487469418E-003  ,  -6.817150418717762E-003
   21.2400000000000       ,  -3.939358579611040E-003  ,  -8.958807374354722E-003
   21.2500000000000       ,  -6.081899354674695E-003  ,  -1.151200604731221E-002
   21.2600000000000       ,  -8.373484271168708E-003  ,  -1.428821655241127E-002
   21.2700000000000       ,  -1.071746790905889E-002  ,  -1.709866752634865E-002
   21.2800000000000       ,  -1.306329726892987E-002  ,  -1.978512950975437E-002
   21.2900000000000       ,  -1.540488641976681E-002  ,  -2.224223855826466E-002
   21.3000000000000       ,  -1.776489791863594E-002  ,  -2.442670407828172E-002
   21.3100000000000       ,  -2.016935114000206E-002  ,  -2.635169070209229E-002
   21.3200000000000       ,  -2.261955360189560E-002  ,  -2.806802684490346E-002
   21.3300000000000       ,  -2.506920078273032E-002  ,  -2.963690196492792E-002
   21.3400000000000       ,  -2.741337621200472E-002  ,  -3.110067736972951E-002
   21.3500000000000       ,  -2.949335755448970E-002  ,  -3.245889841245676E-002
   21.3600000000000       ,  -3.111727597690920E-002  ,  -3.365545111354057E-002
   21.3700000000000       ,  -3.209272783263806E-002  ,  -3.458031447988510E-002
   21.3800000000000       ,  -3.226437100683542E-002  ,  -3.508608757349205E-002
   21.3900000000000       ,  -3.154811138184298E-002  ,  -3.501615591671429E-002
   21.4000000000000       ,  -2.995405385745417E-002  ,  -3.423874311547578E-002
   21.4100000000000       ,  -2.759282271998559E-002  ,  -3.267973979566912E-002
   21.4200000000000       ,  -2.466355762517110E-002  ,  -3.034738770629006E-002
   21.4300000000000       ,  -2.142596671223410E-002  ,  -2.734354795712638E-002
   21.4400000000000       ,  -1.816228779016764E-002  ,  -2.385900365038732E-002
   21.4500000000000       ,  -1.513705386049643E-002  ,  -2.015342318222091E-002
   21.4600000000000       ,  -1.256272427960456E-002  ,  -1.652355283599953E-002
   21.4700000000000       ,  -1.057754099535770E-002  ,  -1.326531213896624E-002
   21.4800000000000       ,  -9.238871404883617E-003  ,  -1.063634385403580E-002
   21.4900000000000       ,  -8.531606781025014E-003  ,  -8.825122192634134E-003
   21.5000000000000       ,  -8.387821335405892E-003  ,  -7.931139401054381E-003
   21.5100000000000       ,  -8.711672129537169E-003  ,  -7.958391298847369E-003
   21.5200000000000       ,  -9.402929680559811E-003  ,  -8.821900913371060E-003
   21.5300000000000       ,  -1.037363681590477E-002  ,  -1.036487547245588E-002
   21.5400000000000       ,  -1.155482700376732E-002  ,  -1.238267458894016E-002
   21.5500000000000       ,  -1.289329363901318E-002  ,  -1.464926049264312E-002
   21.5600000000000       ,  -1.434125248019450E-002  ,  -1.694216527895896E-002
   21.5700000000000       ,  -1.584362949661915E-002  ,  -1.906301981268162E-002
   21.5800000000000       ,  -1.732816429965515E-002  ,  -2.085201092337555E-002
   21.5900000000000       ,  -1.870247037289830E-002  ,  -2.219592299950955E-002
   21.6000000000000       ,  -1.985996985493052E-002  ,  -2.303040780805870E-002
   21.6100000000000       ,  -2.069386474200896E-002  ,  -2.333767525495403E-002
   21.6200000000000       ,  -2.111579214815779E-002  ,  -2.314091671987430E-002
   21.6300000000000       ,  -2.107423498486827E-002  ,  -2.249658798057857E-002
   21.6400000000000       ,  -2.056755378456424E-002  ,  -2.148537619897345E-002
   21.6500000000000       ,  -1.964772659507406E-002  ,  -2.020243098684210E-002
   21.6600000000000       ,  -1.841320082732502E-002  ,  -1.874736169060452E-002
   21.6700000000000       ,  -1.699204816411725E-002  ,  -1.721460231848481E-002
   21.6800000000000       ,  -1.551912194980177E-002  ,  -1.568493944608909E-002
   21.6900000000000       ,  -1.411247510067216E-002  ,  -1.421914792333619E-002
   21.7000000000000       ,  -1.285449236210721E-002  ,  -1.285464420281281E-002
   21.7100000000000       ,  -1.178197683764528E-002  ,  -1.160576256221859E-002
   21.7200000000000       ,  -1.088713618749823E-002  ,  -1.046769357646233E-002
   21.7300000000000       ,  -1.012865257071969E-002  ,  -9.423406009459158E-003
   21.7400000000000       ,  -9.449524204142761E-003  ,  -8.452186702160264E-003
   21.7500000000000       ,  -8.796788391126100E-003  ,  -7.537983713425260E-003
   21.7600000000000       ,  -8.137976102669399E-003  ,  -6.675689241780718E-003
   21.7700000000000       ,  -7.470249048617398E-003  ,  -5.873915700280854E-003
   21.7800000000000       ,  -6.820308742780598E-003  ,  -5.153637322279236E-003
   21.7900000000000       ,  -6.235746056044384E-003  ,  -4.543105550625292E-003
   21.8000000000000       ,  -5.770811801054176E-003  ,  -4.070435369104590E-003
   21.8100000000000       ,  -5.471009441375279E-003  ,  -3.755928869318278E-003
   21.8200000000000       ,  -5.361067429325737E-003  ,  -3.606347024920506E-003
   21.8300000000000       ,  -5.439719851904108E-003  ,  -3.612887082092609E-003
   21.8400000000000       ,  -5.682643742440376E-003  ,  -3.753657980069360E-003
   21.8500000000000       ,  -6.052464499395165E-003  ,  -4.000203539204412E-003
   21.8600000000000       ,  -6.512638425545529E-003  ,  -4.326427947000596E-003
   21.8700000000000       ,  -7.040849479133612E-003  ,  -4.717462735500322E-003
   21.8800000000000       ,  -7.637651606163589E-003  ,  -5.175827732709402E-003
   21.8900000000000       ,  -8.327429877045555E-003  ,  -5.722772595210643E-003
   21.9000000000000       ,  -9.150973438769878E-003  ,  -6.393842137789192E-003
   21.9100000000000       ,  -1.015143053703739E-002  ,  -7.229214909032946E-003
   21.9200000000000       ,  -1.135744948015818E-002  ,  -8.260837077186318E-003
   21.9300000000000       ,  -1.276831186209264E-002  ,  -9.499416145738043E-003
   21.9400000000000       ,  -1.434552662790794E-002  ,  -1.092464685478441E-002
   21.9500000000000       ,  -1.601373546830516E-002  ,  -1.248148825449120E-002
   21.9600000000000       ,  -1.767130012778117E-002  ,  -1.408399007023978E-002
   21.9700000000000       ,  -1.920826876425133E-002  ,  -1.562637806856262E-002
   21.9800000000000       ,  -2.052728990487961E-002  ,  -1.699928924845647E-002
   21.9900000000000       ,  -2.156206524475513E-002  ,  -1.810766436558137E-002
   22.0000000000000       ,  -2.228841121779140E-002  ,  -1.888623235220412E-002
   22.0100000000000       ,  -2.272484622730294E-002  ,  -1.930894100679506E-002
   22.0200000000000       ,  -2.292237020241682E-002  ,  -1.939003586407707E-002
   22.0300000000000       ,  -2.294603046523437E-002  ,  -1.917645916553381E-002
   22.0400000000000       ,  -2.285317884579883E-002  ,  -1.873335750419207E-002
   22.0500000000000       ,  -2.267437117705627E-002  ,  -1.812621974278903E-002
   22.0600000000000       ,  -2.240231849231186E-002  ,  -1.740406554541041E-002
   22.0700000000000       ,  -2.199226724707471E-002  ,  -1.658791622592832E-002
   22.0800000000000       ,  -2.137416715869928E-002  ,  -1.566751902294892E-002
   22.0900000000000       ,  -2.047376395308008E-002  ,  -1.460725162691424E-002
   22.1000000000000       ,  -1.923719193855639E-002  ,  -1.335980161678732E-002
   22.1100000000000       ,  -1.765244783380252E-002  ,  -1.188417860669169E-002
   22.1200000000000       ,  -1.576166714794278E-002  ,  -1.016340018068458E-002
   22.1300000000000       ,  -1.366031033015200E-002  ,  -8.217127709159409E-003
   22.1400000000000       ,  -1.148267012763995E-002  ,  -6.105663960339403E-003
   22.1500000000000       ,  -9.376694550873638E-003  ,  -3.923807629315264E-003
   22.1600000000000       ,  -7.474044388716354E-003  ,  -1.785590757457579E-003
   22.1700000000000       ,  -5.862780554649391E-003  ,   1.967227701308288E-004
   22.1800000000000       ,  -4.569673882567886E-003  ,   1.934424078859144E-003
   22.1900000000000       ,  -3.556898374550631E-003  ,   3.379598337484362E-003
   22.2000000000000       ,  -2.734337458310988E-003  ,   4.533429090640457E-003
   22.2100000000000       ,  -1.984782429202944E-003  ,   5.443254898034400E-003
   22.2200000000000       ,  -1.195943716439224E-003  ,   6.188781766782887E-003
   22.2300000000000       ,  -2.913094872466630E-004  ,   6.860556424721248E-003
   22.2400000000000       ,   7.480084128758984E-004  ,   7.535821569034032E-003
   22.2500000000000       ,   1.876187662671183E-003  ,   8.257687082916781E-003
   22.2600000000000       ,   2.992492508933357E-003  ,   9.022927032070985E-003
   22.2700000000000       ,   3.965845289638456E-003  ,   9.781764554388509E-003
   22.2800000000000       ,   4.668284623231082E-003  ,   1.045017537115940E-002
   22.2900000000000       ,   5.009067523611719E-003  ,   1.093219030623292E-002
   22.3000000000000       ,   4.960859493430652E-003  ,   1.114713964922983E-002
   22.3100000000000       ,   4.571290872525088E-003  ,   1.105537991465731E-002
   22.3200000000000       ,   3.956699829585120E-003  ,   1.067613791857451E-002
   22.3300000000000       ,   3.279254619182884E-003  ,   1.009270827106536E-002
   22.3400000000000       ,   2.712754661639105E-003  ,   9.443001096812877E-003
   22.3500000000000       ,   2.405216766827214E-003  ,   8.896732020698728E-003
   22.3600000000000       ,   2.447149686919429E-003  ,   8.623619910774927E-003
   22.3700000000000       ,   2.853005271316354E-003  ,   8.759100110050851E-003
   22.3800000000000       ,   3.560027009457184E-003  ,   9.374776103994165E-003
   22.3900000000000       ,   4.444426289931349E-003  ,   1.045995415170936E-002
   22.4000000000000       ,   5.350591424584180E-003  ,   1.191833289451906E-002
   22.4100000000000       ,   6.125942199171445E-003  ,   1.358076922749458E-002
   22.4200000000000       ,   6.652856797903668E-003  ,   1.523172128948970E-002
   22.4300000000000       ,   6.870098896736727E-003  ,   1.664421334481365E-002
   22.4400000000000       ,   6.779076881985432E-003  ,   1.761656524718883E-002
   22.4500000000000       ,   6.434301494149825E-003  ,   1.800399413038737E-002
   22.4600000000000       ,   5.921512012443657E-003  ,   1.773950056939528E-002
   22.4700000000000       ,   5.330042573599167E-003  ,   1.684084601413427E-002
   22.4800000000000       ,   4.727296134712096E-003  ,   1.540333430413561E-002
   22.4900000000000       ,   4.142359245885610E-003  ,   1.358086432275003E-002
   22.5000000000000       ,   3.563065224985282E-003  ,   1.155973391040311E-002
   22.5100000000000       ,   2.946937018430277E-003  ,   9.530565407144578E-003
   22.5200000000000       ,   2.242461843251562E-003  ,   7.663394842834169E-003
   22.5300000000000       ,   1.414147032244749E-003  ,   6.089615039738145E-003
   22.5400000000000       ,   4.636055002812510E-004  ,   4.892507949178827E-003
   22.5500000000000       ,  -5.601301056711117E-004  ,   4.106070802858436E-003
   22.5600000000000       ,  -1.564986110546874E-003  ,   3.720230573973223E-003
   22.5700000000000       ,  -2.434776339677758E-003  ,   3.689694494553812E-003
   22.5800000000000       ,  -3.058362218204299E-003  ,   3.943712817559951E-003
   22.5900000000000       ,  -3.361566663122504E-003  ,   4.394801241997193E-003
   22.6000000000000       ,  -3.333101989627850E-003  ,   4.945658972901418E-003
   22.6100000000000       ,  -3.036808373829974E-003  ,   5.494705894674621E-003
   22.6200000000000       ,  -2.605639549160633E-003  ,   5.941458716565006E-003
   22.6300000000000       ,  -2.217325703340606E-003  ,   6.193118958637215E-003
   22.6400000000000       ,  -2.056367445392074E-003  ,   6.173209826418963E-003
   22.6500000000000       ,  -2.270758234344041E-003  ,   5.832046306242573E-003
   22.6600000000000       ,  -2.933606887914525E-003  ,   5.157592664547662E-003
   22.6700000000000       ,  -4.019127767249379E-003  ,   4.184264460167609E-003
   22.6800000000000       ,  -5.399393297657195E-003  ,   2.996832673124426E-003
   22.6900000000000       ,  -6.863511262945963E-003  ,   1.726997861445906E-003
   22.7000000000000       ,  -8.155636478898850E-003  ,   5.414155023422618E-004
   22.7100000000000       ,  -9.023738600488393E-003  ,  -3.782653361727512E-004
   22.7200000000000       ,  -9.268435456551545E-003  ,  -8.608507785668031E-004
   22.7300000000000       ,  -8.781119642836174E-003  ,  -7.724337498471852E-004
   22.7400000000000       ,  -7.563088016126142E-003  ,  -3.966996802153092E-005
   22.7500000000000       ,  -5.721828806046981E-003  ,   1.335226021061375E-003
   22.7600000000000       ,  -3.445944017354423E-003  ,   3.271192594209230E-003
   22.7700000000000       ,  -9.650860809889808E-004  ,   5.618016636542647E-003
   22.7800000000000       ,   1.495422042368800E-003  ,   8.177726188129324E-003
   22.7900000000000       ,   3.754717785052291E-003  ,   1.073398154242540E-002
   22.8000000000000       ,   5.702396122264340E-003  ,   1.308405470341563E-002
   22.8100000000000       ,   7.305287558504577E-003  ,   1.506738221122198E-002
   22.8200000000000       ,   8.594869771306279E-003  ,   1.658534223059143E-002
   22.8300000000000       ,   9.639991855301410E-003  ,   1.760872229934361E-002
   22.8400000000000       ,   1.051309926806753E-002  ,   1.817192581632017E-002
   22.8500000000000       ,   1.125948376412060E-002  ,   1.835575197308745E-002
   22.8600000000000       ,   1.187795066974421E-002  ,   1.826296268063978E-002
   22.8700000000000       ,   1.231802954878343E-002  ,   1.799229570671155E-002
   22.8800000000000       ,   1.249432419274536E-002  ,   1.761677676390963E-002
   22.8900000000000       ,   1.231398382416366E-002  ,   1.717108426932880E-002
   22.9000000000000       ,   1.170976485771513E-002  ,   1.665057591295910E-002
   22.9100000000000       ,   1.066963046096860E-002  ,   1.602187442437960E-002
   22.9200000000000       ,   9.254672704482584E-003  ,   1.524223337230418E-002
   22.9300000000000       ,   7.600100543408107E-003  ,   1.428285462188796E-002
   22.9400000000000       ,   5.898337576800858E-003  ,   1.315035867646972E-002
   22.9500000000000       ,   4.367803296658463E-003  ,   1.190093047858716E-002
   22.9600000000000       ,   3.214551380236162E-003  ,   1.064320657194071E-002
   22.9700000000000       ,   2.595700981521447E-003  ,   9.528400499862770E-003
   22.9800000000000       ,   2.593095354100304E-003  ,   8.728958185742765E-003
   22.9900000000000       ,   3.203014266739775E-003  ,   8.409595175629406E-003
   23.0000000000000       ,   4.343746851916384E-003  ,   8.696347826384189E-003
   23.0100000000000       ,   5.878445347423569E-003  ,   9.649893373044673E-003
   23.0200000000000       ,   7.647051080634982E-003  ,   1.124872621990031E-002
   23.0300000000000       ,   9.499123008096194E-003  ,   1.338595485672153E-002
   23.0400000000000       ,   1.131957274606062E-002  ,   1.588087656682259E-002
   23.0500000000000       ,   1.304152607021451E-002  ,   1.850362283656519E-002
   23.0600000000000       ,   1.464416980032073E-002  ,   2.100862111523472E-002
   23.0700000000000       ,   1.613752583526553E-002  ,   2.317089307851054E-002
   23.0800000000000       ,   1.753954167804231E-002  ,   2.481864222714474E-002
   23.0900000000000       ,   1.885280220280678E-002  ,   2.585627934554505E-002
   23.1000000000000       ,   2.004806824478591E-002  ,   2.627385010227410E-002
   23.1100000000000       ,   2.105978776561020E-002  ,   2.614140639592660E-002
   23.1200000000000       ,   2.179527595747943E-002  ,   2.558970073136851E-002
   23.1300000000000       ,   2.215535582635070E-002  ,   2.478113533964840E-002
   23.1400000000000       ,   2.206093976634989E-002  ,   2.387667941319656E-002
   23.1500000000000       ,   2.147820329965012E-002  ,   2.300514442638801E-002
   23.1600000000000       ,   2.043514839742713E-002  ,   2.224065731245348E-002
   23.1700000000000       ,   1.902444702697924E-002  ,   2.159250606481434E-002
   23.1800000000000       ,   1.739095339483663E-002  ,   2.100907498946714E-002
   23.1900000000000       ,   1.570626248416870E-002  ,   2.039481001042833E-002
   23.2000000000000       ,   1.413612801954456E-002  ,   1.963659179961857E-002
   23.2100000000000       ,   1.280853139162159E-002  ,   1.863404055804053E-002
   23.2200000000000       ,   1.179018762335114E-002  ,   1.732749273280218E-002
   23.2300000000000       ,   1.107727217285808E-002  ,   1.571783584075319E-002
   23.2400000000000       ,   1.060265715410052E-002  ,   1.387398616213977E-002
   23.2500000000000       ,   1.025784734351780E-002  ,   1.192624363223196E-002
   23.2600000000000       ,   9.924150660431764E-003  ,   1.004658583279283E-002
   23.2700000000000       ,   9.505335937511163E-003  ,   8.419612531088944E-003
   23.2800000000000       ,   8.953700476738165E-003  ,   7.209791650310360E-003
   23.2900000000000       ,   8.283168313647771E-003  ,   6.531484783832127E-003
   23.3000000000000       ,   7.566326656683868E-003  ,   6.427757498356557E-003
   23.3100000000000       ,   6.916340260365872E-003  ,   6.862277687179239E-003
   23.3200000000000       ,   6.458436034292329E-003  ,   7.725998099771207E-003
   23.3300000000000       ,   6.298178343463030E-003  ,   8.857325974154557E-003
   23.3400000000000       ,   6.494436357840420E-003  ,   1.007171694704173E-002
   23.3500000000000       ,   7.043633318705649E-003  ,   1.119467519864371E-002
   23.3600000000000       ,   7.878927819070018E-003  ,   1.209142574132022E-002
   23.3700000000000       ,   8.884182732963351E-003  ,   1.268722532779279E-002
   23.3800000000000       ,   9.918907366887601E-003  ,   1.297427468180929E-002
   23.3900000000000       ,   1.084774299706641E-002  ,   1.300408251377557E-002
   23.4000000000000       ,   1.156714419363206E-002  ,   1.286730139879748E-002
   23.4100000000000       ,   1.202288295861370E-002  ,   1.266581801444193E-002
   23.4200000000000       ,   1.221457337058151E-002  ,   1.248361624980479E-002
   23.4300000000000       ,   1.218687865993949E-002  ,   1.236323200917479E-002
   23.4400000000000       ,   1.201050091857546E-002  ,   1.229338275832891E-002
   23.4500000000000       ,   1.175857214709504E-002  ,   1.221082509115062E-002
   23.4600000000000       ,   1.148502842123253E-002  ,   1.201621181149009E-002
   23.4700000000000       ,   1.121074094776685E-002  ,   1.160041558127323E-002
   23.4800000000000       ,   1.092085269675848E-002  ,   1.087521599881370E-002
   23.4900000000000       ,   1.057357685846619E-002  ,   9.801023162560644E-003
   23.5000000000000       ,   1.011752215850137E-002  ,   8.404755042629454E-003
   23.5100000000000       ,   9.512275364831646E-003  ,   6.783045593089564E-003
   23.5200000000000       ,   8.746109234166872E-003  ,   5.089207991316203E-003
   23.5300000000000       ,   7.845511210896793E-003  ,   3.506097135962227E-003
   23.5400000000000       ,   6.873508085172738E-003  ,   2.210360815009689E-003
   23.5500000000000       ,   5.916872136070437E-003  ,   1.335754630768439E-003
   23.5600000000000       ,   5.065394759625012E-003  ,   9.436831296662300E-004
   23.5700000000000       ,   4.388670523488137E-003  ,   1.007759366700397E-003
   23.5800000000000       ,   3.916641980182252E-003  ,   1.416215609571044E-003
   23.5900000000000       ,   3.629294488526640E-003  ,   1.992093878374501E-003
   23.6000000000000       ,   3.458585081087852E-003  ,   2.527176753594763E-003
   23.6100000000000       ,   3.302546441451921E-003  ,   2.822501399750264E-003
   23.6200000000000       ,   3.048352949857316E-003  ,   2.726768679652354E-003
   23.6300000000000       ,   2.598798389228090E-003  ,   2.164393574351418E-003
   23.6400000000000       ,   1.895725173493262E-003  ,   1.147268192510298E-003
   23.6500000000000       ,   9.346969131817196E-004  ,  -2.319954935108190E-004
   23.6600000000000       ,  -2.325827558578817E-004  ,  -1.823360030407377E-003
   23.6700000000000       ,  -1.508515357480582E-003  ,  -3.453460007481317E-003
   23.6800000000000       ,  -2.769773290106783E-003  ,  -4.962370934082697E-003
   23.6900000000000       ,  -3.892241667861412E-003  ,  -6.234449508698170E-003
   23.7000000000000       ,  -4.774558829573928E-003  ,  -7.216228952197809E-003
   23.7100000000000       ,  -5.354662521476801E-003  ,  -7.917619513200557E-003
   23.7200000000000       ,  -5.615771820694279E-003  ,  -8.396834224041846E-003
   23.7300000000000       ,  -5.581139430404300E-003  ,  -8.733525521637815E-003
   23.7400000000000       ,  -5.299909958849844E-003  ,  -8.997583129299058E-003
   23.7500000000000       ,  -4.828713952873066E-003  ,  -9.222165093577211E-003
   23.7600000000000       ,  -4.214607140463579E-003  ,  -9.388508564567619E-003
   23.7700000000000       ,  -3.484378535191757E-003  ,  -9.427112441317645E-003
   23.7800000000000       ,  -2.643271234916904E-003  ,  -9.235696183316903E-003
   23.7900000000000       ,  -1.683333215436283E-003  ,  -8.709931620653016E-003
   23.8000000000000       ,  -5.987187164467438E-004  ,  -7.779408119607609E-003
   23.8100000000000       ,   5.969079513167962E-004  ,  -6.439528839623520E-003
   23.8200000000000       ,   1.856549214872844E-003  ,  -4.770537561310347E-003
   23.8300000000000       ,   3.094564978412744E-003  ,  -2.937590796354950E-003
   23.8400000000000       ,   4.192650216900204E-003  ,  -1.170126122105675E-003
   23.8500000000000       ,   5.016856781191371E-003  ,   2.762679729919575E-004
   23.8600000000000       ,   5.442338784656518E-003  ,   1.167882889201380E-003
   23.8700000000000       ,   5.380182698541370E-003  ,   1.340468637747170E-003
   23.8800000000000       ,   4.799759503899208E-003  ,   7.356009123232913E-004
   23.8900000000000       ,   3.740785292795003E-003  ,  -5.828156169667663E-004
   23.9000000000000       ,   2.311544097869617E-003  ,  -2.436367012811368E-003
   23.9100000000000       ,   6.729613835604913E-004  ,  -4.563386728234474E-003
   23.9200000000000       ,  -9.883892662560648E-004  ,  -6.667489666927849E-003
   23.9300000000000       ,  -2.492567531746872E-003  ,  -8.473251659956571E-003
   23.9400000000000       ,  -3.696744885929088E-003  ,  -9.777174077635217E-003
   23.9500000000000       ,  -4.517198996600529E-003  ,  -1.048301927077298E-002
   23.9600000000000       ,  -4.938176494288979E-003  ,  -1.061403255687572E-002
   23.9700000000000       ,  -5.006126076255703E-003  ,  -1.029970887286828E-002
   23.9800000000000       ,  -4.811280554697856E-003  ,  -9.740441084333232E-003
   23.9900000000000       ,  -4.461503654523594E-003  ,  -9.158296281270592E-003
   24.0000000000000       ,  -4.054991707791407E-003  ,  -8.745176558005077E-003
   24.0100000000000       ,  -3.658434842115761E-003  ,  -8.620044236698073E-003
   24.0200000000000       ,  -3.295624262126851E-003  ,  -8.804644479367367E-003
   24.0300000000000       ,  -2.948681987271517E-003  ,  -9.222779550055989E-003
   24.0400000000000       ,  -2.570822266813795E-003  ,  -9.722711410815685E-003
   24.0500000000000       ,  -2.106668029647028E-003  ,  -1.011697429186939E-002
   24.0600000000000       ,  -1.514365701655089E-003  ,  -1.022999313431550E-002
   24.0700000000000       ,  -7.834940423976076E-004  ,  -9.942310672886331E-003
   24.0800000000000       ,   5.592917202906698E-005  ,  -9.221259875800043E-003
   24.0900000000000       ,   9.355533712758794E-004  ,  -8.131291787309229E-003
   24.1000000000000       ,   1.761137916862703E-003  ,  -6.822047095446367E-003
   24.1100000000000       ,   2.431857560220157E-003  ,  -5.497466884823646E-003
   24.1200000000000       ,   2.861288275469334E-003  ,  -4.373540760089762E-003
   24.1300000000000       ,   2.994596520050101E-003  ,  -3.634693226051304E-003
   24.1400000000000       ,   2.817618863187622E-003  ,  -3.398788118799547E-003
   24.1500000000000       ,   2.355799608968455E-003  ,  -3.698351809518193E-003
   24.1600000000000       ,   1.663720022010525E-003  ,  -4.481508362375214E-003
   24.1700000000000       ,   8.084542856674698E-004  ,  -5.631315443648768E-003
   24.1800000000000       ,  -1.484428379585058E-004  ,  -6.997865725105104E-003
   24.1900000000000       ,  -1.165281583838748E-003  ,  -8.434709428493144E-003
   24.2000000000000       ,  -2.227033517195319E-003  ,  -9.830502437940172E-003
   24.2100000000000       ,  -3.342901369648019E-003  ,  -1.112839230151383E-002
   24.2200000000000       ,  -4.535631596412269E-003  ,  -1.232906565366844E-002
   24.2300000000000       ,  -5.825899886644536E-003  ,  -1.347770367021079E-002
   24.2400000000000       ,  -7.216529263693676E-003  ,  -1.463922677803990E-002
   24.2500000000000       ,  -8.681406049744319E-003  ,  -1.586912196807206E-002
   24.2600000000000       ,  -1.016270760833755E-002  ,  -1.718812343680302E-002
   24.2700000000000       ,  -1.157778182829415E-002  ,  -1.856784230510871E-002
   24.2800000000000       ,  -1.283433424028776E-002  ,  -1.993143943804333E-002
   24.2900000000000       ,  -1.385021111037991E-002  ,  -2.116938909525439E-002
   24.3000000000000       ,  -1.457266216766899E-002  ,  -2.216632979263098E-002
   24.3100000000000       ,  -1.499191743622381E-002  ,  -2.283197755349751E-002
   24.3200000000000       ,  -1.514525171563900E-002  ,  -2.312785770784613E-002
   24.3300000000000       ,  -1.511009973246481E-002  ,  -2.308251142609463E-002
   24.3400000000000       ,  -1.498760407389126E-002  ,  -2.279063591179416E-002
   24.3500000000000       ,  -1.488048601970611E-002  ,  -2.239562772485005E-002
   24.3600000000000       ,  -1.487066109855651E-002  ,  -2.205921678230952E-002
   24.3700000000000       ,  -1.500216305572912E-002  ,  -2.192524697917879E-002
   24.3800000000000       ,  -1.527364046115083E-002  ,  -2.208632609896276E-002
   24.3900000000000       ,  -1.564227546572348E-002  ,  -2.256159719310067E-002
   24.4000000000000       ,  -1.603806404789465E-002  ,  -2.329136529705476E-002
   24.4100000000000       ,  -1.638474392832897E-002  ,  -2.415034104524577E-002
   24.4200000000000       ,  -1.662194897163254E-002  ,  -2.497679059778121E-002
   24.4300000000000       ,  -1.672285251136614E-002  ,  -2.561099171774308E-002
   24.4400000000000       ,  -1.670272164178194E-002  ,  -2.593403644196465E-002
   24.4500000000000       ,  -1.661614241883180E-002  ,  -2.589777440024904E-002
   24.4600000000000       ,  -1.654358899577698E-002  ,  -2.553863437106654E-002
   24.4700000000000       ,  -1.657074634656188E-002  ,  -2.497174753469140E-002
   24.4800000000000       ,  -1.676585163893412E-002  ,  -2.436635980263520E-002
   24.4900000000000       ,  -1.716081847249253E-002  ,  -2.390788890293845E-002
   24.5000000000000       ,  -1.774092841235376E-002  ,  -2.375512788011917E-002
   24.5100000000000       ,  -1.844567577062109E-002  ,  -2.400228399608203E-002
   24.5200000000000       ,  -1.918050841418813E-002  ,  -2.465449712485729E-002
   24.5300000000000       ,  -1.983645674032345E-002  ,  -2.562245477557777E-002
   24.5400000000000       ,  -2.031269302102800E-002  ,  -2.673742208295493E-002
   24.5500000000000       ,  -2.053640940587538E-002  ,  -2.778343327834983E-002
   24.5600000000000       ,  -2.047520017126718E-002  ,  -2.853959658592313E-002
   24.5700000000000       ,  -2.013915937601742E-002  ,  -2.882330341505524E-002
   24.5800000000000       ,  -1.957261869799756E-002  ,  -2.852507149215308E-002
   24.5900000000000       ,  -1.883813753051901E-002  ,  -2.762776572333689E-002
   24.6000000000000       ,  -1.799731758486888E-002  ,  -2.620653056383802E-002
   24.6100000000000       ,  -1.709374281913333E-002  ,  -2.441008497782888E-002
   24.6200000000000       ,  -1.614266467410359E-002  ,  -2.242808242239636E-002
   24.6300000000000       ,  -1.513015514531399E-002  ,  -2.045211808716423E-002
   24.6400000000000       ,  -1.402184632160223E-002  ,  -1.863906152631725E-002
   24.6500000000000       ,  -1.277875629367489E-002  ,  -1.708451721812564E-002
   24.6600000000000       ,  -1.137575840948034E-002  ,  -1.581163464765636E-002
   24.6700000000000       ,  -9.817492476642806E-003  ,  -1.477684649452610E-002
   24.6800000000000       ,  -8.147137585273261E-003  ,  -1.389026794113982E-002
   24.6900000000000       ,  -6.445298974791231E-003  ,  -1.304531333742915E-002
   24.7000000000000       ,  -4.818821870723081E-003  ,  -1.215026276016195E-002
   24.7100000000000       ,  -3.381962370795824E-003  ,  -1.115439022395785E-002
   24.7200000000000       ,  -2.234337978387849E-003  ,  -1.006279870157234E-002
   24.7300000000000       ,  -1.440935016607150E-003  ,  -8.936877507954506E-003
   24.7400000000000       ,  -1.018954374344713E-003  ,  -7.880632103284995E-003
   24.7500000000000       ,  -9.345716998561317E-004  ,  -7.016271407660436E-003
   24.7600000000000       ,  -1.110227052904639E-003  ,  -6.454695452920872E-003
   24.7700000000000       ,  -1.440486672229633E-003  ,  -6.267460985557390E-003
   24.7800000000000       ,  -1.812500135661908E-003  ,  -6.466285729599747E-003
   24.7900000000000       ,  -2.126119320069476E-003  ,  -6.994379009447951E-003
   24.8000000000000       ,  -2.309074297618491E-003  ,  -7.731311065489103E-003
   24.8100000000000       ,  -2.324097544128991E-003  ,  -8.510348331440829E-003
   24.8200000000000       ,  -2.167128357622924E-003  ,  -9.144777947365531E-003
   24.8300000000000       ,  -1.858102273942763E-003  ,  -9.458182446017710E-003
   24.8400000000000       ,  -1.427700172022635E-003  ,  -9.313147899473828E-003
   24.8500000000000       ,  -9.043096508699558E-004  ,  -8.633491077323840E-003
   24.8600000000000       ,  -3.051234506140883E-004  ,  -7.416548939183925E-003
   24.8700000000000       ,   3.661179304358654E-004  ,  -5.734016807662499E-003
   24.8800000000000       ,   1.114328800050430E-003  ,  -3.721830799613540E-003
   24.8900000000000       ,   1.942998496136170E-003  ,  -1.561292512224161E-003
   24.9000000000000       ,   2.842259426463471E-003  ,   5.452268669259801E-004
   24.9100000000000       ,   3.779200086879595E-003  ,   2.400196752473697E-003
   24.9200000000000       ,   4.694004411183187E-003  ,   3.834810229098732E-003
   24.9300000000000       ,   5.503933563926813E-003  ,   4.727856385040718E-003
   24.9400000000000       ,   6.114974996706509E-003  ,   5.017557448255935E-003
   24.9500000000000       ,   6.438765660458023E-003  ,   4.705417442567578E-003
   24.9600000000000       ,   6.410765256255314E-003  ,   3.852162961734761E-003
   24.9700000000000       ,   6.005072602808907E-003  ,   2.566758674944422E-003
   24.9800000000000       ,   5.241926358615280E-003  ,   9.902033617036831E-004
   24.9900000000000       ,   4.185662617216022E-003  ,  -7.236639732110965E-004
   25.0000000000000       ,   2.933274273756155E-003  ,  -2.427811809637357E-003
   25.0100000000000       ,   1.596109967562986E-003  ,  -3.999521654074724E-003
   25.0200000000000       ,   2.790290662330594E-004  ,  -5.353381663265209E-003
   25.0300000000000       ,  -9.379859366697648E-004  ,  -6.447942501598277E-003
   25.0400000000000       ,  -2.011361935879009E-003  ,  -7.285066816025328E-003
   25.0500000000000       ,  -2.935962869158731E-003  ,  -7.902107655156055E-003
   25.0600000000000       ,  -3.737406427269717E-003  ,  -8.358260233651771E-003
   25.0700000000000       ,  -4.456967022224838E-003  ,  -8.717539203364740E-003
   25.0800000000000       ,  -5.133268116769268E-003  ,  -9.031603921774503E-003
   25.0900000000000       ,  -5.785771409295382E-003  ,  -9.325875698572189E-003
   25.1000000000000       ,  -6.404556419481603E-003  ,  -9.591937353686337E-003
   25.1100000000000       ,  -6.949181509107421E-003  ,  -9.788084727470944E-003
   25.1200000000000       ,  -7.356970747732083E-003  ,  -9.848276381099339E-003
   25.1300000000000       ,  -7.558524098638662E-003  ,  -9.697906063285196E-003
   25.1400000000000       ,  -7.496275589174365E-003  ,  -9.273191987908748E-003
   25.1500000000000       ,  -7.141052588895773E-003  ,  -8.539927356211296E-003
   25.1600000000000       ,  -6.502058703253881E-003  ,  -7.507162975608795E-003
   25.1700000000000       ,  -5.627399957976322E-003  ,  -6.232213713170202E-003
   25.1800000000000       ,  -4.594760220470778E-003  ,  -4.815091244045334E-003
   25.1900000000000       ,  -3.494456163071432E-003  ,  -3.382742857806602E-003
   25.2000000000000       ,  -2.409171035263444E-003  ,  -2.065836794021283E-003
   25.2100000000000       ,  -1.395626344526551E-003  ,  -9.727383601384180E-004
   25.2200000000000       ,  -4.730340348558744E-004  ,  -1.662951123560215E-004
   25.2300000000000       ,   3.785291982413344E-004  ,   3.511943368061207E-004
   25.2400000000000       ,   1.209239232562329E-003  ,   6.409372599773026E-004
   25.2500000000000       ,   2.082298798563297E-003  ,   8.170980254603071E-004
   25.2600000000000       ,   3.052765136566997E-003  ,   1.024239455529579E-003
   25.2700000000000       ,   4.147949831515003E-003  ,   1.407002563234749E-003
   25.2800000000000       ,   5.354617402603051E-003  ,   2.078214374493941E-003
   25.2900000000000       ,   6.616560543185729E-003  ,   3.092264406318127E-003
   25.3000000000000       ,   7.843534318675417E-003  ,   4.429745655885776E-003
   25.3100000000000       ,   8.929646274720468E-003  ,   5.997144424062626E-003
   25.3200000000000       ,   9.776860611447566E-003  ,   7.642230441789592E-003
   25.3300000000000       ,   1.031790840750304E-002  ,   9.182415148865150E-003
   25.3400000000000       ,   1.053295668672146E-002  ,   1.044046011553661E-002
   25.3500000000000       ,   1.045586793642895E-002  ,   1.128018640700115E-002
   25.3600000000000       ,   1.016840814353331E-002  ,   1.163467163586248E-002
   25.3700000000000       ,   9.783698724382535E-003  ,   1.152089269680699E-002
   25.3800000000000       ,   9.422816046028201E-003  ,   1.103758023689926E-002
   25.3900000000000       ,   9.190068140853594E-003  ,   1.034659246909976E-002
   25.4000000000000       ,   9.152721277862399E-003  ,   9.641615911054264E-003
   25.4100000000000       ,   9.329762668603506E-003  ,   9.110686524898690E-003
   25.4200000000000       ,   9.691986295743719E-003  ,   8.900302188722243E-003
   25.4300000000000       ,   1.017287224777625E-002  ,   9.088486252243936E-003
   25.4400000000000       ,   1.068711541925692E-002  ,   9.672160664318698E-003
   25.4500000000000       ,   1.115190438416358E-002  ,   1.057105082497597E-002
   25.4600000000000       ,   1.150558295394463E-002  ,   1.164678012463440E-002
   25.4700000000000       ,   1.171923552006279E-002  ,   1.273261727817534E-002
   25.4800000000000       ,   1.179875696341408E-002  ,   1.366721870657216E-002
   25.4900000000000       ,   1.177755059224832E-002  ,   1.432511317244661E-002
   25.5000000000000       ,   1.170245887387978E-002  ,   1.463770466343575E-002
   25.5100000000000       ,   1.161723083146500E-002  ,   1.460094810624018E-002
   25.5200000000000       ,   1.154833609011900E-002  ,   1.426900298337102E-002
   25.5300000000000       ,   1.149713777270015E-002  ,   1.373634870742061E-002
   25.5400000000000       ,   1.144056884955511E-002  ,   1.311331868022179E-002
   25.5500000000000       ,   1.134003276390959E-002  ,   1.250122400136806E-002
   25.5600000000000       ,   1.115592428928139E-002  ,   1.197294687060149E-002
   25.5700000000000       ,   1.086356331892760E-002  ,   1.156320229715580E-002
   25.5800000000000       ,   1.046587907778353E-002  ,   1.127003698455392E-002
   25.5900000000000       ,   9.998994356058426E-003  ,   1.106621641618553E-002
   25.6000000000000       ,   9.528721593974087E-003  ,   1.091666320579579E-002
   25.6100000000000       ,   9.138400696944524E-003  ,   1.079665503322729E-002
   25.6200000000000       ,   8.910842691182431E-003  ,   1.070541404141805E-002
   25.6300000000000       ,   8.908777796612286E-003  ,   1.067102732274918E-002
   25.6400000000000       ,   9.158710579021489E-003  ,   1.074499735754053E-002
   25.6500000000000       ,   9.642325103816907E-003  ,   1.098754216873193E-002
   25.6600000000000       ,   1.029775626470872E-002  ,   1.144734333008712E-002
   25.6700000000000       ,   1.103062302720591E-002  ,   1.214112707413429E-002
   25.6800000000000       ,   1.173232928790078E-002  ,   1.303882289416345E-002
   25.6900000000000       ,   1.230138911120950E-002  ,   1.405895680359934E-002
   25.7000000000000       ,   1.266286355393478E-002  ,   1.507663345453746E-002
   25.7100000000000       ,   1.278155978334139E-002  ,   1.594347040103460E-002
   25.7200000000000       ,   1.266627243359404E-002  ,   1.651587133001739E-002
   25.7300000000000       ,   1.236460219844093E-002  ,   1.668577575537614E-002
   25.7400000000000       ,   1.195017432817049E-002  ,   1.640705565209486E-002
   25.7500000000000       ,   1.150581162973210E-002  ,   1.571131044209733E-002
   25.7600000000000       ,   1.110696386320070E-002  ,   1.470885130885470E-002
   25.7700000000000       ,   1.080929885869881E-002  ,   1.357373619468942E-002
   25.7800000000000       ,   1.064296773620037E-002  ,   1.251514645142894E-002
   25.7900000000000       ,   1.061407633786891E-002  ,   1.174042097230214E-002
   25.8000000000000       ,   1.071188352648218E-002  ,   1.141700054440309E-002
   25.8100000000000       ,   1.091875521338784E-002  ,   1.164093728762431E-002
   25.8200000000000       ,   1.121932728167347E-002  ,   1.241838324922850E-002
   25.8300000000000       ,   1.160580720389467E-002  ,   1.366384498985438E-002
   25.8400000000000       ,   1.207771497081580E-002  ,   1.521554214695842E-002
   25.8500000000000       ,   1.263622259701702E-002  ,   1.686468502341741E-002
   25.8600000000000       ,   1.327505709541990E-002  ,   1.839265301052967E-002
   25.8700000000000       ,   1.397115922607313E-002  ,   1.960852248013248E-002
   25.8800000000000       ,   1.467857578842363E-002  ,   2.037948179458317E-002
   25.8900000000000       ,   1.532830620708508E-002  ,   2.064834625801586E-002
   25.9000000000000       ,   1.583521724322707E-002  ,   2.043526324741291E-002
   25.9100000000000       ,   1.611111820979039E-002  ,   1.982413323557556E-002
   25.9200000000000       ,   1.608121388357399E-002  ,   1.893750640827973E-002
   25.9300000000000       ,   1.569995675304823E-002  ,   1.790604161389472E-002
   25.9400000000000       ,   1.496216304244932E-002  ,   1.683953906081170E-002
   25.9500000000000       ,   1.390622068610421E-002  ,   1.580590305987267E-002
   25.9600000000000       ,   1.260808065078185E-002  ,   1.482233288118115E-002
   25.9700000000000       ,   1.116701440085626E-002  ,   1.386006619047977E-002
   25.9800000000000       ,   9.686241173753177E-003  ,   1.286079725148977E-002
   25.9900000000000       ,   8.252911712224219E-003  ,   1.176019121306460E-002
   26.0000000000000       ,   6.922196864238919E-003  ,   1.051232571098278E-002
   26.0100000000000       ,   5.709276448574526E-003  ,   9.108764362941295E-003
   26.0200000000000       ,   4.591082011018100E-003  ,   7.587321731949763E-003
   26.0300000000000       ,   3.517207182585691E-003  ,   6.028097251937711E-003
   26.0400000000000       ,   2.427090369266556E-003  ,   4.537453746657378E-003
   26.0500000000000       ,   1.268999387845840E-003  ,   3.223579692738353E-003
   26.0600000000000       ,   1.592349060186576E-005  ,   2.169417482421894E-003
   26.0700000000000       ,  -1.325676170022881E-003  ,   1.409560416962859E-003
   26.0800000000000       ,  -2.716405299515477E-003  ,   9.170139177335641E-004
   26.0900000000000       ,  -4.093449159057888E-003  ,   6.036208357059711E-004
   26.1000000000000       ,  -5.386365596911394E-003  ,   3.349211707856722E-004
   26.1100000000000       ,  -6.534800383497534E-003  ,  -4.307723831973194E-005
   26.1200000000000       ,  -7.503262006901892E-003  ,  -6.705611817267585E-004
   26.1300000000000       ,  -8.288890258043476E-003  ,  -1.641058277810555E-003
   26.1400000000000       ,  -8.920050281702197E-003  ,  -2.976307587768529E-003
   26.1500000000000       ,  -9.446084986471258E-003  ,  -4.614696992223525E-003
   26.1600000000000       ,  -9.921001068712281E-003  ,  -6.416399381580812E-003
   26.1700000000000       ,  -1.038559176995802E-002  ,  -8.184884563805670E-003
   26.1800000000000       ,  -1.085303797495118E-002  ,  -9.701019500808837E-003
   26.1900000000000       ,  -1.130221235093216E-002  ,  -1.076324092614697E-002
   26.2000000000000       ,  -1.168093006608902E-002  ,  -1.122588364593984E-002
   26.2100000000000       ,  -1.191874737858244E-002  ,  -1.102798509465941E-002
   26.2200000000000       ,  -1.194629351075167E-002  ,  -1.020672248761518E-002
   26.2300000000000       ,  -1.171622561943996E-002  ,  -8.892692089852952E-003
   26.2400000000000       ,  -1.122023977939770E-002  ,  -7.287870405993960E-003
   26.2500000000000       ,  -1.049735719827279E-002  ,  -5.630543438835667E-003
   26.2600000000000       ,  -9.630766492398928E-003  ,  -4.154034933972196E-003
   26.2700000000000       ,  -8.733337253308127E-003  ,  -3.047187401227034E-003
   26.2800000000000       ,  -7.924815275220994E-003  ,  -2.424037684423720E-003
   26.2900000000000       ,  -7.305924987863098E-003  ,  -2.308118574908566E-003
   26.3000000000000       ,  -6.935560810601632E-003  ,  -2.633761510004522E-003
   26.3100000000000       ,  -6.816679594174453E-003  ,  -3.263337747972422E-003
   26.3200000000000       ,  -6.894528418332465E-003  ,  -4.016286796441190E-003
   26.3300000000000       ,  -7.067931078344657E-003  ,  -4.703677071063899E-003
   26.3400000000000       ,  -7.211227910498468E-003  ,  -5.161329863128024E-003
   26.3500000000000       ,  -7.201892499690592E-003  ,  -5.275305271064246E-003
   26.3600000000000       ,  -6.947474607868587E-003  ,  -4.995564172741126E-003
   26.3700000000000       ,  -6.405682743932507E-003  ,  -4.336385765720269E-003
   26.3800000000000       ,  -5.593079245069716E-003  ,  -3.364992523504849E-003
   26.3900000000000       ,  -4.580599686698574E-003  ,  -2.182173987135647E-003
   26.4000000000000       ,  -3.477244145615935E-003  ,  -9.000161243941459E-004
   26.4100000000000       ,  -2.406044221621338E-003  ,   3.781020543479446E-004
   26.4200000000000       ,  -1.478113722306098E-003  ,   1.571223034799326E-003
   26.4300000000000       ,  -7.708414474000119E-004  ,   2.626208318445584E-003
   26.4400000000000       ,  -3.150508575617314E-004  ,   3.515108256622951E-003
   26.4500000000000       ,  -9.357635289106481E-005  ,   4.226849608338804E-003
   26.4600000000000       ,  -5.081340940903591E-005  ,   4.756880982681560E-003
   26.4700000000000       ,  -1.101319270651836E-004  ,   5.098654415851167E-003
   26.4800000000000       ,  -1.942673006953270E-004  ,   5.239979839554954E-003
   26.4900000000000       ,  -2.433466248871181E-004  ,   5.165618645293728E-003
   26.5000000000000       ,  -2.261437949947395E-004  ,   4.865441333664081E-003
   26.5100000000000       ,  -1.422002371527251E-004  ,   4.345612633090599E-003
   26.5200000000000       ,  -1.502891111150409E-005  ,   3.639089469776665E-003
   26.5300000000000       ,   1.209593908657618E-004  ,   2.811553745411918E-003
   26.5400000000000       ,   2.355479923556319E-004  ,   1.959826574585518E-003
   26.5500000000000       ,   3.151628568688010E-004  ,   1.201618221915698E-003
   26.5600000000000       ,   3.689176842861939E-004  ,   6.577217849498650E-004
   26.5700000000000       ,   4.264360479249812E-004  ,   4.298955473014896E-004
   26.5800000000000       ,   5.280681126639650E-004  ,   5.791468229257910E-004
   26.5900000000000       ,   7.103802717380436E-004  ,   1.109525040815807E-003
   26.6000000000000       ,   9.912573587211630E-004  ,   1.961700914901965E-003
   26.6100000000000       ,   1.359211948437250E-003  ,   3.018693726333128E-003
   26.6200000000000       ,   1.770461744493358E-003  ,   4.123519614048421E-003
   26.6300000000000       ,   2.155279860308129E-003  ,   5.105855308617859E-003
   26.6400000000000       ,   2.432587607117644E-003  ,   5.812668186741900E-003
   26.6500000000000       ,   2.529423420375452E-003  ,   6.136670502051885E-003
   26.6600000000000       ,   2.400418077172318E-003  ,   6.036695906401424E-003
   26.6700000000000       ,   2.042155470240275E-003  ,   5.545649021004509E-003
   26.6800000000000       ,   1.498393981756126E-003  ,   4.764219542976467E-003
   26.6900000000000       ,   8.543064060415498E-004  ,   3.841525286326397E-003
   26.7000000000000       ,   2.206183283445112E-004  ,   2.946593138022128E-003
   26.7100000000000       ,  -2.889098157186623E-004  ,   2.236490410920852E-003
   26.7200000000000       ,  -5.814662781738047E-004  ,   1.827558436356366E-003
   26.7300000000000       ,  -6.049789720171379E-004  ,   1.775439971722953E-003
   26.7400000000000       ,  -3.589998154994063E-004  ,   2.067614862188099E-003
   26.7500000000000       ,   1.059032354508636E-004  ,   2.629421645527364E-003
   26.7600000000000       ,   7.000502256367332E-004  ,   3.341670463957352E-003
   26.7700000000000       ,   1.314916185897071E-003  ,   4.065589562054996E-003
   26.7800000000000       ,   1.846823649546813E-003  ,   4.669509792150066E-003
   26.7900000000000       ,   2.218352298194554E-003  ,   5.051648284644722E-003
   26.8000000000000       ,   2.392406191260815E-003  ,   5.154568175679039E-003
   26.8100000000000       ,   2.375773891860508E-003  ,   4.969039835283513E-003
   26.8200000000000       ,   2.211669943363909E-003  ,   4.527576501133231E-003
   26.8300000000000       ,   1.963482682528629E-003  ,   3.890252740442610E-003
   26.8400000000000       ,   1.694084974207728E-003  ,   3.126996708506653E-003
   26.8500000000000       ,   1.446065031062904E-003  ,   2.301032919229066E-003
   26.8600000000000       ,   1.227872465281443E-003  ,   1.457472163534639E-003
   26.8700000000000       ,   1.009268230421032E-003  ,   6.194149206969313E-004
   26.8800000000000       ,   7.270485890579368E-004  ,  -2.082049253967450E-004
   26.8900000000000       ,   2.994136312953059E-004  ,  -1.028904686544360E-003
   26.9000000000000       ,  -3.547657217348814E-004  ,  -1.842458386689532E-003
   26.9100000000000       ,  -1.296636033028992E-003  ,  -2.634196508227626E-003
   26.9200000000000       ,  -2.552703080818680E-003  ,  -3.369283619271819E-003
   26.9300000000000       ,  -4.108183058238834E-003  ,  -3.994042468330635E-003
   26.9400000000000       ,  -5.909572901753157E-003  ,  -4.444429421648079E-003
   26.9500000000000       ,  -7.875279691447551E-003  ,  -4.659765071245635E-003
   26.9600000000000       ,  -9.911179986922548E-003  ,  -4.598301858312724E-003
   26.9700000000000       ,  -1.192691374303102E-002  ,  -4.250559798613983E-003
   26.9800000000000       ,  -1.384880471794270E-002  ,  -3.646752613902670E-003
