   r (Ang),     Ga-Ga,     Ga-Ta,     Ga-Se,     Ta-Ta,     Ta-Se,     Se-Se
   0.01000 ,         0.000000000000000 ,         0.000000000000000 ,         0.000000000000000 ,         0.000000000000000 ,         0.000000000000000 ,         0.000000000000000 , 
   0.02000 ,         0.000000000000000 ,         0.000000000000000 ,         0.000000000000000 ,         0.000000000000000 ,         0.000000000000000 ,         0.000000000000000 , 
   0.03000 ,         0.000000000000000 ,         0.000000000000000 ,         0.000000000000000 ,         0.000000000000000 ,         0.000000000000000 ,         0.000000000000000 , 
   0.04000 ,         0.000000000000000 ,         0.000000000000000 ,         0.000000000000000 ,         0.000000000000000 ,         0.000000000000000 ,         0.000000000000000 , 
   0.05000 ,         0.000000000000000 ,         0.000000000000000 ,         0.000000000000000 ,         0.000000000000000 ,         0.000000000000000 ,         0.000000000000000 , 
   0.06000 ,         0.000000000000000 ,         0.000000000000000 ,         0.000000000000000 ,         0.000000000000000 ,         0.000000000000000 ,         0.000000000000000 , 
   0.07000 ,         0.000000000000000 ,         0.000000000000000 ,         0.000000000000000 ,         0.000000000000000 ,         0.000000000000000 ,         0.000000000000000 , 
   0.08000 ,         0.000000000000000 ,         0.000000000000000 ,         0.000000000000000 ,         0.000000000000000 ,         0.000000000000000 ,         0.000000000000000 , 
   0.09000 ,         0.000000000000000 ,         0.000000000000000 ,         0.000000000000000 ,         0.000000000000000 ,         0.000000000000000 ,         0.000000000000000 , 
   0.10000 ,         0.000000000000000 ,         0.000000000000000 ,         0.000000000000000 ,         0.000000000000000 ,         0.000000000000000 ,         0.000000000000000 , 
   0.11000 ,         0.000000000000000 ,         0.000000000000000 ,         0.000000000000000 ,         0.000000000000000 ,         0.000000000000000 ,         0.000000000000000 , 
   0.12000 ,         0.000000000000000 ,         0.000000000000000 ,         0.000000000000000 ,         0.000000000000000 ,         0.000000000000000 ,         0.000000000000000 , 
   0.13000 ,         0.000000000000000 ,         0.000000000000000 ,         0.000000000000000 ,         0.000000000000000 ,         0.000000000000000 ,         0.000000000000000 , 
   0.14000 ,         0.000000000000000 ,         0.000000000000000 ,         0.000000000000000 ,         0.000000000000000 ,         0.000000000000000 ,         0.000000000000000 , 
   0.15000 ,         0.000000000000000 ,         0.000000000000000 ,         0.000000000000000 ,         0.000000000000000 ,         0.000000000000000 ,         0.000000000000000 , 
   0.16000 ,         0.000000000000000 ,         0.000000000000000 ,         0.000000000000000 ,         0.000000000000000 ,         0.000000000000000 ,         0.000000000000000 , 
   0.17000 ,         0.000000000000000 ,         0.000000000000000 ,         0.000000000000000 ,         0.000000000000000 ,         0.000000000000000 ,         0.000000000000000 , 
   0.18000 ,         0.000000000000000 ,         0.000000000000000 ,         0.000000000000000 ,         0.000000000000000 ,         0.000000000000000 ,         0.000000000000000 , 
   0.19000 ,         0.000000000000000 ,         0.000000000000000 ,         0.000000000000000 ,         0.000000000000000 ,         0.000000000000000 ,         0.000000000000000 , 
   0.20000 ,         0.000000000000000 ,         0.000000000000000 ,         0.000000000000000 ,         0.000000000000000 ,         0.000000000000000 ,         0.000000000000000 , 
   0.21000 ,         0.000000000000000 ,         0.000000000000000 ,         0.000000000000000 ,         0.000000000000000 ,         0.000000000000000 ,         0.000000000000000 , 
   0.22000 ,         0.000000000000000 ,         0.000000000000000 ,         0.000000000000000 ,         0.000000000000000 ,         0.000000000000000 ,         0.000000000000000 , 
   0.23000 ,         0.000000000000000 ,         0.000000000000000 ,         0.000000000000000 ,         0.000000000000000 ,         0.000000000000000 ,         0.000000000000000 , 
   0.24000 ,         0.000000000000000 ,         0.000000000000000 ,         0.000000000000000 ,         0.000000000000000 ,         0.000000000000000 ,         0.000000000000000 , 
   0.25000 ,         0.000000000000000 ,         0.000000000000000 ,         0.000000000000000 ,         0.000000000000000 ,         0.000000000000000 ,         0.000000000000000 , 
   0.26000 ,         0.000000000000000 ,         0.000000000000000 ,         0.000000000000000 ,         0.000000000000000 ,         0.000000000000000 ,         0.000000000000000 , 
   0.27000 ,         0.000000000000000 ,         0.000000000000000 ,         0.000000000000000 ,         0.000000000000000 ,         0.000000000000000 ,         0.000000000000000 , 
   0.28000 ,         0.000000000000000 ,         0.000000000000000 ,         0.000000000000000 ,         0.000000000000000 ,         0.000000000000000 ,         0.000000000000000 , 
   0.29000 ,         0.000000000000000 ,         0.000000000000000 ,         0.000000000000000 ,         0.000000000000000 ,         0.000000000000000 ,         0.000000000000000 , 
   0.30000 ,         0.000000000000000 ,         0.000000000000000 ,         0.000000000000000 ,         0.000000000000000 ,         0.000000000000000 ,         0.000000000000000 , 
   0.31000 ,         0.000000000000000 ,         0.000000000000000 ,         0.000000000000000 ,         0.000000000000000 ,         0.000000000000000 ,         0.000000000000000 , 
   0.32000 ,         0.000000000000000 ,         0.000000000000000 ,         0.000000000000000 ,         0.000000000000000 ,         0.000000000000000 ,         0.000000000000000 , 
   0.33000 ,         0.000000000000000 ,         0.000000000000000 ,         0.000000000000000 ,         0.000000000000000 ,         0.000000000000000 ,         0.000000000000000 , 
   0.34000 ,         0.000000000000000 ,         0.000000000000000 ,         0.000000000000000 ,         0.000000000000000 ,         0.000000000000000 ,         0.000000000000000 , 
   0.35000 ,         0.000000000000000 ,         0.000000000000000 ,         0.000000000000000 ,         0.000000000000000 ,         0.000000000000000 ,         0.000000000000000 , 
   0.36000 ,         0.000000000000000 ,         0.000000000000000 ,         0.000000000000000 ,         0.000000000000000 ,         0.000000000000000 ,         0.000000000000000 , 
   0.37000 ,         0.000000000000000 ,         0.000000000000000 ,         0.000000000000000 ,         0.000000000000000 ,         0.000000000000000 ,         0.000000000000000 , 
   0.38000 ,         0.000000000000000 ,         0.000000000000000 ,         0.000000000000000 ,         0.000000000000000 ,         0.000000000000000 ,         0.000000000000000 , 
   0.39000 ,         0.000000000000000 ,         0.000000000000000 ,         0.000000000000000 ,         0.000000000000000 ,         0.000000000000000 ,         0.000000000000000 , 
   0.40000 ,         0.000000000000000 ,         0.000000000000000 ,         0.000000000000000 ,         0.000000000000000 ,         0.000000000000000 ,         0.000000000000000 , 
   0.41000 ,         0.000000000000000 ,         0.000000000000000 ,         0.000000000000000 ,         0.000000000000000 ,         0.000000000000000 ,         0.000000000000000 , 
   0.42000 ,         0.000000000000000 ,         0.000000000000000 ,         0.000000000000000 ,         0.000000000000000 ,         0.000000000000000 ,         0.000000000000000 , 
   0.43000 ,         0.000000000000000 ,         0.000000000000000 ,         0.000000000000000 ,         0.000000000000000 ,         0.000000000000000 ,         0.000000000000000 , 
   0.44000 ,         0.000000000000000 ,         0.000000000000000 ,         0.000000000000000 ,         0.000000000000000 ,         0.000000000000000 ,         0.000000000000000 , 
   0.45000 ,         0.000000000000000 ,         0.000000000000000 ,         0.000000000000000 ,         0.000000000000000 ,         0.000000000000000 ,         0.000000000000000 , 
   0.46000 ,         0.000000000000000 ,         0.000000000000000 ,         0.000000000000000 ,         0.000000000000000 ,         0.000000000000000 ,         0.000000000000000 , 
   0.47000 ,         0.000000000000000 ,         0.000000000000000 ,         0.000000000000000 ,         0.000000000000000 ,         0.000000000000000 ,         0.000000000000000 , 
   0.48000 ,         0.000000000000000 ,         0.000000000000000 ,         0.000000000000000 ,         0.000000000000000 ,         0.000000000000000 ,         0.000000000000000 , 
   0.49000 ,         0.000000000000000 ,         0.000000000000000 ,         0.000000000000000 ,         0.000000000000000 ,         0.000000000000000 ,         0.000000000000000 , 
   0.50000 ,         0.000000000000000 ,         0.000000000000000 ,         0.000000000000000 ,         0.000000000000000 ,         0.000000000000000 ,         0.000000000000000 , 
   0.51000 ,         0.000000000000000 ,         0.000000000000000 ,         0.000000000000000 ,         0.000000000000000 ,         0.000000000000000 ,         0.000000000000000 , 
   0.52000 ,         0.000000000000000 ,         0.000000000000000 ,         0.000000000000000 ,         0.000000000000000 ,         0.000000000000000 ,         0.000000000000000 , 
   0.53000 ,         0.000000000000000 ,         0.000000000000000 ,         0.000000000000000 ,         0.000000000000000 ,         0.000000000000000 ,         0.000000000000000 , 
   0.54000 ,         0.000000000000000 ,         0.000000000000000 ,         0.000000000000000 ,         0.000000000000000 ,         0.000000000000000 ,         0.000000000000000 , 
   0.55000 ,         0.000000000000000 ,         0.000000000000000 ,         0.000000000000000 ,         0.000000000000000 ,         0.000000000000000 ,         0.000000000000000 , 
   0.56000 ,         0.000000000000000 ,         0.000000000000000 ,         0.000000000000000 ,         0.000000000000000 ,         0.000000000000000 ,         0.000000000000000 , 
   0.57000 ,         0.000000000000000 ,         0.000000000000000 ,         0.000000000000000 ,         0.000000000000000 ,         0.000000000000000 ,         0.000000000000000 , 
   0.58000 ,         0.000000000000000 ,         0.000000000000000 ,         0.000000000000000 ,         0.000000000000000 ,         0.000000000000000 ,         0.000000000000000 , 
   0.59000 ,         0.000000000000000 ,         0.000000000000000 ,         0.000000000000000 ,         0.000000000000000 ,         0.000000000000000 ,         0.000000000000000 , 
   0.60000 ,         0.000000000000000 ,         0.000000000000000 ,         0.000000000000000 ,         0.000000000000000 ,         0.000000000000000 ,         0.000000000000000 , 
   0.61000 ,         0.000000000000000 ,         0.000000000000000 ,         0.000000000000000 ,         0.000000000000000 ,         0.000000000000000 ,         0.000000000000000 , 
   0.62000 ,         0.000000000000000 ,         0.000000000000000 ,         0.000000000000000 ,         0.000000000000000 ,         0.000000000000000 ,         0.000000000000000 , 
   0.63000 ,         0.000000000000000 ,         0.000000000000000 ,         0.000000000000000 ,         0.000000000000000 ,         0.000000000000000 ,         0.000000000000000 , 
   0.64000 ,         0.000000000000000 ,         0.000000000000000 ,         0.000000000000000 ,         0.000000000000000 ,         0.000000000000000 ,         0.000000000000000 , 
   0.65000 ,         0.000000000000000 ,         0.000000000000000 ,         0.000000000000000 ,         0.000000000000000 ,         0.000000000000000 ,         0.000000000000000 , 
   0.66000 ,         0.000000000000000 ,         0.000000000000000 ,         0.000000000000000 ,         0.000000000000000 ,         0.000000000000000 ,         0.000000000000000 , 
   0.67000 ,         0.000000000000000 ,         0.000000000000000 ,         0.000000000000000 ,         0.000000000000000 ,         0.000000000000000 ,         0.000000000000000 , 
   0.68000 ,         0.000000000000000 ,         0.000000000000000 ,         0.000000000000000 ,         0.000000000000000 ,         0.000000000000000 ,         0.000000000000000 , 
   0.69000 ,         0.000000000000000 ,         0.000000000000000 ,         0.000000000000000 ,         0.000000000000000 ,         0.000000000000000 ,         0.000000000000000 , 
   0.70000 ,         0.000000000000000 ,         0.000000000000000 ,         0.000000000000000 ,         0.000000000000000 ,         0.000000000000000 ,         0.000000000000000 , 
   0.71000 ,         0.000000000000000 ,         0.000000000000000 ,         0.000000000000000 ,         0.000000000000000 ,         0.000000000000000 ,         0.000000000000000 , 
   0.72000 ,         0.000000000000000 ,         0.000000000000000 ,         0.000000000000000 ,         0.000000000000000 ,         0.000000000000000 ,         0.000000000000000 , 
   0.73000 ,         0.000000000000000 ,         0.000000000000000 ,         0.000000000000000 ,         0.000000000000000 ,         0.000000000000000 ,         0.000000000000000 , 
   0.74000 ,         0.000000000000000 ,         0.000000000000000 ,         0.000000000000000 ,         0.000000000000000 ,         0.000000000000000 ,         0.000000000000000 , 
   0.75000 ,         0.000000000000000 ,         0.000000000000000 ,         0.000000000000000 ,         0.000000000000000 ,         0.000000000000000 ,         0.000000000000000 , 
   0.76000 ,         0.000000000000000 ,         0.000000000000000 ,         0.000000000000000 ,         0.000000000000000 ,         0.000000000000000 ,         0.000000000000000 , 
   0.77000 ,         0.000000000000000 ,         0.000000000000000 ,         0.000000000000000 ,         0.000000000000000 ,         0.000000000000000 ,         0.000000000000000 , 
   0.78000 ,         0.000000000000000 ,         0.000000000000000 ,         0.000000000000000 ,         0.000000000000000 ,         0.000000000000000 ,         0.000000000000000 , 
   0.79000 ,         0.000000000000000 ,         0.000000000000000 ,         0.000000000000000 ,         0.000000000000000 ,         0.000000000000000 ,         0.000000000000000 , 
   0.80000 ,         0.000000000000000 ,         0.000000000000000 ,         0.000000000000000 ,         0.000000000000000 ,         0.000000000000000 ,         0.000000000000000 , 
   0.81000 ,         0.000000000000000 ,         0.000000000000000 ,         0.000000000000000 ,         0.000000000000000 ,         0.000000000000000 ,         0.000000000000000 , 
   0.82000 ,         0.000000000000000 ,         0.000000000000000 ,         0.000000000000000 ,         0.000000000000000 ,         0.000000000000000 ,         0.000000000000000 , 
   0.83000 ,         0.000000000000000 ,         0.000000000000000 ,         0.000000000000000 ,         0.000000000000000 ,         0.000000000000000 ,         0.000000000000000 , 
   0.84000 ,         0.000000000000000 ,         0.000000000000000 ,         0.000000000000000 ,         0.000000000000000 ,         0.000000000000000 ,         0.000000000000000 , 
   0.85000 ,         0.000000000000000 ,         0.000000000000000 ,         0.000000000000000 ,         0.000000000000000 ,         0.000000000000000 ,         0.000000000000000 , 
   0.86000 ,         0.000000000000000 ,         0.000000000000000 ,         0.000000000000000 ,         0.000000000000000 ,         0.000000000000000 ,         0.000000000000000 , 
   0.87000 ,         0.000000000000000 ,         0.000000000000000 ,         0.000000000000000 ,         0.000000000000000 ,         0.000000000000000 ,         0.000000000000000 , 
   0.88000 ,         0.000000000000000 ,         0.000000000000000 ,         0.000000000000000 ,         0.000000000000000 ,         0.000000000000000 ,         0.000000000000000 , 
   0.89000 ,         0.000000000000000 ,         0.000000000000000 ,         0.000000000000000 ,         0.000000000000000 ,         0.000000000000000 ,         0.000000000000000 , 
   0.90000 ,         0.000000000000000 ,         0.000000000000000 ,         0.000000000000000 ,         0.000000000000000 ,         0.000000000000000 ,         0.000000000000000 , 
   0.91000 ,         0.000000000000000 ,         0.000000000000000 ,         0.000000000000000 ,         0.000000000000000 ,         0.000000000000000 ,         0.000000000000000 , 
   0.92000 ,         0.000000000000000 ,         0.000000000000000 ,         0.000000000000000 ,         0.000000000000000 ,         0.000000000000000 ,         0.000000000000000 , 
   0.93000 ,         0.000000000000000 ,         0.000000000000000 ,         0.000000000000000 ,         0.000000000000000 ,         0.000000000000000 ,         0.000000000000000 , 
   0.94000 ,         0.000000000000000 ,         0.000000000000000 ,         0.000000000000000 ,         0.000000000000000 ,         0.000000000000000 ,         0.000000000000000 , 
   0.95000 ,         0.000000000000000 ,         0.000000000000000 ,         0.000000000000000 ,         0.000000000000000 ,         0.000000000000000 ,         0.000000000000000 , 
   0.96000 ,         0.000000000000000 ,         0.000000000000000 ,         0.000000000000000 ,         0.000000000000000 ,         0.000000000000000 ,         0.000000000000000 , 
   0.97000 ,         0.000000000000000 ,         0.000000000000000 ,         0.000000000000000 ,         0.000000000000000 ,         0.000000000000000 ,         0.000000000000000 , 
   0.98000 ,         0.000000000000000 ,         0.000000000000000 ,         0.000000000000000 ,         0.000000000000000 ,         0.000000000000000 ,         0.000000000000000 , 
   0.99000 ,         0.000000000000000 ,         0.000000000000000 ,         0.000000000000000 ,         0.000000000000000 ,         0.000000000000000 ,         0.000000000000000 , 
   1.00000 ,         0.000000000000000 ,         0.000000000000000 ,         0.000000000000000 ,         0.000000000000000 ,         0.000000000000000 ,         0.000000000000000 , 
   1.01000 ,         0.000000000000000 ,         0.000000000000000 ,         0.000000000000000 ,         0.000000000000000 ,         0.000000000000000 ,         0.000000000000000 , 
   1.02000 ,         0.000000000000000 ,         0.000000000000000 ,         0.000000000000000 ,         0.000000000000000 ,         0.000000000000000 ,         0.000000000000000 , 
   1.03000 ,         0.000000000000000 ,         0.000000000000000 ,         0.000000000000000 ,         0.000000000000000 ,         0.000000000000000 ,         0.000000000000000 , 
   1.04000 ,         0.000000000000000 ,         0.000000000000000 ,         0.000000000000000 ,         0.000000000000000 ,         0.000000000000000 ,         0.000000000000000 , 
   1.05000 ,         0.000000000000000 ,         0.000000000000000 ,         0.000000000000000 ,         0.000000000000000 ,         0.000000000000000 ,         0.000000000000000 , 
   1.06000 ,         0.000000000000000 ,         0.000000000000000 ,         0.000000000000000 ,         0.000000000000000 ,         0.000000000000000 ,         0.000000000000000 , 
   1.07000 ,         0.000000000000000 ,         0.000000000000000 ,         0.000000000000000 ,         0.000000000000000 ,         0.000000000000000 ,         0.000000000000000 , 
   1.08000 ,         0.000000000000000 ,         0.000000000000000 ,         0.000000000000000 ,         0.000000000000000 ,         0.000000000000000 ,         0.000000000000000 , 
   1.09000 ,         0.000000000000000 ,         0.000000000000000 ,         0.000000000000000 ,         0.000000000000000 ,         0.000000000000000 ,         0.000000000000000 , 
   1.10000 ,         0.000000000000000 ,         0.000000000000000 ,         0.000000000000000 ,         0.000000000000000 ,         0.000000000000000 ,         0.000000000000000 , 
   1.11000 ,         0.000000000000000 ,         0.000000000000000 ,         0.000000000000000 ,         0.000000000000000 ,         0.000000000000000 ,         0.000000000000000 , 
   1.12000 ,         0.000000000000000 ,         0.000000000000000 ,         0.000000000000000 ,         0.000000000000000 ,         0.000000000000000 ,         0.000000000000000 , 
   1.13000 ,         0.000000000000000 ,         0.000000000000000 ,         0.000000000000000 ,         0.000000000000000 ,         0.000000000000000 ,         0.000000000000000 , 
   1.14000 ,         0.000000000000000 ,         0.000000000000000 ,         0.000000000000000 ,         0.000000000000000 ,         0.000000000000000 ,         0.000000000000000 , 
   1.15000 ,         0.000000000000000 ,         0.000000000000000 ,         0.000000000000000 ,         0.000000000000000 ,         0.000000000000000 ,         0.000000000000000 , 
   1.16000 ,         0.000000000000000 ,         0.000000000000000 ,         0.000000000000000 ,         0.000000000000000 ,         0.000000000000000 ,         0.000000000000000 , 
   1.17000 ,         0.000000000000000 ,         0.000000000000000 ,         0.000000000000000 ,         0.000000000000000 ,         0.000000000000000 ,         0.000000000000000 , 
   1.18000 ,         0.000000000000000 ,         0.000000000000000 ,         0.000000000000000 ,         0.000000000000000 ,         0.000000000000000 ,         0.000000000000000 , 
   1.19000 ,         0.000000000000000 ,         0.000000000000000 ,         0.000000000000000 ,         0.000000000000000 ,         0.000000000000000 ,         0.000000000000000 , 
   1.20000 ,         0.000000000000000 ,         0.000000000000000 ,         0.000000000000000 ,         0.000000000000000 ,         0.000000000000000 ,         0.000000000000000 , 
   1.21000 ,         0.000000000000000 ,         0.000000000000000 ,         0.000000000000000 ,         0.000000000000000 ,         0.000000000000000 ,         0.000000000000000 , 
   1.22000 ,         0.000000000000000 ,         0.000000000000000 ,         0.000000000000000 ,         0.000000000000000 ,         0.000000000000000 ,         0.000000000000000 , 
   1.23000 ,         0.000000000000000 ,         0.000000000000000 ,         0.000000000000000 ,         0.000000000000000 ,         0.000000000000000 ,         0.000000000000000 , 
   1.24000 ,         0.000000000000000 ,         0.000000000000000 ,         0.000000000000000 ,         0.000000000000000 ,         0.000000000000000 ,         0.000000000000000 , 
   1.25000 ,         0.000000000000000 ,         0.000000000000000 ,         0.000000000000000 ,         0.000000000000000 ,         0.000000000000000 ,         0.000000000000000 , 
   1.26000 ,         0.000000000000000 ,         0.000000000000000 ,         0.000000000000000 ,         0.000000000000000 ,         0.000000000000000 ,         0.000000000000000 , 
   1.27000 ,         0.000000000000000 ,         0.000000000000000 ,         0.000000000000000 ,         0.000000000000000 ,         0.000000000000000 ,         0.000000000000000 , 
   1.28000 ,         0.000000000000000 ,         0.000000000000000 ,         0.000000000000000 ,         0.000000000000000 ,         0.000000000000000 ,         0.000000000000000 , 
   1.29000 ,         0.000000000000000 ,         0.000000000000000 ,         0.000000000000000 ,         0.000000000000000 ,         0.000000000000000 ,         0.000000000000000 , 
   1.30000 ,         0.000000000000000 ,         0.000000000000000 ,         0.000000000000000 ,         0.000000000000000 ,         0.000000000000000 ,         0.000000000000000 , 
   1.31000 ,         0.000000000000000 ,         0.000000000000000 ,         0.000000000000000 ,         0.000000000000000 ,         0.000000000000000 ,         0.000000000000000 , 
   1.32000 ,         0.000000000000000 ,         0.000000000000000 ,         0.000000000000000 ,         0.000000000000000 ,         0.000000000000000 ,         0.000000000000000 , 
   1.33000 ,         0.000000000000000 ,         0.000000000000000 ,         0.000000000000000 ,         0.000000000000000 ,         0.000000000000000 ,         0.000000000000000 , 
   1.34000 ,         0.000000000000000 ,         0.000000000000000 ,         0.000000000000000 ,         0.000000000000000 ,         0.000000000000000 ,         0.000000000000000 , 
   1.35000 ,         0.000000000000000 ,         0.000000000000000 ,         0.000000000000000 ,         0.000000000000000 ,         0.000000000000000 ,         0.000000000000000 , 
   1.36000 ,         0.000000000000000 ,         0.000000000000000 ,         0.000000000000000 ,         0.000000000000000 ,         0.000000000000000 ,         0.000000000000000 , 
   1.37000 ,         0.000000000000000 ,         0.000000000000000 ,         0.000000000000000 ,         0.000000000000000 ,         0.000000000000000 ,         0.000000000000000 , 
   1.38000 ,         0.000000000000000 ,         0.000000000000000 ,         0.000000000000000 ,         0.000000000000000 ,         0.000000000000000 ,         0.000000000000000 , 
   1.39000 ,         0.000000000000000 ,         0.000000000000000 ,         0.000000000000000 ,         0.000000000000000 ,         0.000000000000000 ,         0.000000000000000 , 
   1.40000 ,         0.000000000000000 ,         0.000000000000000 ,         0.000000000000000 ,         0.000000000000000 ,         0.000000000000000 ,         0.000000000000000 , 
   1.41000 ,         0.000000000000000 ,         0.000000000000000 ,         0.000000000000000 ,         0.000000000000000 ,         0.000000000000000 ,         0.000000000000000 , 
   1.42000 ,         0.000000000000000 ,         0.000000000000000 ,         0.000000000000000 ,         0.000000000000000 ,         0.000000000000000 ,         0.000000000000000 , 
   1.43000 ,         0.000000000000000 ,         0.000000000000000 ,         0.000000000000000 ,         0.000000000000000 ,         0.000000000000000 ,         0.000000000000000 , 
   1.44000 ,         0.000000000000000 ,         0.000000000000000 ,         0.000000000000000 ,         0.000000000000000 ,         0.000000000000000 ,         0.000000000000000 , 
   1.45000 ,         0.000000000000000 ,         0.000000000000000 ,         0.000000000000000 ,         0.000000000000000 ,         0.000000000000000 ,         0.000000000000000 , 
   1.46000 ,         0.000000000000000 ,         0.000000000000000 ,         0.000000000000000 ,         0.000000000000000 ,         0.000000000000000 ,         0.000000000000000 , 
   1.47000 ,         0.000000000000000 ,         0.000000000000000 ,         0.000000000000000 ,         0.000000000000000 ,         0.000000000000000 ,         0.000000000000000 , 
   1.48000 ,         0.000000000000000 ,         0.000000000000000 ,         0.000000000000000 ,         0.000000000000000 ,         0.000000000000000 ,         0.000000000000000 , 
   1.49000 ,         0.000000000000000 ,         0.000000000000000 ,         0.000000000000000 ,         0.000000000000000 ,         0.000000000000000 ,         0.000000000000000 , 
   1.50000 ,         0.000000000000000 ,         0.000000000000000 ,         0.000000000000000 ,         0.000000000000000 ,         0.000000000000000 ,         0.000000000000000 , 
   1.51000 ,         0.000000000000000 ,         0.000000000000000 ,         0.000000000000000 ,         0.000000000000000 ,         0.000000000000000 ,         0.000000000000000 , 
   1.52000 ,         0.000000000000000 ,         0.000000000000000 ,         0.000000000000000 ,         0.000000000000000 ,         0.000000000000000 ,         0.000000000000000 , 
   1.53000 ,         0.000000000000000 ,         0.000000000000000 ,         0.000000000000000 ,         0.000000000000000 ,         0.000000000000000 ,         0.000000000000000 , 
   1.54000 ,         0.000000000000000 ,         0.000000000000000 ,         0.000000000000000 ,         0.000000000000000 ,         0.000000000000000 ,         0.000000000000000 , 
   1.55000 ,         0.000000000000000 ,         0.000000000000000 ,         0.000000000000000 ,         0.000000000000000 ,         0.000000000000000 ,         0.000000000000000 , 
   1.56000 ,         0.000000000000000 ,         0.000000000000000 ,         0.000000000000000 ,         0.000000000000000 ,         0.000000000000000 ,         0.000000000000000 , 
   1.57000 ,         0.000000000000000 ,         0.000000000000000 ,         0.000000000000000 ,         0.000000000000000 ,         0.000000000000000 ,         0.000000000000000 , 
   1.58000 ,         0.000000000000000 ,         0.000000000000000 ,         0.000000000000000 ,         0.000000000000000 ,         0.000000000000000 ,         0.000000000000000 , 
   1.59000 ,         0.000000000000000 ,         0.000000000000000 ,         0.000000000000000 ,         0.000000000000000 ,         0.000000000000000 ,         0.000000000000000 , 
   1.60000 ,         0.000000000000000 ,         0.000000000000000 ,         0.000000000000000 ,         0.000000000000000 ,         0.000000000000000 ,         0.000000000000000 , 
   1.61000 ,         0.000000000000000 ,         0.000000000000000 ,         0.000000000000000 ,         0.000000000000000 ,         0.000000000000000 ,         0.000000000000000 , 
   1.62000 ,         0.000000000000000 ,         0.000000000000000 ,         0.000000000000000 ,         0.000000000000000 ,         0.000000000000000 ,         0.000000000000000 , 
   1.63000 ,         0.000000000000000 ,         0.000000000000000 ,         0.000000000000000 ,         0.000000000000000 ,         0.000000000000000 ,         0.000000000000000 , 
   1.64000 ,         0.000000000000000 ,         0.000000000000000 ,         0.000000000000000 ,         0.000000000000000 ,         0.000000000000000 ,         0.000000000000000 , 
   1.65000 ,         0.000000000000000 ,         0.000000000000000 ,         0.000000000000000 ,         0.000000000000000 ,         0.000000000000000 ,         0.000000000000000 , 
   1.66000 ,         0.000000000000000 ,         0.000000000000000 ,         0.000000000000000 ,         0.000000000000000 ,         0.000000000000000 ,         0.000000000000000 , 
   1.67000 ,         0.000000000000000 ,         0.000000000000000 ,         0.000000000000000 ,         0.000000000000000 ,         0.000000000000000 ,         0.000000000000000 , 
   1.68000 ,         0.000000000000000 ,         0.000000000000000 ,         0.000000000000000 ,         0.000000000000000 ,         0.000000000000000 ,         0.000000000000000 , 
   1.69000 ,         0.000000000000000 ,         0.000000000000000 ,         0.000000000000000 ,         0.000000000000000 ,         0.000000000000000 ,         0.000000000000000 , 
   1.70000 ,         0.000000000000000 ,         0.000000000000000 ,         0.000000000000000 ,         0.000000000000000 ,         0.000000000000000 ,         0.000000000000000 , 
   1.71000 ,         0.000000000000000 ,         0.000000000000000 ,         0.000000000000000 ,         0.000000000000000 ,         0.000000000000000 ,         0.000000000000000 , 
   1.72000 ,         0.000000000000000 ,         0.000000000000000 ,         0.000000000000000 ,         0.000000000000000 ,         0.000000000000000 ,         0.000000000000000 , 
   1.73000 ,         0.000000000000000 ,         0.000000000000000 ,         0.000000000000000 ,         0.000000000000000 ,         0.000000000000000 ,         0.000000000000000 , 
   1.74000 ,         0.000000000000000 ,         0.000000000000000 ,         0.000000000000000 ,         0.000000000000000 ,         0.000000000000000 ,         0.000000000000000 , 
   1.75000 ,         0.000000000000000 ,         0.000000000000000 ,         0.000000000000000 ,         0.000000000000000 ,         0.000000000000000 ,         0.000000000000000 , 
   1.76000 ,         0.000000000000000 ,         0.000000000000000 ,         0.000000000000000 ,         0.000000000000000 ,         0.000000000000000 ,         0.000000000000000 , 
   1.77000 ,         0.000000000000000 ,         0.000000000000000 ,         0.000000000000000 ,         0.000000000000000 ,         0.000000000000000 ,         0.000000000000000 , 
   1.78000 ,         0.000000000000000 ,         0.000000000000000 ,         0.000000000000000 ,         0.000000000000000 ,         0.000000000000000 ,         0.000000000000000 , 
   1.79000 ,         0.000000000000000 ,         0.000000000000000 ,         0.000000000000000 ,         0.000000000000000 ,         0.000000000000000 ,         0.000000000000000 , 
   1.80000 ,         0.000000000000000 ,         0.000000000000000 ,         0.000000000000000 ,         0.000000000000000 ,         0.000000000000000 ,         0.000000000000000 , 
   1.81000 ,         0.000000000000000 ,         0.000000000000000 ,         0.000000000000000 ,         0.000000000000000 ,         0.000000000000000 ,         0.000000000000000 , 
   1.82000 ,         0.000000000000000 ,         0.000000000000000 ,         0.000000000000000 ,         0.000000000000000 ,         0.000000000000000 ,         0.000000000000000 , 
   1.83000 ,         0.000000000000000 ,         0.000000000000000 ,         0.000000000000000 ,         0.000000000000000 ,         0.000000000000000 ,         0.000000000000000 , 
   1.84000 ,         0.000000000000000 ,         0.000000000000000 ,         0.000000000000000 ,         0.000000000000000 ,         0.000000000000000 ,         0.000000000000000 , 
   1.85000 ,         0.000000000000000 ,         0.000000000000000 ,         0.000000000000000 ,         0.000000000000000 ,         0.000000000000000 ,         0.000000000000000 , 
   1.86000 ,         0.000000000000000 ,         0.000000000000000 ,         0.000000000000000 ,         0.000000000000000 ,         0.000000000000000 ,         0.000000000000000 , 
   1.87000 ,         0.000000000000000 ,         0.000000000000000 ,         0.000000000000000 ,         0.000000000000000 ,         0.000000000000000 ,         0.000000000000000 , 
   1.88000 ,         0.000000000000000 ,         0.000000000000000 ,         0.000000000000000 ,         0.000000000000000 ,         0.000000000000000 ,         0.000000000000000 , 
   1.89000 ,         0.000000000000000 ,         0.000000000000000 ,         0.000000000000000 ,         0.000000000000000 ,         0.000000000000000 ,         0.000000000000000 , 
   1.90000 ,         0.000000000000000 ,         0.000000000000000 ,         0.000000000000000 ,         0.000000000000000 ,         0.000000000000000 ,         0.000000000000000 , 
   1.91000 ,         0.000000000000000 ,         0.000000000000000 ,         0.000000000000000 ,         0.000000000000000 ,         0.000000000000000 ,         0.000000000000000 , 
   1.92000 ,         0.000000000000000 ,         0.000000000000000 ,         0.000000000000000 ,         0.000000000000000 ,         0.000000000000000 ,         0.000000000000000 , 
   1.93000 ,         0.000000000000000 ,         0.000000000000000 ,         0.000000000000000 ,         0.000000000000000 ,         0.000000000000000 ,         0.000000000000000 , 
   1.94000 ,         0.000000000000000 ,         0.000000000000000 ,         0.000000000000000 ,         0.000000000000000 ,         0.000000000000000 ,         0.000000000000000 , 
   1.95000 ,         0.000000000000000 ,         0.000000000000000 ,         0.000000000000000 ,         0.000000000000000 ,         0.000000000000000 ,         0.000000000000000 , 
   1.96000 ,         0.000000000000000 ,         0.000000000000000 ,         0.000000000000000 ,         0.000000000000000 ,         0.000000000000000 ,         0.000000000000000 , 
   1.97000 ,         0.000000000000000 ,         0.000000000000000 ,         0.000000000000000 ,         0.000000000000000 ,         0.000000000000000 ,         0.000000000000000 , 
   1.98000 ,         0.000000000000000 ,         0.000000000000000 ,         0.000000000000000 ,         0.000000000000000 ,         0.000000000000000 ,         0.000000000000000 , 
   1.99000 ,         0.000000000000000 ,         0.000000000000000 ,         0.000000000000000 ,         0.000000000000000 ,         0.000000000000000 ,         0.000000000000000 , 
   2.00000 ,         0.000000000000000 ,         0.000000000000000 ,         0.000000000000000 ,         0.000000000000000 ,         0.000000000000000 ,         0.000000000000000 , 
   2.01000 ,         0.000000000000000 ,         0.000000000000000 ,         0.000000000000000 ,         0.000000000000000 ,         0.000000000000000 ,         0.000000000000000 , 
   2.02000 ,         0.000000000000000 ,         0.000000000000000 ,         0.000000000000000 ,         0.000000000000000 ,         0.000000000000000 ,         0.000000000000000 , 
   2.03000 ,         0.000000000000000 ,         0.000000000000000 ,         0.000000000000000 ,         0.000000000000000 ,         0.000000000000000 ,         0.000000000000000 , 
   2.04000 ,         0.000000000000000 ,         0.000000000000000 ,         0.000000000000000 ,         0.000000000000000 ,         0.000000000000000 ,         0.000000000000000 , 
   2.05000 ,         0.000000000000000 ,         0.000000000000000 ,         0.000000000000000 ,         0.000000000000000 ,         0.000000000000000 ,         0.000000000000000 , 
   2.06000 ,         0.000000000000000 ,         0.000000000000000 ,         0.000000000000000 ,         0.000000000000000 ,         0.000000000000000 ,         0.000000000000000 , 
   2.07000 ,         0.000000000000000 ,         0.000000000000000 ,         0.000000000000000 ,         0.000000000000000 ,         0.000000000000000 ,         0.000000000000000 , 
   2.08000 ,         0.000000000000000 ,         0.000000000000000 ,         0.000000000000000 ,         0.000000000000000 ,         0.000000000000000 ,         0.000000000000000 , 
   2.09000 ,         0.000000000000000 ,         0.000000000000000 ,         0.000000000000000 ,         0.000000000000000 ,         0.000000000000000 ,         0.000000000000000 , 
   2.10000 ,         0.000000000000000 ,         0.000000000000000 ,         0.000000000000000 ,         0.000000000000000 ,         0.000000000000000 ,         0.000000000000000 , 
   2.11000 ,         0.000000000000000 ,         0.000000000000000 ,         0.000000000000000 ,         0.000000000000000 ,         0.000000000000000 ,         0.000000000000000 , 
   2.12000 ,         0.000000000000000 ,         0.000000000000000 ,         0.000000000000000 ,         0.000000000000000 ,         0.000000000000000 ,         0.000000000000000 , 
   2.13000 ,         0.000000000000000 ,         0.000000000000000 ,         0.000000000000000 ,         0.000000000000000 ,         0.000000000000000 ,         0.000000000000000 , 
   2.14000 ,         0.000000000000000 ,         0.000000000000000 ,         0.000000000000000 ,         0.000000000000000 ,         0.000000000000000 ,         0.000000000000000 , 
   2.15000 ,         0.000000000000000 ,         0.000000000000000 ,         0.000000000000000 ,         0.000000000000000 ,         0.000000000000000 ,         0.000000000000000 , 
   2.16000 ,         0.000000000000000 ,         0.000000000000000 ,         0.000000000000000 ,         0.000000000000000 ,         0.000000000000000 ,         0.000000000000000 , 
   2.17000 ,         0.000000000000000 ,         0.000000000000000 ,         0.000000000000000 ,         0.000000000000000 ,         0.000000000000000 ,         0.000000000000000 , 
   2.18000 ,         0.000000000000000 ,         0.000000000000000 ,         0.000000000000000 ,         0.000000000000000 ,         0.000000000000000 ,         0.000000000000000 , 
   2.19000 ,         0.000000000000000 ,         0.000000000000000 ,         0.000000000000000 ,         0.000000000000000 ,         0.000000000000000 ,         0.000000000000000 , 
   2.20000 ,         0.000000000000000 ,         0.000000000000000 ,         0.143059727745669 ,         0.000000000000000 ,         0.028611945549134 ,         0.000000000000000 , 
   2.21000 ,         0.000000000000000 ,         0.000000000000000 ,         0.396950402438442 ,         0.000000000000000 ,         0.070884000435436 ,         0.000000000000000 , 
   2.22000 ,         0.000000000000000 ,         0.000000000000000 ,         0.716517820942024 ,         0.000000000000000 ,         0.112394952304631 ,         0.000000000000000 , 
   2.23000 ,         0.000000000000000 ,         0.000000000000000 ,         1.058197282779747 ,         0.000000000000000 ,         0.142717396690690 ,         0.000000000000000 , 
   2.24000 ,         0.000000000000000 ,         0.000000000000000 ,         1.393760394871995 ,         0.000000000000000 ,         0.162145392472732 ,         0.000000000000000 , 
   2.25000 ,         0.000000000000000 ,         0.000000000000000 ,         1.709652184408175 ,         0.000000000000000 ,         0.167545914072001 ,         0.000000000000000 , 
   2.26000 ,         0.000000000000000 ,         0.000000000000000 ,         2.019910771549534 ,         0.000000000000000 ,         0.166066489607260 ,         0.000000000000000 , 
   2.27000 ,         0.000000000000000 ,         0.000000000000000 ,         2.351522483827436 ,         0.000000000000000 ,         0.157887938199842 ,         0.000000000000000 , 
   2.28000 ,         0.000000000000000 ,         0.000000000000000 ,         2.690571160844302 ,         0.000000000000000 ,         0.149846166136131 ,         0.000000000000000 , 
   2.29000 ,         0.000000000000000 ,         0.000000000000000 ,         3.036824432325605 ,         0.000000000000000 ,         0.145239429372094 ,         0.000000000000000 , 
   2.30000 ,         0.000000000000000 ,         0.000000000000000 ,         3.390056305836431 ,         0.000000000000000 ,         0.140706970222941 ,         0.000000000000000 , 
   2.31000 ,         0.000000000000000 ,         0.000000000000000 ,         3.724095096172813 ,         0.000000000000000 ,         0.139491366842710 ,         0.000000000000000 , 
   2.32000 ,         0.000000000000000 ,         0.000000000000000 ,         4.039396729376933 ,         0.000000000000000 ,         0.154371849530329 ,         0.000000000000000 , 
   2.33000 ,         0.000000000000000 ,         0.000000000000000 ,         4.196110273155218 ,         0.000000000000000 ,         0.181746417606267 ,         0.000000000000000 , 
   2.34000 ,         0.000000000000000 ,         0.000000000000000 ,         4.830526742225811 ,         0.000000000000000 ,         0.202325727423071 ,         0.000000000000000 , 
   2.35000 ,         0.000000000000000 ,         0.000000000000000 ,         5.253408188537312 ,         0.000000000000000 ,         0.310314684167777 ,         0.000000000000000 , 
   2.36000 ,         0.000000000000000 ,         0.000000000000000 ,         6.414880189683688 ,         0.000000000000000 ,         0.394714042679180 ,         0.000000000000000 , 
   2.37000 ,         0.000000000000000 ,         0.000000000000000 ,         6.644387192783707 ,         0.000000000000000 ,         0.514662644338998 ,         0.000000000000000 , 
   2.38000 ,         0.000000000000000 ,         0.000000000000000 ,         6.930937928764498 ,         0.000000000000000 ,         0.751768399680805 ,         0.000000000000000 , 
   2.39000 ,         0.000000000000000 ,         0.000000000000000 ,         7.818560170091279 ,         0.000000000000000 ,         1.006109293205544 ,         0.000000000000000 , 
   2.40000 ,         0.000000000000000 ,         0.000000000000000 ,         8.655115908798839 ,         0.000000000000000 ,         1.478582301086468 ,         0.000000000000000 , 
   2.41000 ,         0.000000000000000 ,         0.000000000000000 ,         7.951601908144625 ,         0.000000000000000 ,         1.800137763313101 ,         0.000000000000000 , 
   2.42000 ,         0.000000000000000 ,         0.000000000000000 ,         8.418062528270511 ,         0.000000000000000 ,         2.281862454994675 ,         0.000000000000000 , 
   2.43000 ,         0.000000000000000 ,         0.000000000000000 ,         7.891606243514833 ,         0.000000000000000 ,         3.069283706151571 ,         0.000000000000000 , 
   2.44000 ,         0.000000000000000 ,         0.000000000000000 ,         8.373668029441065 ,         0.000000000000000 ,         3.960047172256504 ,         0.000000000000000 , 
   2.45000 ,         0.000000000000000 ,         0.000000000000000 ,         8.270845106972425 ,         0.000000000000000 ,         4.715073831903736 ,         0.000000000000000 , 
   2.46000 ,         0.000000000000000 ,         0.000000000000000 ,         7.677418440964107 ,         0.000000000000000 ,         5.635064951080213 ,         0.000000000000000 , 
   2.47000 ,         0.000000000000000 ,         0.000000000000000 ,         7.456488861345608 ,         0.000000000000000 ,         6.591104880101160 ,         0.000000000000000 , 
   2.48000 ,         0.000000000000000 ,         0.000000000000000 ,         6.428292973169707 ,         0.000000000000000 ,         7.221978883167018 ,         0.000000000000000 , 
   2.49000 ,         0.000000000000000 ,         0.000000000000000 ,         6.064067897118161 ,         0.000000000000000 ,         7.532622093197421 ,         0.000000000000000 , 
   2.50000 ,         0.000000000000000 ,         0.000000000000000 ,         5.450646412968880 ,         0.000000000000000 ,         8.115037596544116 ,         0.000000000000000 , 
   2.51000 ,         0.000000000000000 ,         0.000000000000000 ,         4.824807676350392 ,         0.000000000000000 ,         8.053252448395785 ,         0.000000000000000 , 
   2.52000 ,         0.000000000000000 ,         0.000000000000000 ,         4.165097911150779 ,         0.000000000000000 ,         8.245694490334493 ,         0.000000000000000 , 
   2.53000 ,         0.000000000000000 ,         0.000000000000000 ,         3.850985592494124 ,         0.000000000000000 ,         7.669519059208803 ,         0.000000000000000 , 
   2.54000 ,         0.000000000000000 ,         0.000000000000000 ,         3.327033725397638 ,         0.000000000000000 ,         7.601198825847991 ,         0.000000000000000 , 
   2.55000 ,         0.000000000000000 ,         0.000000000000000 ,         3.024133270798451 ,         0.010648356587318 ,         7.421904541360987 ,         0.000000000000000 , 
   2.56000 ,         0.000000000000000 ,         0.000000000000000 ,         2.789246826453720 ,         0.010565328888082 ,         6.510883927280700 ,         0.000000000000000 , 
   2.57000 ,         0.000000000000000 ,         0.000000000000000 ,         2.096653699065015 ,         0.010483268495325 ,         5.925667516982498 ,         0.000000000000000 , 
   2.58000 ,         0.000000000000000 ,         0.000000000000000 ,         2.080432088236075 ,         0.020804320882361 ,         5.497541793163828 ,         0.000000000000000 , 
   2.59000 ,         0.000000000000000 ,         0.000000000000000 ,         1.341858706003005 ,         0.020643980092354 ,         5.013906664930459 ,         0.000000000000000 , 
   2.60000 ,         0.000000000000000 ,         0.000000000000000 ,         1.280342864074564 ,         0.020485485825193 ,         4.419743566785396 ,         0.000000000000000 , 
   2.61000 ,         0.000000000000000 ,         0.000000000000000 ,         1.250221804915106 ,         0.000000000000000 ,         4.266508964334275 ,         0.000000000000000 , 
   2.62000 ,         0.000000000000000 ,         0.000000000000000 ,         0.978435334271097 ,         0.030260886626941 ,         4.231480646667272 ,         0.000000000000000 , 
   2.63000 ,         0.000000000000000 ,         0.000000000000000 ,         0.880915305155393 ,         0.030031203584843 ,         3.713858843325579 ,         0.000000000000000 , 
   2.64000 ,         0.000000000000000 ,         0.000000000000000 ,         0.675560180873390 ,         0.019869417084511 ,         3.688260546312439 ,         0.000000000000000 , 
   2.65000 ,         0.000000000000000 ,         0.000000000000000 ,         0.621171883606161 ,         0.049299355841759 ,         3.702381623716089 ,         0.000000000000000 , 
   2.66000 ,         0.000000000000000 ,         0.000000000000000 ,         0.430578554389803 ,         0.039143504944528 ,         3.828724077386599 ,         0.000000000000000 , 
   2.67000 ,         0.000000000000000 ,         0.000000000000000 ,         0.456497423976481 ,         0.067988978039050 ,         3.948217081839143 ,         0.000000000000000 , 
   2.68000 ,         0.000000000000000 ,         0.000000000000000 ,         0.404895268792769 ,         0.125324726054905 ,         4.097154505641112 ,         0.000000000000000 , 
   2.69000 ,         0.000000000000000 ,         0.000000000000000 ,         0.325339923712448 ,         0.124394676713583 ,         4.389696764796630 ,         0.000000000000000 , 
   2.70000 ,         0.000000000000000 ,         0.000000000000000 ,         0.142471087026213 ,         0.265946029115597 ,         4.649306473288748 ,         0.002374518117104 , 
   2.71000 ,         0.000000000000000 ,         0.000000000000000 ,         0.188562108026302 ,         0.301699372842084 ,         4.400568196063832 ,         0.000000000000000 , 
   2.72000 ,         0.000000000000000 ,         0.000000000000000 ,         0.131024720529052 ,         0.327561801322629 ,         4.712210484741252 ,         0.000000000000000 , 
   2.73000 ,         0.000000000000000 ,         0.000000000000000 ,         0.157938004054905 ,         0.445942599684438 ,         4.803173417434472 ,         0.000000000000000 , 
   2.74000 ,         0.000000000000000 ,         0.000000000000000 ,         0.073782247950168 ,         0.571812421613802 ,         4.673644268593451 ,         0.000000000000000 , 
   2.75000 ,         0.000000000000000 ,         0.000000000000000 ,         0.119025767260571 ,         0.604284664553669 ,         4.772475475736366 ,         0.000000000000000 , 
   2.76000 ,         0.000000000000000 ,         0.000000000000000 ,         0.063627213543718 ,         0.881691387677231 ,         4.799309821583279 ,         0.002272400483704 , 
   2.77000 ,         0.000000000000000 ,         0.000000000000000 ,         0.027072274724516 ,         0.776071875436133 ,         4.636127046573408 ,         0.000000000000000 , 
   2.78000 ,         0.000000000000000 ,         0.000000000000000 ,         0.044796434439612 ,         1.227422303645366 ,         4.343014318920373 ,         0.000000000000000 , 
   2.79000 ,         0.000000000000000 ,         0.000000000000000 ,         0.053371066650373 ,         1.307591132934148 ,         4.316385015348947 ,         0.000000000000000 , 
   2.80000 ,         0.000000000000000 ,         0.000000000000000 ,         0.026495262951808 ,         1.704528583232960 ,         3.916883039708901 ,         0.000000000000000 , 
   2.81000 ,         0.000000000000000 ,         0.000000000000000 ,         0.043845033858669 ,         1.788877381433687 ,         3.707097612750447 ,         0.000000000000000 , 
   2.82000 ,         0.000000000000000 ,         0.000000000000000 ,         0.034827702272336 ,         2.228972945429475 ,         3.397877702944737 ,         0.000000000000000 , 
   2.83000 ,         0.000000000000000 ,         0.000000000000000 ,         0.034582005218944 ,         2.645523399249179 ,         3.179383104816619 ,         0.004322750652368 , 
   2.84000 ,         0.000000000000000 ,         0.000000000000000 ,         0.008584724745335 ,         3.365212100171151 ,         2.981045667817429 ,         0.000000000000000 , 
   2.85000 ,         0.000000000000000 ,         0.000000000000000 ,         0.017049173630562 ,         3.648523156940267 ,         2.504097376988793 ,         0.002131146703820 , 
   2.86000 ,         0.000000000000000 ,         0.000000000000000 ,         0.016930157196690 ,         3.504542539714777 ,         2.435826366673737 ,         0.000000000000000 , 
   2.87000 ,         0.000000000000000 ,         0.000000000000000 ,         0.008406191333360 ,         4.320782345346787 ,         1.946033293672726 ,         0.000000000000000 , 
   2.88000 ,         0.000000000000000 ,         0.000000000000000 ,         0.008347916410997 ,         4.574658193226340 ,         1.680018177713140 ,         0.004173958205498 , 
   2.89000 ,         0.000000000000000 ,         0.000000000000000 ,         0.016580490741242 ,         5.032178939967065 ,         1.452865501201364 ,         0.004145122685311 , 
   2.90000 ,         0.000000000000000 ,         0.000000000000000 ,         0.024699509691651 ,         5.022233637302318 ,         1.284374503965839 ,         0.000000000000000 , 
   2.91000 ,         0.000000000000000 ,         0.000000000000000 ,         0.000000000000000 ,         5.404786681957341 ,         1.079322000027790 ,         0.002044170454598 , 
   2.92000 ,         0.000000000000000 ,         0.000000000000000 ,         0.016241546202907 ,         5.051120869104156 ,         0.913586973913533 ,         0.004060386550727 , 
   2.93000 ,         0.000000000000000 ,         0.000000000000000 ,         0.016130871701098 ,         5.105420893397506 ,         0.617005842566997 ,         0.010081794813186 , 
   2.94000 ,         0.000000000000000 ,         0.000000000000000 ,         0.008010662303881 ,         5.399186392815666 ,         0.570759689151508 ,         0.008010662303881 , 
   2.95000 ,         0.000000000000000 ,         0.000000000000000 ,         0.000000000000000 ,         5.466077598885866 ,         0.497277801936487 ,         0.007956444830984 , 
   2.96000 ,         0.000000000000000 ,         0.000000000000000 ,         0.015805551860135 ,         5.192123786054188 ,         0.416871430311048 ,         0.003951387965034 , 
   2.97000 ,         0.000000000000000 ,         0.000000000000000 ,         0.000000000000000 ,         5.259264311031466 ,         0.310061104904094 ,         0.011774472338130 , 
   2.98000 ,         0.000000000000000 ,         0.000000000000000 ,         0.000000000000000 ,         4.958926639661470 ,         0.220266788632762 ,         0.009746318081096 , 
   2.99000 ,         0.000000000000000 ,         0.000000000000000 ,         0.007744987517341 ,         4.693462435508676 ,         0.224604638002890 ,         0.013553728155347 , 
   3.00000 ,         0.000000000000000 ,         0.000000000000000 ,         0.007693440370371 ,         4.877641194815304 ,         0.165408967962980 ,         0.023080321111113 , 
   3.01000 ,         0.000000000000000 ,         0.000000000000000 ,         0.007642406127816 ,         4.936994358569128 ,         0.196791957791262 ,         0.019106015319540 , 
   3.02000 ,         0.000000000000000 ,         0.000000000000000 ,         0.015183756015020 ,         4.714556242663649 ,         0.140449743138933 ,         0.022775634022530 , 
   3.03000 ,         0.000000000000000 ,         0.000000000000000 ,         0.007541849339019 ,         4.947453166396418 ,         0.130096901098077 ,         0.024511010351812 , 
   3.04000 ,         0.000000000000000 ,         0.000000000000000 ,         0.000000000000000 ,         4.555326645355069 ,         0.097400076298710 ,         0.044953881368636 , 
   3.05000 ,         0.000000000000000 ,         0.000000000000000 ,         0.007443264221246 ,         4.398969154756426 ,         0.087458354599641 ,         0.046520401382788 , 
   3.06000 ,         0.000000000000000 ,         0.000000000000000 ,         0.000000000000000 ,         4.584710881518741 ,         0.072098275959367 ,         0.055460212276436 , 
   3.07000 ,         0.000000000000000 ,         0.000000000000000 ,         0.000000000000000 ,         4.194908350616078 ,         0.064282746178443 ,         0.067956045960068 , 
   3.08000 ,         0.000000000000000 ,         0.000000000000000 ,         0.000000000000000 ,         4.050929380420468 ,         0.065690746709521 ,         0.093061891171822 , 
   3.09000 ,         0.000000000000000 ,         0.000000000000000 ,         0.000000000000000 ,         3.814449853810549 ,         0.043510834834341 ,         0.096086426925836 , 
   3.10000 ,         0.000000000000000 ,         0.000000000000000 ,         0.000000000000000 ,         3.508881490655893 ,         0.032422929585116 ,         0.145903183133022 , 
   3.11000 ,         0.000000000000000 ,         0.000000000000000 ,         0.000000000000000 ,         3.300222924747014 ,         0.028635339911037 ,         0.175391456955102 , 
   3.12000 ,         0.000000000000000 ,         0.000000000000000 ,         0.007113018590790 ,         2.830981399134513 ,         0.033786838306254 ,         0.152929899701990 , 
   3.13000 ,         0.000000000000000 ,         0.000000000000000 ,         0.000000000000000 ,         2.827056254461639 ,         0.031804382862693 ,         0.273871074650971 , 
   3.14000 ,         0.000000000000000 ,         0.000000000000000 ,         0.000000000000000 ,         2.226194485430761 ,         0.026335108266137 ,         0.291441864811914 , 
   3.15000 ,         0.000000000000000 ,         0.000000000000000 ,         0.000000000000000 ,         2.065540630988465 ,         0.015700900066635 ,         0.427413390702850 , 
   3.16000 ,         0.000000000000000 ,         0.000000000000000 ,         0.006934082044276 ,         2.198104008035616 ,         0.015601684599622 ,         0.478451661055071 , 
   3.17000 ,         0.000000000000000 ,         0.000000000000000 ,         0.000000000000000 ,         1.763943150641528 ,         0.018948608063532 ,         0.559845238240719 , 
   3.18000 ,         0.000000000000000 ,         0.000000000000000 ,         0.000000000000000 ,         1.526911158187168 ,         0.011982486667388 ,         0.729219902901047 , 
   3.19000 ,         0.000000000000000 ,         0.000000000000000 ,         0.013608547624937 ,         1.564982976867775 ,         0.013608547624937 ,         0.801203241418176 , 
   3.20000 ,         0.000000000000000 ,         0.000000000000000 ,         0.000000000000000 ,         1.230650072230002 ,         0.008452266979602 ,         1.022724304531802 , 
   3.21000 ,         0.000000000000000 ,         0.000000000000000 ,         0.006719749560605 ,         1.175956173105882 ,         0.010079624340908 ,         1.189395672227092 , 
   3.22000 ,         0.000000000000000 ,         0.000000000000000 ,         0.000000000000000 ,         1.041779985337534 ,         0.008347596036358 ,         1.355649596304612 , 
   3.23000 ,         0.000000000000000 ,         0.000000000000000 ,         0.000000000000000 ,         0.836235609416671 ,         0.008295988188657 ,         1.567941767656258 , 
   3.24000 ,         0.000000000000000 ,         0.000000000000000 ,         0.000000000000000 ,         0.910232262820886 ,         0.006595885962470 ,         1.721526236204719 , 
   3.25000 ,         0.000000000000000 ,         0.000000000000000 ,         0.000000000000000 ,         0.852196588521316 ,         0.004916518779931 ,         2.014133860178264 , 
   3.26000 ,         0.000000000000000 ,         0.000000000000000 ,         0.000000000000000 ,         0.762278770256887 ,         0.008144003955736 ,         2.019712981022520 , 
   3.27000 ,         0.000000000000000 ,         0.000000000000000 ,         0.000000000000000 ,         0.712295736721560 ,         0.006475415788378 ,         2.292297189085747 , 
   3.28000 ,         0.000000000000000 ,         0.000000000000000 ,         0.000000000000000 ,         0.630727193038343 ,         0.004826993824273 ,         2.362008978010937 , 
   3.29000 ,         0.000000000000000 ,         0.000000000000000 ,         0.000000000000000 ,         0.498960281476930 ,         0.003198463342801 ,         2.485206017356247 , 
   3.30000 ,         0.000000000000000 ,         0.000000000000000 ,         0.000000000000000 ,         0.451433350475188 ,         0.003179108101938 ,         2.501958076225159 , 
   3.31000 ,         0.000000000000000 ,         0.000000000000000 ,         0.000000000000000 ,         0.271753809798622 ,         0.006319856041828 ,         2.696998565850279 , 
   3.32000 ,         0.000000000000000 ,         0.000000000000000 ,         0.000000000000000 ,         0.433447096972488 ,         0.001570460496277 ,         2.765580933944026 , 
   3.33000 ,         0.000000000000000 ,         0.000000000000000 ,         0.000000000000000 ,         0.287231814597241 ,         0.003122084941274 ,         2.891050655620051 , 
   3.34000 ,         0.000000000000000 ,         0.000000000000000 ,         0.000000000000000 ,         0.285514439671447 ,         0.001551708911258 ,         2.813248256110511 , 
   3.35000 ,         0.000000000000000 ,         0.000000000000000 ,         0.000000000000000 ,         0.240623574530803 ,         0.000000000000000 ,         2.723982260393578 , 
   3.36000 ,         0.000000000000000 ,         0.000000000000000 ,         0.000000000000000 ,         0.282125576764396 ,         0.001533291178067 ,         2.591262090933852 , 
   3.37000 ,         0.000000000000000 ,         0.000000000000000 ,         0.006096820139167 ,         0.213388704870855 ,         0.001524205034792 ,         2.548470818171924 , 
   3.38000 ,         0.000000000000000 ,         0.000000000000000 ,         0.000000000000000 ,         0.218188716238320 ,         0.000000000000000 ,         2.560687016963613 , 
   3.39000 ,         0.000000000000000 ,         0.000000000000000 ,         0.000000000000000 ,         0.180752805587049 ,         0.001506273379892 ,         2.404012314307746 , 
   3.40000 ,         0.000000000000000 ,         0.000000000000000 ,         0.005989703938680 ,         0.245577861485891 ,         0.004492277954010 ,         2.416845539257488 , 
   3.41000 ,         0.000000000000000 ,         0.000000000000000 ,         0.005954625246039 ,         0.220321134103444 ,         0.001488656311510 ,         2.381850098415608 , 
   3.42000 ,         0.000000000000000 ,         0.000000000000000 ,         0.000000000000000 ,         0.230874298623158 ,         0.000000000000000 ,         2.177026238940161 , 
   3.43000 ,         0.000000000000000 ,         0.011770772110338 ,         0.000000000000000 ,         0.211873897986090 ,         0.000000000000000 ,         2.083426663529881 , 
   3.44000 ,         0.000000000000000 ,         0.000000000000000 ,         0.000000000000000 ,         0.216495082760277 ,         0.000000000000000 ,         2.064017309288858 , 
   3.45000 ,         0.000000000000000 ,         0.000000000000000 ,         0.000000000000000 ,         0.215241858583957 ,         0.001454336882324 ,         1.896455294550542 , 
   3.46000 ,         0.000000000000000 ,         0.000000000000000 ,         0.000000000000000 ,         0.190864405355977 ,         0.000000000000000 ,         1.765495749542792 , 
   3.47000 ,         0.000000000000000 ,         0.000000000000000 ,         0.000000000000000 ,         0.224268800626342 ,         0.001437620516836 ,         1.631699286608320 , 
   3.48000 ,         0.000000000000000 ,         0.000000000000000 ,         0.005717480826370 ,         0.285874041318494 ,         0.001429370206592 ,         1.449381389484765 , 
   3.49000 ,         0.000000000000000 ,         0.000000000000000 ,         0.000000000000000 ,         0.278553379984044 ,         0.000000000000000 ,         1.509304538484975 , 
   3.50000 ,         0.000000000000000 ,         0.000000000000000 ,         0.005652324925929 ,         0.293920896148331 ,         0.000000000000000 ,         1.373514957000854 , 
   3.51000 ,         0.000000000000000 ,         0.000000000000000 ,         0.005620163846937 ,         0.264147700806024 ,         0.001405040961734 ,         1.489343419438221 , 
   3.52000 ,         0.000000000000000 ,         0.000000000000000 ,         0.005588276478271 ,         0.285002100391836 ,         0.000000000000000 ,         1.559129137437693 , 
   3.53000 ,         0.000000000000000 ,         0.000000000000000 ,         0.000000000000000 ,         0.333399583368035 ,         0.001389164930700 ,         1.615598814404267 , 
   3.54000 ,         0.000000000000000 ,         0.000000000000000 ,         0.000000000000000 ,         0.254164284245435 ,         0.001381327631769 ,         1.837165750252329 , 
   3.55000 ,         0.000000000000000 ,         0.010988451761179 ,         0.005494225880589 ,         0.313170875193595 ,         0.000000000000000 ,         1.998524664064388 , 
   3.56000 ,         0.000000000000000 ,         0.000000000000000 ,         0.000000000000000 ,         0.322340766088736 ,         0.001365850703766 ,         2.409360641442928 , 
   3.57000 ,         0.000000000000000 ,         0.000000000000000 ,         0.000000000000000 ,         0.287940435397655 ,         0.001358209600932 ,         2.777538633906623 , 
   3.58000 ,         0.000000000000000 ,         0.000000000000000 ,         0.000000000000000 ,         0.329554315399019 ,         0.000000000000000 ,         3.164531807294676 , 
   3.59000 ,         0.000000000000000 ,         0.021489896159939 ,         0.000000000000000 ,         0.273996176039218 ,         0.001343118509996 ,         3.527029207249933 , 
   3.60000 ,         0.000000000000000 ,         0.000000000000000 ,         0.005342668435425 ,         0.229734742723270 ,         0.001335667108856 ,         3.886791286771599 , 
   3.61000 ,         0.000000000000000 ,         0.000000000000000 ,         0.005313110179436 ,         0.180645746100817 ,         0.000000000000000 ,         4.226579147741174 , 
   3.62000 ,         0.000000000000000 ,         0.000000000000000 ,         0.005283796542665 ,         0.174365285907961 ,         0.000000000000000 ,         4.698616075565280 , 
   3.63000 ,         0.000000000000000 ,         0.010509449666609 ,         0.005254724833304 ,         0.236462617498701 ,         0.000000000000000 ,         5.058986333263885 , 
   3.64000 ,         0.000000000000000 ,         0.010451784792936 ,         0.005225892396468 ,         0.339683005770409 ,         0.000000000000000 ,         5.423169834434484 , 
   3.65000 ,         0.000000000000000 ,         0.000000000000000 ,         0.015591889840767 ,         0.239075644225090 ,         0.000000000000000 ,         5.837863421213743 , 
   3.66000 ,         0.000000000000000 ,         0.000000000000000 ,         0.005168934901825 ,         0.268784614894896 ,         0.000000000000000 ,         6.112265521407965 , 
   3.67000 ,         0.000000000000000 ,         0.000000000000000 ,         0.015422414140421 ,         0.231336212106310 ,         0.000000000000000 ,         6.190814076200540 , 
   3.68000 ,         0.000000000000000 ,         0.010225807070802 ,         0.000000000000000 ,         0.219854852022241 ,         0.001278225883850 ,         6.130371338945747 , 
   3.69000 ,         0.000000000000000 ,         0.030511373330882 ,         0.005085228888480 ,         0.294943275531855 ,         0.000000000000000 ,         6.548503501140445 , 
   3.70000 ,         0.000000000000000 ,         0.020231113308164 ,         0.010115556654082 ,         0.308524477949498 ,         0.001264444581760 ,         6.633276275914210 , 
   3.71000 ,         0.000000000000000 ,         0.050305494383286 ,         0.020122197753314 ,         0.337046812368013 ,         0.002515274719164 ,         6.430299819543476 , 
   3.72000 ,         0.000000000000000 ,         0.060042478103692 ,         0.005003539841974 ,         0.335237169412282 ,         0.001250884960494 ,         6.255675687428448 , 
   3.73000 ,         0.000000000000000 ,         0.039813977515802 ,         0.009953494378950 ,         0.472790983000148 ,         0.003732560392106 ,         5.856387255214994 , 
   3.74000 ,         0.000000000000000 ,         0.079202706618930 ,         0.014850507491049 ,         0.509867423859359 ,         0.001237542290921 ,         5.526863871252177 , 
   3.75000 ,         0.000000000000000 ,         0.068933248696254 ,         0.029542820869823 ,         0.418523295655826 ,         0.004923803478304 ,         4.785936980911331 , 
   3.76000 ,         0.000000000000000 ,         0.068567070283680 ,         0.009795295754811 ,         0.543638914392034 ,         0.009795295754811 ,         4.189937759120590 , 
   3.77000 ,         0.000000000000000 ,         0.116920803238482 ,         0.014615100404810 ,         0.448196412414179 ,         0.003653775101203 ,         3.670826051674826 , 
   3.78000 ,         0.000000000000000 ,         0.135686825519027 ,         0.019383832217004 ,         0.659050295378132 ,         0.014537874162753 ,         3.048107616123862 , 
   3.79000 ,         0.000000000000000 ,         0.086767550417587 ,         0.019281677870575 ,         0.530246141440809 ,         0.008435734068377 ,         2.559642737318815 , 
   3.80000 ,         0.000000000000000 ,         0.230163947322963 ,         0.033565575651265 ,         0.441147565702346 ,         0.010788935030764 ,         2.103842330998960 , 
   3.81000 ,         0.000000000000000 ,         0.228957323895453 ,         0.057239330973863 ,         0.395905372569220 ,         0.019079776991288 ,         1.832851077225578 , 
   3.82000 ,         0.000000000000000 ,         0.180310129953855 ,         0.037960027358706 ,         0.313170225709327 ,         0.020166264534313 ,         1.641771183264047 , 
   3.83000 ,         0.000000000000000 ,         0.198250823211981 ,         0.051922834650757 ,         0.344578811773205 ,         0.015340837510451 ,         1.570665748185397 , 
   3.84000 ,         0.000000000000000 ,         0.178436791717515 ,         0.056348460542373 ,         0.281742302711865 ,         0.022304598964689 ,         1.479147089237292 , 
   3.85000 ,         0.000000000000000 ,         0.112112243172174 ,         0.074741495448116 ,         0.186853738620290 ,         0.016349702129275 ,         1.481983714432174 , 
   3.86000 ,         0.000000000000000 ,         0.185886839160564 ,         0.092943419580282 ,         0.204475523076621 ,         0.023235854895071 ,         1.547507936011697 , 
   3.87000 ,         0.000000000000000 ,         0.166434682816649 ,         0.124826012112487 ,         0.161811497182853 ,         0.021960131760530 ,         1.521028073518820 , 
   3.88000 ,         0.000000000000000 ,         0.183975420122040 ,         0.059792011539663 ,         0.133382179588479 ,         0.014948002884916 ,         1.623583082577000 , 
   3.89000 ,         0.000000000000000 ,         0.091515373694250 ,         0.086939605009537 ,         0.114394217117812 ,         0.017159132567672 ,         1.607238750505257 , 
   3.90000 ,         0.000000000000000 ,         0.163883998838420 ,         0.091046666021345 ,         0.086494332720277 ,         0.021623583180069 ,         1.644530405010536 , 
   3.91000 ,         0.000000000000000 ,         0.135872324951493 ,         0.117756014957961 ,         0.108697859961195 ,         0.022645387491916 ,         1.685949098773114 , 
   3.92000 ,         0.000000000000000 ,         0.162215980075524 ,         0.126167984503185 ,         0.072095991144677 ,         0.020276997509440 ,         1.634551299233228 , 
   3.93000 ,         0.000000000000000 ,         0.197256282901977 ,         0.130009822821758 ,         0.121043628144395 ,         0.026898584032088 ,         1.647538271965379 , 
   3.94000 ,         0.000000000000000 ,         0.205176991978506 ,         0.182875145024320 ,         0.080286649035067 ,         0.028992401040441 ,         1.626919735307824 , 
   3.95000 ,         0.000000000000000 ,         0.177512553663993 ,         0.159761298297594 ,         0.071005021465597 ,         0.027736336509999 ,         1.729637944763534 , 
   3.96000 ,         0.000000000000000 ,         0.176617158070866 ,         0.234017734443897 ,         0.097139436938976 ,         0.020973287520915 ,         1.735263578046254 , 
   3.97000 ,         0.000000000000000 ,         0.237233502217684 ,         0.188908159173341 ,         0.114223538104811 ,         0.016474548765117 ,         1.766071627620533 , 
   3.98000 ,         0.000000000000000 ,         0.262269858156262 ,         0.275383351064075 ,         0.131134929078131 ,         0.030598150118231 ,         1.833703424942531 , 
   3.99000 ,         0.000000000000000 ,         0.243559745684681 ,         0.374038180872902 ,         0.126129154015281 ,         0.038056210263231 ,         1.869103584071276 , 
   4.00000 ,         0.000000000000000 ,         0.242343469838145 ,         0.385153014564194 ,         0.112516610996281 ,         0.030292933729768 ,         1.912782386936784 , 
   4.01000 ,         0.000000000000000 ,         0.335868392723522 ,         0.434906508526612 ,         0.163628191326844 ,         0.047366055384086 ,         1.892489212846001 , 
   4.02000 ,         0.000000000000000 ,         0.282784179528838 ,         0.638406708330255 ,         0.145676698545159 ,         0.057842218539990 ,         1.878800950354476 , 
   4.03000 ,         0.000000000000000 ,         0.281382526001532 ,         0.622452254488237 ,         0.230222066728526 ,         0.062884731189736 ,         1.768233373623263 , 
   4.04000 ,         0.000000000000000 ,         0.381806274407040 ,         0.831489219819777 ,         0.237568348519936 ,         0.065755525036768 ,         1.756308862272385 , 
   4.05000 ,         0.000000000000000 ,         0.439022295125535 ,         1.059563423812589 ,         0.265946198008737 ,         0.063320523335414 ,         1.680104552499643 , 
   4.06000 ,         0.000000000000000 ,         0.554479058101780 ,         1.255979078579033 ,         0.340248512926093 ,         0.098714074737817 ,         1.552121302792484 , 
   4.07000 ,         0.000000000000000 ,         0.601917484328333 ,         1.513153675880949 ,         0.434718183126019 ,         0.080464663703614 ,         1.491208767598145 , 
   4.08000 ,         0.000000000000000 ,         0.715437016930022 ,         1.605573770552259 ,         0.424270789109664 ,         0.118546249898289 ,         1.337284889203501 , 
   4.09000 ,         0.000000000000000 ,         0.637437181425647 ,         1.833666697217933 ,         0.422198652632572 ,         0.166602899690794 ,         1.169324699693151 , 
   4.10000 ,         0.000000000000000 ,         0.749664529913627 ,         2.038922759929921 ,         0.461332018408386 ,         0.156523363388560 ,         1.082276677114316 , 
   4.11000 ,         0.000000000000000 ,         0.803407195329612 ,         2.365132406659114 ,         0.532872119351273 ,         0.181381471394568 ,         0.863867685794468 , 
   4.12000 ,         0.000000000000000 ,         0.995310726883290 ,         2.802370776101723 ,         0.546605071321151 ,         0.204976901745432 ,         0.703652050767900 , 
   4.13000 ,         0.000000000000000 ,         1.258417884916998 ,         2.861885835053172 ,         0.576436579542625 ,         0.226312248658460 ,         0.638342620655477 , 
   4.14000 ,         0.000000000000000 ,         1.333142427328706 ,         3.583325251638067 ,         0.735248247799468 ,         0.254509008853662 ,         0.524167363472423 , 
   4.15000 ,         0.000000000000000 ,         1.616192745812463 ,         3.779157166825164 ,         0.647281174317927 ,         0.304543782326602 ,         0.376910621691339 , 
   4.16000 ,         0.000000000000000 ,         1.576423335602589 ,         3.773013211861017 ,         0.896240678109086 ,         0.322086493695453 ,         0.358096163798050 , 
   4.17000 ,         0.000000000000000 ,         2.174121587189390 ,         4.157111606274219 ,         0.963621655860499 ,         0.362353597864898 ,         0.304615936666645 , 
   4.18000 ,         0.000000000000000 ,         2.322246670801700 ,         4.585050167436122 ,         0.974868056343376 ,         0.432944451851682 ,         0.203097511738203 , 
   4.19000 ,         0.000000000000000 ,         2.429494743168585 ,         5.068020689889012 ,         1.179251506830206 ,         0.448628290641926 ,         0.185367293715785 , 
   4.20000 ,         0.000000000000000 ,         3.045975732111982 ,         5.357934116408319 ,         1.236446334555766 ,         0.527942958723018 ,         0.134439006217571 , 
   4.21000 ,         0.000000000000000 ,         3.195599992117566 ,         5.613786294221201 ,         1.461068945051308 ,         0.614313079169300 ,         0.139661002100493 , 
   4.22000 ,         0.000000000000000 ,         3.857003834374903 ,         5.944918208426639 ,         1.621341329570902 ,         0.652230235097167 ,         0.104006907832186 , 
   4.23000 ,         0.000000000000000 ,         4.519864437325649 ,         6.191595119624176 ,         1.834260054188662 ,         0.725577553080958 ,         0.087069306369715 , 
   4.24000 ,         0.000000000000000 ,         5.345902764826612 ,         6.224048175763548 ,         2.233878676944838 ,         0.923400711719870 ,         0.067401511804370 , 
   4.25000 ,         0.000000000000000 ,         5.742450450345779 ,         6.520632988009459 ,         2.484050662098842 ,         0.994770288294212 ,         0.047917643944808 , 
   4.26000 ,         0.000000000000000 ,         7.005139413117363 ,         6.818183078017825 ,         3.048532892745519 ,         1.096937680430960 ,         0.042923648364690 , 
   4.27000 ,         0.000000000000000 ,         8.012905304996114 ,         6.740714178373509 ,         3.087436972967697 ,         1.259848973901640 ,         0.034178269073443 , 
   4.28000 ,         0.000000000000000 ,         7.945266697940648 ,         6.743271069993395 ,         3.265799441969895 ,         1.375869209348428 ,         0.032128813954565 , 
   4.29000 ,         0.000000000000000 ,        10.195722660305314 ,         6.486135006039247 ,         3.837504469930413 ,         1.535942352793227 ,         0.028216944631841 , 
   4.30000 ,         0.000000000000000 ,         9.811325589278153 ,         6.534642424919991 ,         3.583755186618013 ,         1.652384510026330 ,         0.020596294175966 , 
   4.31000 ,         0.000000000000000 ,        10.287689559078677 ,         6.142794345420891 ,         3.954796602240028 ,         1.753752875922651 ,         0.009318559383223 , 
   4.32000 ,         0.000000000000000 ,        11.560943135850541 ,         5.858385497916561 ,         3.836333505285449 ,         1.833759995152160 ,         0.012058108212938 , 
   4.33000 ,         0.000000000000000 ,        10.828080699973913 ,         5.332792814038995 ,         3.537960883552186 ,         1.978562153823678 ,         0.009232674539541 , 
   4.34000 ,         0.000000000000000 ,        11.292889114479260 ,         5.345006761866160 ,         3.238618264927158 ,         2.042976277790316 ,         0.004595088344108 , 
   4.35000 ,         0.000000000000000 ,        11.797224160316327 ,         4.874039262264686 ,         2.824893626477731 ,         2.074759956234292 ,         0.004573985794167 , 
   4.36000 ,         0.000000000000000 ,        11.597473631236833 ,         4.520246474988979 ,         2.680823050436655 ,         2.244642941347267 ,         0.004553028278595 , 
   4.37000 ,         0.000000000000000 ,        11.711242194009191 ,         3.948465247453873 ,         2.588800906044137 ,         2.256136363845888 ,         0.003625771577093 , 
   4.38000 ,         0.000000000000000 ,        11.751667366791594 ,         3.771649999477032 ,         2.501199473337400 ,         2.200730705436479 ,         0.004511543061575 , 
   4.39000 ,         0.000000000000000 ,        11.410765203413252 ,         3.301792576176568 ,         2.231135135805929 ,         2.325446403623812 ,         0.004491012753233 , 
   4.40000 ,         0.000000000000000 ,        11.237356125445997 ,         2.900539725568652 ,         2.035027255053715 ,         2.343500191342613 ,         0.001788248906023 , 
   4.41000 ,         0.000000000000000 ,        10.837541828290510 ,         2.737867827186400 ,         1.858474649923668 ,         2.470845607369781 ,         0.003560296264222 , 
   4.42000 ,         0.000000000000000 ,        11.128802309451022 ,         2.332086598604705 ,         1.736660233003503 ,         2.503980519626480 ,         0.001772102278575 , 
   4.43000 ,         0.000000000000000 ,        10.605834430684926 ,         2.035783920993081 ,         1.668848864176304 ,         2.599417337593852 ,         0.002646166275121 , 
   4.44000 ,         0.000000000000000 ,         9.806472024734118 ,         1.798321517429752 ,         1.468160926339134 ,         2.790559464058473 ,         0.001756173356865 , 
   4.45000 ,         0.000000000000000 ,         9.839372262917681 ,         1.493039074721340 ,         1.314713564625817 ,         2.715093305670071 ,         0.000874144657331 , 
   4.46000 ,         0.000000000000000 ,         9.147848533767585 ,         1.531603255273111 ,         1.211358938261461 ,         2.687267529706459 ,         0.000000000000000 , 
   4.47000 ,         0.000000000000000 ,         8.497061117724391 ,         1.140103225012775 ,         1.174756818478209 ,         2.825134207269498 ,         0.002599019509908 , 
   4.48000 ,         0.000000000000000 ,         8.328073723116857 ,         0.955624035336938 ,         1.024622160632024 ,         2.850485051253232 ,         0.000862476566189 , 
   4.49000 ,         0.000000000000000 ,         7.452987209794018 ,         0.882680973694499 ,         0.868942748422989 ,         2.854116300156142 ,         0.000000000000000 , 
   4.50000 ,         0.000000000000000 ,         6.544556641600752 ,         0.670184483674894 ,         0.741989964068633 ,         2.692705514765199 ,         0.000854827147545 , 
   4.51000 ,         0.000000000000000 ,         5.671334185319828 ,         0.565090921226345 ,         0.578707569930595 ,         2.792264024915120 ,         0.000000000000000 , 
   4.52000 ,         0.000000000000000 ,         5.198904220032643 ,         0.474476265192027 ,         0.589706215310091 ,         2.646052457490538 ,         0.000000000000000 , 
   4.53000 ,         0.000000000000000 ,         4.899294427787524 ,         0.411648705365067 ,         0.415022875081175 ,         2.639444260424787 ,         0.000000000000000 , 
   4.54000 ,         0.000000000000000 ,         4.232745604817318 ,         0.295620327955495 ,         0.312416937498421 ,         2.375880419846863 ,         0.002519491431439 , 
   4.55000 ,         0.000000000000000 ,         3.565313635830893 ,         0.321078901538242 ,         0.257532035608798 ,         2.322805178315718 ,         0.001672285945512 , 
   4.56000 ,         0.000000000000000 ,         2.990267088288028 ,         0.209784884813080 ,         0.193135290780296 ,         2.154457467842266 ,         0.000832479701639 , 
   4.57000 ,         0.000000000000000 ,         2.486521355764032 ,         0.192290984845752 ,         0.192290984845752 ,         2.059668523024540 ,         0.000828840451921 , 
   4.58000 ,         0.000000000000000 ,         2.317231839417904 ,         0.141938702414487 ,         0.174947702975996 ,         1.853455381528708 ,         0.003300900056151 , 
   4.59000 ,         0.000000000000000 ,         2.109954008048205 ,         0.124888243467028 ,         0.088736383516046 ,         1.814166062994718 ,         0.001643266361408 , 
   4.60000 ,         0.000000000000000 ,         1.904454730753013 ,         0.111256805576636 ,         0.107984546589088 ,         1.744114040363155 ,         0.002454194240661 , 
   4.61000 ,         0.000000000000000 ,         1.524780522297389 ,         0.097742341172910 ,         0.071677716860134 ,         1.705603853467272 ,         0.004072597548871 , 
   4.62000 ,         0.000000000000000 ,         1.310571586293774 ,         0.123271584849414 ,         0.077855737799630 ,         1.579011682248749 ,         0.002432991806238 , 
   4.63000 ,         0.000000000000000 ,         0.968997390416747 ,         0.109819704247231 ,         0.041989886918059 ,         1.504368448621999 ,         0.001614995650695 , 
   4.64000 ,         0.000000000000000 ,         1.202815390954631 ,         0.083618182258878 ,         0.045025175062473 ,         1.492262944927671 ,         0.001608041966517 , 
   4.65000 ,         0.000000000000000 ,         0.864611872130595 ,         0.057640791475373 ,         0.051236259089220 ,         1.446623752722208 ,         0.002401699644807 , 
   4.66000 ,         0.000000000000000 ,         0.880036298388207 ,         0.057393671634014 ,         0.044639522382011 ,         1.442015999804589 ,         0.004782805969501 , 
   4.67000 ,         0.000000000000000 ,         0.730226202477458 ,         0.053973241052682 ,         0.034923861857618 ,         1.442196749892979 ,         0.002381172399383 , 
   4.68000 ,         0.000000000000000 ,         0.701818168072060 ,         0.031613430994237 ,         0.028452087894813 ,         1.407588015018400 ,         0.005532350423991 , 
   4.69000 ,         0.000000000000000 ,         0.616983748835296 ,         0.044070267773950 ,         0.037774515234814 ,         1.330764692959804 ,         0.004721814404352 , 
   4.70000 ,         0.000000000000000 ,         0.438829342935124 ,         0.043882934293512 ,         0.028210457760115 ,         1.249880003538433 ,         0.004701742960019 , 
   4.71000 ,         0.000000000000000 ,         0.461937523380775 ,         0.037454393787630 ,         0.015605997411513 ,         1.217267798097989 ,         0.003901499352878 , 
   4.72000 ,         0.000000000000000 ,         0.397822473688266 ,         0.052835797286723 ,         0.021755916529827 ,         1.061377927847992 ,         0.010877958264914 , 
   4.73000 ,         0.000000000000000 ,         0.328055199612615 ,         0.021664022615927 ,         0.012379441494816 ,         0.900604368747838 ,         0.013153156588242 , 
   4.74000 ,         0.000000000000000 ,         0.326672461096685 ,         0.021572709695064 ,         0.012327262682894 ,         0.810517521400267 ,         0.017720440106660 , 
   4.75000 ,         0.000000000000000 ,         0.288472207243312 ,         0.021481972879821 ,         0.000000000000000 ,         0.699698545228458 ,         0.009973773122774 , 
   4.76000 ,         0.000000000000000 ,         0.232253908198435 ,         0.021391807334066 ,         0.003055972476295 ,         0.590566681044047 ,         0.012987883024255 , 
   4.77000 ,         0.000000000000000 ,         0.139985940075168 ,         0.015215863051649 ,         0.003043172610330 ,         0.440499235345230 ,         0.014455069899066 , 
   4.78000 ,         0.000000000000000 ,         0.127279025754358 ,         0.006060905988303 ,         0.000000000000000 ,         0.365927199043779 ,         0.024243623953211 , 
   4.79000 ,         0.000000000000000 ,         0.090534388749485 ,         0.003017812958316 ,         0.000000000000000 ,         0.284428871321299 ,         0.018861330989476 , 
   4.80000 ,         0.000000000000000 ,         0.042073525764848 ,         0.006010503680693 ,         0.000000000000000 ,         0.255446406429433 ,         0.026295953603030 , 
   4.81000 ,         0.000000000000000 ,         0.083797531570008 ,         0.005985537969286 ,         0.000000000000000 ,         0.201263714217250 ,         0.033668651077235 , 
   4.82000 ,         0.000000000000000 ,         0.059607274848039 ,         0.002980363742402 ,         0.000000000000000 ,         0.182547279222119 ,         0.031293819295220 , 
   4.83000 ,         0.000000000000000 ,         0.029680354715274 ,         0.000000000000000 ,         0.000000000000000 ,         0.145433738104840 ,         0.028196336979510 , 
   4.84000 ,         0.000000000000000 ,         0.053204103657906 ,         0.008867350609651 ,         0.000000000000000 ,         0.110841882620638 ,         0.030296781249641 , 
   4.85000 ,         0.000000000000000 ,         0.029436073085464 ,         0.005887214617093 ,         0.002943607308546 ,         0.112592979551899 ,         0.039738698665376 , 
   4.86000 ,         0.000000000000000 ,         0.041041086310765 ,         0.005863012330109 ,         0.000000000000000 ,         0.106267098483232 ,         0.040308209769502 , 
   4.87000 ,         0.000000000000000 ,         0.011677917959994 ,         0.005838958979997 ,         0.000000000000000 ,         0.086124644954959 ,         0.040142842987481 , 
   4.88000 ,         0.000000000000000 ,         0.034890320083288 ,         0.011630106694429 ,         0.000000000000000 ,         0.081410746861005 ,         0.050154835119726 , 
   4.89000 ,         0.000000000000000 ,         0.028956471123386 ,         0.002895647112339 ,         0.002895647112339 ,         0.083249854479733 ,         0.051397736244009 , 
   4.90000 ,         0.000000000000000 ,         0.034606082505627 ,         0.005767680417604 ,         0.000000000000000 ,         0.080747525846463 ,         0.049746243601839 , 
   4.91000 ,         0.000000000000000 ,         0.011488421486742 ,         0.005744210743371 ,         0.000000000000000 ,         0.081136976750116 ,         0.059596186462475 , 
   4.92000 ,         0.000000000000000 ,         0.028604420156788 ,         0.005720884031358 ,         0.000000000000000 ,         0.082952818454684 ,         0.088673702486042 , 
   4.93000 ,         0.000000000000000 ,         0.034186194736829 ,         0.002848849561402 ,         0.000000000000000 ,         0.084753274451723 ,         0.104695221381540 , 
   4.94000 ,         0.000000000000000 ,         0.022698619482682 ,         0.000000000000000 ,         0.000000000000000 ,         0.087247818636560 ,         0.118458420425248 , 
   4.95000 ,         0.000000000000000 ,         0.005651750139487 ,         0.002825875069743 ,         0.000000000000000 ,         0.087602127162041 ,         0.143413159789471 , 
   4.96000 ,         0.000000000000000 ,         0.033773902831317 ,         0.005628983805220 ,         0.000000000000000 ,         0.094989101713079 ,         0.166055022253976 , 
   4.97000 ,         0.000000000000000 ,         0.039244483285931 ,         0.000000000000000 ,         0.000000000000000 ,         0.092504853459694 ,         0.215844658072619 , 
   4.98000 ,         0.000000000000000 ,         0.022335447550605 ,         0.002791930943826 ,         0.002791930943826 ,         0.084455911050724 ,         0.248481854000478 , 
   4.99000 ,         0.000000000000000 ,         0.033369024673351 ,         0.005561504112225 ,         0.000000000000000 ,         0.084812937711435 ,         0.327433554607260 , 
   5.00000 ,         0.000000000000000 ,         0.011078560698401 ,         0.011078560698401 ,         0.000000000000000 ,         0.103861506547513 ,         0.360053222698045 , 
   5.01000 ,         0.000000000000000 ,         0.027585947648437 ,         0.000000000000000 ,         0.000000000000000 ,         0.078619950798046 ,         0.468271461332220 , 
   5.02000 ,         0.000000000000000 ,         0.049457075358879 ,         0.005495230595431 ,         0.000000000000000 ,         0.073498709213889 ,         0.568756366627105 , 
   5.03000 ,         0.000000000000000 ,         0.021893609994743 ,         0.010946804997372 ,         0.000000000000000 ,         0.063628304047222 ,         0.637651391096894 , 
   5.04000 ,         0.000000000000000 ,         0.027258521010452 ,         0.010903408404181 ,         0.000000000000000 ,         0.060650209248255 ,         0.786408331151534 , 
   5.05000 ,         0.000000000000000 ,         0.016290404035632 ,         0.005430134678544 ,         0.000000000000000 ,         0.061767781968436 ,         0.872894149575923 , 
   5.06000 ,         0.000000000000000 ,         0.010817385822169 ,         0.010817385822169 ,         0.000000000000000 ,         0.057467362180274 ,         1.020214700353334 , 
   5.07000 ,         0.000000000000000 ,         0.016162133678311 ,         0.005387377892770 ,         0.000000000000000 ,         0.051853512217914 ,         1.126635401825586 , 
   5.08000 ,         0.000000000000000 ,         0.026830943132798 ,         0.008049282939839 ,         0.000000000000000 ,         0.043600282590797 ,         1.264408195133111 , 
   5.09000 ,         0.000000000000000 ,         0.010690248250392 ,         0.010690248250392 ,         0.000000000000000 ,         0.050778679189360 ,         1.501311738664375 , 
   5.10000 ,         0.000000000000000 ,         0.026620917055458 ,         0.010648366822183 ,         0.000000000000000 ,         0.045921081920665 ,         1.602579206738562 , 
   5.11000 ,         0.000000000000000 ,         0.010606731032431 ,         0.007955048274323 ,         0.000000000000000 ,         0.039775241371617 ,         1.717627506564337 , 
   5.12000 ,         0.000000000000000 ,         0.015848008445943 ,         0.015848008445943 ,         0.000000000000000 ,         0.036318352688619 ,         1.894497342975414 , 
   5.13000 ,         0.000000000000000 ,         0.015786283077403 ,         0.015786283077403 ,         0.000000000000000 ,         0.026310471795671 ,         2.117992979551540 , 
   5.14000 ,         0.000000000000000 ,         0.036691474453531 ,         0.018345737226766 ,         0.002620819603824 ,         0.031449835245884 ,         2.202798877013800 , 
   5.15000 ,         0.000000000000000 ,         0.026106515483048 ,         0.031327818579657 ,         0.000000000000000 ,         0.032633144353810 ,         2.413547356407779 , 
   5.16000 ,         0.000000000000000 ,         0.036407595728854 ,         0.036407595728854 ,         0.000000000000000 ,         0.039658273918930 ,         2.573236855264362 , 
   5.17000 ,         0.000000000000000 ,         0.020723937268772 ,         0.046628858854736 ,         0.000000000000000 ,         0.035619267180701 ,         2.695407091019609 , 
   5.18000 ,         0.000000000000000 ,         0.020643999326539 ,         0.038707498737260 ,         0.000000000000000 ,         0.047739248442621 ,         2.792746033893325 , 
   5.19000 ,         0.000000000000000 ,         0.005141130751962 ,         0.061693569023547 ,         0.000000000000000 ,         0.044342252735674 ,         2.873249449002905 , 
   5.20000 ,         0.000000000000000 ,         0.015364128573878 ,         0.040971009530341 ,         0.000000000000000 ,         0.060176170247688 ,         2.801392776637051 , 
   5.21000 ,         0.000000000000000 ,         0.005101735271246 ,         0.079076896704312 ,         0.000000000000000 ,         0.075888312159783 ,         2.770242252286530 , 
   5.22000 ,         0.000000000000000 ,         0.005082207121848 ,         0.099103038876034 ,         0.000000000000000 ,         0.099738314766265 ,         2.814272193723283 , 
   5.23000 ,         0.000000000000000 ,         0.010125581762867 ,         0.162009308205872 ,         0.000000000000000 ,         0.126569772035838 ,         2.549748057661953 , 
   5.24000 ,         0.000000000000000 ,         0.005043485696552 ,         0.143739342351725 ,         0.000000000000000 ,         0.162652413713794 ,         2.393133963013804 , 
   5.25000 ,         0.000000000000000 ,         0.005024290721872 ,         0.216044501040497 ,         0.000000000000000 ,         0.231117373206113 ,         2.153536610662392 , 
   5.26000 ,         0.000000000000000 ,         0.010010410240183 ,         0.277788884165079 ,         0.000000000000000 ,         0.306568813605605 ,         1.981435576916230 , 
   5.27000 ,         0.000000000000000 ,         0.019944912247376 ,         0.301666797741560 ,         0.000000000000000 ,         0.426322499287659 ,         1.724611630890281 , 
   5.28000 ,         0.000000000000000 ,         0.004967358725609 ,         0.389937659960342 ,         0.000000000000000 ,         0.556965097108960 ,         1.453573347081468 , 
   5.29000 ,         0.000000000000000 ,         0.014845788892877 ,         0.472590946423244 ,         0.000000000000000 ,         0.734866550197400 ,         1.328079531375268 , 
   5.30000 ,         0.000000000000000 ,         0.009859879943599 ,         0.517643697038969 ,         0.000000000000000 ,         0.914503864768845 ,         1.087051763781834 , 
   5.31000 ,         0.000000000000000 ,         0.004911388949622 ,         0.618835007652411 ,         0.000000000000000 ,         1.074366332729880 ,         0.879138621982393 , 
   5.32000 ,         0.000000000000000 ,         0.009785884880163 ,         0.797549617733306 ,         0.000000000000000 ,         1.324152547847092 ,         0.743115633087398 , 
   5.33000 ,         0.000000000000000 ,         0.009749199319159 ,         0.987106431064812 ,         0.000000000000000 ,         1.569621090384540 ,         0.628823356085732 , 
   5.34000 ,         0.000000000000000 ,         0.004856359831847 ,         0.983412865949054 ,         0.000000000000000 ,         1.759823394065622 ,         0.500205062680260 , 
   5.35000 ,         0.000000000000000 ,         0.000000000000000 ,         1.168430658369419 ,         0.000000000000000 ,         1.944965319521766 ,         0.411248885968533 , 
   5.36000 ,         0.000000000000000 ,         0.000000000000000 ,         1.337601605503924 ,         0.002410092982890 ,         2.095575848622814 ,         0.345848343044708 , 
   5.37000 ,         0.000000000000000 ,         0.000000000000000 ,         1.577539259956171 ,         0.000000000000000 ,         2.257057693087976 ,         0.309745151498243 , 
   5.38000 ,         0.000000000000000 ,         0.000000000000000 ,         1.722389319087730 ,         0.000000000000000 ,         2.346755447257032 ,         0.238024635068374 , 
   5.39000 ,         0.000000000000000 ,         0.004766678318207 ,         2.018688267760458 ,         0.002383339159103 ,         2.551960404609812 ,         0.219267202637500 , 
   5.40000 ,         0.000000000000000 ,         0.000000000000000 ,         2.262917705684660 ,         0.002374520152870 ,         2.751475227137565 ,         0.144252099286824 , 
   5.41000 ,         0.000000000000000 ,         0.000000000000000 ,         2.472208755561317 ,         0.000000000000000 ,         2.913421131553839 ,         0.130707687794031 , 
   5.42000 ,         0.000000000000000 ,         0.000000000000000 ,         2.463094632242046 ,         0.004714056712425 ,         3.048226921671795 ,         0.111958846920093 , 
   5.43000 ,         0.000000000000000 ,         0.000000000000000 ,         2.634854140138085 ,         0.002348354848608 ,         3.238381336230320 ,         0.082192419701277 , 
   5.44000 ,         0.000000000000000 ,         0.000000000000000 ,         2.903603848905587 ,         0.000000000000000 ,         3.349907180234145 ,         0.072531602994418 , 
   5.45000 ,         0.000000000000000 ,         0.000000000000000 ,         3.060801061495172 ,         0.000000000000000 ,         3.490315604968504 ,         0.057695983451642 , 
   5.46000 ,         0.000000000000000 ,         0.000000000000000 ,         3.511800917506995 ,         0.000000000000000 ,         3.594834570153076 ,         0.056323526620069 , 
   5.47000 ,         0.000000000000000 ,         0.004628270417059 ,         3.739642496983293 ,         0.002314135208529 ,         3.526742057798601 ,         0.042232967555659 , 
   5.48000 ,         0.000000000000000 ,         0.000000000000000 ,         3.728312320510246 ,         0.000000000000000 ,         3.634355160917920 ,         0.042655397606332 , 
   5.49000 ,         0.000000000000000 ,         0.000000000000000 ,         3.696364058398070 ,         0.006891915584335 ,         3.704978952878488 ,         0.032162272726894 , 
   5.50000 ,         0.000000000000000 ,         0.000000000000000 ,         3.863762715031966 ,         0.002288958954403 ,         3.677784799986737 ,         0.025178548498431 , 
   5.51000 ,         0.000000000000000 ,         0.004561316230174 ,         3.968345120251738 ,         0.000000000000000 ,         3.613702783355677 ,         0.023376745679644 , 
   5.52000 ,         0.000000000000000 ,         0.000000000000000 ,         3.790367116691613 ,         0.006817207044409 ,         3.570512189509410 ,         0.017611118198058 , 
   5.53000 ,         0.000000000000000 ,         0.000000000000000 ,         3.914786805809355 ,         0.006792573983475 ,         3.426853574663076 ,         0.019811674118468 , 
   5.54000 ,         0.000000000000000 ,         0.000000000000000 ,         3.726952856213649 ,         0.004512049462728 ,         3.384601103229132 ,         0.019176210216596 , 
   5.55000 ,         0.000000000000000 ,         0.000000000000000 ,         3.810194294886386 ,         0.013487413433226 ,         3.288680975468308 ,         0.016859266791533 , 
   5.56000 ,         0.000000000000000 ,         0.000000000000000 ,         3.570278712138176 ,         0.008959294133345 ,         3.051199608287472 ,         0.007839382366677 , 
   5.57000 ,         0.000000000000000 ,         0.000000000000000 ,         3.410172523308062 ,         0.015622518104160 ,         2.894071478795635 ,         0.013390729803566 , 
   5.58000 ,         0.000000000000000 ,         0.000000000000000 ,         3.195595181491714 ,         0.011118981146457 ,         2.775297694155642 ,         0.008339235859843 , 
   5.59000 ,         0.000000000000000 ,         0.000000000000000 ,         3.144286908405673 ,         0.017726776086854 ,         2.652922833748198 ,         0.011079235054284 , 
   5.60000 ,         0.000000000000000 ,         0.000000000000000 ,         2.940976532176645 ,         0.017663522715776 ,         2.529195658865125 ,         0.008831761357888 , 
   5.61000 ,         0.000000000000000 ,         0.000000000000000 ,         2.761095269612726 ,         0.019800683208378 ,         2.398082744125794 ,         0.006600227736126 , 
   5.62000 ,         0.000000000000000 ,         0.004384506856332 ,         2.400517503841721 ,         0.024114787709826 ,         2.127033888678019 ,         0.002740316785207 , 
   5.63000 ,         0.000000000000000 ,         0.000000000000000 ,         2.274035966302784 ,         0.008737890360433 ,         1.928889297065666 ,         0.002184472590108 , 
   5.64000 ,         0.000000000000000 ,         0.000000000000000 ,         2.094017244865595 ,         0.021767331027709 ,         1.827367439776161 ,         0.003809282929849 , 
   5.65000 ,         0.000000000000000 ,         0.000000000000000 ,         1.854524645983132 ,         0.019521312062980 ,         1.683713165432054 ,         0.003253552010497 , 
   5.66000 ,         0.000000000000000 ,         0.000000000000000 ,         1.668583053944559 ,         0.012968262077289 ,         1.475139811291660 ,         0.004322754025763 , 
   5.67000 ,         0.000000000000000 ,         0.004307519666138 ,         1.376252533330948 ,         0.012922558998413 ,         1.358484014708130 ,         0.003230639749603 , 
   5.68000 ,         0.000000000000000 ,         0.000000000000000 ,         1.328487183778672 ,         0.021461828494001 ,         1.199716212814665 ,         0.003755819986450 , 
   5.69000 ,         0.000000000000000 ,         0.004277291559100 ,         1.182671116091260 ,         0.019247812015952 ,         1.029223281408534 ,         0.005346614448875 , 
   5.70000 ,         0.000000000000000 ,         0.000000000000000 ,         0.967541348025279 ,         0.021311483436680 ,         0.926516742409670 ,         0.004262296687336 , 
   5.71000 ,         0.000000000000000 ,         0.000000000000000 ,         0.913186813670904 ,         0.036102734493966 ,         0.758157424373286 ,         0.001592767698263 , 
   5.72000 ,         0.000000000000000 ,         0.000000000000000 ,         0.785136639915676 ,         0.027511526466048 ,         0.672445194968210 ,         0.001587203449964 , 
   5.73000 ,         0.000000000000000 ,         0.000000000000000 ,         0.660082907379536 ,         0.023197801856789 ,         0.580472269189193 ,         0.003163336616835 , 
   5.74000 ,         0.000000000000000 ,         0.000000000000000 ,         0.584230740970995 ,         0.033624790847252 ,         0.510151123635644 ,         0.004728486212895 , 
   5.75000 ,         0.000000000000000 ,         0.000000000000000 ,         0.496336313600316 ,         0.023036706538411 ,         0.456022077158096 ,         0.005759176634603 , 
   5.76000 ,         0.000000000000000 ,         0.000000000000000 ,         0.398613308988083 ,         0.043826594181936 ,         0.382439208754273 ,         0.005739196857158 , 
   5.77000 ,         0.000000000000000 ,         0.000000000000000 ,         0.382674560071022 ,         0.037435554789556 ,         0.379554930505225 ,         0.006759197392559 , 
   5.78000 ,         0.000000000000000 ,         0.004145125787166 ,         0.319174685611817 ,         0.043523820765248 ,         0.349226847568774 ,         0.003626985063771 , 
   5.79000 ,         0.000000000000000 ,         0.000000000000000 ,         0.289157395208316 ,         0.041308199315474 ,         0.307229732408836 ,         0.005163524914434 , 
   5.80000 ,         0.000000000000000 ,         0.000000000000000 ,         0.228470634438501 ,         0.034990998067158 ,         0.297423483570841 ,         0.008747749516789 , 
   5.81000 ,         0.000000000000000 ,         0.004102429507667 ,         0.205121475383374 ,         0.028717006553672 ,         0.290759691355933 ,         0.008717662703793 , 
   5.82000 ,         0.000000000000000 ,         0.000000000000000 ,         0.179887132772723 ,         0.034750923376549 ,         0.330133772077213 ,         0.005110429908316 , 
   5.83000 ,         0.000000000000000 ,         0.004074330764983 ,         0.181307719041743 ,         0.052966299944779 ,         0.324418587161771 ,         0.011713700949326 , 
   5.84000 ,         0.000000000000000 ,         0.000000000000000 ,         0.142113633447110 ,         0.038573700507073 ,         0.316710383110702 ,         0.014211363344711 , 
   5.85000 ,         0.000000000000000 ,         0.008093039443038 ,         0.117349071924055 ,         0.040465197215191 ,         0.352047215772166 ,         0.013151189094937 , 
   5.86000 ,         0.000000000000000 ,         0.000000000000000 ,         0.155259753155545 ,         0.048392650334196 ,         0.364457147829413 ,         0.021171784521211 , 
   5.87000 ,         0.000000000000000 ,         0.000000000000000 ,         0.102484307807046 ,         0.070332368102875 ,         0.436060682237825 ,         0.028132947241150 , 
   5.88000 ,         0.000000000000000 ,         0.008010668096216 ,         0.110146686322968 ,         0.062082677745673 ,         0.495660088453357 ,         0.034546006164931 , 
   5.89000 ,         0.000000000000000 ,         0.003991745141578 ,         0.075843157689985 ,         0.075843157689985 ,         0.547867020681603 ,         0.043909196557360 , 
   5.90000 ,         0.000000000000000 ,         0.000000000000000 ,         0.073597167542889 ,         0.089510068633244 ,         0.661379951567856 ,         0.055197875657167 , 
   5.91000 ,         0.000000000000000 ,         0.011894321922827 ,         0.039647739742758 ,         0.111013671279723 ,         0.715641702356787 ,         0.070374738043396 , 
   5.92000 ,         0.000000000000000 ,         0.015805563134865 ,         0.051368080188310 ,         0.124468809687059 ,         0.856957876218443 ,         0.090881988025472 , 
   5.93000 ,         0.000000000000000 ,         0.007876150483772 ,         0.051194978144517 ,         0.129956482982234 ,         0.939230945189784 ,         0.099436399857619 , 
   5.94000 ,         0.000000000000000 ,         0.011774480680866 ,         0.045135509276651 ,         0.098120672340546 ,         1.185297721873799 ,         0.120688426978872 , 
   5.95000 ,         0.000000000000000 ,         0.007823290575165 ,         0.023469871725496 ,         0.156465811503304 ,         1.355874047808316 ,         0.155976855842356 , 
   5.96000 ,         0.000000000000000 ,         0.019492649881049 ,         0.040934564750204 ,         0.097463249405247 ,         1.529685699415352 ,         0.209545986221281 , 
   5.97000 ,         0.000000000000000 ,         0.007770961031381 ,         0.027198363609835 ,         0.135991818049176 ,         1.723210608708848 ,         0.249156438068669 , 
   5.98000 ,         0.000000000000000 ,         0.007744992931840 ,         0.029043723494399 ,         0.145218617471997 ,         1.904784199174363 ,         0.294309731409914 , 
   5.99000 ,         0.000000000000000 ,         0.015438309561851 ,         0.019297886952314 ,         0.183329926046980 ,         1.987682356088307 ,         0.369554535136807 , 
   6.00000 ,         0.000000000000000 ,         0.026927059995629 ,         0.032697144280407 ,         0.188489419969402 ,         2.196478751072015 ,         0.439488086357229 , 
   6.01000 ,         0.000000000000000 ,         0.034505391913955 ,         0.013418763522094 ,         0.141855500090704 ,         2.275918141657952 ,         0.543459922644792 , 
   6.02000 ,         0.000000000000000 ,         0.053496879798851 ,         0.017195425649631 ,         0.189149682145938 ,         2.375834643923976 ,         0.622378878374134 , 
   6.03000 ,         0.000000000000000 ,         0.034276880065552 ,         0.017138440032776 ,         0.144724604721218 ,         2.485073804752488 ,         0.688870075761849 , 
   6.04000 ,         0.000000000000000 ,         0.034163474445215 ,         0.011387824815072 ,         0.180307226238635 ,         2.515285806028964 ,         0.800469185959416 , 
   6.05000 ,         0.000000000000000 ,         0.034050630701753 ,         0.009458508528265 ,         0.177819960331378 ,         2.551432675499431 ,         0.887681025377652 , 
   6.06000 ,         0.000000000000000 ,         0.045251126839295 ,         0.016969172564735 ,         0.165920798410747 ,         2.667931019900074 ,         0.979969715613473 , 
   6.07000 ,         0.000000000000000 ,         0.071411740778919 ,         0.009396281681437 ,         0.225510760354482 ,         2.624851287709361 ,         1.101244213064389 , 
   6.08000 ,         0.000000000000000 ,         0.044953911770481 ,         0.011238477942620 ,         0.224769558852405 ,         2.728608790485343 ,         1.248407591459400 , 
   6.09000 ,         0.000000000000000 ,         0.078411201956362 ,         0.005600800139740 ,         0.244568272768652 ,         2.673915333380930 ,         1.314787832803994 , 
   6.10000 ,         0.000000000000000 ,         0.156308653663981 ,         0.005582451916571 ,         0.262375240078825 ,         2.806577701055943 ,         1.428642486315730 , 
   6.11000 ,         0.000000000000000 ,         0.159506886327731 ,         0.009273656181845 ,         0.324577966364568 ,         2.768186370280677 ,         1.589040986759109 , 
   6.12000 ,         0.000000000000000 ,         0.170078097837747 ,         0.014789399811978 ,         0.332761495769505 ,         2.863135369850115 ,         1.705864834562837 , 
   6.13000 ,         0.000000000000000 ,         0.184264833155318 ,         0.011055889989319 ,         0.420123819594125 ,         2.830307837265682 ,         1.845872966133396 , 
   6.14000 ,         0.000000000000000 ,         0.194685017528866 ,         0.012856557761340 ,         0.473855986060826 ,         2.743956756491758 ,         1.927106175869463 , 
   6.15000 ,         0.000000000000000 ,         0.314877496109985 ,         0.009153415584593 ,         0.554696984426312 ,         2.781722996157691 ,         2.113523658482432 , 
   6.16000 ,         0.000000000000000 ,         0.339402414943509 ,         0.014597953330904 ,         0.691578039051558 ,         2.785015783911453 ,         2.176919790471000 , 
   6.17000 ,         0.000000000000000 ,         0.461983853519586 ,         0.012731838482823 ,         0.822112999176586 ,         2.682325543220510 ,         2.328562316804922 , 
   6.18000 ,         0.000000000000000 ,         0.533008075617060 ,         0.005438857914460 ,         1.046073672214433 ,         2.616543895014698 ,         2.462896158931209 , 
   6.19000 ,         0.000000000000000 ,         0.552972504773995 ,         0.010842598132823 ,         1.257741383407518 ,         2.482051422572163 ,         2.584604329911785 , 
   6.20000 ,         0.000000000000000 ,         0.702497264556193 ,         0.009006375186618 ,         1.412199629261680 ,         2.300678541421531 ,         2.661383867645576 , 
   6.21000 ,         0.000000000000000 ,         0.962376476850233 ,         0.028727656025380 ,         1.660817613967287 ,         2.173426726170163 ,         2.829674118499939 , 
   6.22000 ,         0.000000000000000 ,         1.088143619764717 ,         0.016107389108359 ,         1.902461624687326 ,         2.040269287058844 ,         2.920806558315819 , 
   6.23000 ,         0.000000000000000 ,         1.277321844193996 ,         0.032111443010464 ,         2.240665134507904 ,         1.832582212916596 ,         3.072440706931718 , 
   6.24000 ,         0.000000000000000 ,         1.493734863121967 ,         0.023117325262602 ,         2.541127523096776 ,         1.667559366538839 ,         3.208418008080726 , 
   6.25000 ,         0.000000000000000 ,         1.715847686870059 ,         0.037223968413503 ,         3.006278591871507 ,         1.520421852699166 ,         3.186194439203440 , 
   6.26000 ,         0.000000000000000 ,         1.993075930890926 ,         0.053007338587525 ,         3.206943984545239 ,         1.318557547364675 ,         3.327535679831858 , 
   6.27000 ,         0.000000000000000 ,         2.296708730454593 ,         0.036986873726646 ,         3.629997464315120 ,         1.158041403584275 ,         3.404113342627388 , 
   6.28000 ,         0.000000000000000 ,         2.514126596177247 ,         0.052670249919914 ,         3.966069818969554 ,         1.006001773470365 ,         3.647414806954072 , 
   6.29000 ,         0.000000000000000 ,         3.034668204289336 ,         0.064753589134202 ,         4.145979801592524 ,         0.871548307806280 ,         3.669078368104148 , 
   6.30000 ,         0.000000000000000 ,         3.171583811180881 ,         0.088971823085932 ,         4.382298423369842 ,         0.734889813234294 ,         3.805726118861986 , 
   6.31000 ,         0.000000000000000 ,         3.561513923482725 ,         0.062604736936220 ,         4.657096819866571 ,         0.645611349654766 ,         3.743241562644807 , 
   6.32000 ,         0.000000000000000 ,         3.664664654116522 ,         0.098810730976652 ,         5.028946150232748 ,         0.513989153238197 ,         3.847551182503131 , 
   6.33000 ,         0.000000000000000 ,         3.939951177657895 ,         0.110595120776362 ,         5.149585311149354 ,         0.455340848821428 ,         3.822875874023543 , 
   6.34000 ,         0.000000000000000 ,         4.327175732739524 ,         0.141253347963631 ,         5.298723150440595 ,         0.381556299682247 ,         3.923225609599628 , 
   6.35000 ,         0.000000000000000 ,         4.433760206234109 ,         0.197475764413990 ,         5.563665014794156 ,         0.318966289042597 ,         3.891560444375697 , 
   6.36000 ,         0.000000000000000 ,         4.950481837098952 ,         0.237938096596388 ,         5.720785027518913 ,         0.278592987201886 ,         3.932397787093903 , 
   6.37000 ,         0.000000000000000 ,         5.010033167374830 ,         0.247430112148961 ,         5.885423840012190 ,         0.251696148565323 ,         3.858629938598888 , 
   6.38000 ,         0.000000000000000 ,         5.195066246544845 ,         0.278975397653358 ,         5.839771586243763 ,         0.204978874495302 ,         3.810820942639845 , 
   6.39000 ,         0.000000000000000 ,         5.334827938953685 ,         0.286581666142140 ,         5.774027060437793 ,         0.172542512011614 ,         3.713691413321224 , 
   6.40000 ,         0.000000000000000 ,         5.247170543552848 ,         0.334709976682817 ,         5.808401413546258 ,         0.144111239960657 ,         3.704208264677892 , 
   6.41000 ,         0.000000000000000 ,         5.412811374769860 ,         0.429721949117781 ,         5.690866753610777 ,         0.121333256221491 ,         3.604187524218256 , 
   6.42000 ,         0.000000000000000 ,         5.285086235107019 ,         0.512381214783103 ,         5.676511884433127 ,         0.096596458524683 ,         3.487132152741066 , 
   6.43000 ,         0.000000000000000 ,         5.412685859625596 ,         0.530885339573426 ,         5.282057921181662 ,         0.074524913599424 ,         3.364088094221199 , 
   6.44000 ,         0.000000000000000 ,         5.292379077258293 ,         0.649443363108352 ,         5.100384252688985 ,         0.061772247904908 ,         3.272259618746452 , 
   6.45000 ,         0.000000000000000 ,         5.312596967343181 ,         0.665738968338744 ,         4.645193651583589 ,         0.059500420295275 ,         3.164756620740306 , 
   6.46000 ,         0.000000000000000 ,         5.043963840370651 ,         0.801392939111521 ,         4.167906962832591 ,         0.049775958951026 ,         2.949640367506225 , 
   6.47000 ,         0.026465179166772 ,         4.773656692206535 ,         0.802225743492782 ,         4.102102770849690 ,         0.033908510807427 ,         2.931845629568982 , 
   6.48000 ,         0.026383559557958 ,         4.544568133858339 ,         0.882200272719235 ,         3.748114429702470 ,         0.030093747620796 ,         2.771510482939914 , 
   6.49000 ,         0.026302316944630 ,         4.510847356004083 ,         0.914005513825900 ,         3.378203832575944 ,         0.026302316944630 ,         2.664753485452849 , 
   6.50000 ,         0.000000000000000 ,         4.415036476823300 ,         1.071801728226592 ,         3.217044025242813 ,         0.024172898304805 ,         2.525453307640944 , 
   6.51000 ,         0.000000000000000 ,         4.185820171097637 ,         1.163272428501763 ,         2.806884876637682 ,         0.015929643508276 ,         2.460925695829749 , 
   6.52000 ,         0.026060827984492 ,         3.492150949921861 ,         1.145047629568595 ,         2.464377046283477 ,         0.015066416178534 ,         2.347510520790523 , 
   6.53000 ,         0.000000000000000 ,         3.400272581839130 ,         1.102571672907722 ,         2.224629148576699 ,         0.012990535174171 ,         2.264006708323404 , 
   6.54000 ,         0.025901678293030 ,         3.179431010469470 ,         1.199571475945966 ,         2.101273651522083 ,         0.014164980316501 ,         2.117057486731899 , 
   6.55000 ,         0.000000000000000 ,         3.063211807342152 ,         1.139424413057723 ,         1.710750535185817 ,         0.007666099096352 ,         2.017394499039879 , 
   6.56000 ,         0.000000000000000 ,         2.693464118687967 ,         1.177787177347426 ,         1.497977953702806 ,         0.008447244099828 ,         1.967403375821811 , 
   6.57000 ,         0.000000000000000 ,         2.502403155373371 ,         1.102019851116350 ,         1.305741133637131 ,         0.006416418347111 ,         1.855146954608528 , 
   6.58000 ,         0.025587721517135 ,         2.149368607439336 ,         1.079482001504130 ,         1.068287373340384 ,         0.007596354825399 ,         1.691988085320548 , 
   6.59000 ,         0.000000000000000 ,         2.193870684707293 ,         1.045915093872081 ,         0.862561075891457 ,         0.007174722442720 ,         1.609130805625607 , 
   6.60000 ,         0.000000000000000 ,         1.732614909939547 ,         1.120636249089340 ,         0.782061041917667 ,         0.002384332444871 ,         1.494579054193266 , 
   6.61000 ,         0.000000000000000 ,         1.638630524127489 ,         0.980959665797791 ,         0.662425105498347 ,         0.002377123584324 ,         1.324454023732639 , 
   6.62000 ,         0.000000000000000 ,         1.421968420584702 ,         0.943239052321186 ,         0.494529017381124 ,         0.000789982455880 ,         1.167594069791216 , 
   6.63000 ,         0.025203238378924 ,         1.234958680567257 ,         0.899440569647837 ,         0.384349385278585 ,         0.002362803598024 ,         1.029394767539161 , 
   6.64000 ,         0.000000000000000 ,         0.989390673665537 ,         0.917149449874085 ,         0.398897192239756 ,         0.001177846040078 ,         0.915578988487314 , 
   6.65000 ,         0.000000000000000 ,         0.798528290863762 ,         0.930050597594264 ,         0.310016865864755 ,         0.001174306310094 ,         0.785610921452730 , 
   6.66000 ,         0.000000000000000 ,         0.699347421016031 ,         0.896038883176789 ,         0.243522762675225 ,         0.002731825863344 ,         0.696225334315066 , 
   6.67000 ,         0.049803714257265 ,         0.603870035369338 ,         0.940045106605876 ,         0.210109419522837 ,         0.001945457588174 ,         0.559513602358961 , 
   6.68000 ,         0.000000000000000 ,         0.487236871112503 ,         1.007059647617881 ,         0.178446624770503 ,         0.000387927445153 ,         0.493055782789802 , 
   6.69000 ,         0.000000000000000 ,         0.405333481087516 ,         0.911226795269262 ,         0.151613286818994 ,         0.000773537177648 ,         0.416936538752235 , 
   6.70000 ,         0.024679354721858 ,         0.394869675549728 ,         0.925475802069674 ,         0.155788426681728 ,         0.001156844752587 ,         0.341269202013192 , 
   6.71000 ,         0.024605849624462 ,         0.390617862788337 ,         1.031907818625882 ,         0.169165216168177 ,         0.000768932800764 ,         0.271817745070230 , 
   6.72000 ,         0.049065344861047 ,         0.318924741596807 ,         1.102436967346654 ,         0.137996282421695 ,         0.000766646013454 ,         0.241493494237967 , 
   6.73000 ,         0.000000000000000 ,         0.253770644873073 ,         1.193945021963074 ,         0.117712889489317 ,         0.000382184706134 ,         0.216316543671927 , 
   6.74000 ,         0.024387293977627 ,         0.277405468995506 ,         1.179735346167702 ,         0.086879734795296 ,         0.000762102936801 ,         0.162327925538579 , 
   6.75000 ,         0.072945266600807 ,         0.252269046994457 ,         1.329731422410541 ,         0.104858820738660 ,         0.001139769790638 ,         0.135252681822329 , 
   6.76000 ,         0.048486407911960 ,         0.230310437581811 ,         1.483381042056530 ,         0.100003216318418 ,         0.000000000000000 ,         0.121973619903525 , 
   6.77000 ,         0.048343274708569 ,         0.175244370818562 ,         1.509216607308134 ,         0.104240186090352 ,         0.000755363667321 ,         0.105373231591334 , 
   6.78000 ,         0.048200774370608 ,         0.237991323454878 ,         1.732215328943735 ,         0.100920371338461 ,         0.000376568549770 ,         0.080962238200631 , 
   6.79000 ,         0.024029451586303 ,         0.216265064276725 ,         1.730120514213803 ,         0.082601239827916 ,         0.000000000000000 ,         0.076593876931340 , 
   6.80000 ,         0.047917657416461 ,         0.257557408613480 ,         1.837342676562443 ,         0.092840461244394 ,         0.001871783492831 ,         0.067758562440465 , 
   6.81000 ,         0.095554066862416 ,         0.232913037977139 ,         2.009621468700184 ,         0.091074969978240 ,         0.000746516147363 ,         0.053002646462746 , 
   6.82000 ,         0.095274055145542 ,         0.238185137863855 ,         1.981402615604948 ,         0.078898826917402 ,         0.000372164277912 ,         0.049497848962332 , 
   6.83000 ,         0.071246454335601 ,         0.198896351686887 ,         2.054272766676503 ,         0.078667959995560 ,         0.002226451697988 ,         0.042673657544761 , 
   6.84000 ,         0.118397139482761 ,         0.195355280146555 ,         2.194786973161673 ,         0.094717711586208 ,         0.000739982121767 ,         0.035889132905712 , 
   6.85000 ,         0.094441365432161 ,         0.259713754938444 ,         2.253311953357978 ,         0.095917011767039 ,         0.001844557918597 ,         0.028775103530112 , 
   6.86000 ,         0.117707783634567 ,         0.288384069904689 ,         2.318843337600971 ,         0.082395448544197 ,         0.000367836823858 ,         0.030898293204074 , 
   6.87000 ,         0.093892288986485 ,         0.278742732928627 ,         2.307696415245952 ,         0.098293490032726 ,         0.002567367276974 ,         0.026773973031302 , 
   6.88000 ,         0.257453747907073 ,         0.310114741797156 ,         2.375595946597079 ,         0.098007960850988 ,         0.003291312118130 ,         0.021210678094617 , 
   6.89000 ,         0.186695974208096 ,         0.376309073013194 ,         2.314738367720693 ,         0.094806549402549 ,         0.002917124597002 ,         0.019325950455135 , 
   6.90000 ,         0.162885816351537 ,         0.319954282119090 ,         2.344392285345330 ,         0.091623271697739 ,         0.001817922057495 ,         0.018542804986447 , 
   6.91000 ,         0.301627314910341 ,         0.408937032714982 ,         2.169396457239762 ,         0.105859586482956 ,         0.001450131321684 ,         0.020664371334002 , 
   6.92000 ,         0.138810549091149 ,         0.332566940530877 ,         2.150117567693107 ,         0.091094422841066 ,         0.005783772878798 ,         0.018797261856093 , 
   6.93000 ,         0.299888832867071 ,         0.371977494613964 ,         2.097780056834562 ,         0.103807672915525 ,         0.006848422865955 ,         0.018743052054192 , 
   6.94000 ,         0.391032983550341 ,         0.408284438706974 ,         1.988230206801918 ,         0.102071109676743 ,         0.008625727578316 ,         0.019048481735449 , 
   6.95000 ,         0.366972723314567 ,         0.378440620918147 ,         1.852065462978206 ,         0.098910616830879 ,         0.006809064202126 ,         0.015768359204923 , 
   6.96000 ,         0.343049026624647 ,         0.420235057615193 ,         1.799578018835130 ,         0.092909111377509 ,         0.012864338498424 ,         0.014651052178761 , 
   6.97000 ,         0.433282807290403 ,         0.461788255138455 ,         1.573500721212515 ,         0.086941615936561 ,         0.012114815335422 ,         0.016746950610731 , 
   6.98000 ,         0.477520325003476 ,         0.517313685420432 ,         1.689796626277180 ,         0.108010549703167 ,         0.016343701599821 ,         0.022383765234538 , 
   6.99000 ,         0.430806911024062 ,         0.524337358812181 ,         1.380282668873147 ,         0.090696191794539 ,         0.016651253962279 ,         0.028696841934991 , 
   7.00000 ,         0.520014158498674 ,         0.635886878598923 ,         1.386233395345651 ,         0.104568064480712 ,         0.020136417822299 ,         0.025788745632067 , 
   7.01000 ,         0.586166135855341 ,         0.690436073483455 ,         1.169514165288301 ,         0.122587629373593 ,         0.027476537618219 ,         0.029237854132208 , 
   7.02000 ,         0.786823337727193 ,         0.649129253624934 ,         1.117008131237711 ,         0.103973083913950 ,         0.027749573071629 ,         0.033369739769680 , 
   7.03000 ,         0.717336189227922 ,         0.756565512076324 ,         1.052186480683925 ,         0.138703677213993 ,         0.043782726393306 ,         0.040980631904134 , 
   7.04000 ,         1.072949625047957 ,         0.829859475623029 ,         0.923463153849869 ,         0.128530423833870 ,         0.048548176393771 ,         0.052040850954474 , 
   7.05000 ,         1.225936199099988 ,         1.039259550600672 ,         0.863727776638628 ,         0.182497320547839 ,         0.064431305918607 ,         0.055724372686363 , 
   7.06000 ,         1.266919052245311 ,         0.941854295419212 ,         0.783489413888548 ,         0.233379825413610 ,         0.073973069662350 ,         0.075709526696677 , 
   7.07000 ,         1.662286392130932 ,         1.238403362137544 ,         0.738332205838156 ,         0.239646288198876 ,         0.085538487261738 ,         0.093157299892338 , 
   7.08000 ,         1.635492731697877 ,         1.350939097635578 ,         0.661656265610881 ,         0.281790977420918 ,         0.114650250617334 ,         0.114304918537162 , 
   7.09000 ,         2.314089985977064 ,         1.371924777400688 ,         0.566125585855103 ,         0.387059098844973 ,         0.151862155329745 ,         0.159093686535923 , 
   7.10000 ,         2.681183559415075 ,         1.645521467304949 ,         0.506842588844346 ,         0.477997888666212 ,         0.175128536795810 ,         0.168260751039112 , 
   7.11000 ,         3.090034482571590 ,         1.605283871265028 ,         0.483502735969757 ,         0.554726935036123 ,         0.220178653844585 ,         0.221890774014449 , 
   7.12000 ,         3.452872281906727 ,         1.693655707897287 ,         0.356487209484832 ,         0.676096431781578 ,         0.256438596094932 ,         0.277609292443648 , 
   7.13000 ,         3.922625619462282 ,         1.645323523718902 ,         0.324161422719452 ,         0.920727402346008 ,         0.306114620824357 ,         0.348677832841092 , 
   7.14000 ,         4.867825596883801 ,         1.733076300676264 ,         0.259418160994644 ,         1.082493582789171 ,         0.372489165721368 ,         0.418328762232202 , 
   7.15000 ,         5.591019897355273 ,         1.676764203712652 ,         0.232959162389803 ,         1.297528357961810 ,         0.422577085265224 ,         0.498085650981686 , 
   7.16000 ,         6.223717319290739 ,         1.677486308715082 ,         0.213400029611097 ,         1.568085027711924 ,         0.466643735636925 ,         0.601369387242665 , 
   7.17000 ,         7.714861452324690 ,         1.621629397450930 ,         0.175092875140051 ,         1.781906721617592 ,         0.524268474217421 ,         0.714176900330860 , 
   7.18000 ,         7.736366369275885 ,         1.496234745724538 ,         0.154458703553251 ,         1.981100762965613 ,         0.574855001050361 ,         0.815944890509566 , 
   7.19000 ,         7.672001200740161 ,         1.441178996507754 ,         0.129920411395216 ,         2.236774093092889 ,         0.626162807497560 ,         0.950628989564478 , 
   7.20000 ,         9.552695769353736 ,         1.276898371854331 ,         0.117538762262742 ,         2.511055375613119 ,         0.668835627307590 ,         1.084562215424389 , 
   7.21000 ,         9.909821688006666 ,         1.068236155078138 ,         0.099897396048454 ,         2.534729929069447 ,         0.729250991153716 ,         1.242057624202448 , 
   7.22000 ,        10.392448495035895 ,         1.017461087320743 ,         0.088994638186018 ,         2.809308354678032 ,         0.734205765034649 ,         1.373107570519345 , 
   7.23000 ,        11.126693522235007 ,         0.866292567088297 ,         0.075502563186595 ,         2.919432443214995 ,         0.783173517264458 ,         1.550120606475657 , 
   7.24000 ,        12.702252946764334 ,         0.903529639724085 ,         0.075294136643674 ,         3.128009045126658 ,         0.803797932415359 ,         1.667699079169090 , 
   7.25000 ,        12.878005745331031 ,         0.795654201123153 ,         0.057961564320230 ,         3.131241781572408 ,         0.840772009713332 ,         1.835010434047271 , 
   7.26000 ,        14.524066328230276 ,         0.693624006992184 ,         0.048606227762710 ,         3.277636169404354 ,         0.837143747075320 ,         1.943263849134826 , 
   7.27000 ,        15.154893661406504 ,         0.628833761884087 ,         0.049782672815824 ,         3.496577730142977 ,         0.893795487594622 ,         2.086287012084185 , 
   7.28000 ,        15.803106061434363 ,         0.512137696435373 ,         0.045726580038873 ,         3.583657401332214 ,         0.872397823455919 ,         2.170379459702202 , 
   7.29000 ,        15.030160777172657 ,         0.515945186178950 ,         0.046904107834450 ,         3.782295140094680 ,         0.900624015015655 ,         2.291786824466600 , 
   7.30000 ,        15.196902427470116 ,         0.444369068929102 ,         0.041578392414419 ,         3.925260108873736 ,         0.934214504561475 ,         2.325141663300083 , 
   7.31000 ,        16.440758573701959 ,         0.360224691321654 ,         0.046647801753883 ,         4.029851762627136 ,         0.935223636551812 ,         2.435403983233988 , 
   7.32000 ,        16.189111665882791 ,         0.359241143288268 ,         0.041351498508002 ,         4.225606253786457 ,         0.966591277624547 ,         2.454922165330526 , 
   7.33000 ,        17.217177034953483 ,         0.329909979112881 ,         0.063146831939575 ,         4.171557040579673 ,         0.970077096786021 ,         2.508475681028215 , 
   7.34000 ,        16.286076889539679 ,         0.323870847235164 ,         0.064260088737136 ,         4.368400832350487 ,         1.004063886517746 ,         2.465338304400213 , 
   7.35000 ,        16.118747315095455 ,         0.271721885400782 ,         0.060240229310551 ,         4.156575822428002 ,         0.951026598902737 ,         2.452546357143380 , 
   7.36000 ,        15.931814769051954 ,         0.242863030016036 ,         0.060076644267125 ,         4.211756231067570 ,         0.959948081800226 ,         2.357688730866201 , 
   7.37000 ,        15.317517349798461 ,         0.216709216833034 ,         0.085408926634196 ,         4.202884046461845 ,         0.914321681020551 ,         2.208521871548422 , 
   7.38000 ,        14.665806846204569 ,         0.172897861571066 ,         0.083906315174194 ,         3.924527196102072 ,         0.963333489746144 ,         2.129122747545172 , 
   7.39000 ,        13.449559842242602 ,         0.167358776317498 ,         0.107768908992329 ,         3.930395504426099 ,         0.888459564427932 ,         2.003867772498532 , 
   7.40000 ,        13.008611796066369 ,         0.161848980355414 ,         0.107477838517267 ,         3.706088761107166 ,         0.893646616142098 ,         1.870746612779956 , 
   7.41000 ,        12.388404450096610 ,         0.128625534803528 ,         0.131147604113401 ,         3.435058400047146 ,         0.824086147001032 ,         1.734868426528951 , 
   7.42000 ,        12.033079720457224 ,         0.113187413758481 ,         0.168523482707072 ,         3.040968516311200 ,         0.804888275615868 ,         1.530230952118136 , 
   7.43000 ,        10.776558204176414 ,         0.122916981379107 ,         0.185629726980692 ,         2.906108631177462 ,         0.758510658051174 ,         1.453367879316739 , 
   7.44000 ,        10.087140877192120 ,         0.087561986781182 ,         0.231413822207409 ,         2.575573296892185 ,         0.715506520554798 ,         1.248071033013199 , 
   7.45000 ,         8.024111015915622 ,         0.087327078842365 ,         0.273209003806829 ,         2.436425499701992 ,         0.691131452552434 ,         1.127766846764260 , 
   7.46000 ,         8.122055061838463 ,         0.074651241377192 ,         0.301093340221340 ,         1.991943957414733 ,         0.645422191073637 ,         0.995038838190152 , 
   7.47000 ,         7.822371535746111 ,         0.047152620297962 ,         0.310214607223434 ,         1.925812281643078 ,         0.652071104383658 ,         0.832305791180473 , 
   7.48000 ,         6.138212505668096 ,         0.056926970818696 ,         0.399726338574757 ,         1.666970210712687 ,         0.624030979028858 ,         0.749950963394126 , 
   7.49000 ,         6.220572271465262 ,         0.061712026502632 ,         0.504804376791526 ,         1.399628761079684 ,         0.603235059063224 ,         0.636868113507158 , 
   7.50000 ,         5.731309795992956 ,         0.039390445333285 ,         0.551466234665989 ,         1.250646639331796 ,         0.598857864207597 ,         0.561621583853476 , 
   7.51000 ,         4.714273664488267 ,         0.036830263003815 ,         0.730466882908989 ,         1.082809732312149 ,         0.636242793390897 ,         0.468051259006810 , 
   7.52000 ,         4.740925241212426 ,         0.031834725276736 ,         0.788521656854546 ,         0.977081183493677 ,         0.630266339853847 ,         0.390587590895342 , 
   7.53000 ,         4.259415075143993 ,         0.026865576735427 ,         0.935410535424398 ,         0.851150317481469 ,         0.701863192213019 ,         0.315670526641262 , 
   7.54000 ,         3.254297121185945 ,         0.024358511386122 ,         1.159465141979423 ,         0.759985555247017 ,         0.730755341583670 ,         0.259418146262203 , 
   7.55000 ,         3.284552622094410 ,         0.024294028269929 ,         1.252357157314844 ,         0.632859436431652 ,         0.787430191299076 ,         0.229274891797456 , 
   7.56000 ,         2.422980086979403 ,         0.019383840695835 ,         1.425923781187379 ,         0.533055619135469 ,         0.842288452736215 ,         0.169608606088558 , 
   7.57000 ,         2.281254147662016 ,         0.021749245051862 ,         1.677108451776948 ,         0.484524848099824 ,         0.951227398171039 ,         0.162213119345141 , 
   7.58000 ,         2.255957292451993 ,         0.019281686260273 ,         1.931783942201146 ,         0.389249041379270 ,         1.029160004142095 ,         0.127138618778678 , 
   7.59000 ,         1.903860248956689 ,         0.007211591852109 ,         2.078140385382648 ,         0.348560272851919 ,         1.125308811922790 ,         0.113282088676874 , 
   7.60000 ,         1.630328665851710 ,         0.009590168622657 ,         2.259683481713583 ,         0.299692769458035 ,         1.246422228175967 ,         0.100097384998984 , 
   7.61000 ,         1.587786856561217 ,         0.007173735797716 ,         2.584936132443789 ,         0.280971318743890 ,         1.292468066221894 ,         0.092660754053836 , 
   7.62000 ,         1.144787112372418 ,         0.014309838904655 ,         2.683094794622855 ,         0.269501966037673 ,         1.396103658135426 ,         0.084070303564849 , 
   7.63000 ,         0.913430661304562 ,         0.004757451360961 ,         2.932968764032616 ,         0.256902373491908 ,         1.525060501898144 ,         0.078200606745801 , 
   7.64000 ,         0.816140937769348 ,         0.011862513630368 ,         3.187457412479998 ,         0.238436523970406 ,         1.608260285437201 ,         0.086892912342449 , 
   7.65000 ,         0.757217331024398 ,         0.007098912478354 ,         3.325840496108723 ,         0.296971172011131 ,         1.634820386160878 ,         0.081933281520999 , 
   7.66000 ,         0.679717397763400 ,         0.004720259706690 ,         3.392686664183636 ,         0.239553180114532 ,         1.755051562193778 ,         0.089979950658783 , 
   7.67000 ,         0.489627773713794 ,         0.002353979681316 ,         3.585111054644749 ,         0.300132409367830 ,         1.742239211634238 ,         0.103575105977918 , 
   7.68000 ,         0.563484844259606 ,         0.004695707035497 ,         3.682608242588300 ,         0.362743368492121 ,         1.824869146669912 ,         0.105946889988395 , 
   7.69000 ,         0.355946188151842 ,         0.002341751237841 ,         3.692941702075363 ,         0.341895680724796 ,         1.837396564991047 ,         0.129089036985989 , 
   7.70000 ,         0.355022253075824 ,         0.007007018152812 ,         3.591096803316313 ,         0.352686580358220 ,         1.885179842196214 ,         0.153278522092769 , 
   7.71000 ,         0.111821656024834 ,         0.002329617833851 ,         3.766992037336593 ,         0.401859076339247 ,         1.905044983631416 ,         0.180254179894198 , 
   7.72000 ,         0.204475608848845 ,         0.002323586464191 ,         3.809520008041841 ,         0.405465838001404 ,         2.005836015213248 ,         0.201571125768606 , 
   7.73000 ,         0.185406278962236 ,         0.000000000000000 ,         3.644392170851459 ,         0.471627222110189 ,         2.017741770268713 ,         0.243635438448814 , 
   7.74000 ,         0.110956501514256 ,         0.002311593781547 ,         3.470858062992825 ,         0.507394835049567 ,         2.090547626186571 ,         0.264099589541745 , 
   7.75000 ,         0.110670346930282 ,         0.002305632227714 ,         3.623301045852884 ,         0.578713689156267 ,         2.088326390252147 ,         0.305208066143669 , 
   7.76000 ,         0.147180397201161 ,         0.004599387412536 ,         3.363302045417159 ,         0.664611481111493 ,         2.131241142284002 ,         0.359327141604397 , 
   7.77000 ,         0.183502247897145 ,         0.006881334296143 ,         3.420023145183039 ,         0.776443886414795 ,         2.142962188723846 ,         0.423775503737469 , 
   7.78000 ,         0.036606164597108 ,         0.009151541149277 ,         3.156137753856940 ,         0.833934187227876 ,         2.199801703757483 ,         0.481885838641622 , 
   7.79000 ,         0.237329576130897 ,         0.000000000000000 ,         2.979170784989286 ,         0.964151403031768 ,         2.277451124794568 ,         0.549965652380251 , 
   7.80000 ,         0.036418681373471 ,         0.000000000000000 ,         3.003403129518438 ,         1.095974692582893 ,         2.213288456283055 ,         0.618833062400777 , 
   7.81000 ,         0.127139177986548 ,         0.004540684928091 ,         2.773223319831588 ,         1.165820855287368 ,         2.286518654101832 ,         0.659534485805220 , 
   7.82000 ,         0.090581586998726 ,         0.011322698374841 ,         2.577046150113764 ,         1.264745408469716 ,         2.269351821777466 ,         0.759186926033075 , 
   7.83000 ,         0.090350364183793 ,         0.009035036418379 ,         2.451883008037692 ,         1.402689403953392 ,         2.204548886084558 ,         0.844493560230394 , 
   7.84000 ,         0.090120025585486 ,         0.022530006396372 ,         2.201181624925499 ,         1.515142930155986 ,         2.237229635159693 ,         0.921477261611596 , 
   7.85000 ,         0.107868680041337 ,         0.006741792502584 ,         1.932647184073957 ,         1.564095860599388 ,         2.198105263863185 ,         0.975312648707090 , 
   7.86000 ,         0.000000000000000 ,         0.002241549576415 ,         1.741684020874691 ,         1.632968866418549 ,         2.103694277465763 ,         1.047644233277103 , 
   7.87000 ,         0.053660562123793 ,         0.004471713510316 ,         1.617642362356831 ,         1.698133205542520 ,         2.006122473565538 ,         1.096687738405012 , 
   7.88000 ,         0.035682969493109 ,         0.011150927966597 ,         1.458541378030831 ,         1.798644681012027 ,         1.930504404217031 ,         1.163878106513517 , 
   7.89000 ,         0.124574014945065 ,         0.011122679905809 ,         1.305802620942018 ,         1.801874144741115 ,         1.838857055427931 ,         1.223494789639029 , 
   7.90000 ,         0.035502524954280 ,         0.011094539048212 ,         1.087264826724824 ,         1.859444744480414 ,         1.723259277663606 ,         1.297783705164657 , 
   7.91000 ,         0.053119223289764 ,         0.019919708733662 ,         1.044678058032027 ,         1.767320824869859 ,         1.606579841894063 ,         1.357583482723294 , 
   7.92000 ,         0.017661722846273 ,         0.006623146067352 ,         0.885293857669443 ,         1.754029850170506 ,         1.568029831445691 ,         1.367955627327753 , 
   7.93000 ,         0.017617206870257 ,         0.008808603435129 ,         0.746529141127149 ,         1.755114234449373 ,         1.401118483900143 ,         1.442133543644960 , 
   7.94000 ,         0.017572858984655 ,         0.021966073730819 ,         0.663375426670730 ,         1.753990987405887 ,         1.373703335941086 ,         1.423401577757063 , 
   7.95000 ,         0.017528678344261 ,         0.013146508758196 ,         0.579541927757139 ,         1.714523850548058 ,         1.227007484098291 ,         1.462822984948431 , 
   7.96000 ,         0.017484664109176 ,         0.017484664109176 ,         0.476457096975043 ,         1.637001677221594 ,         1.166828131410786 ,         1.453959099828659 , 
   7.97000 ,         0.017440815444765 ,         0.013080611583574 ,         0.461091558320971 ,         1.638346600842601 ,         1.061437127458738 ,         1.500182640991104 , 
   7.98000 ,         0.000000000000000 ,         0.015222490081418 ,         0.347942630432409 ,         1.545082743263915 ,         0.996257609792795 ,         1.472775915377180 , 
   7.99000 ,         0.017353611515522 ,         0.015184410076082 ,         0.339480025272396 ,         1.582432450071646 ,         0.947941029035379 ,         1.531456216244801 , 
   8.00000 ,         0.034620509214793 ,         0.012982690955547 ,         0.270472728240569 ,         1.389147932243564 ,         0.860373748533251 ,         1.484895278040726 , 
   8.01000 ,         0.000000000000000 ,         0.010791912489551 ,         0.215838249791016 ,         1.347909869944898 ,         0.813979999524371 ,         1.462843737958614 , 
   8.02000 ,         0.000000000000000 ,         0.023683036897142 ,         0.195923305239990 ,         1.250894948839939 ,         0.757049804450677 ,         1.505756720903498 , 
   8.03000 ,         0.017181154356549 ,         0.015033510061980 ,         0.183623587185619 ,         1.206976093547575 ,         0.704158873081693 ,         1.497444984387984 , 
   8.04000 ,         0.017138441751212 ,         0.034276883502424 ,         0.137107534009696 ,         1.113998713828781 ,         0.698123713209527 ,         1.496667983555061 , 
   8.05000 ,         0.051287664673111 ,         0.034191776448741 ,         0.118602724556569 ,         1.007588912223827 ,         0.657123203624235 ,         1.457691594381077 , 
   8.06000 ,         0.000000000000000 ,         0.038370359220846 ,         0.098057584675496 ,         0.913427718118479 ,         0.645901046884245 ,         1.430361724288213 , 
   8.07000 ,         0.034022510510267 ,         0.017011255255133 ,         0.081866665915329 ,         0.886711680173826 ,         0.627290037533042 ,         1.406086567182115 , 
   8.08000 ,         0.000000000000000 ,         0.031817201717616 ,         0.077421857512865 ,         0.764673414613367 ,         0.580929074694135 ,         1.372116824072182 , 
   8.09000 ,         0.016927249195394 ,         0.040202216839061 ,         0.078288527528699 ,         0.681321780114620 ,         0.654343976709460 ,         1.292025192492203 , 
   8.10000 ,         0.016885479323475 ,         0.029549588816080 ,         0.071763287124767 ,         0.647980269038336 ,         0.609987940560519 ,         1.255593689068991 , 
   8.11000 ,         0.000000000000000 ,         0.052637074589756 ,         0.068428196966683 ,         0.531634453356534 ,         0.684018784293877 ,         1.190650627220277 , 
   8.12000 ,         0.000000000000000 ,         0.050407206212788 ,         0.057758257118819 ,         0.505122212257310 ,         0.692311472828756 ,         1.147551553937995 , 
   8.13000 ,         0.016761093174562 ,         0.058663826110968 ,         0.071234645991889 ,         0.424265170981105 ,         0.681966978539998 ,         1.063805632422992 , 
   8.14000 ,         0.000000000000000 ,         0.071059729822078 ,         0.072104725848873 ,         0.369928593485522 ,         0.749523400218900 ,         1.029843584406728 , 
   8.15000 ,         0.000000000000000 ,         0.077140056277942 ,         0.099031153329790 ,         0.320026990234165 ,         0.796158351111868 ,         0.946268730895972 , 
   8.16000 ,         0.000000000000000 ,         0.085270141591180 ,         0.072791584285153 ,         0.325482369732185 ,         0.818645353264099 ,         0.914834232498051 , 
   8.17000 ,         0.016597371654275 ,         0.066389486617102 ,         0.095434887012084 ,         0.281117982394290 ,         0.837129932812516 ,         0.889256053164224 , 
   8.18000 ,         0.000000000000000 ,         0.082784080465805 ,         0.120036916675417 ,         0.256630649443996 ,         0.874665550171521 ,         0.873113348662787 , 
   8.19000 ,         0.000000000000000 ,         0.099098453978876 ,         0.114582587413076 ,         0.238455654886671 ,         0.916402630414037 ,         0.843885272163870 , 
   8.20000 ,         0.000000000000000 ,         0.084440266907336 ,         0.160642458994444 ,         0.243023207196723 ,         0.954586919793907 ,         0.844402669073359 , 
   8.21000 ,         0.000000000000000 ,         0.094507214507893 ,         0.156142354404345 ,         0.247567811917415 ,         0.991041686918367 ,         0.826938126944064 , 
   8.22000 ,         0.000000000000000 ,         0.127069552398897 ,         0.188554819688686 ,         0.230569752336709 ,         1.062157992431104 ,         0.833637749004055 , 
   8.23000 ,         0.000000000000000 ,         0.139028132177995 ,         0.228987511822580 ,         0.253521888089285 ,         1.079256989315577 ,         0.862536665626349 , 
   8.24000 ,         0.000000000000000 ,         0.195798903611444 ,         0.281460923941451 ,         0.262084990771569 ,         1.070010414657854 ,         0.888233567945666 , 
   8.25000 ,         0.000000000000000 ,         0.197359157829010 ,         0.284848269031560 ,         0.269588540333441 ,         1.120827072876863 ,         0.913549091394075 , 
   8.26000 ,         0.000000000000000 ,         0.219208357049902 ,         0.329827389079713 ,         0.286188688370705 ,         1.150082734383338 ,         0.957767995212243 , 
   8.27000 ,         0.000000000000000 ,         0.242976165100194 ,         0.352315439395281 ,         0.284484593304810 ,         1.194379711570640 ,         0.995442976394856 , 
   8.28000 ,         0.000000000000000 ,         0.298947198776444 ,         0.412062355070234 ,         0.326216031097269 ,         1.206645830196476 ,         1.058687165937189 , 
   8.29000 ,         0.000000000000000 ,         0.314346756718398 ,         0.507790914698950 ,         0.357670187932792 ,         1.239755397890988 ,         1.084597062844086 , 
   8.30000 ,         0.016081525694771 ,         0.400027951657431 ,         0.566873780740681 ,         0.395002474877815 ,         1.280491483446148 ,         1.159126219218422 , 
   8.31000 ,         0.000000000000000 ,         0.427140746903026 ,         0.630684342258224 ,         0.424132713474131 ,         1.291198349352985 ,         1.203213371557820 , 
   8.32000 ,         0.000000000000000 ,         0.462124266548301 ,         0.703189089574579 ,         0.469126149374790 ,         1.322605652475088 ,         1.220078082515778 , 
   8.33000 ,         0.000000000000000 ,         0.560802271702401 ,         0.713476199763730 ,         0.534857682620083 ,         1.354357443537515 ,         1.286003429993717 , 
   8.34000 ,         0.000000000000000 ,         0.738644138057568 ,         0.811313979133312 ,         0.627150683256426 ,         1.338668065569965 ,         1.366043690632746 , 
   8.35000 ,         0.000000000000000 ,         0.772627385907212 ,         0.870943724216742 ,         0.658421538375940 ,         1.393311339881515 ,         1.378911472149311 , 
   8.36000 ,         0.000000000000000 ,         0.919388089325325 ,         0.987747764070419 ,         0.768798660901350 ,         1.427379730275283 ,         1.401621012255392 , 
   8.37000 ,         0.000000000000000 ,         0.956726697789510 ,         0.988354026642055 ,         0.801555115606707 ,         1.451150799617198 ,         1.441514347857438 , 
   8.38000 ,         0.000000000000000 ,         1.062904328531737 ,         1.097414209328222 ,         0.868662999477236 ,         1.466423434702064 ,         1.439801526659062 , 
   8.39000 ,         0.000000000000000 ,         1.243330548880146 ,         1.176442513022670 ,         0.854789752355100 ,         1.451126101452085 ,         1.445716039728318 , 
   8.40000 ,         0.000000000000000 ,         1.456259532219295 ,         1.304156953045447 ,         0.924391158592032 ,         1.521516445219688 ,         1.474413711023916 , 
   8.41000 ,         0.000000000000000 ,         1.531116404444820 ,         1.302036328587986 ,         1.022049569207412 ,         1.528179480395373 ,         1.449127274731103 , 
   8.42000 ,         0.000000000000000 ,         1.601707162321408 ,         1.349731279468406 ,         1.068455875353427 ,         1.603172138384506 ,         1.426398360103912 , 
   8.43000 ,         0.000000000000000 ,         1.898004579571970 ,         1.366992004691722 ,         1.108793229749950 ,         1.625434363383439 ,         1.395734887185240 , 
   8.44000 ,         0.000000000000000 ,         2.017929125587599 ,         1.406523817305037 ,         1.245167249459400 ,         1.668971246933482 ,         1.373474881722195 , 
   8.45000 ,         0.000000000000000 ,         2.183827955720696 ,         1.459440973960767 ,         1.227675928926466 ,         1.690478722828643 ,         1.349134388719546 , 
   8.46000 ,         0.000000000000000 ,         2.321848980881839 ,         1.454057924277251 ,         1.347639845986834 ,         1.726391460993184 ,         1.297091258798885 , 
   8.47000 ,         0.000000000000000 ,         2.511330809691915 ,         1.415880975333605 ,         1.318400417386302 ,         1.742103040543393 ,         1.246255152964906 , 
   8.48000 ,         0.000000000000000 ,         2.603625018291281 ,         1.511720147454627 ,         1.402914812000886 ,         1.705258841491812 ,         1.200950926059098 , 
   8.49000 ,         0.000000000000000 ,         2.854939293596980 ,         1.441878828966712 ,         1.508161066940531 ,         1.798265934594060 ,         1.159458858469568 , 
   8.50000 ,         0.000000000000000 ,         3.039896383725389 ,         1.423154517601577 ,         1.542948668914841 ,         1.791401738738551 ,         1.117919020055380 , 
   8.51000 ,         0.000000000000000 ,         2.990687791464466 ,         1.317508879999372 ,         1.546017314193747 ,         1.804164917676934 ,         1.061990557662774 , 
   8.52000 ,         0.000000000000000 ,         3.204966848347669 ,         1.334448994297140 ,         1.661622693399297 ,         1.859548473468387 ,         0.995352055431784 , 
   8.53000 ,         0.000000000000000 ,         3.195553429545967 ,         1.298966775262134 ,         1.611099450929518 ,         1.855428915800253 ,         0.903329092613612 , 
   8.54000 ,         0.000000000000000 ,         3.174782526651097 ,         1.230418108415019 ,         1.578846693128222 ,         1.878381348378946 ,         0.830484753345708 , 
   8.55000 ,         0.000000000000000 ,         3.174937895953971 ,         1.156503332625239 ,         1.540110089147123 ,         1.871385306662011 ,         0.788524999517208 , 
   8.56000 ,         0.000000000000000 ,         3.173193943223483 ,         1.131123630148454 ,         1.425952847029254 ,         1.891112084239427 ,         0.709196561759745 , 
   8.57000 ,         0.000000000000000 ,         3.137510067985463 ,         1.012525785161174 ,         1.433940148258981 ,         1.861482460708322 ,         0.660404387807637 , 
   8.58000 ,         0.000000000000000 ,         2.989116016431137 ,         0.942446270756450 ,         1.253773332253840 ,         1.872900335971838 ,         0.605723950466222 , 
   8.59000 ,         0.000000000000000 ,         2.920227693553267 ,         0.912101965981290 ,         1.210505695592453 ,         1.890594069918523 ,         0.521971932692482 , 
   8.60000 ,         0.000000000000000 ,         2.714966968182410 ,         0.848193128680436 ,         1.201138834544149 ,         1.860922617587788 ,         0.487523809889997 , 
   8.61000 ,         0.000000000000000 ,         2.473290518743094 ,         0.759359966668480 ,         1.090937811892724 ,         1.860105010603049 ,         0.424746549621761 , 
   8.62000 ,         0.000000000000000 ,         2.374369729710764 ,         0.726847876442071 ,         0.917878408071076 ,         1.869303641208710 ,         0.357366872584018 , 
   8.63000 ,         0.000000000000000 ,         2.275900530504933 ,         0.671241904830295 ,         0.860900282372373 ,         1.827786128665318 ,         0.329577915875817 , 
   8.64000 ,         0.000000000000000 ,         1.988660974347370 ,         0.581572029345056 ,         0.801400691154910 ,         1.809876271546318 ,         0.278959789195416 , 
   8.65000 ,         0.000000000000000 ,         1.878569548722654 ,         0.522853100999162 ,         0.752353223207644 ,         1.778163245256443 ,         0.237366053816434 , 
   8.66000 ,         0.000000000000000 ,         1.696966146055990 ,         0.510567072235562 ,         0.615819597072549 ,         1.785599851181874 ,         0.211197500495271 , 
   8.67000 ,         0.000000000000000 ,         1.602782193146091 ,         0.470702126837731 ,         0.590450221727956 ,         1.801057404108560 ,         0.192287806217958 , 
   8.68000 ,         0.000000000000000 ,         1.428153931236340 ,         0.410801034274546 ,         0.533030424785764 ,         1.761527701220885 ,         0.165193480784898 , 
   8.69000 ,         0.000000000000000 ,         1.223150035809200 ,         0.355758781029962 ,         0.452033708886009 ,         1.743722324287965 ,         0.157478274850247 , 
   8.70000 ,         0.000000000000000 ,         1.141667231310542 ,         0.317434718962146 ,         0.378726148848209 ,         1.747491849848528 ,         0.141793606452832 , 
   8.71000 ,         0.000000000000000 ,         1.060555190841638 ,         0.271984033451642 ,         0.362341145235912 ,         1.731160118957725 ,         0.131884875281081 , 
   8.72000 ,         0.000000000000000 ,         0.903321107468131 ,         0.233115124507905 ,         0.288662087769554 ,         1.694865333946632 ,         0.133631423912246 , 
   8.73000 ,         0.000000000000000 ,         0.821302981075368 ,         0.208959829255901 ,         0.246209190123257 ,         1.682808016257578 ,         0.121287553068099 , 
   8.74000 ,         0.000000000000000 ,         0.652639097471161 ,         0.207575490723467 ,         0.227517240923974 ,         1.676919903224512 ,         0.140045472999020 , 
   8.75000 ,         0.000000000000000 ,         0.571563423117433 ,         0.170022030927338 ,         0.159169560868146 ,         1.582651883632133 ,         0.153065046459851 , 
   8.76000 ,         0.000000000000000 ,         0.510706840951163 ,         0.147978660628959 ,         0.164220220941894 ,         1.582198667151705 ,         0.163092334809051 , 
   8.77000 ,         0.000000000000000 ,         0.462729714401947 ,         0.138638863848054 ,         0.137738611485405 ,         1.506797391984941 ,         0.199856024508234 , 
   8.78000 ,         0.000000000000000 ,         0.405987684555192 ,         0.139221440500121 ,         0.114969963767842 ,         1.434205387861734 ,         0.219161493432449 , 
   8.79000 ,         0.000000000000000 ,         0.319033071140844 ,         0.117397000897333 ,         0.093200672468112 ,         1.348497229772993 ,         0.246892166009277 , 
   8.80000 ,         0.000000000000000 ,         0.246778428698707 ,         0.108189093741100 ,         0.079577102007916 ,         1.241492203797661 ,         0.271590390279827 , 
   8.81000 ,         0.000000000000000 ,         0.231944985678415 ,         0.103483147456523 ,         0.072259783999814 ,         1.192286435996927 ,         0.342564901925043 , 
   8.82000 ,         0.000000000000000 ,         0.206497249686464 ,         0.081886840392908 ,         0.067645650759359 ,         1.100131899191676 ,         0.380729304109417 , 
   8.83000 ,         0.000000000000000 ,         0.143865634211401 ,         0.065716400812615 ,         0.067492519753497 ,         1.031703089784541 ,         0.440255482471002 , 
   8.84000 ,         0.000000000000000 ,         0.139996124794357 ,         0.079744628047418 ,         0.075314370933673 ,         0.934341225288918 ,         0.497739386729303 , 
   8.85000 ,         0.000000000000000 ,         0.118462723872280 ,         0.070724014252107 ,         0.070724014252107 ,         0.880513977438738 ,         0.564024013660557 , 
   8.86000 ,         0.000000000000000 ,         0.107610796126034 ,         0.068800345064186 ,         0.081149124947501 ,         0.806639943092283 ,         0.599797880046750 , 
   8.87000 ,         0.000000000000000 ,         0.103848021123740 ,         0.077445981854992 ,         0.066885166147493 ,         0.755318340080080 ,         0.692393479822899 , 
   8.88000 ,         0.000000000000000 ,         0.070246956545686 ,         0.099223826120782 ,         0.092199130466213 ,         0.729251217639906 ,         0.716079913287590 , 
   8.89000 ,         0.000000000000000 ,         0.064832333832531 ,         0.087611261935853 ,         0.107761852181099 ,         0.668473928570555 ,         0.776673837061332 , 
   8.90000 ,         0.000000000000000 ,         0.052448695993538 ,         0.104897391987076 ,         0.124128580518040 ,         0.653860410052772 ,         0.825848425664915 , 
   8.91000 ,         0.000000000000000 ,         0.059308503063379 ,         0.120361373863916 ,         0.126466660943970 ,         0.652611579664312 ,         0.839913065441674 , 
   8.92000 ,         0.000000000000000 ,         0.053954222536055 ,         0.117480968425281 ,         0.148809226672023 ,         0.654630062947539 ,         0.911347734691671 , 
   8.93000 ,         0.000000000000000 ,         0.036467822378684 ,         0.151949259911182 ,         0.167578326644904 ,         0.642311228681699 ,         0.939697637365013 , 
   8.94000 ,         0.000000000000000 ,         0.038118964735536 ,         0.183664102816672 ,         0.225248427982712 ,         0.664049692495186 ,         0.959255084168682 , 
   8.95000 ,         0.000000000000000 ,         0.044949072158575 ,         0.185847125271031 ,         0.288711348095463 ,         0.674019981070170 ,         1.002277868612841 , 
   8.96000 ,         0.000000000000000 ,         0.039673934399285 ,         0.235456175891411 ,         0.283754878638368 ,         0.684375368387674 ,         0.978911207460630 , 
   8.97000 ,         0.000000000000000 ,         0.022374426921963 ,         0.285704220695835 ,         0.308939202499412 ,         0.689949876333993 ,         0.985980755609195 , 
   8.98000 ,         0.000000000000000 ,         0.017172786913263 ,         0.307392885747411 ,         0.375225394054801 ,         0.692921951950170 ,         0.970477120435787 , 
   8.99000 ,         0.000000000000000 ,         0.010280762380535 ,         0.382101668476562 ,         0.460920846727332 ,         0.727792303522061 ,         0.963393108075995 , 
   9.00000 ,         0.000000000000000 ,         0.015386893404840 ,         0.410317157462410 ,         0.517170583884912 ,         0.754812604248558 ,         0.936463429166812 , 
   9.01000 ,         0.000000000000000 ,         0.015352757216073 ,         0.510052711956207 ,         0.623492529163858 ,         0.744821957718658 ,         0.899202460835838 , 
   9.02000 ,         0.000000000000000 ,         0.017020816110377 ,         0.585516074196976 ,         0.700406582942022 ,         0.752745592481432 ,         0.888699361163070 , 
   9.03000 ,         0.000000000000000 ,         0.023776394059092 ,         0.632621913357978 ,         0.785470160880711 ,         0.792687994791507 ,         0.854464161498611 , 
   9.04000 ,         0.000000000000000 ,         0.013556468866920 ,         0.732049318813700 ,         0.929465396688228 ,         0.812329032884994 ,         0.799196203670165 , 
   9.05000 ,         0.000000000000000 ,         0.011835710577869 ,         0.800601279802971 ,         1.035624675563505 ,         0.837376523384206 ,         0.735927575573903 , 
   9.06000 ,         0.000000000000000 ,         0.013496682975078 ,         0.867161881148780 ,         1.158184107798905 ,         0.828358917595430 ,         0.721439882152231 , 
   9.07000 ,         0.000000000000000 ,         0.015150305510171 ,         0.956152614419657 ,         1.268417244657062 ,         0.862515309530408 ,         0.637364935976483 , 
   9.08000 ,         0.000000000000000 ,         0.008398307318058 ,         1.005277385971546 ,         1.395798676261244 ,         0.868175019004249 ,         0.617485545560217 , 
   9.09000 ,         0.000000000000000 ,         0.006703871487994 ,         1.127088393919061 ,         1.578761735422685 ,         0.872550773359273 ,         0.558306797359535 , 
   9.10000 ,         0.000000000000000 ,         0.011706005152575 ,         1.094511481765795 ,         1.722455043878943 ,         0.890074463208318 ,         0.504403400592220 , 
   9.11000 ,         0.000000000000000 ,         0.006674468581253 ,         1.326550630523958 ,         1.842153328425723 ,         0.921076664212861 ,         0.450318052091388 , 
   9.12000 ,         0.000000000000000 ,         0.006659839614883 ,         1.353612401724869 ,         1.957160366823596 ,         0.910733067335183 ,         0.415407495978296 , 
   9.13000 ,         0.000000000000000 ,         0.001661314672767 ,         1.424577331897973 ,         2.144757242542604 ,         0.885065391916787 ,         0.382517703404674 , 
   9.14000 ,         0.000000000000000 ,         0.006630725599676 ,         1.412344552731006 ,         2.130949439595902 ,         0.921049227830006 ,         0.325527184909098 , 
   9.15000 ,         0.000000000000000 ,         0.006616240131714 ,         1.486172939586223 ,         2.182532213449105 ,         0.925653345927590 ,         0.309515983661738 , 
   9.16000 ,         0.000000000000000 ,         0.016504505198334 ,         1.490356819409550 ,         2.323009106665495 ,         0.932091931075906 ,         0.268198209472926 , 
   9.17000 ,         0.000000000000000 ,         0.008234264044774 ,         1.515928010642828 ,         2.403581674669427 ,         0.948381361356805 ,         0.244557642129777 , 
   9.18000 ,         0.000000000000000 ,         0.004929800546684 ,         1.503589166738679 ,         2.440251270608675 ,         0.943029762909464 ,         0.239916959938631 , 
   9.19000 ,         0.000000000000000 ,         0.006558770354141 ,         1.579843809053598 ,         2.476755654982315 ,         0.949177047188274 ,         0.223818038335045 , 
   9.20000 ,         0.000000000000000 ,         0.004908389931106 ,         1.487242149125114 ,         2.531093074473654 ,         0.965521202697974 ,         0.215969156968663 , 
   9.21000 ,         0.000000000000000 ,         0.011428052746814 ,         1.527277620663513 ,         2.425196050770336 ,         0.958527924139033 ,         0.200807212551162 , 
   9.22000 ,         0.000000000000000 ,         0.013032315989042 ,         1.523151931219260 ,         2.502204669896025 ,         0.988419715793889 ,         0.227861899870903 , 
   9.23000 ,         0.000000000000000 ,         0.006502046125663 ,         1.580809964301914 ,         2.430952495232403 ,         1.011271361482085 ,         0.232448148992466 , 
   9.24000 ,         0.000000000000000 ,         0.009731970074637 ,         1.454929526158305 ,         2.364868728136911 ,         0.997324183273788 ,         0.258910953860668 , 
   9.25000 ,         0.000000000000000 ,         0.012947919137778 ,         1.484964476113965 ,         2.263458114272894 ,         1.022278678174914 ,         0.267455454689736 , 
   9.26000 ,         0.000000000000000 ,         0.011304972850863 ,         1.471261466733803 ,         2.163287304818802 ,         1.023100043003144 ,         0.309473631792387 , 
   9.27000 ,         0.000000000000000 ,         0.011280595560371 ,         1.521268886998665 ,         2.127198019955760 ,         1.056750076959083 ,         0.369036626189295 , 
   9.28000 ,         0.000000000000000 ,         0.011256297033298 ,         1.426333638362133 ,         1.916786580527241 ,         1.027539114896734 ,         0.407437751544538 , 
   9.29000 ,         0.000000000000000 ,         0.012836659349363 ,         1.449740215268649 ,         1.874152265006953 ,         1.054411221868745 ,         0.451489378053366 , 
   9.30000 ,         0.000000000000000 ,         0.012809068474775 ,         1.389783929513046 ,         1.782061651553019 ,         1.040936955270356 ,         0.549388952550880 , 
   9.31000 ,         0.000000000000000 ,         0.019172349689461 ,         1.486655948836928 ,         1.624057788278063 ,         1.037304002990194 ,         0.620105685268493 , 
   9.32000 ,         0.000000000000000 ,         0.022319767614889 ,         1.449190625852448 ,         1.550426714677124 ,         1.042253434159558 ,         0.683742166845400 , 
   9.33000 ,         0.000000000000000 ,         0.023862801534581 ,         1.508129056985544 ,         1.430177238639245 ,         1.060502671532688 ,         0.781705606936995 , 
   9.34000 ,         0.000000000000000 ,         0.033336423144919 ,         1.516807253093814 ,         1.346156515566253 ,         1.062400056654145 ,         0.896710096380291 , 
   9.35000 ,         0.000000000000000 ,         0.042769482977908 ,         1.531781112579158 ,         1.220514319795493 ,         1.037951989676829 ,         0.999736664608605 , 
   9.36000 ,         0.000000000000000 ,         0.060065536029156 ,         1.545897216750388 ,         1.089083008528648 ,         1.056086480512631 ,         1.118127856542746 , 
   9.37000 ,         0.000000000000000 ,         0.044164397249818 ,         1.523671705118736 ,         0.979503239004902 ,         1.066649058578204 ,         1.238180422896695 , 
   9.38000 ,         0.000000000000000 ,         0.053513911788159 ,         1.618795831591805 ,         0.923114978345740 ,         1.040570145027839 ,         1.330568328762200 , 
   9.39000 ,         0.000000000000000 ,         0.069105871804210 ,         1.580796817521295 ,         0.802570465726162 ,         1.029324107583725 ,         1.460450512362260 , 
   9.40000 ,         0.000000000000000 ,         0.079929652935090 ,         1.510827165282884 ,         0.754629958593059 ,         1.023804819212701 ,         1.576063867310789 , 
   9.41000 ,         0.000000000000000 ,         0.104782562296514 ,         1.548279651844020 ,         0.688124289708453 ,         1.031208985287526 ,         1.687077448915896 , 
   9.42000 ,         0.000000000000000 ,         0.171666019890658 ,         1.451358168166472 ,         0.625800672510489 ,         1.031166569479566 ,         1.750798327862108 , 
   9.43000 ,         0.000000000000000 ,         0.161958375651570 ,         1.447502982385906 ,         0.476531374513273 ,         1.001338803307303 ,         1.895419115047279 , 
   9.44000 ,         0.000000000000000 ,         0.166277408696971 ,         1.385386073395793 ,         0.487954264774289 ,         1.031463831987053 ,         1.959392782156949 , 
   9.45000 ,         0.000000000000000 ,         0.213997612514782 ,         1.386332359334893 ,         0.396981078288292 ,         0.985862189538208 ,         2.066705203471565 , 
   9.46000 ,         0.000000000000000 ,         0.215092856059842 ,         1.274309114858131 ,         0.374478209830805 ,         0.986487019698917 ,         2.139709688609691 , 
   9.47000 ,         0.000000000000000 ,         0.299567869550755 ,         1.243824324346048 ,         0.327362826519382 ,         0.986527951851746 ,         2.242126528802559 , 
   9.48000 ,         0.000000000000000 ,         0.302018019745742 ,         1.211924349642992 ,         0.281986212313627 ,         0.961526756741547 ,         2.198876092740686 , 
   9.49000 ,         0.000000000000000 ,         0.341361083776909 ,         1.120955991321470 ,         0.285236401083858 ,         0.948353371258596 ,         2.269974323989465 , 
   9.50000 ,         0.000000000000000 ,         0.394347754245709 ,         1.050315322105788 ,         0.233232913016917 ,         0.927944764124873 ,         2.302024195747566 , 
   9.51000 ,         0.000000000000000 ,         0.399643664658767 ,         1.046576416836274 ,         0.219727455473307 ,         0.921974871964215 ,         2.291826264666704 , 
   9.52000 ,         0.000000000000000 ,         0.524099424255110 ,         0.954227668942614 ,         0.207042192380663 ,         0.914882012456989 ,         2.263903234583026 , 
   9.53000 ,         0.000000000000000 ,         0.544347050731162 ,         0.968236350740301 ,         0.232529202343143 ,         0.883039175783428 ,         2.246575170507073 , 
   9.54000 ,         0.000000000000000 ,         0.648195944053282 ,         0.847523804783282 ,         0.176504059883053 ,         0.878526134267051 ,         2.219804830705944 , 
   9.55000 ,         0.024294429163646 ,         0.731869678554832 ,         0.827528993386687 ,         0.182208218727344 ,         0.865678839182725 ,         2.245906096042356 , 
   9.56000 ,         0.000000000000000 ,         0.824283439885341 ,         0.847011843558650 ,         0.157583598801609 ,         0.874096524602677 ,         2.185146609824720 , 
   9.57000 ,         0.000000000000000 ,         0.854315000550815 ,         0.805172987244795 ,         0.184471557641061 ,         0.841462473993856 ,         2.140134679477185 , 
   9.58000 ,         0.000000000000000 ,         1.006440895754035 ,         0.846496765394323 ,         0.163716397585177 ,         0.856681886903078 ,         2.093796923494291 , 
   9.59000 ,         0.000000000000000 ,         1.052527426330740 ,         0.850755358908252 ,         0.150576169718275 ,         0.826474951541180 ,         2.065905048534729 , 
   9.60000 ,         0.000000000000000 ,         1.143498635445501 ,         0.877533775427296 ,         0.166040209220404 ,         0.803341600492839 ,         1.993045995517774 , 
   9.61000 ,         0.000000000000000 ,         1.313562649229267 ,         0.880206935042899 ,         0.144701821518978 ,         0.826412345954886 ,         1.958347967914867 , 
   9.62000 ,         0.000000000000000 ,         1.378170489727833 ,         0.947959831968059 ,         0.146645719862462 ,         0.822450548769446 ,         1.897416048832673 , 
   9.63000 ,         0.000000000000000 ,         1.579888921331267 ,         0.986310616766826 ,         0.142608120970828 ,         0.814396900256181 ,         1.881157909874352 , 
   9.64000 ,         0.011921458176727 ,         1.694337243367386 ,         1.044617772735741 ,         0.154233865161411 ,         0.807119973121249 ,         1.853600473697104 , 
   9.65000 ,         0.000000000000000 ,         1.725030677848436 ,         1.107142534188069 ,         0.142017611840108 ,         0.753399713073245 ,         1.832101547507994 , 
   9.66000 ,         0.000000000000000 ,         1.857990702946602 ,         1.170890307208362 ,         0.150627840534409 ,         0.746275618805329 ,         1.818107715612983 , 
   9.67000 ,         0.000000000000000 ,         1.954854523636276 ,         1.306198249884239 ,         0.136987911694209 ,         0.711226428012365 ,         1.805093414770580 , 
   9.68000 ,         0.000000000000000 ,         2.148855204391049 ,         1.420993314320491 ,         0.152222892745721 ,         0.692392478168643 ,         1.760169565632558 , 
   9.69000 ,         0.000000000000000 ,         2.188667593423822 ,         1.463044644660668 ,         0.144534652395913 ,         0.668472767331097 ,         1.744371021645570 , 
   9.70000 ,         0.023548864725374 ,         2.290127094542631 ,         1.551281463784019 ,         0.144972698465584 ,         0.637659102641771 ,         1.753102593500701 , 
   9.71000 ,         0.000000000000000 ,         2.241349252793182 ,         1.686152648890283 ,         0.157893214072914 ,         0.568782764183591 ,         1.763814078602891 , 
   9.72000 ,         0.000000000000000 ,         2.301232948498672 ,         1.794082247746736 ,         0.155369867860420 ,         0.531885290564621 ,         1.733619917093506 , 
   9.73000 ,         0.000000000000000 ,         2.229219059272306 ,         1.840861014497505 ,         0.136035021333546 ,         0.493309795104715 ,         1.766261164088786 , 
   9.74000 ,         0.000000000000000 ,         2.287412783204518 ,         2.011521898695486 ,         0.158381804070000 ,         0.461642816010484 ,         1.774314127622905 , 
   9.75000 ,         0.000000000000000 ,         2.170553516888124 ,         1.992830343022116 ,         0.154415216637679 ,         0.412077400060220 ,         1.817474383562111 , 
   9.76000 ,         0.011630109746707 ,         2.170469231479186 ,         2.079608999083038 ,         0.151191426707190 ,         0.372345232359415 ,         1.856637988782891 , 
   9.77000 ,         0.000000000000000 ,         2.141364957732511 ,         2.164577586000615 ,         0.175545501277530 ,         0.331505347453847 ,         1.890559763241991 , 
   9.78000 ,         0.000000000000000 ,         2.084866465813351 ,         2.184042405332944 ,         0.156364984936001 ,         0.298251730526077 ,         1.919090625302498 , 
   9.79000 ,         0.011558941476846 ,         2.017035287709638 ,         2.273499301727159 ,         0.164714916045056 ,         0.266758696270338 ,         1.969896479499375 , 
   9.80000 ,         0.011535363837958 ,         2.002827546365414 ,         2.260931312239718 ,         0.177356219008600 ,         0.223137194240495 ,         1.970204095511189 , 
   9.81000 ,         0.000000000000000 ,         1.890822720055222 ,         2.328992825273498 ,         0.165482962561911 ,         0.193543117083278 ,         2.007380284990133 , 
   9.82000 ,         0.022976848930207 ,         1.685926290253903 ,         2.269681858386962 ,         0.165146101685859 ,         0.172685380241083 ,         2.034528170116880 , 
   9.83000 ,         0.011465062145831 ,         1.633771355780947 ,         2.250735012503490 ,         0.166959967498667 ,         0.158719454081351 ,         2.075355389991478 , 
   9.84000 ,         0.011441771016936 ,         1.570383072074415 ,         2.284778649944333 ,         0.180923004205295 ,         0.129613812301224 ,         2.110649197280344 , 
   9.85000 ,         0.011418550789465 ,         1.511530660755479 ,         2.186652476182619 ,         0.176273877812372 ,         0.113115018758141 ,         2.143832910722124 , 
   9.86000 ,         0.056977005879669 ,         1.423000721844738 ,         2.254865007687909 ,         0.210102709181280 ,         0.109324630031615 ,         2.125420372455035 , 
   9.87000 ,         0.034116965670930 ,         1.266592350533282 ,         2.145104216559733 ,         0.184800230717538 ,         0.097908583774388 ,         2.110631865829731 , 
   9.88000 ,         0.011349312648010 ,         1.288146985549113 ,         2.151404078838359 ,         0.200740967461673 ,         0.083169181748697 ,         2.077633546626295 , 
   9.89000 ,         0.011326373165887 ,         1.148211079691789 ,         2.113076493760784 ,         0.234314344869286 ,         0.073090501836114 ,         2.066001255290066 , 
   9.90000 ,         0.067821018973348 ,         1.171325515185526 ,         2.090441616063915 ,         0.243025317987829 ,         0.064112056998243 ,         2.060416685789256 , 
   9.91000 ,         0.078964916497086 ,         1.092818040807889 ,         2.025591116929719 ,         0.233369530004781 ,         0.062043862961996 ,         2.004968582933828 , 
   9.92000 ,         0.022515940941018 ,         1.000552125566466 ,         1.951850630324456 ,         0.260340567130515 ,         0.054178982889323 ,         1.955720557673694 , 
   9.93000 ,         0.089882457808724 ,         0.984493795686182 ,         1.976711865090302 ,         0.294926814684876 ,         0.048978917438738 ,         1.929488464405640 , 
   9.94000 ,         0.089701698779091 ,         0.982513919439731 ,         1.956618304618923 ,         0.288026548423488 ,         0.047128431585108 ,         1.883910872991339 , 
   9.95000 ,         0.111901855596975 ,         0.986135102448338 ,         1.951987993569725 ,         0.325914154426188 ,         0.040739269303274 ,         1.787806989811039 , 
   9.96000 ,         0.089341812717626 ,         1.010679256368144 ,         1.835695058182471 ,         0.374816823666915 ,         0.043449436263064 ,         1.739198920618317 , 
   9.97000 ,         0.111453351654532 ,         0.978003160768522 ,         1.901672812605459 ,         0.383817479760296 ,         0.044581340661813 ,         1.613287265199356 , 
   9.98000 ,         0.044492044065435 ,         1.013584378865689 ,         1.792195150010800 ,         0.419893665867542 ,         0.047098999772394 ,         1.553571804300479 , 
   9.99000 ,         0.099906784858662 ,         1.086486285337944 ,         1.731023807099725 ,         0.459987488620087 ,         0.052208233059821 ,         1.458361540089628 , 
  10.00000 ,         0.110785634680413 ,         1.106471526370627 ,         1.709560825162126 ,         0.522077303431447 ,         0.052103868810632 ,         1.338255846428553 , 
  10.01000 ,         0.088451516275014 ,         1.162308206051349 ,         1.661230040040098 ,         0.550748894306139 ,         0.056318738878231 ,         1.250759722326363 , 
  10.02000 ,         0.143446963490584 ,         1.206885510137127 ,         1.668260599440978 ,         0.644821686844694 ,         0.068792474077816 ,         1.148782593434811 , 
  10.03000 ,         0.209235410416368 ,         1.320110253876952 ,         1.592666906919325 ,         0.707546058907980 ,         0.079151553282508 ,         1.046349120675931 , 
  10.04000 ,         0.241790206165800 ,         1.401284149369976 ,         1.531795908379925 ,         0.815355041814785 ,         0.089125793323899 ,         0.941401924858604 , 
  10.05000 ,         0.361963906584247 ,         1.509554019504758 ,         1.547258593107284 ,         0.920677133603492 ,         0.103173424130548 ,         0.869433190389150 , 
  10.06000 ,         0.306510615642711 ,         1.728227265878324 ,         1.582497888351767 ,         1.009843010465719 ,         0.123493674382833 ,         0.787485979028484 , 
  10.07000 ,         0.371452620483116 ,         1.804003351684543 ,         1.485810481932462 ,         1.091142072669152 ,         0.133149376827587 ,         0.708081557795939 , 
  10.08000 ,         0.403426210216661 ,         2.077099812061460 ,         1.403814177443113 ,         1.287283971451475 ,         0.155714339585316 ,         0.646197472699239 , 
  10.09000 ,         0.500563236406655 ,         2.161399409375477 ,         1.366347203724145 ,         1.340502906192280 ,         0.184650704734249 ,         0.543920446081824 , 
  10.10000 ,         0.510432784876891 ,         2.402835184127919 ,         1.321559351270355 ,         1.509577810593359 ,         0.217035748622854 ,         0.503305731364648 , 
  10.11000 ,         0.563617518255794 ,         2.517310934902080 ,         1.222751947658303 ,         1.695594529079630 ,         0.246074595560598 ,         0.444390735547838 , 
  10.12000 ,         0.735582415467748 ,         2.727334066173617 ,         1.175714908546336 ,         1.815293001407080 ,         0.284463512231668 ,         0.393989570417123 , 
  10.13000 ,         0.798907098516203 ,         2.981057061861982 ,         1.139657170096172 ,         1.973651404695857 ,         0.303638677645516 ,         0.357618887004719 , 
  10.14000 ,         0.851205914023507 ,         3.216265384000214 ,         1.001379109298224 ,         2.128014785058768 ,         0.345128980171715 ,         0.321895907360155 , 
  10.15000 ,         0.989325478950389 ,         3.259666150074312 ,         0.990669671177224 ,         2.289159362299610 ,         0.392672154264107 ,         0.301939178952760 , 
  10.16000 ,         1.180561783760903 ,         3.486681904539303 ,         0.865968899338253 ,         2.416797788005985 ,         0.458641545253703 ,         0.284408066087854 , 
  10.17000 ,         1.199663838490564 ,         3.754305137419130 ,         0.881003131391508 ,         2.518490714509766 ,         0.506610273313468 ,         0.263430647570333 , 
  10.18000 ,         1.432493611123253 ,         3.800384169808333 ,         0.829830720622706 ,         2.724677680112233 ,         0.557897465152946 ,         0.264082602517008 , 
  10.19000 ,         1.600391891954966 ,         3.915625495649816 ,         0.804196925707370 ,         2.773345782766959 ,         0.626820157682362 ,         0.265565029571277 , 
  10.20000 ,         1.544013560230844 ,         4.006448979564516 ,         0.728082256419200 ,         2.909001410245266 ,         0.705288090713205 ,         0.269869611497244 , 
  10.21000 ,         1.838561114224861 ,         3.936168050179381 ,         0.710051239561552 ,         2.884707701979253 ,         0.752229213099586 ,         0.275485268108656 , 
  10.22000 ,         2.015279378524219 ,         4.184356393830549 ,         0.637729855967203 ,         2.955964062118254 ,         0.783903902995029 ,         0.294171126388198 , 
  10.23000 ,         2.223061508002561 ,         4.210584356228660 ,         0.701984601187713 ,         2.903212469379535 ,         0.853331422603066 ,         0.316256964531317 , 
  10.24000 ,         2.419463199592065 ,         4.058411797132322 ,         0.652409836571223 ,         2.958295615221738 ,         0.931235801644298 ,         0.335449592083179 , 
  10.25000 ,         2.720541950012560 ,         4.057087268478033 ,         0.617526116076010 ,         2.994046046246865 ,         0.971269064639295 ,         0.354731517585819 , 
  10.26000 ,         2.694192951720363 ,         3.975513232470184 ,         0.660392998908019 ,         2.891521537051445 ,         1.043703775913644 ,         0.380350848225659 , 
  10.27000 ,         3.119600735578513 ,         3.755074959492655 ,         0.631535334096492 ,         2.860290489249912 ,         1.085000024353406 ,         0.391263055219864 , 
  10.28000 ,         2.998218336052954 ,         3.561694684174794 ,         0.623100008213802 ,         2.858659659134405 ,         1.127116497507669 ,         0.426702292691103 , 
  10.29000 ,         3.253966605483167 ,         3.515539483737441 ,         0.683359144439291 ,         2.785097221212381 ,         1.224161070230002 ,         0.435845808391184 , 
  10.30000 ,         3.748896506789029 ,         3.293337704257911 ,         0.703570758063819 ,         2.651769935077268 ,         1.258987005848892 ,         0.478402008961762 , 
  10.31000 ,         3.220509622198720 ,         3.185334153024220 ,         0.737382057509901 ,         2.666821681488988 ,         1.304749347343049 ,         0.490990923894071 , 
  10.32000 ,         3.640760427504475 ,         2.813787701828458 ,         0.808768923538494 ,         2.556984064531268 ,         1.315874840226617 ,         0.520271166448296 , 
  10.33000 ,         3.706389231650072 ,         2.777196413071132 ,         0.779302077593091 ,         2.515698713429154 ,         1.378702822119834 ,         0.526564226450286 , 
  10.34000 ,         3.823567320150159 ,         2.534797169896294 ,         0.845795887553541 ,         2.446720415909096 ,         1.421370998627974 ,         0.545298726891334 , 
  10.35000 ,         3.309426431810352 ,         2.435531014660431 ,         0.847394150801440 ,         2.332111438666358 ,         1.425897404018289 ,         0.552163579955858 , 
  10.36000 ,         3.561090713303129 ,         2.177942436252059 ,         0.936076562500515 ,         2.226971946072899 ,         1.482981390798110 ,         0.538034357770799 , 
  10.37000 ,         3.657247004632755 ,         1.956112042266604 ,         0.965178390835299 ,         2.125452880685339 ,         1.487205329040582 ,         0.561464680992916 , 
  10.38000 ,         3.372582555829420 ,         1.768549389032501 ,         0.926689033061361 ,         1.987690138182240 ,         1.464901283539094 ,         0.552511023699380 , 
  10.39000 ,         3.355831221706445 ,         1.620189156351391 ,         1.013419979032145 ,         1.944740111661686 ,         1.461922460258871 ,         0.541987267267191 , 
  10.40000 ,         3.492779369779019 ,         1.476237028356015 ,         1.014672892430305 ,         1.837294133296515 ,         1.484719309633429 ,         0.539185011766198 , 
  10.41000 ,         3.516741418858422 ,         1.320055917761900 ,         1.040837894498614 ,         1.766038023569164 ,         1.490174450242107 ,         0.527607054255513 , 
  10.42000 ,         2.928396719965948 ,         1.189980026014037 ,         1.024811308576933 ,         1.652962608482521 ,         1.438211389961499 ,         0.512086795760596 , 
  10.43000 ,         3.207933744405238 ,         0.966199092064911 ,         1.066765268972853 ,         1.456300080793489 ,         1.450730751376119 ,         0.490260112426217 , 
  10.44000 ,         3.059489389111184 ,         0.950372949773740 ,         1.041852698949822 ,         1.428100528804390 ,         1.394113260881332 ,         0.447710786332248 , 
  10.45000 ,         2.515953168991974 ,         0.805257188664266 ,         0.987866692865296 ,         1.381618436298768 ,         1.384947255385766 ,         0.444001060127679 , 
  10.46000 ,         3.128805479642000 ,         0.715119375403612 ,         0.972688920349869 ,         1.241649747382202 ,         1.301928615087683 ,         0.410877216354686 , 
  10.47000 ,         2.395181540316636 ,         0.693541490313203 ,         0.984096213030938 ,         1.121793885971083 ,         1.283651815745908 ,         0.396196630053695 , 
  10.48000 ,         2.441047632771126 ,         0.551000937769102 ,         0.916023298144743 ,         0.975914704423994 ,         1.282936966087098 ,         0.379679994017668 , 
  10.49000 ,         2.184702023029623 ,         0.524781534333729 ,         0.862680435937101 ,         0.909243785506280 ,         1.209860545731626 ,         0.344977789206795 , 
  10.50000 ,         1.858987988631744 ,         0.437113391921518 ,         0.817075463922263 ,         0.803886697786700 ,         1.190443152855227 ,         0.332388308440321 , 
  10.51000 ,         2.216513062868782 ,         0.384880944740224 ,         0.813013982619007 ,         0.784179253859968 ,         1.113114556388360 ,         0.316241753455119 , 
  10.52000 ,         1.631697237743593 ,         0.322835803173196 ,         0.768924810271041 ,         0.737016620422528 ,         1.083470740591437 ,         0.310479200241663 , 
  10.53000 ,         1.548668302285447 ,         0.287252991552946 ,         0.712512311656329 ,         0.664428658722466 ,         1.076105908029595 ,         0.303645145962217 , 
  10.54000 ,         1.416089088239595 ,         0.265516704044924 ,         0.638860614192599 ,         0.620785533400808 ,         1.050536161191830 ,         0.292161866246615 , 
  10.55000 ,         1.423359393846655 ,         0.247594859593955 ,         0.578550802568789 ,         0.570463533285569 ,         1.028171869833942 ,         0.284143095777736 , 
  10.56000 ,         1.142492763023154 ,         0.202419913448667 ,         0.540200382516382 ,         0.542684062435998 ,         0.977948968348624 ,         0.281742440881389 , 
  10.57000 ,         1.031256784076288 ,         0.198318612322363 ,         0.533601016279858 ,         0.539178727251424 ,         0.982761685906835 ,         0.299182219058190 , 
  10.58000 ,         0.910541922124493 ,         0.204129642867583 ,         0.452796662360821 ,         0.520839876650016 ,         0.929563093391700 ,         0.295060120144961 , 
  10.59000 ,         0.810037987785562 ,         0.217327265015638 ,         0.401931958878354 ,         0.509360777380403 ,         0.941700031150860 ,         0.293113974619814 , 
  10.60000 ,         0.769070806718273 ,         0.203360069084159 ,         0.351874543778953 ,         0.497924047939395 ,         0.934531953836747 ,         0.301034526507914 , 
  10.61000 ,         0.826669609944454 ,         0.205437239376077 ,         0.337064692149971 ,         0.504981956669938 ,         0.923237414082311 ,         0.312000118782979 , 
  10.62000 ,         0.667949045207418 ,         0.241885959385775 ,         0.271354299615514 ,         0.526746581606585 ,         0.919197341853683 ,         0.310184977105743 , 
  10.63000 ,         0.568649836681626 ,         0.236528919136969 ,         0.243882149783715 ,         0.543526298638580 ,         0.925741099964188 ,         0.341925225073650 , 
  10.64000 ,         0.479508465017501 ,         0.256879534830804 ,         0.226298637827137 ,         0.527214664343222 ,         0.903053888518292 ,         0.340824097105871 , 
  10.65000 ,         0.468840884048724 ,         0.294246492332662 ,         0.211222585782368 ,         0.567126538126646 ,         0.898001224525615 ,         0.363534826108092 , 
  10.66000 ,         0.389968058559870 ,         0.304662545749898 ,         0.194984029279935 ,         0.609325091499797 ,         0.894336903048826 ,         0.376867569092624 , 
  10.67000 ,         0.486546799325404 ,         0.316255419561513 ,         0.145355856298465 ,         0.627037187630615 ,         0.889924505141122 ,         0.389845622959480 , 
  10.68000 ,         0.349657984530408 ,         0.331446631169450 ,         0.145690826887670 ,         0.664714397674995 ,         0.899337333475347 ,         0.403077954389221 , 
  10.69000 ,         0.242363967255075 ,         0.392629626953221 ,         0.118758343954987 ,         0.716185523238745 ,         0.873570624475009 ,         0.422773645380571 , 
  10.70000 ,         0.183852483284832 ,         0.385848303735929 ,         0.117326913675189 ,         0.757786715644388 ,         0.883580519997167 ,         0.435893675419547 , 
  10.71000 ,         0.144875774968674 ,         0.462395181775018 ,         0.102620340602811 ,         0.781725535768470 ,         0.889778717932607 ,         0.451680410917960 , 
  10.72000 ,         0.202447854604397 ,         0.492864122221419 ,         0.090981029896619 ,         0.817624222315972 ,         0.885257471361637 ,         0.487290780986030 , 
  10.73000 ,         0.173203441074592 ,         0.488337479696419 ,         0.084196117189038 ,         0.878646622951315 ,         0.881954327555170 ,         0.512694213597533 , 
  10.74000 ,         0.153672046452701 ,         0.512640342463306 ,         0.070232927480336 ,         0.872208919905367 ,         0.895920036447873 ,         0.556160746243856 , 
  10.75000 ,         0.124626350849787 ,         0.572801881790367 ,         0.067705661759740 ,         0.899946052771057 ,         0.903241461086797 ,         0.574150003374078 , 
  10.76000 ,         0.076550652933571 ,         0.610013015564396 ,         0.051432469939743 ,         0.947912382028988 ,         0.906497282687974 ,         0.623618698019387 , 
  10.77000 ,         0.028653211348278 ,         0.619625695406520 ,         0.054918655084200 ,         0.919290530757265 ,         0.911082579589790 ,         0.663351689807799 , 
  10.78000 ,         0.095333586873310 ,         0.632776682871596 ,         0.061966831467652 ,         0.944398344963729 ,         0.913563887959393 ,         0.744644688718247 , 
  10.79000 ,         0.038062784589377 ,         0.636362179853649 ,         0.044010094681467 ,         0.928375105375277 ,         0.903842451245405 ,         0.795898773073968 , 
  10.80000 ,         0.018996165294493 ,         0.663678524976333 ,         0.061737537207101 ,         0.968210799853667 ,         0.934967510588305 ,         0.847258653642640 , 
  10.81000 ,         0.056883108033959 ,         0.680227166906088 ,         0.047402590028299 ,         0.948644332941330 ,         0.954865922882544 ,         0.907315199760407 , 
  10.82000 ,         0.028389006126136 ,         0.642301263603824 ,         0.057960887507527 ,         0.936245764534856 ,         0.958424675570900 ,         0.989031572800640 , 
  10.83000 ,         0.028336603730090 ,         0.638754275749105 ,         0.043095251506178 ,         0.940421036292352 ,         0.981007317676595 ,         1.057604699634494 , 
  10.84000 ,         0.028284346292207 ,         0.663503623438030 ,         0.054211663726731 ,         0.898027994777582 ,         1.016468694876201 ,         1.149051568120922 , 
  10.85000 ,         0.037642977704436 ,         0.704629488904916 ,         0.059993495716445 ,         0.864612144148770 ,         1.034152586700391 ,         1.215750545547964 , 
  10.86000 ,         0.018786842771164 ,         0.637578476546376 ,         0.059883061333085 ,         0.848930457721970 ,         1.063658199708008 ,         1.314932221772325 , 
  10.87000 ,         0.037504584530940 ,         0.639921973559156 ,         0.089073388260981 ,         0.758295818484934 ,         1.084263398880795 ,         1.393676221261047 , 
  10.88000 ,         0.028076755475876 ,         0.659803753683083 ,         0.071946685906932 ,         0.811886179177410 ,         1.132282904425556 ,         1.451655997963644 , 
  10.89000 ,         0.056050429730699 ,         0.580355491169948 ,         0.091081948312386 ,         0.723984717354864 ,         1.156478007177942 ,         1.536278054467731 , 
  10.90000 ,         0.027973816044620 ,         0.582787834262925 ,         0.106067385835852 ,         0.642814981192006 ,         1.205496635172860 ,         1.634719875107504 , 
  10.91000 ,         0.009307519498025 ,         0.582883408563796 ,         0.128560113066466 ,         0.635819925708811 ,         1.231937463558860 ,         1.714474177534578 , 
  10.92000 ,         0.009290480565491 ,         0.567880624565666 ,         0.155034894436639 ,         0.582977655484590 ,         1.286586394561734 ,         1.769401056449619 , 
  10.93000 ,         0.027820465136950 ,         0.564523605070620 ,         0.166922790821703 ,         0.542499070170534 ,         1.322196585284755 ,         1.826877210659747 , 
  10.94000 ,         0.000000000000000 ,         0.576219787286900 ,         0.187444991045136 ,         0.505638648683485 ,         1.344802103964257 ,         1.885875955430194 , 
  10.95000 ,         0.009239643561464 ,         0.606351608721090 ,         0.224061356365507 ,         0.486813720144646 ,         1.401394063298957 ,         1.915060497544109 , 
  10.96000 ,         0.000000000000000 ,         0.598328539598168 ,         0.263425956258538 ,         0.472668017794314 ,         1.450572032657793 ,         1.995581314151114 , 
  10.97000 ,         0.000000000000000 ,         0.556962013128889 ,         0.298619095882121 ,         0.451093200715959 ,         1.490937826983711 ,         1.977848057986110 , 
  10.98000 ,         0.045946113423174 ,         0.640948282253273 ,         0.352062094105069 ,         0.418683958568670 ,         1.550107001614323 ,         2.001096821183662 , 
  10.99000 ,         0.000000000000000 ,         0.589333601335813 ,         0.403017044493265 ,         0.385818593092415 ,         1.573085021464466 ,         2.020244757886581 , 
  11.00000 ,         0.000000000000000 ,         0.714155341326397 ,         0.478392520311593 ,         0.400567899782434 ,         1.617579015299994 ,         2.024012373614957 , 
  11.01000 ,         0.009139213405742 ,         0.758554712676584 ,         0.502085536477950 ,         0.374136548797562 ,         1.645058413033555 ,         2.018909361412187 , 
  11.02000 ,         0.009122634338355 ,         0.801651492482927 ,         0.566743658270291 ,         0.399685416949169 ,         1.660604531903646 ,         1.968921064307730 , 
  11.03000 ,         0.009106100343178 ,         0.862803007516100 ,         0.631735711307962 ,         0.361398357369870 ,         1.678937250773413 ,         1.948136342168608 , 
  11.04000 ,         0.009089611256980 ,         0.923731743990592 ,         0.736258511815380 ,         0.389717082643017 ,         1.695780600130331 ,         1.903847482809639 , 
  11.05000 ,         0.000000000000000 ,         1.085377592478237 ,         0.780292354885086 ,         0.392414469171860 ,         1.744032803378693 ,         1.873750736649015 , 
  11.06000 ,         0.000000000000000 ,         1.069830621044866 ,         0.864355216050535 ,         0.424535960732090 ,         1.721210296794802 ,         1.821825319488308 , 
  11.07000 ,         0.000000000000000 ,         1.156042662889142 ,         0.939637804684577 ,         0.432244690669694 ,         1.721068402326651 ,         1.767259256525667 , 
  11.08000 ,         0.000000000000000 ,         1.264502119431230 ,         1.031003512185677 ,         0.459665132621076 ,         1.755610603148779 ,         1.731499333922336 , 
  11.09000 ,         0.000000000000000 ,         1.437875470172410 ,         1.124290256043189 ,         0.473474264062254 ,         1.756668338216705 ,         1.610009544176018 , 
  11.10000 ,         0.000000000000000 ,         1.587019302657973 ,         1.170595328412378 ,         0.511397863108624 ,         1.742546070367107 ,         1.561168421665668 , 
  11.11000 ,         0.000000000000000 ,         1.672796054689556 ,         1.238048589101224 ,         0.581720157180775 ,         1.692710293435860 ,         1.489360672434866 , 
  11.12000 ,         0.000000000000000 ,         1.913929596187199 ,         1.324295931826426 ,         0.590193620357316 ,         1.721584711374354 ,         1.393590486398739 , 
  11.13000 ,         0.000000000000000 ,         1.967504839172881 ,         1.383960790281833 ,         0.669063435366460 ,         1.706195602720232 ,         1.318843087508071 , 
  11.14000 ,         0.000000000000000 ,         2.136937728307350 ,         1.475212363875883 ,         0.673442255369966 ,         1.711224024208523 ,         1.233760718464654 , 
  11.15000 ,         0.000000000000000 ,         2.240040167452952 ,         1.509325920884510 ,         0.710107213700277 ,         1.666663401567121 ,         1.174043926651125 , 
  11.16000 ,         0.000000000000000 ,         2.473973801686528 ,         1.558325520478054 ,         0.755534920559998 ,         1.670210290722866 ,         1.061028988880616 , 
  11.17000 ,         0.000000000000000 ,         2.546129786360922 ,         1.600487860476220 ,         0.792474571692109 ,         1.643496809570155 ,         1.004605807707031 , 
  11.18000 ,         0.008863389816212 ,         2.692254656674432 ,         1.635295421091137 ,         0.843683918130691 ,         1.650667862803630 ,         0.943535544028956 , 
  11.19000 ,         0.000000000000000 ,         2.940706182738891 ,         1.670529029344526 ,         0.860424749970236 ,         1.638318398441077 ,         0.856000972335427 , 
  11.20000 ,         0.000000000000000 ,         3.006111371304304 ,         1.653195658658904 ,         0.888144178558323 ,         1.612624746835388 ,         0.835153599850057 , 
  11.21000 ,         0.000000000000000 ,         3.113154664882289 ,         1.701490549585223 ,         0.933395398639044 ,         1.646114966608113 ,         0.745228616681999 , 
  11.22000 ,         0.000000000000000 ,         3.153809446222635 ,         1.694058788693009 ,         0.913031684815063 ,         1.676595682673203 ,         0.714337289550339 , 
  11.23000 ,         0.008784639524745 ,         3.331574539759393 ,         1.633942951602497 ,         0.907563070900178 ,         1.658924270250990 ,         0.661730424199903 , 
  11.24000 ,         0.000000000000000 ,         3.157941688174287 ,         1.651315221532302 ,         0.904304718064487 ,         1.708176806077266 ,         0.621092922270654 , 
  11.25000 ,         0.000000000000000 ,         3.361318278425315 ,         1.572335405630592 ,         0.948106213624849 ,         1.688181620711412 ,         0.592497997320087 , 
  11.26000 ,         0.008737892083372 ,         3.300738734493746 ,         1.605587670319592 ,         0.889626637738304 ,         1.690509059004863 ,         0.553763910783696 , 
  11.27000 ,         0.000000000000000 ,         3.237097916783516 ,         1.534050781042239 ,         0.883687390216584 ,         1.730440899688460 ,         0.536836000935090 , 
  11.28000 ,         0.000000000000000 ,         3.098580180608084 ,         1.546024990008354 ,         0.833688942165716 ,         1.730231065023429 ,         0.510444012892586 , 
  11.29000 ,         0.000000000000000 ,         3.065932551613200 ,         1.472125658198400 ,         0.781693292305350 ,         1.773205232388977 ,         0.495009042816713 , 
  11.30000 ,         0.000000000000000 ,         2.927112865199752 ,         1.425598318379057 ,         0.752655179121389 ,         1.769119252077471 ,         0.477187721633157 , 
  11.31000 ,         0.000000000000000 ,         2.860230769902600 ,         1.308864118399789 ,         0.727507599309064 ,         1.790621382823202 ,         0.473231784744010 , 
  11.32000 ,         0.000000000000000 ,         2.803306532619598 ,         1.248195468456298 ,         0.666784938560637 ,         1.784352158315935 ,         0.485634492326882 , 
  11.33000 ,         0.000000000000000 ,         2.643015656105584 ,         1.221720502261051 ,         0.620838983709699 ,         1.808847551581648 ,         0.485317007465510 , 
  11.34000 ,         0.000000000000000 ,         2.502669412564486 ,         1.148492654259907 ,         0.584745908357365 ,         1.812120031838592 ,         0.484596056649750 , 
  11.35000 ,         0.000000000000000 ,         2.292939540639293 ,         1.133032478121807 ,         0.522441920651991 ,         1.825993636764378 ,         0.509273374298108 , 
  11.36000 ,         0.000000000000000 ,         2.118282882719964 ,         1.028558329831351 ,         0.487720147009232 ,         1.842632469600060 ,         0.499658291421724 , 
  11.37000 ,         0.000000000000000 ,         1.958162517991647 ,         1.010681802913085 ,         0.460082495337753 ,         1.830555236834232 ,         0.561579157580482 , 
  11.38000 ,         0.000000000000000 ,         1.893771203372083 ,         0.963994771225258 ,         0.420243976807018 ,         1.843646683237658 ,         0.579974114302052 , 
  11.39000 ,         0.000000000000000 ,         1.708981475197558 ,         0.869434985351912 ,         0.388550441581456 ,         1.798780392499866 ,         0.606576341836985 , 
  11.40000 ,         0.000000000000000 ,         1.560000887657418 ,         0.865779181162331 ,         0.360696926551937 ,         1.807480536672743 ,         0.642940939610857 , 
  11.41000 ,         0.000000000000000 ,         1.434941289485693 ,         0.787143479777178 ,         0.327090027069570 ,         1.771471719775564 ,         0.705636899861061 , 
  11.42000 ,         0.000000000000000 ,         1.296513154919567 ,         0.793729388454035 ,         0.323331904728098 ,         1.771158019988401 ,         0.752981073695609 , 
  11.43000 ,         0.000000000000000 ,         1.149027156255454 ,         0.744111682372074 ,         0.286726794988100 ,         1.735995595163625 ,         0.826393262634371 , 
  11.44000 ,         0.000000000000000 ,         1.174530777337109 ,         0.738049745218588 ,         0.261359551353393 ,         1.711270179863458 ,         0.911187221292268 , 
  11.45000 ,         0.000000000000000 ,         0.929533766005146 ,         0.702959910541392 ,         0.278860129801544 ,         1.640283803278683 ,         0.959109840378037 , 
  11.46000 ,         0.000000000000000 ,         0.903659998894543 ,         0.642157455457149 ,         0.235668622815555 ,         1.590104175417702 ,         1.024921258956238 , 
  11.47000 ,         0.000000000000000 ,         0.793666376360236 ,         0.656301041990195 ,         0.232626351691793 ,         1.580622377190900 ,         1.109185602240847 , 
  11.48000 ,         0.000000000000000 ,         0.686156018387163 ,         0.605246350062797 ,         0.293166200811667 ,         1.529534233177358 ,         1.205501519287402 , 
  11.49000 ,         0.000000000000000 ,         0.562235422758451 ,         0.597899610022979 ,         0.258565357667832 ,         1.483079493195157 ,         1.272634564667332 , 
  11.50000 ,         0.000000000000000 ,         0.540315582767217 ,         0.631938864728713 ,         0.280105461996571 ,         1.418721075972352 ,         1.350003614501231 , 
  11.51000 ,         0.000000000000000 ,         0.502791469907491 ,         0.615684357121647 ,         0.261326127810546 ,         1.357197244784072 ,         1.424619385759193 , 
  11.52000 ,         0.000000000000000 ,         0.457048853996223 ,         0.641224933289221 ,         0.290612113785270 ,         1.324580796898300 ,         1.463625910585507 , 
  11.53000 ,         0.000000000000000 ,         0.347921545845885 ,         0.675530306829509 ,         0.289587394446575 ,         1.260304132575717 ,         1.533224626622489 , 
  11.54000 ,         0.000000000000000 ,         0.380594878475346 ,         0.673840112710448 ,         0.295324987669394 ,         1.191958687028320 ,         1.605179697504114 , 
  11.55000 ,         0.000000000000000 ,         0.305194592264565 ,         0.705892254217361 ,         0.342046320242089 ,         1.155509287464265 ,         1.662609825971884 , 
  11.56000 ,         0.000000000000000 ,         0.236272214069975 ,         0.697935684983019 ,         0.319692886142927 ,         1.107266933042845 ,         1.670874610355599 , 
  11.57000 ,         0.000000000000000 ,         0.215174146651923 ,         0.760350950909438 ,         0.370347810102828 ,         1.093198459011631 ,         1.679366972697427 , 
  11.58000 ,         0.000000000000000 ,         0.215835381662187 ,         0.842687423140406 ,         0.356283285518922 ,         1.042903139024409 ,         1.696734603210402 , 
  11.59000 ,         0.000000000000000 ,         0.170102440512767 ,         0.840202963744878 ,         0.375256293009982 ,         1.022547625355154 ,         1.710044989094253 , 
  11.60000 ,         0.000000000000000 ,         0.138934871079460 ,         0.908736971578986 ,         0.394677948584984 ,         0.997372273591715 ,         1.669919964335619 , 
  11.61000 ,         0.000000000000000 ,         0.142805137984812 ,         1.053573158298023 ,         0.396053098511836 ,         0.972667369691520 ,         1.659210775866706 , 
  11.62000 ,         0.000000000000000 ,         0.136405806385707 ,         1.067657477049031 ,         0.413319849424361 ,         0.984455063191584 ,         1.641356709733280 , 
  11.63000 ,         0.000000000000000 ,         0.099312925971162 ,         1.148753638553032 ,         0.398275548482290 ,         0.982250910861689 ,         1.598477378066774 , 
  11.64000 ,         0.000000000000000 ,         0.084833152131116 ,         1.237746352178091 ,         0.424676803740708 ,         0.969959775571436 ,         1.546416375594923 , 
  11.65000 ,         0.000000000000000 ,         0.080606249255986 ,         1.360102914661124 ,         0.411704070566965 ,         0.977733396829724 ,         1.484455909953191 , 
  11.66000 ,         0.000000000000000 ,         0.088616710433532 ,         1.383744840505216 ,         0.403868111343628 ,         0.972110034712672 ,         1.444605167498360 , 
  11.67000 ,         0.000000000000000 ,         0.071178658827501 ,         1.477465589662260 ,         0.439782427755628 ,         0.986968367492038 ,         1.376671524572603 , 
  11.68000 ,         0.000000000000000 ,         0.066996439473882 ,         1.521123705327448 ,         0.406039027114434 ,         0.969925726019604 ,         1.272932350003750 , 
  11.69000 ,         0.008106892934659 ,         0.073975398028763 ,         1.606178162679313 ,         0.413958220476025 ,         0.978780651657969 ,         1.203746930594756 , 
  11.70000 ,         0.000000000000000 ,         0.050581505756606 ,         1.660085018931807 ,         0.371774067311054 ,         0.961048609375513 ,         1.145165290329559 , 
  11.71000 ,         0.000000000000000 ,         0.059584279802127 ,         1.730973823404166 ,         0.377198788238889 ,         0.965214837642084 ,         1.104833933958085 , 
  11.72000 ,         0.000000000000000 ,         0.040327215951608 ,         1.739111187913090 ,         0.364961304362051 ,         0.949453890560668 ,         1.046239208844527 , 
  11.73000 ,         0.000000000000000 ,         0.064413577853393 ,         1.668211020187486 ,         0.349745598500846 ,         0.956768085107529 ,         0.950603504414528 , 
  11.74000 ,         0.000000000000000 ,         0.054256408092141 ,         1.731181317458494 ,         0.320012332913831 ,         0.968074985125513 ,         0.917084009001880 , 
  11.75000 ,         0.000000000000000 ,         0.058176251327172 ,         1.760834641462950 ,         0.320470901707441 ,         0.956397511042394 ,         0.854338311515846 , 
  11.76000 ,         0.000000000000000 ,         0.059078687889219 ,         1.794389977923412 ,         0.281875434590090 ,         0.922228331287646 ,         0.834987133281744 , 
  11.77000 ,         0.000000000000000 ,         0.087967696462835 ,         1.782845302743937 ,         0.271400336246133 ,         0.876178249428125 ,         0.773216059250034 , 
  11.78000 ,         0.000000000000000 ,         0.070853489027711 ,         1.798780478485200 ,         0.299380939553709 ,         0.882924287567146 ,         0.744460603023556 , 
  11.79000 ,         0.000000000000000 ,         0.072725836151390 ,         1.716528982038984 ,         0.247068594048559 ,         0.860132449139819 ,         0.702227722701526 , 
  11.80000 ,         0.000000000000000 ,         0.090504641201143 ,         1.649969228051607 ,         0.233223498479869 ,         0.834930178992962 ,         0.691092445655431 , 
  11.81000 ,         0.000000000000000 ,         0.097301548928032 ,         1.677458846060304 ,         0.198574589649045 ,         0.806336943093652 ,         0.658895310279236 , 
  11.82000 ,         0.007929549367457 ,         0.108040110131603 ,         1.673134916533452 ,         0.189317991148039 ,         0.800512788486569 ,         0.646877769492088 , 
  11.83000 ,         0.000000000000000 ,         0.112805126138866 ,         1.617368233982253 ,         0.207798916571596 ,         0.776895830348924 ,         0.618572846294375 , 
  11.84000 ,         0.000000000000000 ,         0.120517440395817 ,         1.571665964506099 ,         0.206954129204292 ,         0.753110521489841 ,         0.586164231105472 , 
  11.85000 ,         0.000000000000000 ,         0.127217390523268 ,         1.589724290879913 ,         0.185402088514531 ,         0.730637086852144 ,         0.592818247118603 , 
  11.86000 ,         0.000000000000000 ,         0.152600442745366 ,         1.515174718613667 ,         0.192965721148979 ,         0.743681028637296 ,         0.566467611255581 , 
  11.87000 ,         0.000000000000000 ,         0.172983509354937 ,         1.458565499333673 ,         0.206892208631899 ,         0.717856992301773 ,         0.555684952281520 , 
  11.88000 ,         0.007849655177701 ,         0.186429310470395 ,         1.414900345780576 ,         0.190844741507852 ,         0.725234547902266 ,         0.547022845196027 , 
  11.89000 ,         0.000000000000000 ,         0.223339022720311 ,         1.333177236501505 ,         0.198850094790452 ,         0.724260043525569 ,         0.527981286167752 , 
  11.90000 ,         0.000000000000000 ,         0.246433696623395 ,         1.317735738888985 ,         0.233720847194410 ,         0.703974037130025 ,         0.529661313228755 , 
  11.91000 ,         0.007810160122277 ,         0.322169105043945 ,         1.269639154877731 ,         0.246020043851740 ,         0.735619456517009 ,         0.520840053154379 , 
  11.92000 ,         0.007797061324307 ,         0.302136126316888 ,         1.287002434843388 ,         0.241708901053510 ,         0.743157407472990 ,         0.514606047404248 , 
  11.93000 ,         0.000000000000000 ,         0.368766784522692 ,         1.154950325140992 ,         0.292872828868946 ,         0.735709195111401 ,         0.506567829002973 , 
  11.94000 ,         0.000000000000000 ,         0.448773078259259 ,         1.153502230374176 ,         0.306467329417308 ,         0.756818884412868 ,         0.519925952680234 , 
  11.95000 ,         0.015515924083623 ,         0.500388551696852 ,         1.084660067970794 ,         0.323894915245637 ,         0.761128807195866 ,         0.507176768483438 , 
  11.96000 ,         0.015489988570931 ,         0.565384582838998 ,         1.095432629250559 ,         0.353849426417216 ,         0.805237374617015 ,         0.505481892662349 , 
  11.97000 ,         0.023196177048546 ,         0.665923582768673 ,         0.981488241366600 ,         0.409315874169134 ,         0.783354229076937 ,         0.509470201113116 , 
  11.98000 ,         0.000000000000000 ,         0.714021941611961 ,         0.950421097956462 ,         0.469421181884080 ,         0.814491583058374 ,         0.534069114435433 , 
  11.99000 ,         0.000000000000000 ,         0.848654691298717 ,         0.946909831494482 ,         0.502353486393054 ,         0.830231852512010 ,         0.541848199608999 , 
  12.00000 ,         0.000000000000000 ,         0.935715497298674 ,         0.849645058441293 ,         0.553447347066174 ,         0.831012491370212 ,         0.554409027947262 , 
  12.01000 ,         0.007680640647921 ,         1.017684885849501 ,         0.796866467221779 ,         0.596689770335344 ,         0.817988229003561 ,         0.567767357895517 , 
  12.02000 ,         0.007667866196568 ,         1.111840598502346 ,         0.768224344568647 ,         0.637870619226992 ,         0.876413144185847 ,         0.583237072576446 , 
  12.03000 ,         0.000000000000000 ,         1.218121541013298 ,         0.678435328027045 ,         0.681784444596995 ,         0.833212358081170 ,         0.607505823527744 , 
  12.04000 ,         0.007642412717842 ,         1.338377527212076 ,         0.655336890554949 ,         0.790512065501779 ,         0.845800145007418 ,         0.622140160311823 , 
  12.05000 ,         0.022889200438237 ,         1.455371661197919 ,         0.601795228188654 ,         0.844992982844925 ,         0.842847120303841 ,         0.638394105972711 , 
  12.06000 ,         0.000000000000000 ,         1.563406853942815 ,         0.562236143272370 ,         0.905957138566741 ,         0.835142044314611 ,         0.663281546667426 , 
  12.07000 ,         0.000000000000000 ,         1.697697811422356 ,         0.526609511493833 ,         0.986204635694678 ,         0.838392760176102 ,         0.699492372329466 , 
  12.08000 ,         0.045551307064100 ,         1.862858661808938 ,         0.485406115901820 ,         1.025378901724176 ,         0.811382657079288 ,         0.697148519832599 , 
  12.09000 ,         0.022737992269813 ,         1.949782837136441 ,         0.469444798737175 ,         1.054948099684853 ,         0.775933986207359 ,         0.730339574624662 , 
  12.10000 ,         0.037834040573347 ,         1.993853938215410 ,         0.413336893263821 ,         1.137385844736257 ,         0.792741381388421 ,         0.731615759587106 , 
  12.11000 ,         0.022662949446469 ,         2.209637571030763 ,         0.378187968887958 ,         1.216244953627189 ,         0.789426072385350 ,         0.749175729878860 , 
  12.12000 ,         0.037709278783830 ,         2.309693325509605 ,         0.367194102157547 ,         1.244406199866400 ,         0.780817753817686 ,         0.768680079709141 , 
  12.13000 ,         0.030117703346483 ,         2.392475059586233 ,         0.376000702716247 ,         1.306825971768483 ,         0.753883761891649 ,         0.794707367599577 , 
  12.14000 ,         0.030068106481049 ,         2.432697739982378 ,         0.320883073852446 ,         1.375146057344229 ,         0.756048443041066 ,         0.796452461124976 , 
  12.15000 ,         0.067541922059849 ,         2.499989198465253 ,         0.325514541038440 ,         1.441363378402200 ,         0.749175937570099 ,         0.764419774146106 , 
  12.16000 ,         0.029969279580633 ,         2.590469603750925 ,         0.319828405524563 ,         1.420731160119361 ,         0.737408172181267 ,         0.787513061480137 , 
  12.17000 ,         0.059840097484597 ,         2.659144331971792 ,         0.321640523979710 ,         1.431019831252752 ,         0.742741834989484 ,         0.777921267299765 , 
  12.18000 ,         0.097080552115280 ,         2.683717185879126 ,         0.344916000063422 ,         1.436138744513056 ,         0.709784853987075 ,         0.763809247772381 , 
  12.19000 ,         0.052188413013363 ,         2.615012266348161 ,         0.354601627706869 ,         1.423998126507481 ,         0.729472862253750 ,         0.752887752913764 , 
  12.20000 ,         0.066989434250767 ,         2.655386740995681 ,         0.381467611705757 ,         1.441668449605048 ,         0.701063037610457 ,         0.754328941927908 , 
  12.21000 ,         0.111466250646427 ,         2.646394567430588 ,         0.386880778285307 ,         1.419336924897837 ,         0.733471151389041 ,         0.728826724278773 , 
  12.22000 ,         0.037094630937622 ,         2.591987336766314 ,         0.412677769181041 ,         1.366473467164639 ,         0.746761289062996 ,         0.713839804105857 , 
  12.23000 ,         0.125915579732939 ,         2.484055150172611 ,         0.424965081598669 ,         1.339241809438942 ,         0.733620275668290 ,         0.691494107448814 , 
  12.24000 ,         0.184867528498485 ,         2.406050883407781 ,         0.468177015922413 ,         1.253401843219728 ,         0.748482406008241 ,         0.677770576357570 , 
  12.25000 ,         0.214096359520220 ,         2.398432924107980 ,         0.505710366452933 ,         1.205676266005031 ,         0.751990392086376 ,         0.646211102388077 , 
  12.26000 ,         0.125300107386226 ,         2.237896770890749 ,         0.571221077790146 ,         1.171003209469799 ,         0.761013887507517 ,         0.623506232894325 , 
  12.27000 ,         0.198681806864608 ,         2.069602154839664 ,         0.616281530552256 ,         1.129542864952493 ,         0.752990250669165 ,         0.615016773679854 , 
  12.28000 ,         0.146932113060056 ,         1.964298686471628 ,         0.651092925997375 ,         1.055156236912530 ,         0.770360477145342 ,         0.590713010786758 , 
  12.29000 ,         0.286051548800194 ,         1.924430131191048 ,         0.689457579159442 ,         0.960381401821164 ,         0.779650916060785 ,         0.564424630545254 , 
  12.30000 ,         0.256295678720305 ,         1.777593600267260 ,         0.767971694451200 ,         0.863624903116457 ,         0.764996833894625 ,         0.571974150858395 , 
  12.31000 ,         0.343609541063056 ,         1.700684457229647 ,         0.835720546016396 ,         0.859937707820042 ,         0.777348047517984 ,         0.552996605148356 , 
  12.32000 ,         0.321155026177145 ,         1.513625535306486 ,         0.867209807901637 ,         0.778709701256230 ,         0.762743187170719 ,         0.528491616230429 , 
  12.33000 ,         0.335208591303152 ,         1.408240440637699 ,         0.964180146452137 ,         0.739645043853695 ,         0.749209419420768 ,         0.515223802869145 , 
  12.34000 ,         0.509273622923421 ,         1.288644149433014 ,         1.007634239641340 ,         0.651142703594946 ,         0.745835767857269 ,         0.525074746491804 , 
  12.35000 ,         0.595611946072597 ,         1.248424429649116 ,         1.049584465945002 ,         0.640101253020092 ,         0.738272810442500 ,         0.506746825307573 , 
  12.36000 ,         0.659914868279615 ,         1.085958807965629 ,         1.117232246091518 ,         0.625922000751475 ,         0.732432985672979 ,         0.496182556352409 , 
  12.37000 ,         0.629887972863465 ,         0.933971821832034 ,         1.175157374659783 ,         0.570157216816067 ,         0.714393417498704 ,         0.508277058562419 , 
  12.38000 ,         0.889093191917535 ,         0.927042291572552 ,         1.142990739609433 ,         0.530383845178448 ,         0.698331199901692 ,         0.527560251454117 , 
  12.39000 ,         0.786624281144460 ,         0.790232649406591 ,         1.213313828141398 ,         0.559297080630236 ,         0.676343526133095 ,         0.517462561091160 , 
  12.40000 ,         1.044739691512959 ,         0.731317784059071 ,         1.264495281796719 ,         0.533627816570197 ,         0.653074886903736 ,         0.528674309412161 , 
  12.41000 ,         1.136572088808277 ,         0.664499029770029 ,         1.280441973467553 ,         0.576828318805783 ,         0.624260421404388 ,         0.529958207944128 , 
  12.42000 ,         1.278380900313788 ,         0.645474625930908 ,         1.343915876242795 ,         0.582632868190764 ,         0.632008534986592 ,         0.547284379461933 , 
  12.43000 ,         1.448413536614289 ,         0.524332870618415 ,         1.303213664750727 ,         0.625614262720776 ,         0.588754110064054 ,         0.557943952068313 , 
  12.44000 ,         1.625056852566575 ,         0.510962259259644 ,         1.367338585199189 ,         0.664877335604056 ,         0.574049543458953 ,         0.582438809974818 , 
  12.45000 ,         2.022698701096384 ,         0.483339221419233 ,         1.273120869727185 ,         0.687038560575583 ,         0.558498023640847 ,         0.595239845232096 , 
  12.46000 ,         2.190714353704398 ,         0.398717148251574 ,         1.341544946242433 ,         0.749713116566998 ,         0.546117615250618 ,         0.616918898567103 , 
  12.47000 ,         2.251322120982183 ,         0.374923501951542 ,         1.352307215471300 ,         0.825098870684333 ,         0.541123260981724 ,         0.638193716356352 , 
  12.48000 ,         2.546462699205937 ,         0.364542495347219 ,         1.318132315493296 ,         0.928694235097975 ,         0.528475477248788 ,         0.642395007044794 , 
  12.49000 ,         2.869062119177158 ,         0.293830309853849 ,         1.230358940959016 ,         0.967154448899602 ,         0.524522611283664 ,         0.678206515795591 , 
  12.50000 ,         3.353702833656545 ,         0.280952377978099 ,         1.269603411525634 ,         1.065757837598307 ,         0.502191297072051 ,         0.714013436935664 , 
  12.51000 ,         3.638580290932730 ,         0.255727068112733 ,         1.236161640669510 ,         1.199439587636020 ,         0.504264577649633 ,         0.740966967684775 , 
  12.52000 ,         4.007355436346742 ,         0.227931592278981 ,         1.186039390056328 ,         1.292054084139575 ,         0.506993188058529 ,         0.774680290618728 , 
  12.53000 ,         4.424343748743819 ,         0.202870626437615 ,         1.157685639997261 ,         1.429796893284237 ,         0.509271425823557 ,         0.814018388580932 , 
  12.54000 ,         4.938629067505380 ,         0.179650558090424 ,         1.139988467882617 ,         1.568860143323972 ,         0.518917114484227 ,         0.849597430969297 , 
  12.55000 ,         5.359829602376978 ,         0.131006333785133 ,         1.088055960128200 ,         1.712314329171451 ,         0.516771628739677 ,         0.919022620059799 , 
  12.56000 ,         6.088681855645690 ,         0.148354560784908 ,         1.041554357226588 ,         1.853115253354679 ,         0.525276096506919 ,         0.956623565771322 , 
  12.57000 ,         6.205205641825127 ,         0.142859960397951 ,         1.047785783164116 ,         2.003983432208072 ,         0.539887948497779 ,         1.008017251243520 , 
  12.58000 ,         6.916384450925530 ,         0.123381858246521 ,         1.017244044053761 ,         2.131618487152656 ,         0.538483056868459 ,         1.059683903096004 , 
  12.59000 ,         7.450564999641879 ,         0.112702026847303 ,         1.013007752941459 ,         2.295976174842737 ,         0.542542315288181 ,         1.113041722507476 , 
  12.60000 ,         7.229397900535584 ,         0.097694566223454 ,         0.985668391361632 ,         2.465479387773145 ,         0.572647167193727 ,         1.169827010057406 , 
  12.61000 ,         7.747437432406533 ,         0.116699259885620 ,         1.005007059014966 ,         2.550836807499858 ,         0.582298825679274 ,         1.221096640053171 , 
  12.62000 ,         8.757708463900865 ,         0.086951037171375 ,         0.976460147434539 ,         2.708524807888324 ,         0.583984903402246 ,         1.270572030666714 , 
  12.63000 ,         8.716065560881734 ,         0.094626608180887 ,         0.990540916829289 ,         2.824908101106490 ,         0.600965775350635 ,         1.300464761972195 , 
  12.64000 ,         9.277809033976649 ,         0.094476941769755 ,         0.976839572243244 ,         2.909716454321713 ,         0.602290503782187 ,         1.325060777344152 , 
  12.65000 ,         9.761611634740007 ,         0.084808328032316 ,         0.983084292292965 ,         3.023676511682765 ,         0.631843678618311 ,         1.387438284875613 , 
  12.66000 ,         9.649425792867463 ,         0.076898181909492 ,         0.980235813217061 ,         3.110488257013150 ,         0.632141936399235 ,         1.406739914847093 , 
  12.67000 ,         9.682508902792545 ,         0.104382000823049 ,         0.989472354909395 ,         3.220745455147538 ,         0.641819905887175 ,         1.455093718084936 , 
  12.68000 ,         9.529434663859991 ,         0.111969134698283 ,         1.021072378344723 ,         3.250550110394758 ,         0.659971918942762 ,         1.446555090198197 , 
  12.69000 ,        10.312449918447061 ,         0.121252121289279 ,         1.040532388368991 ,         3.254458532051610 ,         0.645173077994906 ,         1.435784205727750 , 
  12.70000 ,         9.863486666181954 ,         0.106465211229680 ,         1.086975463038506 ,         3.204259421848107 ,         0.661329265723072 ,         1.447798084161675 , 
  12.71000 ,         9.402207197225561 ,         0.101154307920552 ,         1.070264012193300 ,         3.189361039139105 ,         0.648180517596843 ,         1.447020947202475 , 
  12.72000 ,         9.716092409762020 ,         0.135231025435377 ,         1.141760683106284 ,         3.155675891014144 ,         0.664065644681475 ,         1.407622311434537 , 
  12.73000 ,         9.564105786664014 ,         0.126473164441232 ,         1.130140270091419 ,         3.055010559982474 ,         0.655224992130507 ,         1.393447998425573 , 
  12.74000 ,         9.269245353197940 ,         0.138219601179866 ,         1.191504154615328 ,         2.954657277073312 ,         0.647691078676950 ,         1.376223559895828 , 
  12.75000 ,         8.361951748552402 ,         0.164410827981929 ,         1.243729579552415 ,         2.918079229285478 ,         0.655726605383885 ,         1.328597085965367 , 
  12.76000 ,         8.226373354905189 ,         0.193921952534986 ,         1.237953517169613 ,         2.759985684105390 ,         0.637369575354847 ,         1.324495441162749 , 
  12.77000 ,         7.608861732472852 ,         0.213150032907443 ,         1.307773110268772 ,         2.606629585694801 ,         0.644757619462055 ,         1.284207718184383 , 
  12.78000 ,         7.637656934177799 ,         0.261993338439270 ,         1.334555063765082 ,         2.496567589108185 ,         0.609622039928268 ,         1.232492124882793 , 
  12.79000 ,         7.239691834930093 ,         0.281054453834985 ,         1.377759408483247 ,         2.366106019484286 ,         0.588351944022032 ,         1.193105785764102 , 
  12.80000 ,         6.504869630319082 ,         0.342317073840856 ,         1.389976365262439 ,         2.201817228038099 ,         0.588595190854139 ,         1.168104187772995 , 
  12.81000 ,         5.812839827678528 ,         0.408451579064519 ,         1.431268343168232 ,         2.160405046291671 ,         0.565945950847403 ,         1.141702334766346 , 
  12.82000 ,         5.520663997837856 ,         0.425509053557405 ,         1.477485396857247 ,         2.020957356351358 ,         0.577491618974072 ,         1.114433489032401 , 
  12.83000 ,         5.343805639512375 ,         0.477846600006774 ,         1.471397365161704 ,         1.959339315872847 ,         0.538523864136155 ,         1.111750496318577 , 
  12.84000 ,         4.992777709017292 ,         0.538420341769866 ,         1.538403831437613 ,         1.839532836936048 ,         0.526555774956295 ,         1.104454675327071 , 
  12.85000 ,         4.495230975511046 ,         0.587063746801816 ,         1.527623735427868 ,         1.712548815670440 ,         0.509068134726717 ,         1.117832273597815 , 
  12.86000 ,         4.367663012322138 ,         0.721803204873789 ,         1.533622470680214 ,         1.619033058727924 ,         0.488598805155285 ,         1.121118637964494 , 
  12.87000 ,         3.457935702803841 ,         0.797599289283091 ,         1.519535333618467 ,         1.542108898409498 ,         0.472372744701202 ,         1.132440500350049 , 
  12.88000 ,         3.599486123057340 ,         0.859803039598576 ,         1.548062851393747 ,         1.549314991742677 ,         0.459744198115452 ,         1.189011606338080 , 
  12.89000 ,         3.167169010753005 ,         1.055167359898238 ,         1.578583712201630 ,         1.429810115249153 ,         0.456739109971749 ,         1.200502911542990 , 
  12.90000 ,         2.776131915034543 ,         1.147567719074531 ,         1.596941590213216 ,         1.401380738884344 ,         0.435643002853892 ,         1.240147058267455 , 
  12.91000 ,         2.565773319075434 ,         1.172378935626761 ,         1.554170658461981 ,         1.383008319171328 ,         0.428840594011596 ,         1.277485906113497 , 
  12.92000 ,         2.342788818833086 ,         1.349758289037334 ,         1.570431740103057 ,         1.402023053763426 ,         0.407333325087481 ,         1.319477909473804 , 
  12.93000 ,         2.246394944421324 ,         1.315366951231955 ,         1.512092172212805 ,         1.417664066141997 ,         0.405564573990520 ,         1.370242933926613 , 
  12.94000 ,         2.017970212757354 ,         1.473779884890821 ,         1.488666550394769 ,         1.346829709621045 ,         0.398838579959932 ,         1.438010535832725 , 
  12.95000 ,         1.816672414666293 ,         1.570595878497859 ,         1.423610564947586 ,         1.310481419125185 ,         0.398635730990979 ,         1.462008413712124 , 
  12.96000 ,         1.589609699970091 ,         1.719878544677184 ,         1.381014651166962 ,         1.341439305939491 ,         0.403586072684315 ,         1.532823202000465 , 
  12.97000 ,         1.317144759354471 ,         1.812720475061590 ,         1.351308201550227 ,         1.341841223592367 ,         0.392879585251201 ,         1.596935118782971 , 
  12.98000 ,         1.262511400680236 ,         1.915959684235437 ,         1.264977243259690 ,         1.349637838487596 ,         0.414569783670634 ,         1.625298490182345 , 
  12.99000 ,         0.997949926726520 ,         1.972100060792622 ,         1.272057883574101 ,         1.364795006699180 ,         0.424805781925835 ,         1.657265734608032 , 
  13.00000 ,         0.773532860181664 ,         1.976442011396369 ,         1.184881902354540 ,         1.356960186928850 ,         0.439619046067227 ,         1.702243459131232 , 
  13.01000 ,         0.733072443376309 ,         2.069947859087121 ,         1.127426146174724 ,         1.403555554254528 ,         0.440886621567420 ,         1.733479061834323 , 
  13.02000 ,         0.810369676442957 ,         2.204826367660827 ,         1.115892114940604 ,         1.341357871692878 ,         0.466554820018633 ,         1.781669621292428 , 
  13.03000 ,         0.730823756334531 ,         2.272405117352682 ,         1.060346967896083 ,         1.397211043081531 ,         0.500300247256354 ,         1.807789623823600 , 
  13.04000 ,         0.462579764734504 ,         2.293353199810500 ,         0.971987586638435 ,         1.386110492215011 ,         0.515515829360812 ,         1.833522038431593 , 
  13.05000 ,         0.617996544777386 ,         2.228040174592154 ,         1.026606102344013 ,         1.319341307764879 ,         0.531599001510810 ,         1.859275131096701 , 
  13.06000 ,         0.428687723581614 ,         2.283086891499048 ,         1.015697617804164 ,         1.344520587596879 ,         0.574425311428014 ,         1.864649513580726 , 
  13.07000 ,         0.350207989551738 ,         2.230954600107371 ,         0.952533304915029 ,         1.376106625611287 ,         0.601717315381430 ,         1.862202611108882 , 
  13.08000 ,         0.407951492727127 ,         2.190310990713504 ,         0.897250455730199 ,         1.297107672807978 ,         0.618908551838253 ,         1.853083231472553 , 
  13.09000 ,         0.278017816162427 ,         2.194239450235432 ,         0.875675301779039 ,         1.250271981404866 ,         0.658069787239116 ,         1.846616156116641 , 
  13.10000 ,         0.264682196832704 ,         2.135210648839433 ,         0.873531945339640 ,         1.303237036234197 ,         0.704676001171215 ,         1.844705798657197 , 
  13.11000 ,         0.199820377756020 ,         2.102948330416182 ,         0.866962606715637 ,         1.238402905689529 ,         0.715989448320337 ,         1.817317992051225 , 
  13.12000 ,         0.225259875377767 ,         1.993549897093236 ,         0.867652769981862 ,         1.194681839057085 ,         0.759849829622503 ,         1.816660557455070 , 
  13.13000 ,         0.186359703577279 ,         1.915809883757803 ,         0.863118540921492 ,         1.142658096287410 ,         0.814219200597066 ,         1.787285950256231 , 
  13.14000 ,         0.166826901180349 ,         1.823065126841031 ,         0.879049440834918 ,         1.126081582967359 ,         0.838044511398162 ,         1.785769689798308 , 
  13.15000 ,         0.096099962619378 ,         1.760230981978273 ,         0.856490916845206 ,         1.102346654546448 ,         0.860294873698890 ,         1.750620985716336 , 
  13.16000 ,         0.102350900843279 ,         1.678394850547203 ,         0.846393972989145 ,         1.064689253693950 ,         0.897269567255970 ,         1.738565985613271 , 
  13.17000 ,         0.095808308893742 ,         1.553691409226856 ,         0.853093150441365 ,         0.979240757151459 ,         0.956286683145666 ,         1.725647363626771 , 
  13.18000 ,         0.057397787802221 ,         1.446105376017070 ,         0.890462902431680 ,         1.002069712047110 ,         0.977257126695108 ,         1.704594719001378 , 
  13.19000 ,         0.063678653910505 ,         1.400930386031120 ,         0.840160240031732 ,         0.951995875962057 ,         1.017365994117060 ,         1.664699310276042 , 
  13.20000 ,         0.069940428417950 ,         1.303435256879969 ,         0.842861640195858 ,         0.912802068613808 ,         1.036588679137622 ,         1.710659427455502 , 
  13.21000 ,         0.107926166581465 ,         1.230834443881270 ,         0.834840641497805 ,         0.888803724788538 ,         1.065572501303401 ,         1.665217425002810 , 
  13.22000 ,         0.050711977053084 ,         1.071290515246392 ,         0.801486949831158 ,         0.889044347711872 ,         1.110017825847477 ,         1.671118118827397 , 
  13.23000 ,         0.101270687865456 ,         1.053848095599897 ,         0.782869887834909 ,         0.867525853472438 ,         1.145525759321848 ,         1.683130699982606 , 
  13.24000 ,         0.050558884386779 ,         0.935339361155421 ,         0.763518152497225 ,         0.863055956133697 ,         1.169470444907480 ,         1.674071810564595 , 
  13.25000 ,         0.037861948418579 ,         0.861359326522666 ,         0.763549293108004 ,         0.900010065533298 ,         1.204680431714049 ,         1.704970864724123 , 
  13.26000 ,         0.044105673434268 ,         0.789176513948875 ,         0.732863020189050 ,         0.856516426067267 ,         1.235057306323432 ,         1.709882446889229 , 
  13.27000 ,         0.037747906475429 ,         0.758890203099771 ,         0.741982286657652 ,         0.906736170128535 ,         1.249318081761009 ,         1.712909558162372 , 
  13.28000 ,         0.012563692875154 ,         0.687862184914678 ,         0.703174185606272 ,         0.932854195980180 ,         1.256860056768329 ,         1.716612692918493 , 
  13.29000 ,         0.018817189503395 ,         0.599013865858071 ,         0.650761136992407 ,         0.958892615110498 ,         1.305932552774671 ,         1.715598449254831 , 
  13.30000 ,         0.006262967872317 ,         0.555055527684065 ,         0.656437320117190 ,         0.969585713733024 ,         1.338709382707687 ,         1.728285556140385 , 
  13.31000 ,         0.025014241948485 ,         0.523735690796399 ,         0.645680120295263 ,         1.023629682235649 ,         1.342561267078830 ,         1.721292524080107 , 
  13.32000 ,         0.012488348563549 ,         0.426945416516332 ,         0.617782993003065 ,         1.038484235237622 ,         1.386792081892856 ,         1.743588102962377 , 
  13.33000 ,         0.006234809192745 ,         0.416173513615730 ,         0.605945518419907 ,         1.100833498094043 ,         1.402052717218537 ,         1.744382709457693 , 
  13.34000 ,         0.018676395470218 ,         0.360298795946281 ,         0.641222911144137 ,         1.105409156893503 ,         1.432246077622311 ,         1.750620256653677 , 
  13.35000 ,         0.049729136885604 ,         0.374522562169702 ,         0.635212021937201 ,         1.147266728306150 ,         1.437482863099477 ,         1.761305016178778 , 
  13.36000 ,         0.018620519975424 ,         0.301031739602692 ,         0.628054621671080 ,         1.195592553422031 ,         1.465299147441067 ,         1.742376363950374 , 
  13.37000 ,         0.018592676212429 ,         0.312976716242551 ,         0.625953432485103 ,         1.211235385755518 ,         1.459137735254568 ,         1.727763171782055 , 
  13.38000 ,         0.037129789712118 ,         0.252173155128133 ,         0.637007954748520 ,         1.218321224928863 ,         1.497858261537541 ,         1.687664973008601 , 
  13.39000 ,         0.012358117146638 ,         0.261837607044386 ,         0.674289766813419 ,         1.229632656090450 ,         1.490118594071922 ,         1.685820964823755 , 
  13.40000 ,         0.006169839539486 ,         0.236767592327788 ,         0.679067964314714 ,         1.287954003867770 ,         1.499945834294808 ,         1.642141354931407 , 
  13.41000 ,         0.006160641122198 ,         0.230253961942168 ,         0.727340692489556 ,         1.268707031102747 ,         1.503966513956701 ,         1.614087974015998 , 
  13.42000 ,         0.006151463260028 ,         0.226066274806028 ,         0.751247450630915 ,         1.246440243063166 ,         1.510760930017493 ,         1.568046431626503 , 
  13.43000 ,         0.006142305891776 ,         0.200392729719196 ,         0.770859389417904 ,         1.253030401922329 ,         1.513598534675020 ,         1.517053581739144 , 
  13.44000 ,         0.030665844782359 ,         0.197794698846217 ,         0.824144578525904 ,         1.281448988842836 ,         1.522367531914246 ,         1.466306534421496 , 
  13.45000 ,         0.006124052393371 ,         0.187549104546974 ,         0.844353723735971 ,         1.193424710158095 ,         1.535223384363091 ,         1.421641350129796 , 
  13.46000 ,         0.000000000000000 ,         0.194149857507021 ,         0.866030663604151 ,         1.141968059509799 ,         1.525681557417375 ,         1.317677502401241 , 
  13.47000 ,         0.006105880141926 ,         0.184702874293258 ,         0.909394523638086 ,         1.121955476078881 ,         1.523798712919378 ,         1.287863688060273 , 
  13.48000 ,         0.012193648666434 ,         0.198146790829558 ,         0.922525731919922 ,         1.066944258313004 ,         1.540877087340432 ,         1.205075434612455 , 
  13.49000 ,         0.024351154623916 ,         0.212311629377267 ,         0.998016852789555 ,         1.023509467786467 ,         1.555715366695881 ,         1.131662838127844 , 
  13.50000 ,         0.000000000000000 ,         0.202119203931939 ,         0.997298703611544 ,         0.996158933664559 ,         1.560819961566523 ,         1.060176012353528 , 
  13.51000 ,         0.006069777457628 ,         0.215477099745795 ,         1.069798276906942 ,         0.938539339385735 ,         1.568468431160195 ,         0.986718197955658 , 
  13.52000 ,         0.006060801817923 ,         0.265160079534117 ,         1.089429126771600 ,         0.925029877460448 ,         1.585751975642424 ,         0.916980375046019 , 
  13.53000 ,         0.006051846072501 ,         0.214084054814712 ,         1.103705427472315 ,         0.879030642030727 ,         1.606103211584756 ,         0.847353010244981 , 
  13.54000 ,         0.000000000000000 ,         0.237939587652846 ,         1.110007060494783 ,         0.831655511129470 ,         1.610435558336085 ,         0.761312260017815 , 
  13.55000 ,         0.000000000000000 ,         0.287368965665556 ,         1.156264105945663 ,         0.799504208938293 ,         1.614659089891179 ,         0.727001999424903 , 
  13.56000 ,         0.000000000000000 ,         0.304267429583559 ,         1.140626292337377 ,         0.762927985564717 ,         1.635531576161873 ,         0.648733557320639 , 
  13.57000 ,         0.012032441723776 ,         0.346684727166309 ,         1.127665397800173 ,         0.733226917542627 ,         1.646940460941900 ,         0.586017513328299 , 
  13.58000 ,         0.000000000000000 ,         0.377712993326012 ,         1.109860445598102 ,         0.773823538016810 ,         1.668357540600531 ,         0.534655370274593 , 
  13.59000 ,         0.000000000000000 ,         0.373408250037910 ,         1.100729540272394 ,         0.715699145905995 ,         1.676213138473390 ,         0.487099065122244 , 
  13.60000 ,         0.000000000000000 ,         0.423023126557338 ,         1.059429600139175 ,         0.719888028645807 ,         1.675059274142310 ,         0.443987104510622 , 
  13.61000 ,         0.005980909298575 ,         0.467258538951176 ,         1.032080660835357 ,         0.701635422089085 ,         1.659515426938995 ,         0.400907826420109 , 
  13.62000 ,         0.005972129983751 ,         0.519575308586339 ,         0.996225932914468 ,         0.742410408605050 ,         1.658572473924856 ,         0.349182974987443 , 
  13.63000 ,         0.000000000000000 ,         0.575465203585951 ,         0.989919417567542 ,         0.751384618153676 ,         1.672259392609627 ,         0.320624314368403 , 
  13.64000 ,         0.000000000000000 ,         0.593229938706101 ,         0.918501561309069 ,         0.790849196832160 ,         1.633708358491283 ,         0.282844889219973 , 
  13.65000 ,         0.000000000000000 ,         0.641414794378239 ,         0.872933575894834 ,         0.813102879547848 ,         1.624068948511876 ,         0.259668938338235 , 
  13.66000 ,         0.000000000000000 ,         0.701332378830275 ,         0.874253483875200 ,         0.878706387867773 ,         1.608611567317060 ,         0.229602862117054 , 
  13.67000 ,         0.000000000000000 ,         0.729949274514999 ,         0.755886558381014 ,         0.908546000563846 ,         1.593938726723297 ,         0.220559546017793 , 
  13.68000 ,         0.000000000000000 ,         0.752561918370605 ,         0.742942149502544 ,         0.902778309156478 ,         1.567097347718140 ,         0.204050097335983 , 
  13.69000 ,         0.000000000000000 ,         0.800230389907949 ,         0.721537373725865 ,         0.968699945678044 ,         1.536915245621915 ,         0.207631338471038 , 
  13.70000 ,         0.000000000000000 ,         0.865466690684390 ,         0.678428492825487 ,         1.037748423228981 ,         1.503683815528377 ,         0.194324202607844 , 
  13.71000 ,         0.005893978637458 ,         0.908409457498203 ,         0.629918966878316 ,         1.066441759715044 ,         1.494215678011795 ,         0.189251970312126 , 
  13.72000 ,         0.005885389963369 ,         0.948283457847777 ,         0.599941939390894 ,         1.128523525475943 ,         1.452587810333931 ,         0.201942443118088 , 
  13.73000 ,         0.000000000000000 ,         1.016689868419057 ,         0.597599138698629 ,         1.147081813248813 ,         1.430271079343861 ,         0.198985453835269 , 
  13.74000 ,         0.000000000000000 ,         1.029147647596575 ,         0.555651705669569 ,         1.188324439847791 ,         1.426722861422194 ,         0.212724745404852 , 
  13.75000 ,         0.000000000000000 ,         1.001282436715629 ,         0.555576245975716 ,         1.240799157129681 ,         1.400751645877140 ,         0.235945943618889 , 
  13.76000 ,         0.005851222315934 ,         1.070042281026355 ,         0.527341411223515 ,         1.336638597796080 ,         1.356660749158415 ,         0.249682627262729 , 
  13.77000 ,         0.000000000000000 ,         1.040005387279169 ,         0.508317239849931 ,         1.375231842869857 ,         1.363820266903398 ,         0.283372254399100 , 
  13.78000 ,         0.000000000000000 ,         1.147159398801552 ,         0.502110137364824 ,         1.379435475418395 ,         1.355551514635972 ,         0.309944529237546 , 
  13.79000 ,         0.000000000000000 ,         1.038447328493609 ,         0.524685343744492 ,         1.448437402786668 ,         1.325458586097076 ,         0.344540948312440 , 
  13.80000 ,         0.000000000000000 ,         1.065302465539464 ,         0.541377259791216 ,         1.464881786231570 ,         1.307267923156022 ,         0.370674356183442 , 
  13.81000 ,         0.000000000000000 ,         1.084817595192747 ,         0.514453324092410 ,         1.512136975896181 ,         1.311819670625901 ,         0.414340053719452 , 
  13.82000 ,         0.000000000000000 ,         1.014366992294000 ,         0.563376092217611 ,         1.498710917134880 ,         1.338380751894701 ,         0.452259765148951 , 
  13.83000 ,         0.005792140755019 ,         0.989732051513872 ,         0.594418444983825 ,         1.500526464347111 ,         1.331015845063508 ,         0.503916245686653 , 
  13.84000 ,         0.000000000000000 ,         0.962998310007689 ,         0.614887434430585 ,         1.504142630608857 ,         1.335961337917011 ,         0.553615582498790 , 
  13.85000 ,         0.005775424629524 ,         0.887971536789385 ,         0.642515990034596 ,         1.487893770181238 ,         1.314179826246323 ,         0.596041869968891 , 
  13.86000 ,         0.000000000000000 ,         0.859296959852548 ,         0.644112276533768 ,         1.486107955315460 ,         1.332739307489429 ,         0.653303582102661 , 
  13.87000 ,         0.000000000000000 ,         0.868856047751013 ,         0.709049881553229 ,         1.463090237824303 ,         1.338016718108695 ,         0.691053691666091 , 
  13.88000 ,         0.005750485798429 ,         0.769846286264626 ,         0.763017584378992 ,         1.404915561628582 ,         1.347051298281895 ,         0.742711181403291 , 
  13.89000 ,         0.000000000000000 ,         0.721364973240666 ,         0.803191447817219 ,         1.344035733724523 ,         1.342779625562164 ,         0.810638374779778 , 
  13.90000 ,         0.000000000000000 ,         0.683773483088882 ,         0.884461717119161 ,         1.303398405657370 ,         1.352495348625492 ,         0.842084246272589 , 
  13.91000 ,         0.000000000000000 ,         0.610503631666369 ,         0.890347617576744 ,         1.241047241863404 ,         1.349119983225211 ,         0.876480668147042 , 
  13.92000 ,         0.000000000000000 ,         0.540302286644331 ,         0.908722695063845 ,         1.233547284058354 ,         1.340660783014464 ,         0.915154865142945 , 
  13.93000 ,         0.011418557164328 ,         0.521685330445244 ,         1.024458675587069 ,         1.188957264735672 ,         1.351136459460270 ,         0.935608027652140 , 
  13.94000 ,         0.000000000000000 ,         0.530914034472797 ,         1.034747890006042 ,         1.036885798869691 ,         1.346704425026803 ,         0.985932304286060 , 
  13.95000 ,         0.005692919626852 ,         0.470377484168660 ,         1.075961809475058 ,         1.015830345916432 ,         1.344596454367144 ,         0.997506260867501 , 
  13.96000 ,         0.005684766503110 ,         0.387985313837243 ,         1.101068212071076 ,         0.942960643703336 ,         1.342670788453242 ,         1.009046054301987 , 
  13.97000 ,         0.000000000000000 ,         0.361885218701800 ,         1.107652600771587 ,         0.837303055035537 ,         1.318308824893346 ,         1.020108308894461 , 
  13.98000 ,         0.000000000000000 ,         0.335150814111982 ,         1.149645234453891 ,         0.826185727810932 ,         1.337149006513898 ,         1.026709365006896 , 
  13.99000 ,         0.005660411945198 ,         0.299294281602357 ,         1.158615570032765 ,         0.730193140930573 ,         1.320910193773996 ,         1.030283417962724 , 
  14.00000 ,         0.005652328530728 ,         0.299573412128603 ,         1.159433889865652 ,         0.674040177289356 ,         1.294206598270207 ,         1.050184977482669 , 
  14.01000 ,         0.011288524838636 ,         0.245525415240332 ,         1.224452178590793 ,         0.628276960550332 ,         1.267754254338998 ,         1.034840237941830 , 
  14.02000 ,         0.016908640684854 ,         0.232493809416740 ,         1.227637766389909 ,         0.570666623113817 ,         1.275633647500561 ,         0.991621323497157 , 
  14.03000 ,         0.000000000000000 ,         0.237087162893662 ,         1.218501383180484 ,         0.545933645120124 ,         1.246642292722758 ,         1.003135484839764 , 
  14.04000 ,         0.005620167410831 ,         0.205136110495313 ,         1.193934314338305 ,         0.460853727688101 ,         1.231606999014028 ,         0.973606188810590 , 
  14.05000 ,         0.016836510059762 ,         0.182395525647425 ,         1.208370357414191 ,         0.433890894665125 ,         1.216788612444073 ,         0.961171806067994 , 
  14.06000 ,         0.005604189687075 ,         0.185638783384368 ,         1.235373564144655 ,         0.405953490457515 ,         1.205513740968207 ,         0.927580958674818 , 
  14.07000 ,         0.011192452727633 ,         0.146900942050180 ,         1.201090083334092 ,         0.359557543875203 ,         1.175382418475310 ,         0.864791855283501 , 
  14.08000 ,         0.022353120007354 ,         0.153677700050561 ,         1.220340645401502 ,         0.341932882612499 ,         1.159306149756421 ,         0.859809268407884 , 
  14.09000 ,         0.016741051659023 ,         0.142996482920823 ,         1.178849054322882 ,         0.300990157952854 ,         1.166380458556005 ,         0.827810127347740 , 
  14.10000 ,         0.011144875938720 ,         0.119807416341245 ,         1.167774031954057 ,         0.278970175841097 ,         1.141653228972681 ,         0.794420688006920 , 
  14.11000 ,         0.005564542203103 ,         0.109204140735887 ,         1.219330310254842 ,         0.273705919615106 ,         1.124211416970558 ,         0.760168632526960 , 
  14.12000 ,         0.022226652826440 ,         0.136138248561948 ,         1.180096348503823 ,         0.246924221243737 ,         1.104299989451157 ,         0.719761530981216 , 
  14.13000 ,         0.011097601864854 ,         0.101265617016793 ,         1.181547798548677 ,         0.215362836189823 ,         1.070658479914705 ,         0.697675017238127 , 
  14.14000 ,         0.022163821333060 ,         0.126056733831778 ,         1.131047507402714 ,         0.233412743413787 ,         1.077888967174203 ,         0.686039532199870 , 
  14.15000 ,         0.044265010896022 ,         0.097521352130300 ,         1.167143841984968 ,         0.212333724141858 ,         1.067028836872479 ,         0.663369977744493 , 
  14.16000 ,         0.016575941915057 ,         0.108434286694331 ,         1.131998699949094 ,         0.199601967227143 ,         1.066989927750980 ,         0.644389741947837 , 
  14.17000 ,         0.016552554346573 ,         0.111729741839365 ,         1.134539662504663 ,         0.206906929332157 ,         1.063587827987844 ,         0.638221665769150 , 
  14.18000 ,         0.011019477493788 ,         0.116393231028139 ,         1.120543117649603 ,         0.177689074587337 ,         1.027394096959923 ,         0.629315472496819 , 
  14.19000 ,         0.033011854916013 ,         0.123106708957631 ,         1.167450494165246 ,         0.189474292278365 ,         1.042280544275364 ,         0.628256863870369 , 
  14.20000 ,         0.043953834292412 ,         0.133921838859693 ,         1.148637310219679 ,         0.184056681099476 ,         1.023729441283234 ,         0.618530031400059 , 
  14.21000 ,         0.060351490126495 ,         0.107672544884769 ,         1.096271101900022 ,         0.190998750002600 ,         1.011230365812689 ,         0.636691075524825 , 
  14.22000 ,         0.043830281767481 ,         0.134230237912912 ,         1.119041881376012 ,         0.172581734459458 ,         1.017598748769634 ,         0.632970905056168 , 
  14.23000 ,         0.082066313944817 ,         0.154558224596072 ,         1.098320834961469 ,         0.184991149350609 ,         1.020956236919740 ,         0.646785136777590 , 
  14.24000 ,         0.109268123658344 ,         0.167999740124704 ,         1.081754424217604 ,         0.211706989588041 ,         1.000315525803495 ,         0.658425810763130 , 
  14.25000 ,         0.103659077769449 ,         0.202544382220568 ,         1.067279320455182 ,         0.198111592710690 ,         0.997548131626721 ,         0.687764341647956 , 
  14.26000 ,         0.119858019774731 ,         0.202260408369858 ,         1.083148752566530 ,         0.218945189531681 ,         1.004236547785865 ,         0.709018072942992 , 
  14.27000 ,         0.114249633873284 ,         0.223738866335182 ,         1.091492037896554 ,         0.222718780318456 ,         1.006654884172196 ,         0.742792634512468 , 
  14.28000 ,         0.124955359882147 ,         0.239724141513033 ,         1.078758636808648 ,         0.252627140631298 ,         1.007113036441438 ,         0.767304006776311 , 
  14.29000 ,         0.151906739529835 ,         0.272618345049079 ,         1.017910785867330 ,         0.268210336982365 ,         1.006466918771054 ,         0.782930048157117 , 
  14.30000 ,         0.195035601658864 ,         0.308129162342997 ,         1.001250475877189 ,         0.308129162342997 ,         1.008191847116784 ,         0.822383190154455 , 
  14.31000 ,         0.178532851262269 ,         0.307698664107320 ,         0.982268812342598 ,         0.298569143304136 ,         0.984128529543246 ,         0.861809857300584 , 
  14.32000 ,         0.248516520477678 ,         0.382229213560776 ,         0.929573343580226 ,         0.349476356921734 ,         0.988747963435815 ,         0.883989470938261 , 
  14.33000 ,         0.221194816046519 ,         0.431599641066379 ,         0.921869858340220 ,         0.376638124274333 ,         0.967305836179044 ,         0.913608771460434 , 
  14.34000 ,         0.323248424172628 ,         0.443793149020337 ,         0.860985646468134 ,         0.389581694549719 ,         0.965620487938597 ,         0.935989382389439 , 
  14.35000 ,         0.328178028393392 ,         0.522529360782101 ,         0.824143798762504 ,         0.436786125904730 ,         0.964611392370433 ,         0.950909287189049 , 
  14.36000 ,         0.322348637800039 ,         0.584256906012571 ,         0.804528475175932 ,         0.463711946668598 ,         0.936238113902041 ,         0.989794996953194 , 
  14.37000 ,         0.461390219029312 ,         0.642459054985583 ,         0.771554428769221 ,         0.525434936932364 ,         0.929151378583012 ,         0.978442339482219 , 
  14.38000 ,         0.492893991481444 ,         0.666344458592441 ,         0.732978904451685 ,         0.588994925961862 ,         0.934640185952840 ,         0.998428436888448 , 
  14.39000 ,         0.486859079051504 ,         0.752357780127668 ,         0.690831632775005 ,         0.634655585192139 ,         0.901324620592946 ,         1.016351765643576 , 
  14.40000 ,         0.587693882167994 ,         0.850152627272564 ,         0.690206394568889 ,         0.740293941344570 ,         0.872858981810873 ,         1.030718233398896 , 
  14.41000 ,         0.645566339178954 ,         0.875649383617734 ,         0.610887155669340 ,         0.772945647839264 ,         0.843971283296452 ,         1.030121804394929 , 
  14.42000 ,         0.724589199788127 ,         0.973000754494902 ,         0.643006316539923 ,         0.850792925302695 ,         0.832395152651824 ,         1.035852873732038 , 
  14.43000 ,         0.994929740993446 ,         1.101339338960660 ,         0.590573268718035 ,         0.934076752155946 ,         0.801646682185812 ,         1.046305625011991 , 
  14.44000 ,         1.105127579825518 ,         1.196114646193365 ,         0.581453843832477 ,         1.001853938802160 ,         0.781940855947758 ,         1.014887670024561 , 
  14.45000 ,         0.992177516305223 ,         1.244201216970989 ,         0.557436632656778 ,         1.101940470147813 ,         0.749024386682628 ,         1.018374716769165 , 
  14.46000 ,         1.250428564386989 ,         1.378253094538837 ,         0.568256201400443 ,         1.152738832794255 ,         0.739378807503986 ,         1.013075631779898 , 
  14.47000 ,         1.455053964492755 ,         1.459022293486826 ,         0.598225595856226 ,         1.287392064493249 ,         0.694292226921032 ,         0.983153508281128 , 
  14.48000 ,         1.474180114270677 ,         1.449082065730226 ,         0.570320129333660 ,         1.343075834394902 ,         0.676408920039183 ,         0.982208827255726 , 
  14.49000 ,         1.762354066232732 ,         1.585591008691425 ,         0.557990845820693 ,         1.440816788055915 ,         0.645630365487861 ,         0.961643798116513 , 
  14.50000 ,         1.701962500140374 ,         1.656515359076255 ,         0.571382534393102 ,         1.572207619131221 ,         0.623580881195008 ,         0.960153186756823 , 
  14.51000 ,         1.857476592498663 ,         1.717376552058786 ,         0.586710028508785 ,         1.640420191817162 ,         0.609073415245667 ,         0.907608184516322 , 
  14.52000 ,         2.201731010546029 ,         1.791205389546247 ,         0.594112678710884 ,         1.757378078375865 ,         0.578594810237092 ,         0.922615280634909 , 
  14.53000 ,         2.130483985862685 ,         1.818913821674023 ,         0.623468296971208 ,         1.798907737447172 ,         0.544755834439335 ,         0.897076096417936 , 
  14.54000 ,         2.515335344981587 ,         1.805277138221160 ,         0.651432552235466 ,         1.905825048495814 ,         0.543187977819266 ,         0.887327120233250 , 
  14.55000 ,         2.768300011706142 ,         1.862322810332558 ,         0.675721623840370 ,         1.945070908508557 ,         0.515294975005083 ,         0.877031720391070 , 
  14.56000 ,         3.010115795250357 ,         1.883282082835673 ,         0.714967825065433 ,         2.043978368780028 ,         0.496949998098244 ,         0.858108368388835 , 
  14.57000 ,         3.026860174552932 ,         1.778932693104708 ,         0.778568452226061 ,         2.061722323636755 ,         0.493740257460076 ,         0.834914367652141 , 
  14.58000 ,         3.074825208539133 ,         1.805808363997982 ,         0.827336443823029 ,         2.092444612251630 ,         0.482314346138170 ,         0.838166733884886 , 
  14.59000 ,         3.153882502017424 ,         1.756493967707724 ,         0.876620600550429 ,         2.169270050119039 ,         0.469130263875271 ,         0.815712545836860 , 
  14.60000 ,         3.409428577849593 ,         1.700816314178779 ,         0.944284382222634 ,         2.140962629249873 ,         0.461585176174187 ,         0.824827697818653 , 
  14.61000 ,         3.446284421002609 ,         1.734820132108618 ,         1.012735312723094 ,         2.162686204332116 ,         0.458520616442695 ,         0.822401409859456 , 
  14.62000 ,         3.415656105703353 ,         1.661828131853016 ,         1.015561636132398 ,         2.136728724698342 ,         0.477330166137509 ,         0.810424664495767 , 
  14.63000 ,         3.374756269535081 ,         1.530803936679448 ,         1.126751925497574 ,         2.131544196699257 ,         0.478699730621600 ,         0.810125899921705 , 
  14.64000 ,         3.700959548156316 ,         1.504160933678056 ,         1.150411745023101 ,         2.094389032009200 ,         0.479742050367679 ,         0.796016439128593 , 
  14.65000 ,         3.695908768254093 ,         1.471782105514593 ,         1.216914095133942 ,         2.065721355021906 ,         0.488120632539145 ,         0.795252715934562 , 
  14.66000 ,         3.536222999966330 ,         1.375698998711391 ,         1.223953277776247 ,         1.964317750619052 ,         0.498972792565402 ,         0.785549902484321 , 
  14.67000 ,         3.469629792527174 ,         1.252850372041990 ,         1.293067705505073 ,         1.930753744895732 ,         0.525399244361728 ,         0.792522773223531 , 
  14.68000 ,         3.290116925021137 ,         1.178530164157962 ,         1.355245428685465 ,         1.881214316015504 ,         0.533037497911139 ,         0.785258375464029 , 
  14.69000 ,         3.532061982049212 ,         1.142914678421084 ,         1.395754871176787 ,         1.831807944723742 ,         0.566644391378898 ,         0.767264100161263 , 
  14.70000 ,         3.383706888913270 ,         1.013189505941644 ,         1.468515972716810 ,         1.768115020172673 ,         0.587822943912064 ,         0.783363391730181 , 
  14.71000 ,         3.235751806915174 ,         0.915815038705620 ,         1.460440194497711 ,         1.694033827710535 ,         0.589423934764414 ,         0.799338213377582 , 
  14.72000 ,         3.067743890995890 ,         0.885171935214439 ,         1.526841699081080 ,         1.647314558133731 ,         0.614347669837458 ,         0.790263608586754 , 
  14.73000 ,         3.186123204618095 ,         0.812486947010985 ,         1.540725443899856 ,         1.555405098087800 ,         0.637767149882739 ,         0.781532024049451 , 
  14.74000 ,         2.738185007760852 ,         0.748284264225149 ,         1.573372833253646 ,         1.456413580710789 ,         0.675622930220322 ,         0.801903867059852 , 
  14.75000 ,         2.688644308890050 ,         0.674070625737349 ,         1.611340688436355 ,         1.417203256094625 ,         0.710431612040698 ,         0.798509537287540 , 
  14.76000 ,         2.542615903114150 ,         0.626119166141859 ,         1.619646330283713 ,         1.323431577570915 ,         0.734180342024211 ,         0.795679864180784 , 
  14.77000 ,         2.290335058390113 ,         0.519261108027470 ,         1.643163053947563 ,         1.254034619692258 ,         0.749453112059819 ,         0.782938470798754 , 
  14.78000 ,         2.373452008492461 ,         0.484960145966008 ,         1.665663769314621 ,         1.192431417728184 ,         0.784018902645046 ,         0.778471972870925 , 
  14.79000 ,         2.127141654136167 ,         0.452650679377190 ,         1.643470158969491 ,         1.087311247315139 ,         0.805275054780120 ,         0.780822421925653 , 
  14.80000 ,         1.932072423508652 ,         0.405886942373218 ,         1.635559999874635 ,         1.039057928022405 ,         0.823865142959657 ,         0.778029000713460 , 
  14.81000 ,         1.889056532375642 ,         0.374401913000921 ,         1.693963461351553 ,         0.975149670539498 ,         0.858977744751691 ,         0.769796850634693 , 
  14.82000 ,         1.387138278323349 ,         0.327869047603701 ,         1.657630242596402 ,         0.909206089701031 ,         0.879887030636470 ,         0.772856702115839 , 
  14.83000 ,         1.420529562034107 ,         0.321130353119413 ,         1.679637680286339 ,         0.899479822413884 ,         0.892159939364839 ,         0.770791555906472 , 
  14.84000 ,         1.373340776171132 ,         0.282339747482069 ,         1.666684856795598 ,         0.866827042102521 ,         0.913674060337296 ,         0.769045681894366 , 
  14.85000 ,         1.235849737446853 ,         0.238001550046930 ,         1.700235347630770 ,         0.816678142047578 ,         0.927279785852368 ,         0.754194885504914 , 
  14.86000 ,         1.018455103873702 ,         0.209460594023286 ,         1.639624919382879 ,         0.828749026951415 ,         0.950960503778624 ,         0.767682484008249 , 
  14.87000 ,         0.951952182311298 ,         0.224836074637997 ,         1.650572352948306 ,         0.746530921917807 ,         0.949760187154660 ,         0.771973722843068 , 
  14.88000 ,         1.055747502680870 ,         0.192636392669258 ,         1.668994200772454 ,         0.698932366259403 ,         0.979052575242339 ,         0.750765941072601 , 
  14.89000 ,         0.824476001016964 ,         0.172390436576274 ,         1.649264303549464 ,         0.717044279672329 ,         0.997178739108775 ,         0.758502305859830 , 
  14.90000 ,         0.798419096466765 ,         0.174654177352105 ,         1.592471838499728 ,         0.693626590055502 ,         0.994515192913437 ,         0.763878114070791 , 
  14.91000 ,         0.682729628253667 ,         0.169436550077553 ,         1.585664478758860 ,         0.674943022092015 ,         0.998710106293515 ,         0.775312375515712 , 
  14.92000 ,         0.666884497864596 ,         0.147436218277900 ,         1.576074510578315 ,         0.677771138454736 ,         1.003437215536934 ,         0.780416606876059 , 
  14.93000 ,         0.616290594400600 ,         0.156557691319507 ,         1.549734765859170 ,         0.669097752186942 ,         1.030050207173583 ,         0.780070441123239 , 
  14.94000 ,         0.570794941223203 ,         0.147662169577307 ,         1.568135015153962 ,         0.676888348776646 ,         1.022545013590751 ,         0.804774334928421 , 
  14.95000 ,         0.436198087305777 ,         0.145605895620536 ,         1.574092671591373 ,         0.637567942951200 ,         1.029154862237068 ,         0.801606925357740 , 
  14.96000 ,         0.410864270065751 ,         0.170162160042291 ,         1.563016786424829 ,         0.653422694562399 ,         1.024994974945657 ,         0.813993896493215 , 
  14.97000 ,         0.331218565660617 ,         0.160047777063619 ,         1.554749834332300 ,         0.610220771622872 ,         1.060471009317773 ,         0.839787370770109 , 
  14.98000 ,         0.286343834873200 ,         0.180199137463307 ,         1.528298506602327 ,         0.633782582790467 ,         1.060135593389652 ,         0.843294936108250 , 
  14.99000 ,         0.271170782265543 ,         0.199064006072205 ,         1.504073395725129 ,         0.598424612681459 ,         1.059414942532881 ,         0.846792397347399 , 
  15.00000 ,         0.192028442336254 ,         0.197567724326723 ,         1.499298992086910 ,         0.623169223927749 ,         1.050771019803110 ,         0.865435876538672 , 
  15.01000 ,         0.186855412534838 ,         0.224964082196549 ,         1.476710949391280 ,         0.586996443982798 ,         1.055594783230323 ,         0.884413097733768 , 
  15.02000 ,         0.171874579730817 ,         0.227733818143332 ,         1.450805604263518 ,         0.557364708555648 ,         1.073372096363569 ,         0.868810654594659 , 
  15.03000 ,         0.156933437380007 ,         0.270342366736652 ,         1.441212934689046 ,         0.573174859180884 ,         1.065890680642526 ,         0.890260095449667 , 
  15.04000 ,         0.166520119851491 ,         0.292634622386077 ,         1.421849185129004 ,         0.585575347933646 ,         1.083834769051780 ,         0.901856439544957 , 
  15.05000 ,         0.117387461775402 ,         0.297748405649067 ,         1.421488794936510 ,         0.559118926008360 ,         1.085528324907429 ,         0.910975614819527 , 
  15.06000 ,         0.068385111955370 ,         0.363906488619648 ,         1.390904330663689 ,         0.530289908332491 ,         1.111792327961916 ,         0.919917136604996 , 
  15.07000 ,         0.121954259735707 ,         0.400009971933120 ,         1.389363904039046 ,         0.544830655369273 ,         1.107268456987888 ,         0.940877113860982 , 
  15.08000 ,         0.097434056255934 ,         0.421402293306914 ,         1.424059628465634 ,         0.538627642239835 ,         1.105648177435500 ,         0.944273021761610 , 
  15.09000 ,         0.082709217528449 ,         0.477402468822300 ,         1.366830635258751 ,         0.522101935648337 ,         1.134439019464201 ,         0.928882287665555 , 
  15.10000 ,         0.053446868053988 ,         0.513818754246296 ,         1.372309072363483 ,         0.525965769713112 ,         1.126104252620466 ,         0.930992816684742 , 
  15.11000 ,         0.063080901901201 ,         0.621710812007031 ,         1.360181947244651 ,         0.537704033994374 ,         1.143492983742688 ,         0.936281319204247 , 
  15.12000 ,         0.062997489150519 ,         0.640272558000945 ,         1.356263252000110 ,         0.536084402867395 ,         1.161440488076691 ,         0.939207758921916 , 
  15.13000 ,         0.067753798793981 ,         0.754970900847220 ,         1.324828744275169 ,         0.565320758687281 ,         1.185691478894672 ,         0.931312261101198 , 
  15.14000 ,         0.043498494847919 ,         0.782972907262537 ,         1.357515526712130 ,         0.595989793992664 ,         1.205648385845525 ,         0.931290691778704 , 
  15.15000 ,         0.033787514480349 ,         0.856151482993122 ,         1.341545329411703 ,         0.634420919215833 ,         1.223439865848698 ,         0.931192949305503 , 
  15.16000 ,         0.033742954625974 ,         0.968904839974386 ,         1.307539491756479 ,         0.619725514871677 ,         1.262197396477827 ,         0.913771262326590 , 
  15.17000 ,         0.033698482863551 ,         1.084369037859256 ,         1.283551141927743 ,         0.691721536636634 ,         1.304988792856564 ,         0.901359196772160 , 
  15.18000 ,         0.004807728423004 ,         1.121402654665747 ,         1.317017104876734 ,         0.714248153842573 ,         1.307927493326991 ,         0.898744732075362 , 
  15.19000 ,         0.019205601535500 ,         1.160138367753801 ,         1.270270489058934 ,         0.794631763531315 ,         1.354520061419741 ,         0.891785099423786 , 
  15.20000 ,         0.023975424150936 ,         1.311455701056203 ,         1.279987956858099 ,         0.792987153792210 ,         1.390199984751934 ,         0.864239117440774 , 
  15.21000 ,         0.019155126916467 ,         1.388746701443884 ,         1.271421549080522 ,         0.857191929511915 ,         1.412391311231399 ,         0.877768726004214 , 
  15.22000 ,         0.038259928383581 ,         1.426975766431387 ,         1.216247254631193 ,         0.914651412919993 ,         1.445806824932681 ,         0.871608993488464 , 
  15.23000 ,         0.019104851016283 ,         1.504507017532319 ,         1.242412342652681 ,         0.930167433855299 ,         1.496223273536977 ,         0.861210862218401 , 
  15.24000 ,         0.004769946814984 ,         1.615223240224116 ,         1.176090011569609 ,         0.990062085785214 ,         1.535177570235158 ,         0.860081035076887 , 
  15.25000 ,         0.019054772793173 ,         1.653597001457509 ,         1.188541452974141 ,         1.034614616504293 ,         1.549986674394633 ,         0.855380659918514 , 
  15.26000 ,         0.004757451871708 ,         1.653214525418399 ,         1.153087397405135 ,         1.061506448874763 ,         1.587353551069446 ,         0.858422722101244 , 
  15.27000 ,         0.023756114015222 ,         1.738353643063837 ,         1.105253204558183 ,         1.124555047195550 ,         1.634049454965755 ,         0.866949685842991 , 
  15.28000 ,         0.018980023840900 ,         1.704643391210802 ,         1.084233861911394 ,         1.168754280577900 ,         1.655562235809726 ,         0.860922018908309 , 
  15.29000 ,         0.004738801311276 ,         1.783566343531510 ,         1.071265271430334 ,         1.158044570443076 ,         1.671612162552614 ,         0.874901192094334 , 
  15.30000 ,         0.004732608824329 ,         1.794250320523589 ,         1.005679375169832 ,         1.259761311425975 ,         1.706401269221989 ,         0.884923903136572 , 
  15.31000 ,         0.018905713870471 ,         1.771819871798225 ,         0.980438505251469 ,         1.238324258515865 ,         1.747966178125717 ,         0.892408775042087 , 
  15.32000 ,         0.033041821466376 ,         1.840901481698086 ,         0.953787578578512 ,         1.276830386664955 ,         1.762943434175856 ,         0.902971027260804 , 
  15.33000 ,         0.014142312055092 ,         1.778395740927804 ,         0.913946916560313 ,         1.279584609484667 ,         1.802187234645484 ,         0.922049282841876 , 
  15.34000 ,         0.004707959862808 ,         1.753715048895842 ,         0.890687156544919 ,         1.290275249900716 ,         1.787479948536916 ,         0.946447056170046 , 
  15.35000 ,         0.009403655422921 ,         1.753781736374758 ,         0.868956533924290 ,         1.206312672221579 ,         1.817550274711441 ,         0.980110679665535 , 
  15.36000 ,         0.004695707533072 ,         1.624127843001181 ,         0.818227037637747 ,         1.249058203797078 ,         1.804839212594238 ,         0.986465434096083 , 
  15.37000 ,         0.004689599296492 ,         1.603842959400335 ,         0.790783681370998 ,         1.255347111679757 ,         1.832387650115322 ,         1.020207671954078 , 
  15.38000 ,         0.009367005941348 ,         1.590634696415163 ,         0.761361951670195 ,         1.237615660000609 ,         1.794806154042983 ,         1.041786692039302 , 
  15.39000 ,         0.004677418524670 ,         1.516068279308684 ,         0.745171238711499 ,         1.207066318022668 ,         1.798248168742295 ,         1.078948901245377 , 
  15.40000 ,         0.004671345927634 ,         1.432351445060687 ,         0.725226455265134 ,         1.197616312197093 ,         1.788395592482519 ,         1.093897834647601 , 
  15.41000 ,         0.000000000000000 ,         1.322608339690011 ,         0.726909742250264 ,         1.202477247107937 ,         1.756479858530120 ,         1.145035923713111 , 
  15.42000 ,         0.004659236157577 ,         1.377386689083743 ,         0.714610345668394 ,         1.150540128661706 ,         1.720932555140095 ,         1.187741217357361 , 
  15.43000 ,         0.000000000000000 ,         1.319763544638651 ,         0.685183541465108 ,         1.131308988242475 ,         1.691437808642219 ,         1.218483761822342 , 
  15.44000 ,         0.004647173415725 ,         1.257060408953691 ,         0.724378156176180 ,         1.084243647556407 ,         1.663542858660413 ,         1.256842572699829 , 
  15.45000 ,         0.000000000000000 ,         1.178274394545644 ,         0.703425752529095 ,         1.047741780674265 ,         1.610047273984637 ,         1.277116590493804 , 
  15.46000 ,         0.000000000000000 ,         1.182544546697122 ,         0.700198473632274 ,         1.051021953801361 ,         1.575156868331437 ,         1.322106240810629 , 
  15.47000 ,         0.000000000000000 ,         1.121994339328862 ,         0.723018012888816 ,         1.061236523119718 ,         1.496161224150175 ,         1.358081853741537 , 
  15.48000 ,         0.000000000000000 ,         1.072579626537163 ,         0.705903024684884 ,         0.959889417930080 ,         1.455509623861618 ,         1.409205506094220 , 
  15.49000 ,         0.004617220717373 ,         1.106978666990282 ,         0.755492739880229 ,         0.947107399651227 ,         1.412148098779183 ,         1.411570946189511 , 
  15.50000 ,         0.004611264935269 ,         1.046757140305977 ,         0.726850635421716 ,         0.937527802151802 ,         1.317020496121486 ,         1.437417741540765 , 
  15.51000 ,         0.000000000000000 ,         1.117365927397936 ,         0.764771063651807 ,         0.919337138616437 ,         1.255021840529843 ,         1.470824288769566 , 
  15.52000 ,         0.000000000000000 ,         1.041761357064130 ,         0.805755265963233 ,         0.897743023761390 ,         1.190163481949438 ,         1.486320942798036 , 
  15.53000 ,         0.000000000000000 ,         1.023768861210350 ,         0.810746849146951 ,         0.827111073793331 ,         1.111044725991042 ,         1.481751832563634 , 
  15.54000 ,         0.000000000000000 ,         1.014423469172824 ,         0.860166876065142 ,         0.835222036659253 ,         1.047611574474338 ,         1.496905406072363 , 
  15.55000 ,         0.004581658175350 ,         1.019418944015321 ,         0.855051956974648 ,         0.798640290690654 ,         0.980331672706868 ,         1.513522142863196 , 
  15.56000 ,         0.000000000000000 ,         1.016965115222490 ,         0.856527142882834 ,         0.791608391151814 ,         0.915011216578840 ,         1.513936748793322 , 
  15.57000 ,         0.009139790516923 ,         1.040793645114635 ,         0.877991126531940 ,         0.786593221362707 ,         0.832577792400977 ,         1.502281661605846 , 
  15.58000 ,         0.000000000000000 ,         0.976702586977756 ,         0.931347531098825 ,         0.740513994098790 ,         0.763334148000139 ,         1.486091209844441 , 
  15.59000 ,         0.004558177583535 ,         1.022741095305581 ,         0.931862429733859 ,         0.727883982870685 ,         0.696261625884913 ,         1.478772518233271 , 
  15.60000 ,         0.000000000000000 ,         0.992978211330662 ,         0.919856320123791 ,         0.679151573193780 ,         0.638536203661558 ,         1.450345682595430 , 
  15.61000 ,         0.004546504918856 ,         1.004209273952303 ,         0.969826330503455 ,         0.677997546024390 ,         0.579892494572202 ,         1.430515149234403 , 
  15.62000 ,         0.004540685393355 ,         1.001221129234746 ,         0.976814945245464 ,         0.647331461390152 ,         0.529273641162926 ,         1.402787993709566 , 
  15.63000 ,         0.000000000000000 ,         0.979533439385961 ,         0.975281992166403 ,         0.641685100338488 ,         0.467588336697624 ,         1.398017560697700 , 
  15.64000 ,         0.004529079812825 ,         0.934688846371729 ,         0.958466515389059 ,         0.590195713108739 ,         0.440453011797217 ,         1.351010354791239 , 
  15.65000 ,         0.000000000000000 ,         0.910312857283692 ,         0.984381791634105 ,         0.581243240551327 ,         0.383843876390352 ,         1.349496405044629 , 
  15.66000 ,         0.000000000000000 ,         0.918750359453906 ,         0.966748995319660 ,         0.572595491386761 ,         0.355189905406581 ,         1.302527687692296 , 
  15.67000 ,         0.004511754691337 ,         0.811551875104168 ,         0.930831389756379 ,         0.546486286988144 ,         0.316175309228822 ,         1.268437533769050 , 
  15.68000 ,         0.000000000000000 ,         0.855013829682567 ,         0.919505979549928 ,         0.513965823178750 ,         0.285356641279928 ,         1.252950108121786 , 
  15.69000 ,         0.009000519559968 ,         0.852236695834478 ,         0.896676761161820 ,         0.481809062694541 ,         0.254194361010036 ,         1.214718557800379 , 
  15.70000 ,         0.004494528790909 ,         0.794407963793114 ,         0.865477700299358 ,         0.475577327688028 ,         0.233926178164327 ,         1.192103534776177 , 
  15.71000 ,         0.004488808742313 ,         0.795641349575024 ,         0.848104301750810 ,         0.436256099643569 ,         0.216865572363009 ,         1.179013671223216 , 
  15.72000 ,         0.004483099606368 ,         0.745315309558708 ,         0.826851683649529 ,         0.442145698678060 ,         0.197676673268296 ,         1.144941610407620 , 
  15.73000 ,         0.004477401355332 ,         0.774030759303082 ,         0.795578253325618 ,         0.448019973117944 ,         0.177347069308868 ,         1.137469822442950 , 
  15.74000 ,         0.008943427923106 ,         0.798759906382378 ,         0.776401336574614 ,         0.427048683328297 ,         0.168178367272777 ,         1.127640494148460 , 
  15.75000 ,         0.022330186987322 ,         0.735221406557579 ,         0.758109848219584 ,         0.407805039855969 ,         0.147100106778984 ,         1.122580368953281 , 
  15.76000 ,         0.017841486542357 ,         0.753245259960133 ,         0.739306598598917 ,         0.407008911747518 ,         0.142801585645662 ,         1.110632537261721 , 
  15.77000 ,         0.004454716648537 ,         0.713868342927995 ,         0.678230609739702 ,         0.417351266009776 ,         0.136077672623267 ,         1.111660618652789 , 
  15.78000 ,         0.008898144818005 ,         0.790822620700218 ,         0.693777228778848 ,         0.433506492852194 ,         0.135488158205408 ,         1.123668850298727 , 
  15.79000 ,         0.039990950007928 ,         0.785377823766799 ,         0.635411761237071 ,         0.410184952511868 ,         0.123236000458457 ,         1.118288596836265 , 
  15.80000 ,         0.004437816063707 ,         0.788821805323833 ,         0.632666152582160 ,         0.429636067667587 ,         0.132649095779227 ,         1.139409274356647 , 
  15.81000 ,         0.031025427326371 ,         0.839902639763912 ,         0.610536087743952 ,         0.477846983374917 ,         0.127425862233311 ,         1.154796876489383 , 
  15.82000 ,         0.017706409531968 ,         0.864294115279199 ,         0.596761333757116 ,         0.464793250214166 ,         0.128648131755707 ,         1.166755556229578 , 
  15.83000 ,         0.008842022949011 ,         0.902438967233452 ,         0.619770546082251 ,         0.483271816806891 ,         0.130696151715071 ,         1.203344060716988 , 
  15.84000 ,         0.022077155757588 ,         0.968635208864191 ,         0.629474903538239 ,         0.500875471250287 ,         0.140465903507656 ,         1.223764340087822 , 
  15.85000 ,         0.013229584161968 ,         0.991116346800752 ,         0.602497312042949 ,         0.540483636283725 ,         0.145525425781645 ,         1.238413104911701 , 
  15.86000 ,         0.035234417242390 ,         1.082907792434071 ,         0.603664664160630 ,         0.596232404273563 ,         0.158073157042518 ,         1.281032572201336 , 
  15.87000 ,         0.048386287717991 ,         1.071646304117785 ,         0.632320805405568 ,         0.619949311386764 ,         0.174094413053511 ,         1.314883622631949 , 
  15.88000 ,         0.043932151816971 ,         1.169693542126864 ,         0.651019574737745 ,         0.631799258317820 ,         0.187947236991981 ,         1.353110275962719 , 
  15.89000 ,         0.035101499098354 ,         1.223067859208265 ,         0.667202713330428 ,         0.691883454883958 ,         0.209649187974152 ,         1.373414709838519 , 
  15.90000 ,         0.061350380271760 ,         1.273568161891455 ,         0.679510238634989 ,         0.698134461217488 ,         0.232391953841914 ,         1.410168617965296 , 
  15.91000 ,         0.074403271881336 ,         1.362236374886234 ,         0.712848994568981 ,         0.748682923305948 ,         0.253230988765247 ,         1.422210335768525 , 
  15.92000 ,         0.096165662086265 ,         1.443031327101283 ,         0.753206620374524 ,         0.775608848474166 ,         0.290887467915769 ,         1.422609783803135 , 
  15.93000 ,         0.078582243838320 ,         1.466322841621983 ,         0.757445516997139 ,         0.826204980355669 ,         0.311600425220005 ,         1.472257438161856 , 
  15.94000 ,         0.100284698674690 ,         1.550052625167496 ,         0.793829693585252 ,         0.869588243127546 ,         0.346568112879178 ,         1.481651920364922 , 
  15.95000 ,         0.108868466587003 ,         1.562262495523498 ,         0.834748967555848 ,         0.892449254846960 ,         0.389000639673686 ,         1.489592794076674 , 
  15.96000 ,         0.143526349139957 ,         1.667406487925179 ,         0.852731358431902 ,         0.912805834113588 ,         0.425482231044161 ,         1.496833033218128 , 
  15.97000 ,         0.191128880617897 ,         1.640341898712123 ,         0.881799153759844 ,         0.923880086282250 ,         0.458342802135177 ,         1.507108236548440 , 
  15.98000 ,         0.173536132144551 ,         1.648593255373232 ,         0.941433516884188 ,         0.917301148507836 ,         0.505830710180718 ,         1.502239931427886 , 
  15.99000 ,         0.160320208383998 ,         1.677945964775767 ,         0.968420718211450 ,         0.952984481931234 ,         0.549475849343130 ,         1.499413705692741 , 
  16.00000 ,         0.194740383350823 ,         1.703978354319702 ,         1.015625193725473 ,         0.915279801748868 ,         0.593146750956049 ,         1.484219241163391 , 
  16.01000 ,         0.263651740887887 ,         1.662950939452698 ,         1.048934128962772 ,         0.943041216638948 ,         0.636640615099926 ,         1.470344698414723 , 
  16.02000 ,         0.276272986644958 ,         1.743973228196299 ,         1.101044979002026 ,         0.912186492037699 ,         0.669908033046320 ,         1.445441919873402 , 
  16.03000 ,         0.331976355337304 ,         1.641558406424395 ,         1.121228583245553 ,         0.870360087450886 ,         0.722088992057744 ,         1.431580667060277 , 
  16.04000 ,         0.430600712698499 ,         1.659427496561840 ,         1.140822763205586 ,         0.869544314205531 ,         0.768420428082743 ,         1.406113171044677 , 
  16.05000 ,         0.399959804371745 ,         1.660048220295632 ,         1.137520088777706 ,         0.850183374481069 ,         0.812216759986776 ,         1.355912119054617 , 
  16.06000 ,         0.485367657618188 ,         1.562948286865646 ,         1.175835365247600 ,         0.848319578580460 ,         0.846507503531277 ,         1.343485864242378 , 
  16.07000 ,         0.514793393422733 ,         1.609265597564189 ,         1.224779281851586 ,         0.813480810231548 ,         0.866099666199887 ,         1.293351370584848 , 
  16.08000 ,         0.706960790591379 ,         1.516752241632412 ,         1.207992472105192 ,         0.805774628367219 ,         0.925676785180586 ,         1.276479298693732 , 
  16.09000 ,         0.680406585512809 ,         1.547497053371507 ,         1.217457066530781 ,         0.800494068569119 ,         0.955618211492636 ,         1.258712064885872 , 
  16.10000 ,         0.807780796509439 ,         1.542904061057712 ,         1.195910921287288 ,         0.782136961699616 ,         0.985751681322407 ,         1.218416057565701 , 
  16.11000 ,         0.845196289412930 ,         1.489231593277454 ,         1.234712256124696 ,         0.776097224085294 ,         1.016876785699931 ,         1.200562911097911 , 
  16.12000 ,         1.104213777144899 ,         1.493779545046888 ,         1.217459639907105 ,         0.813771446766535 ,         1.044593161161267 ,         1.175425440258310 , 
  16.13000 ,         1.166716394106274 ,         1.453072881345862 ,         1.246555563410992 ,         0.843900019550866 ,         1.065187583807109 ,         1.141300925210939 , 
  16.14000 ,         1.356647736793587 ,         1.487421774117734 ,         1.223747292358479 ,         0.868371503938999 ,         1.085265029257096 ,         1.119686244365789 , 
  16.15000 ,         1.397443689968938 ,         1.469121082881479 ,         1.216657376733975 ,         0.864376264160118 ,         1.112990628836393 ,         1.107548456411552 , 
  16.16000 ,         1.429653067375119 ,         1.483212028727080 ,         1.194736038870973 ,         0.873647414132236 ,         1.110354160404331 ,         1.094909558925363 , 
  16.17000 ,         1.788034456146300 ,         1.473963237990271 ,         1.177105029261005 ,         0.926589538219180 ,         1.112887263322693 ,         1.083823758944427 , 
  16.18000 ,         1.984720157691828 ,         1.519220760365386 ,         1.166393376255459 ,         0.963795343100882 ,         1.110784712455524 ,         1.065424970045590 , 
  16.19000 ,         2.193598461239673 ,         1.551685616729508 ,         1.162839646721705 ,         1.022833964585743 ,         1.129026953677548 ,         1.066222517964671 , 
  16.20000 ,         2.465280216069527 ,         1.583541508652537 ,         1.109428864359200 ,         1.081726122205165 ,         1.133701743198925 ,         1.061146942319311 , 
  16.21000 ,         2.420077841267959 ,         1.560507510451748 ,         1.080918913859013 ,         1.127560222428746 ,         1.113528303325139 ,         1.052986830760754 , 
  16.22000 ,         2.804503600640377 ,         1.567005859441892 ,         1.066164047127831 ,         1.244340561545392 ,         1.126499299609701 ,         1.053860129773295 , 
  16.23000 ,         2.813666051767922 ,         1.611339022546465 ,         1.025947178629503 ,         1.294328441601761 ,         1.112165645088759 ,         1.060710569450346 , 
  16.24000 ,         3.310073521738817 ,         1.635083906518825 ,         0.987141215239368 ,         1.362569922099021 ,         1.106595803785621 ,         1.078766822717703 , 
  16.25000 ,         3.587094818688154 ,         1.690234883133322 ,         0.936368099235044 ,         1.415171837460524 ,         1.076128445606446 ,         1.084912632479696 , 
  16.26000 ,         3.628777015423073 ,         1.711726802309844 ,         0.882576395927811 ,         1.537568552074831 ,         1.071858915262181 ,         1.087048657387942 , 
  16.27000 ,         3.934016891486929 ,         1.679281146499075 ,         0.835193878624851 ,         1.617027421753470 ,         1.074661462677796 ,         1.102911052058154 , 
  16.28000 ,         3.933365415875755 ,         1.654751364516275 ,         0.810916993283631 ,         1.687668742465288 ,         1.050612979539343 ,         1.124611767666788 , 
  16.29000 ,         4.320974006984252 ,         1.735695597491500 ,         0.745472387557609 ,         1.800927693007567 ,         1.052780789533799 ,         1.122513899640474 , 
  16.30000 ,         4.365710622844181 ,         1.660596232614799 ,         0.666636089615295 ,         1.875858707213014 ,         1.041521161902863 ,         1.160749469564707 , 
  16.31000 ,         4.543602200102033 ,         1.660122297906208 ,         0.635885665378624 ,         1.969605742906283 ,         1.025538076787466 ,         1.140195316083121 , 
  16.32000 ,         5.045497144327808 ,         1.647169719005616 ,         0.623927923865763 ,         2.048303380057646 ,         1.007838574519416 ,         1.155111561548564 , 
  16.33000 ,         5.168106844122272 ,         1.579720761637857 ,         0.564223079394981 ,         2.120315539042527 ,         1.014783640149762 ,         1.154606064564947 , 
  16.34000 ,         5.178380441008939 ,         1.559115745760504 ,         0.532671946405867 ,         2.164141865996575 ,         1.008160755429800 ,         1.176598160099037 , 
  16.35000 ,         5.399982774291959 ,         1.572750163349039 ,         0.503528708424001 ,         2.224436495856645 ,         1.007381187879653 ,         1.163827350373530 , 
  16.36000 ,         5.335434484381100 ,         1.502531200799332 ,         0.448844978200214 ,         2.295447545573773 ,         0.994443859482203 ,         1.162857738910640 , 
  16.37000 ,         5.229698350540403 ,         1.461938402537431 ,         0.422975108687482 ,         2.347421418708476 ,         0.994973365777839 ,         1.181268450300548 , 
  16.38000 ,         5.367833424018379 ,         1.408023998146359 ,         0.401555231142913 ,         2.400298974845910 ,         0.993049183443400 ,         1.180987870512697 , 
  16.39000 ,         5.509751652006826 ,         1.423833651089339 ,         0.362144511184019 ,         2.381390134397973 ,         0.978563442498312 ,         1.181029288430730 , 
  16.40000 ,         5.272368375015724 ,         1.350529516373657 ,         0.342137576679487 ,         2.414013586548947 ,         0.970226480143580 ,         1.178752768413244 , 
  16.41000 ,         5.138409939569031 ,         1.302601318747834 ,         0.316265223462265 ,         2.415700629616245 ,         0.983250580910327 ,         1.165360210599066 , 
  16.42000 ,         4.996555804241269 ,         1.335428154916457 ,         0.293023754761477 ,         2.363451021095415 ,         0.976210821899266 ,         1.145964285437685 , 
  16.43000 ,         5.302380134477951 ,         1.253774869259299 ,         0.290615165071765 ,         2.293115247786033 ,         0.968610341661298 ,         1.150020381817526 , 
  16.44000 ,         4.972109074748633 ,         1.253787191458152 ,         0.275146596572549 ,         2.315432904862847 ,         0.944183223154683 ,         1.144394643286384 , 
  16.45000 ,         4.757269953603191 ,         1.204670123793235 ,         0.264577083263000 ,         2.277307583211511 ,         0.953078811299671 ,         1.127715038888644 , 
  16.46000 ,         4.514325649629519 ,         1.163338448659056 ,         0.260677771887574 ,         2.245151201992489 ,         0.944893031481699 ,         1.115866981866785 , 
  16.47000 ,         4.500677238815659 ,         1.174178499237298 ,         0.266232211892283 ,         2.137770637198341 ,         0.928366782983924 ,         1.092560330730531 , 
  16.48000 ,         4.156647940538935 ,         1.113606366797968 ,         0.262339961409137 ,         2.093110867997096 ,         0.935972384182015 ,         1.095377691150977 , 
  16.49000 ,         3.833820586520030 ,         1.119895253687240 ,         0.280101132118227 ,         2.089809082994812 ,         0.918795372695995 ,         1.069031434468499 , 
  16.50000 ,         4.073330621194482 ,         1.157704856872957 ,         0.275946785963787 ,         1.958332029420424 ,         0.912086784481688 ,         1.064684085475487 , 
  16.51000 ,         3.674157395758048 ,         1.141061602720212 ,         0.300252630101356 ,         1.879246156928791 ,         0.893391286012241 ,         1.062696174305434 , 
  16.52000 ,         3.202877954740329 ,         1.151351406734127 ,         0.305978359744680 ,         1.835362731669165 ,         0.906010549459578 ,         1.027856409548618 , 
  16.53000 ,         2.931406612477648 ,         1.173272183244425 ,         0.315237709709733 ,         1.771564974743364 ,         0.902824075778418 ,         1.028196951082992 , 
  16.54000 ,         2.956210278868585 ,         1.252845965787628 ,         0.368766984273247 ,         1.681850796496725 ,         0.890659586587205 ,         1.007655151776160 , 
  16.55000 ,         2.556257238342726 ,         1.233131211297055 ,         0.386017088899263 ,         1.616873150359976 ,         0.877323056335881 ,         1.002645893154355 , 
  16.56000 ,         2.589529349795322 ,         1.212453192055103 ,         0.426454277672026 ,         1.568715469020899 ,         0.868436641831222 ,         0.980415606986665 , 
  16.57000 ,         2.416936712941208 ,         1.270001386307588 ,         0.470576367523820 ,         1.482088591606374 ,         0.877854413371071 ,         0.979358694147244 , 
  16.58000 ,         1.894140885819075 ,         1.352094185515531 ,         0.492930015099459 ,         1.428413957909571 ,         0.886178347278319 ,         0.965268804478743 , 
  16.59000 ,         1.984438391108618 ,         1.337885821997418 ,         0.517242055288960 ,         1.386440158899543 ,         0.874292535332179 ,         0.936243340835538 , 
  16.60000 ,         1.724743787240427 ,         1.423717700831040 ,         0.562350902657936 ,         1.284260707544555 ,         0.879207242359303 ,         0.935618224328341 , 
  16.61000 ,         1.690543320319690 ,         1.434050554083538 ,         0.605844948820031 ,         1.238794808357778 ,         0.885489826294232 ,         0.925394278184201 , 
  16.62000 ,         1.447866888148715 ,         1.405253077382565 ,         0.687335700710488 ,         1.128764646352781 ,         0.901156762966522 ,         0.886805935517333 , 
  16.63000 ,         1.301914115563565 ,         1.470161478190241 ,         0.722562334137778 ,         1.104624053435855 ,         0.907709543456866 ,         0.880169052550714 , 
  16.64000 ,         1.340360547804501 ,         1.446889203282993 ,         0.758704086201279 ,         1.031277406557045 ,         0.909557164645881 ,         0.856542904173016 , 
  16.65000 ,         1.134941136645826 ,         1.483116300484796 ,         0.824980320057474 ,         0.993073494565098 ,         0.928071639192722 ,         0.840590756025864 , 
  16.66000 ,         1.017826278753213 ,         1.525741549229081 ,         0.872137419245400 ,         0.905815494645323 ,         0.934566592347849 ,         0.837648575363628 , 
  16.67000 ,         0.893018162734433 ,         1.504974805501110 ,         0.879064753941708 ,         0.860127984865866 ,         0.959546022514035 ,         0.813720442229346 , 
  16.68000 ,         0.816291438857179 ,         1.456383384204943 ,         0.944708018872516 ,         0.774730258890975 ,         0.967790650260931 ,         0.790346810045941 , 
  16.69000 ,         0.672136537706662 ,         1.489935801410404 ,         0.987076254154273 ,         0.719365066613565 ,         0.992793391864056 ,         0.772497161633831 , 
  16.70000 ,         0.623663292859222 ,         1.465310809894558 ,         1.023135521446200 ,         0.684242052197459 ,         1.024128615861581 ,         0.744696674733773 , 
  16.71000 ,         0.626884685662122 ,         1.435784149518864 ,         1.057123977443682 ,         0.594151782771537 ,         1.035612012854604 ,         0.733948555533413 , 
  16.72000 ,         0.487434246119894 ,         1.391961617476526 ,         1.101928333835065 ,         0.555546246975062 ,         1.071216013449462 ,         0.719262729030575 , 
  16.73000 ,         0.451228417369892 ,         1.359127700126199 ,         1.118423067395440 ,         0.513321801558403 ,         1.101600955344370 ,         0.698488726120554 , 
  16.74000 ,         0.375574563630184 ,         1.365411209618684 ,         1.125241159718329 ,         0.480834276858118 ,         1.115975339891927 ,         0.672142570207243 , 
  16.75000 ,         0.418561921351878 ,         1.305538068367592 ,         1.194727748387054 ,         0.416587572666256 ,         1.152464346835456 ,         0.670353077165118 , 
  16.76000 ,         0.343126845314903 ,         1.321728552139736 ,         1.195767476021980 ,         0.395877667798660 ,         1.181655398511723 ,         0.676640222980898 , 
  16.77000 ,         0.291507053641523 ,         1.271404075172994 ,         1.206405880779952 ,         0.362660380079361 ,         1.197788695917238 ,         0.653367266555061 , 
  16.78000 ,         0.228206260246391 ,         1.288578452253326 ,         1.238412420906059 ,         0.320423229634749 ,         1.248556287538779 ,         0.651420671759363 , 
  16.79000 ,         0.255443842123823 ,         1.233499014563307 ,         1.226130442194351 ,         0.298181561863770 ,         1.271324352723950 ,         0.646776439685151 , 
  16.80000 ,         0.270840745615975 ,         1.171680616903893 ,         1.232766980724888 ,         0.278445875248308 ,         1.321452605308379 ,         0.643369434219108 , 
  16.81000 ,         0.188186854832379 ,         1.178128122440208 ,         1.237916654444246 ,         0.268068254149249 ,         1.354001970169297 ,         0.638316089633266 , 
  16.82000 ,         0.152720064066570 ,         1.192391269442835 ,         1.273156687939578 ,         0.236911894257115 ,         1.398404272532635 ,         0.654934120900867 , 
  16.83000 ,         0.132982397538279 ,         1.138661778921511 ,         1.248910053351224 ,         0.245430748397853 ,         1.409760085667745 ,         0.663567496539812 , 
  16.84000 ,         0.125011301738364 ,         1.160749469656605 ,         1.278191727735029 ,         0.211689059779612 ,         1.452035569214941 ,         0.678955424431553 , 
  16.85000 ,         0.132666899681108 ,         1.112548522693407 ,         1.293990017845510 ,         0.203146190136696 ,         1.480248004300374 ,         0.683514987281663 , 
  16.86000 ,         0.105228189230854 ,         1.091255295727371 ,         1.259084514199728 ,         0.186098001324936 ,         1.509245047394373 ,         0.694213748397993 , 
  16.87000 ,         0.058390819085845 ,         1.090448546428151 ,         1.245427512085164 ,         0.179308473609448 ,         1.550641189348465 ,         0.716929775588388 , 
  16.88000 ,         0.058321656145655 ,         1.111999577177161 ,         1.264364903857686 ,         0.183956223759421 ,         1.591512943799721 ,         0.733091067405857 , 
  16.89000 ,         0.062136123750647 ,         1.068450065431043 ,         1.285683779324905 ,         0.168932586447071 ,         1.614082902116410 ,         0.755038855302048 , 
  16.90000 ,         0.069820438088379 ,         1.093853530051270 ,         1.302102683932928 ,         0.182066489598516 ,         1.644598600284863 ,         0.763054961399905 , 
  16.91000 ,         0.046491922422542 ,         1.066408470567054 ,         1.299836664396899 ,         0.169259655069566 ,         1.676372806933631 ,         0.774744300994389 , 
  16.92000 ,         0.007739497278792 ,         1.077724996071795 ,         1.281854236799936 ,         0.171478236583237 ,         1.717563747666933 ,         0.803940279834526 , 
  16.93000 ,         0.050247320766283 ,         1.095294963241954 ,         1.340975372950174 ,         0.170309428558795 ,         1.731841550834047 ,         0.811506309058345 , 
  16.94000 ,         0.046327397911945 ,         1.059256650174164 ,         1.331671401437633 ,         0.189652785202026 ,         1.731607141224347 ,         0.820682615354185 , 
  16.95000 ,         0.019280312684220 ,         1.094157744829501 ,         1.366974169311218 ,         0.206058341812604 ,         1.755653222829671 ,         0.841465146711939 , 
  16.96000 ,         0.034663649705973 ,         1.010541676844972 ,         1.376195037285066 ,         0.189927914013979 ,         1.801787625341739 ,         0.852027695377032 , 
  16.97000 ,         0.023081872590870 ,         1.069940969055946 ,         1.414245568536421 ,         0.219277789613263 ,         1.789866979526904 ,         0.877471812712286 , 
  16.98000 ,         0.007684897822735 ,         1.061956817879235 ,         1.417383342180743 ,         0.222141577688442 ,         1.786078322879317 ,         0.890907803059134 , 
  16.99000 ,         0.030703416430404 ,         1.067903202720000 ,         1.444979535755903 ,         0.236512254690458 ,         1.805145002710997 ,         0.911747545718490 , 
  17.00000 ,         0.007666826347269 ,         1.047480149695640 ,         1.468676422148736 ,         0.264984685627488 ,         1.797750984272927 ,         0.921995765339947 , 
  17.01000 ,         0.003828907252116 ,         1.079273231690163 ,         1.488487694260048 ,         0.270177267977427 ,         1.811910703712211 ,         0.927971568555772 , 
  17.02000 ,         0.011473227811637 ,         1.131547092922740 ,         1.511358738603820 ,         0.304757613746619 ,         1.815100493637950 ,         0.932857080038915 , 
  17.03000 ,         0.011459757630841 ,         1.026603287762879 ,         1.549932219571305 ,         0.325170622775126 ,         1.803001867252386 ,         0.930508445129261 , 
  17.04000 ,         0.026708059369115 ,         1.105522886028735 ,         1.544298147092771 ,         0.345058588456337 ,         1.771495500342098 ,         0.945095681202197 , 
  17.05000 ,         0.000000000000000 ,         1.125186760606619 ,         1.572736702007940 ,         0.364423315776488 ,         1.774360451553559 ,         0.945118769281767 , 
  17.06000 ,         0.019032481858469 ,         1.166215325877677 ,         1.573034625602448 ,         0.402061179260154 ,         1.731777419603239 ,         0.956322736882250 , 
  17.07000 ,         0.003802037811300 ,         1.159621532446475 ,         1.599232154378028 ,         0.422976706507116 ,         1.741570944938569 ,         0.968153284543043 , 
  17.08000 ,         0.011392761239424 ,         1.186271264055061 ,         1.640320269284619 ,         0.482056209943143 ,         1.715263276812707 ,         0.969274764822900 , 
  17.09000 ,         0.003793144158900 ,         1.230875279562982 ,         1.644327992883059 ,         0.525587537517552 ,         1.682555773859471 ,         0.968970528966448 , 
  17.10000 ,         0.003788709030310 ,         1.267796759267451 ,         1.640984598752977 ,         0.583697984982119 ,         1.640333414388392 ,         0.973639022211046 , 
  17.11000 ,         0.007568563351654 ,         1.303212002112852 ,         1.646872081798873 ,         0.608323279389157 ,         1.631734955095566 ,         0.970609120448388 , 
  17.12000 ,         0.011339586231876 ,         1.367365106460370 ,         1.658414486411852 ,         0.670216794579832 ,         1.605378296639849 ,         0.972192338348486 , 
  17.13000 ,         0.000000000000000 ,         1.397388511419045 ,         1.636185737618990 ,         0.708840778166635 ,         1.549350382637192 ,         0.978667485834260 , 
  17.14000 ,         0.000000000000000 ,         1.441482362435537 ,         1.670809101913918 ,         0.778485324251893 ,         1.528864570720850 ,         0.961793517087772 , 
  17.15000 ,         0.007533299273172 ,         1.538676376545355 ,         1.663682061359551 ,         0.794763073319633 ,         1.478527690161124 ,         0.949960809127088 , 
  17.16000 ,         0.011286782643949 ,         1.587203809305295 ,         1.606485396322041 ,         0.871433676634878 ,         1.424015743578203 ,         0.957671750273799 , 
  17.17000 ,         0.007515759583987 ,         1.650178963659141 ,         1.610956093330209 ,         0.940174550459371 ,         1.367809527413880 ,         0.949980268041604 , 
  17.18000 ,         0.000000000000000 ,         1.729428051119256 ,         1.611427195216789 ,         0.960193843357449 ,         1.353021742380671 ,         0.948581433084741 , 
  17.19000 ,         0.007498281079734 ,         1.733040214553620 ,         1.595493620997241 ,         1.017891656573949 ,         1.291461755342384 ,         0.919242396118693 , 
  17.20000 ,         0.003744782341532 ,         1.824177098119019 ,         1.600192304316106 ,         1.087391172422499 ,         1.265092796973034 ,         0.911386402370472 , 
  17.21000 ,         0.011221295214246 ,         1.901541984847396 ,         1.545265861795094 ,         1.102726031783276 ,         1.209562113302241 ,         0.913775784764232 , 
  17.22000 ,         0.003736088711879 ,         1.907273287414024 ,         1.548842276618171 ,         1.177101449786250 ,         1.148905655288792 ,         0.888313467635260 , 
  17.23000 ,         0.003731753245337 ,         1.893398302852764 ,         1.531884707210760 ,         1.219117138335969 ,         1.118359800711875 ,         0.864833814606806 , 
  17.24000 ,         0.003727425320922 ,         1.990911049537373 ,         1.500288691671037 ,         1.217470295446093 ,         1.061093155029294 ,         0.862491274648928 , 
  17.25000 ,         0.000000000000000 ,         1.999772730772554 ,         1.484588087308459 ,         1.230718870497561 ,         1.026704355521434 ,         0.846599154960815 , 
  17.26000 ,         0.003718792028587 ,         1.971424624154819 ,         1.433826751522173 ,         1.276940212816149 ,         0.984317765066689 ,         0.839982149457146 , 
  17.27000 ,         0.000000000000000 ,         2.030895562684333 ,         1.430541661781077 ,         1.263621919031873 ,         0.946323506789211 ,         0.810686706092100 , 
  17.28000 ,         0.003710188695610 ,         1.936718499108458 ,         1.391784534440728 ,         1.276073024496389 ,         0.901517881334879 ,         0.809922597912005 , 
  17.29000 ,         0.003705898220580 ,         1.968758429683337 ,         1.351494757317914 ,         1.290810673955910 ,         0.865269329845826 ,         0.794336121717530 , 
  17.30000 ,         0.000000000000000 ,         1.874405388560016 ,         1.314998793949041 ,         1.234720014656234 ,         0.863922281193562 ,         0.775488380949540 , 
  17.31000 ,         0.003697339567276 ,         1.997487701220972 ,         1.272346978588925 ,         1.229596489842294 ,         0.834616636381866 ,         0.785569116184717 , 
  17.32000 ,         0.007386142709372 ,         1.819299276102095 ,         1.283803929672653 ,         1.196785935877869 ,         0.804570217162253 ,         0.772313547048669 , 
  17.33000 ,         0.011066431586025 ,         1.844405264337542 ,         1.228373906048803 ,         1.155750448765512 ,         0.776379340957084 ,         0.768713531577181 , 
  17.34000 ,         0.000000000000000 ,         1.780101635511242 ,         1.195869054749014 ,         1.108130539467024 ,         0.767827151125920 ,         0.772375276261928 , 
  17.35000 ,         0.011040932904911 ,         1.732046349457984 ,         1.182069879132082 ,         1.074880822180234 ,         0.737039776261719 ,         0.789656722136688 , 
  17.36000 ,         0.000000000000000 ,         1.622526367284430 ,         1.156124706906720 ,         1.045612786393577 ,         0.720969660229190 ,         0.785071169217063 , 
  17.37000 ,         0.007343681500949 ,         1.587612144486385 ,         1.128861540723985 ,         0.963399216905731 ,         0.710501185216804 ,         0.786290273207065 , 
  17.38000 ,         0.000000000000000 ,         1.534897548281778 ,         1.094783555942917 ,         0.923093253723226 ,         0.690314212462750 ,         0.800113484509789 , 
  17.39000 ,         0.000000000000000 ,         1.430557598578867 ,         1.097188222213497 ,         0.841895052812819 ,         0.700281756602667 ,         0.810641673778566 , 
  17.40000 ,         0.007318380292193 ,         1.380886881383250 ,         1.032577719351668 ,         0.811196715512816 ,         0.683525284321661 ,         0.819429893341534 , 
  17.41000 ,         0.000000000000000 ,         1.327674319651580 ,         1.013116931805705 ,         0.778055528687763 ,         0.683539828454480 ,         0.843102889754657 , 
  17.42000 ,         0.014603170784366 ,         1.302420294330644 ,         0.977956093465511 ,         0.712817273911866 ,         0.687261725039225 ,         0.863241341718011 , 
  17.43000 ,         0.014586419228092 ,         1.258078658422911 ,         0.939912389010160 ,         0.660947121272906 ,         0.682883728315153 ,         0.870911788677273 , 
  17.44000 ,         0.003642424119826 ,         1.208829504767309 ,         0.928135196033205 ,         0.642887857149318 ,         0.685231037542298 ,         0.875547697803215 , 
  17.45000 ,         0.014553002471989 ,         1.143775038032918 ,         0.885459244155106 ,         0.574843597643582 ,         0.680409713231411 ,         0.890916620082102 , 
  17.46000 ,         0.010902252855240 ,         1.083865638025075 ,         0.875814312704252 ,         0.549428117850515 ,         0.697857747869246 ,         0.909543157475149 , 
  17.47000 ,         0.010889775313993 ,         1.063568055666620 ,         0.836017125667981 ,         0.527246621452480 ,         0.699044170546667 ,         0.913776927519460 , 
  17.48000 ,         0.021754638362327 ,         1.022468003029361 ,         0.782487148594944 ,         0.489026141519805 ,         0.693372445095099 ,         0.934259742794614 , 
  17.49000 ,         0.018108140679674 ,         0.985988260008241 ,         0.746734451278050 ,         0.455419738093797 ,         0.716346727699973 ,         0.937435807810865 , 
  17.50000 ,         0.036174903150359 ,         0.969487404429619 ,         0.706088890866068 ,         0.444951308749415 ,         0.724967668447661 ,         0.950891243278887 , 
  17.51000 ,         0.010840078744405 ,         0.967477027938159 ,         0.692861699746562 ,         0.425247255744060 ,         0.736165555980723 ,         0.965726806890886 , 
  17.52000 ,         0.032483123271502 ,         0.944717501812841 ,         0.670189994719663 ,         0.386639397828846 ,         0.735381818507608 ,         0.966711283194587 , 
  17.53000 ,         0.043261431740011 ,         0.879649112046894 ,         0.654329155067669 ,         0.385973086305412 ,         0.758821285116784 ,         0.971072684591214 , 
  17.54000 ,         0.036010097432195 ,         0.891700037664738 ,         0.616447855417394 ,         0.385308042524490 ,         0.790534170191164 ,         0.943295755391805 , 
  17.55000 ,         0.050356700767421 ,         0.883490330428422 ,         0.600683502011385 ,         0.372504701659006 ,         0.806662640753126 ,         0.974143632144773 , 
  17.56000 ,         0.061077798203594 ,         0.819161058259967 ,         0.571930705972625 ,         0.357260209345287 ,         0.820676775678622 ,         0.967982053699055 , 
  17.57000 ,         0.061008292893086 ,         0.837518256113179 ,         0.558943624594012 ,         0.374348679553534 ,         0.839592986661933 ,         0.974001881942014 , 
  17.58000 ,         0.064523547697322 ,         0.773834492175523 ,         0.551586716773636 ,         0.364513236470636 ,         0.871011883889806 ,         0.962588273199807 , 
  17.59000 ,         0.103836440834405 ,         0.801599420406980 ,         0.521643843933185 ,         0.386029871636527 ,         0.889603041868466 ,         0.968095782434560 , 
  17.60000 ,         0.092988980637767 ,         0.771182651923788 ,         0.496462802876155 ,         0.371061797737243 ,         0.884904151682115 ,         0.956881199195001 , 
  17.61000 ,         0.100028278361099 ,         0.757803519548144 ,         0.496122398478485 ,         0.379794869402296 ,         0.919009807442593 ,         0.958585727843274 , 
  17.62000 ,         0.103483155789455 ,         0.735979340743969 ,         0.497120591066154 ,         0.395867675703196 ,         0.943057164344204 ,         0.940213607800421 , 
  17.63000 ,         0.139009172176560 ,         0.702620078597546 ,         0.495220175878993 ,         0.425938360899971 ,         0.953181883734702 ,         0.924889952859024 , 
  17.64000 ,         0.174454587027013 ,         0.673786338670659 ,         0.478415002688876 ,         0.443479581562293 ,         0.969958603125959 ,         0.914106433044606 , 
  17.65000 ,         0.174256960781349 ,         0.636571346527786 ,         0.486985970755021 ,         0.462092119214828 ,         0.964581180549567 ,         0.894567223092775 , 
  17.66000 ,         0.181164146492060 ,         0.618089440972909 ,         0.505971923842407 ,         0.493983120030432 ,         0.997790398740121 ,         0.885228851838804 , 
  17.67000 ,         0.188055589045477 ,         0.596100735087549 ,         0.506064686558701 ,         0.517152869875061 ,         0.994111075228315 ,         0.878073236822601 , 
  17.68000 ,         0.219740770416401 ,         0.571503213381365 ,         0.505713889980487 ,         0.546029232939947 ,         0.996309526351176 ,         0.848006657607446 , 
  17.69000 ,         0.272595406988950 ,         0.513771538172355 ,         0.521958250882250 ,         0.583469227459302 ,         1.016922476072413 ,         0.837091374586805 , 
  17.70000 ,         0.367764903457959 ,         0.469872707182464 ,         0.532640274839952 ,         0.600270118865274 ,         1.011850762774278 ,         0.807358889622550 , 
  17.71000 ,         0.332027615092711 ,         0.489210900961068 ,         0.553452946168501 ,         0.662509888891772 ,         1.024395705408212 ,         0.794912523301249 , 
  17.72000 ,         0.384576318413967 ,         0.418976493684941 ,         0.555915652936704 ,         0.675654724552979 ,         1.023350085825469 ,         0.773507787222817 , 
  17.73000 ,         0.444054779292177 ,         0.433922576986899 ,         0.598460731813911 ,         0.714760793057100 ,         1.016414076906622 ,         0.750333633759326 , 
  17.74000 ,         0.482277288953985 ,         0.379749361648987 ,         0.610107172568158 ,         0.762578961457351 ,         1.005587750531109 ,         0.732326622392035 , 
  17.75000 ,         0.506348178582037 ,         0.364816830054766 ,         0.623704917888811 ,         0.816662253303320 ,         1.010883261472536 ,         0.717051874856137 , 
  17.76000 ,         0.656809095760852 ,         0.328843591393635 ,         0.642320659824951 ,         0.863598590482351 ,         0.998823992550761 ,         0.695609566240709 , 
  17.77000 ,         0.582393752097000 ,         0.317509846775774 ,         0.659578466230337 ,         0.900561423140956 ,         0.980322615658005 ,         0.682218584793596 , 
  17.78000 ,         0.665845643368739 ,         0.291745525318145 ,         0.691033883167228 ,         0.941602112119148 ,         0.972649355522937 ,         0.663819632776252 , 
  17.79000 ,         0.731607021270589 ,         0.278290709047903 ,         0.732044585278526 ,         0.994801772044667 ,         0.950717198245019 ,         0.653884714360787 , 
  17.80000 ,         0.825192882076156 ,         0.246071818119108 ,         0.753731528146362 ,         1.044603277628185 ,         0.938667830174155 ,         0.631897568464832 , 
  17.81000 ,         0.848715061865103 ,         0.238810256605047 ,         0.784319243127911 ,         1.067660845571559 ,         0.918459007921148 ,         0.619018450793202 , 
  17.82000 ,         0.938469916474180 ,         0.233309203212679 ,         0.804807728091588 ,         1.154117394957675 ,         0.896441552998251 ,         0.614998698748937 , 
  17.83000 ,         1.017568466138907 ,         0.240017219538758 ,         0.840278069855287 ,         1.165455664021680 ,         0.881605898718698 ,         0.623130004628299 , 
  17.84000 ,         1.169588399750385 ,         0.228870349058297 ,         0.861744726825014 ,         1.236596068486084 ,         0.857393579504514 ,         0.611662534579279 , 
  17.85000 ,         1.237818678886520 ,         0.215575163176866 ,         0.919888775935154 ,         1.243903461718125 ,         0.841275554887542 ,         0.616029933281875 , 
  17.86000 ,         1.285056698822203 ,         0.198402334919509 ,         0.946861033828117 ,         1.268993490086926 ,         0.826875376687243 ,         0.608394030848637 , 
  17.87000 ,         1.241987990918140 ,         0.203384206613341 ,         0.945367953980986 ,         1.308120382194333 ,         0.803616967761934 ,         0.621265029849546 , 
  17.88000 ,         1.406936444806291 ,         0.219617234457140 ,         0.996724371767018 ,         1.309689760120634 ,         0.768010565468459 ,         0.631561987847159 , 
  17.89000 ,         1.471132276179095 ,         0.215044923900297 ,         0.990634513621188 ,         1.343489916922380 ,         0.754279806014473 ,         0.645242943191787 , 
  17.90000 ,         1.538641436249907 ,         0.204864056399566 ,         1.024536383323148 ,         1.363167160093317 ,         0.712215942910201 ,         0.662080435436890 , 
  17.91000 ,         1.605998946934032 ,         0.203771909395931 ,         1.047784796830348 ,         1.353874381071270 ,         0.710881187095497 ,         0.678987861234005 , 
  17.92000 ,         1.566258053871696 ,         0.213031794772197 ,         1.046615720469880 ,         1.367672747206521 ,         0.688256567725558 ,         0.699360957837672 , 
  17.93000 ,         1.626540548911406 ,         0.233901355418139 ,         1.058802084010656 ,         1.340517528657917 ,         0.675858612617054 ,         0.709080789480082 , 
  17.94000 ,         1.483596731144512 ,         0.247839825156392 ,         1.088171732327283 ,         1.284808538050323 ,         0.654452038303597 ,         0.738141007041302 , 
  17.95000 ,         1.605726037788519 ,         0.276360236161140 ,         1.079223255055400 ,         1.313248369502896 ,         0.632770385207213 ,         0.757411860303217 , 
  17.96000 ,         1.734451612667506 ,         0.308251548983978 ,         1.059561034669160 ,         1.312001021859381 ,         0.606521414800995 ,         0.777766312573953 , 
  17.97000 ,         1.547262011073757 ,         0.305335518814999 ,         1.066315684738054 ,         1.239139019123509 ,         0.594321435586708 ,         0.819731522773694 , 
  17.98000 ,         1.511272186808752 ,         0.362825267071149 ,         1.077124125207088 ,         1.213558419849545 ,         0.570528810602581 ,         0.830439354634954 , 
  17.99000 ,         1.492476967537111 ,         0.343594898203068 ,         1.044477143852663 ,         1.208144701215892 ,         0.556576667294695 ,         0.852836340574084 , 
  18.00000 ,         1.531850839391351 ,         0.415873567725386 ,         1.042462108614817 ,         1.161710541703597 ,         0.534748013792830 ,         0.868023876520343 , 
  18.01000 ,         1.431100298920077 ,         0.449140069947471 ,         1.026148439276374 ,         1.134377534078355 ,         0.528710868936501 ,         0.886005637032783 , 
  18.02000 ,         1.279396533172608 ,         0.458023958875794 ,         1.017546709383281 ,         1.126295414702952 ,         0.518848602390375 ,         0.930121279616486 , 
  18.03000 ,         1.339320671916786 ,         0.554642339324318 ,         1.006620466838221 ,         1.079039205459675 ,         0.513906798849750 ,         0.928450828385062 , 
  18.04000 ,         1.235711344539112 ,         0.562963536096847 ,         0.979973562835253 ,         1.044227148587803 ,         0.487540038913804 ,         0.929177060853725 , 
  18.05000 ,         1.077924454907736 ,         0.599319196143497 ,         0.940421079054955 ,         1.039882562670259 ,         0.488912698839757 ,         0.954288305135935 , 
  18.06000 ,         1.073334442651487 ,         0.669984869661410 ,         0.970374156914546 ,         0.986083561336265 ,         0.476164785377232 ,         0.970639518475724 , 
  18.07000 ,         0.878753229571648 ,         0.696810596614970 ,         0.932402980315284 ,         0.999200100806372 ,         0.478182560975885 ,         0.978895896720589 , 
  18.08000 ,         0.918450835976204 ,         0.776955181356254 ,         0.948317433732811 ,         0.959120245687328 ,         0.478818753395805 ,         0.976966067396506 , 
  18.09000 ,         0.893738091928763 ,         0.832801403842711 ,         0.920609478688932 ,         0.948115622616663 ,         0.481251725874046 ,         0.998896196021707 , 
  18.10000 ,         0.814973276266903 ,         0.861893418209655 ,         0.912406543994870 ,         0.910293024087539 ,         0.482622270839075 ,         0.990184076584658 , 
  18.11000 ,         0.722870243990074 ,         0.920899533961654 ,         0.905698991447844 ,         0.916466042395126 ,         0.487789631641082 ,         0.994421602439909 , 
  18.12000 ,         0.664711687135001 ,         0.983992618074846 ,         0.919461597686740 ,         0.904066942496113 ,         0.502646036258336 ,         1.002919608531815 , 
  18.13000 ,         0.603310519739845 ,         1.056214715773597 ,         0.918026272704694 ,         0.917604966475825 ,         0.523630979205070 ,         1.001497569299287 , 
  18.14000 ,         0.484809813158435 ,         1.073988405538477 ,         0.876823998017013 ,         0.883136625792514 ,         0.533995704575876 ,         0.999183766398797 , 
  18.15000 ,         0.497727838392463 ,         1.087518511757856 ,         0.908647569835565 ,         0.875437688726608 ,         0.556212961294787 ,         0.983054518649303 , 
  18.16000 ,         0.456867952736063 ,         1.179962267636340 ,         0.922134213426834 ,         0.866495423226899 ,         0.583682402852140 ,         0.987116121226379 , 
  18.17000 ,         0.466432089131630 ,         1.186213982072167 ,         0.908535885844524 ,         0.864493287500260 ,         0.603436028981107 ,         0.990486577763672 , 
  18.18000 ,         0.368712959729185 ,         1.223875631101079 ,         0.920315927324040 ,         0.879464207354045 ,         0.636396473532575 ,         0.992958665270685 , 
  18.19000 ,         0.331476902414881 ,         1.244712509825576 ,         0.922861830586884 ,         0.847107639504696 ,         0.668447030011827 ,         0.975335210183180 , 
  18.20000 ,         0.337801888469566 ,         1.251706502571636 ,         0.907842575261960 ,         0.886938993054684 ,         0.709363062203882 ,         0.973479823392804 , 
  18.21000 ,         0.280635669305388 ,         1.262025286667982 ,         0.948815834318218 ,         0.886173943848265 ,         0.746012713921746 ,         0.975960653521864 , 
  18.22000 ,         0.233606417936359 ,         1.253548724819213 ,         0.965086514099583 ,         0.885201462251703 ,         0.792280337974339 ,         0.958203467856816 , 
  18.23000 ,         0.253351646082208 ,         1.303427547607149 ,         0.945068311372447 ,         0.845686127835265 ,         0.844175601984857 ,         0.979237447850639 , 
  18.24000 ,         0.233094404036372 ,         1.337379143158683 ,         0.941326776300455 ,         0.852251414757984 ,         0.887787905373351 ,         0.965208546714003 , 
  18.25000 ,         0.242817843595959 ,         1.356287338715783 ,         0.946740119636983 ,         0.876888411205269 ,         0.930784409452060 ,         0.965970128654642 , 
  18.26000 ,         0.149518331759762 ,         1.336943083151869 ,         0.952764036269148 ,         0.872397932948276 ,         0.973841967760281 ,         0.953438945405564 , 
  18.27000 ,         0.172587653590880 ,         1.326352712812604 ,         0.968938617695914 ,         0.902973625097477 ,         1.036355669879852 ,         0.955455207259126 , 
  18.28000 ,         0.162452789345939 ,         1.342307614008918 ,         0.964977857122496 ,         0.886652405116419 ,         1.067598703963792 ,         0.942236538715970 , 
  18.29000 ,         0.158963458098619 ,         1.320969778105972 ,         0.961853111698284 ,         0.881750431640777 ,         1.121799742226550 ,         0.956678519963303 , 
  18.30000 ,         0.112476090635630 ,         1.271558745237358 ,         0.983752278022659 ,         0.876445125375799 ,         1.160685025378247 ,         0.935681154727100 , 
  18.31000 ,         0.095830727423155 ,         1.315607184667017 ,         0.964296694695495 ,         0.894488966529490 ,         1.223597294436381 ,         0.958255641296514 , 
  18.32000 ,         0.112230643708559 ,         1.329025380092898 ,         0.990682998324448 ,         0.916412719399667 ,         1.254651948002943 ,         0.961129616502295 , 
  18.33000 ,         0.059351411340267 ,         1.302845911434608 ,         0.981153018718787 ,         0.874608992111433 ,         1.284247075068431 ,         0.961163133649322 , 
  18.34000 ,         0.062580411391637 ,         1.340126572893283 ,         0.987288332349645 ,         0.916679512917633 ,         1.312233001368392 ,         0.956873017273610 , 
  18.35000 ,         0.046061637591518 ,         1.305765172795266 ,         1.002457514547547 ,         0.949815643014383 ,         1.358561268561437 ,         0.961947949344292 , 
  18.36000 ,         0.065730678830656 ,         1.319954194268106 ,         0.992122433600211 ,         0.959257094184883 ,         1.392925518188701 ,         0.962594980219252 , 
  18.37000 ,         0.082073919052146 ,         1.386228492790741 ,         1.040697293581207 ,         0.989401094173616 ,         1.423777310757097 ,         0.957546154341502 , 
  18.38000 ,         0.039352625037053 ,         1.389639571620932 ,         1.039975101239618 ,         1.000212553025095 ,         1.456149607165326 ,         0.967982343196572 , 
  18.39000 ,         0.045861478625840 ,         1.361922124192354 ,         1.039458602604417 ,         1.014070998365113 ,         1.467516131340912 ,         0.990628412192530 , 
  18.40000 ,         0.052356163131222 ,         1.380075737537057 ,         1.061234884718404 ,         1.050804555344605 ,         1.488213711191876 ,         0.994306937903199 , 
  18.41000 ,         0.029418356598277 ,         1.393286055557284 ,         1.086640546848855 ,         1.083576134703202 ,         1.500336186512125 ,         1.010540978565118 , 
  18.42000 ,         0.019590949009465 ,         1.389324800587896 ,         1.094440203518344 ,         1.140152417873763 ,         1.495595495344968 ,         1.008933873987450 , 
  18.43000 ,         0.013046463287144 ,         1.371917155038740 ,         1.089379684476527 ,         1.158689020689479 ,         1.524754433937743 ,         1.035766874405919 , 
  18.44000 ,         0.032580792368014 ,         1.375316697834793 ,         1.120982887411983 ,         1.186755362004911 ,         1.521726633538556 ,         1.055261320307130 , 
  18.45000 ,         0.013018193603211 ,         1.442985397205918 ,         1.125666928127650 ,         1.207437456697819 ,         1.533909343153345 ,         1.064033917787448 , 
  18.46000 ,         0.026008186410690 ,         1.364210652823220 ,         1.106973434104990 ,         1.208364723315414 ,         1.520107379570110 ,         1.090311939685642 , 
  18.47000 ,         0.019485023555891 ,         1.345278501337956 ,         1.127695738297176 ,         1.237298995799062 ,         1.531045874353884 ,         1.112270094648763 , 
  18.48000 ,         0.003243990262353 ,         1.400187296988068 ,         1.137829584520278 ,         1.232919049085497 ,         1.539729565617092 ,         1.128756549255260 , 
  18.49000 ,         0.009721446894290 ,         1.326977501070533 ,         1.136194105770099 ,         1.254471709650623 ,         1.509406527946187 ,         1.148092751708423 , 
  18.50000 ,         0.016184900104465 ,         1.301265968399023 ,         1.142451636123955 ,         1.239763348002054 ,         1.507825755982263 ,         1.183520820139037 , 
  18.51000 ,         0.019400900510737 ,         1.291372440245937 ,         1.144653130133488 ,         1.224681844740279 ,         1.515644829222921 ,         1.213465699132509 , 
  18.52000 ,         0.016149962392663 ,         1.244354602354687 ,         1.127671124067696 ,         1.218110913466609 ,         1.482364673116558 ,         1.225126053380922 , 
  18.53000 ,         0.003226507188902 ,         1.196630853684108 ,         1.120001307947681 ,         1.222442911195326 ,         1.470077337943571 ,         1.266504899993772 , 
  18.54000 ,         0.003223027537378 ,         1.163110062551214 ,         1.155858250592114 ,         1.176002172700725 ,         1.464160978464409 ,         1.292937640541213 , 
  18.55000 ,         0.006439107023610 ,         1.123624175619946 ,         1.155014822360045 ,         1.187612801667071 ,         1.441404168339825 ,         1.316897997375491 , 
  18.56000 ,         0.019296510600373 ,         1.086232742546007 ,         1.132463965859401 ,         1.175680109391487 ,         1.431861388143316 ,         1.347740662244814 , 
  18.57000 ,         0.009637866870181 ,         1.074622156025196 ,         1.126024112666162 ,         1.118594923620397 ,         1.410843157569327 ,         1.368476701119156 , 
  18.58000 ,         0.006418330139486 ,         1.043780938933934 ,         1.143265056095969 ,         1.106961376244501 ,         1.398142963119470 ,         1.381796278545466 , 
  18.59000 ,         0.006411426854172 ,         0.990164734791256 ,         1.110378988306990 ,         1.043860434694950 ,         1.370943382802341 ,         1.415623013692356 , 
  18.60000 ,         0.000000000000000 ,         0.937063483322452 ,         1.091572882964684 ,         1.029929236475296 ,         1.358161639860350 ,         1.432864532886856 , 
  18.61000 ,         0.003198826826819 ,         0.908866672169984 ,         1.116390562559875 ,         0.990236829577195 ,         1.350304774271023 ,         1.443470605602130 , 
  18.62000 ,         0.003195391845322 ,         0.887520085038163 ,         1.127773609408305 ,         0.980785584523496 ,         1.321544168028529 ,         1.472176936736908 , 
  18.63000 ,         0.012767849574844 ,         0.875794681774467 ,         1.083671232664898 ,         0.943424384991219 ,         1.316036120044582 ,         1.480721429795111 , 
  18.64000 ,         0.012754153840492 ,         0.861702518848231 ,         1.107020696623942 ,         0.905544922674922 ,         1.312083576340600 ,         1.497068627941172 , 
  18.65000 ,         0.019110720196356 ,         0.804640948267397 ,         1.090505471204552 ,         0.890440119148953 ,         1.282956395681917 ,         1.503575725448701 , 
  18.66000 ,         0.012726828398880 ,         0.785483940243377 ,         1.087149544635581 ,         0.875168309116735 ,         1.257321160297168 ,         1.518469713341374 , 
  18.67000 ,         0.006356599298673 ,         0.781464426280650 ,         1.065922244896281 ,         0.838276532512543 ,         1.262380891970903 ,         1.529407723447202 , 
  18.68000 ,         0.012699590679356 ,         0.784993448867682 ,         1.044541333377017 ,         0.799478919486323 ,         1.240293617833025 ,         1.537394588843424 , 
  18.69000 ,         0.009514503448564 ,         0.796443226173551 ,         1.067210136813937 ,         0.785739409793916 ,         1.207648172091180 ,         1.548832319192032 , 
  18.70000 ,         0.022176770536967 ,         0.779751092630148 ,         1.051614538587790 ,         0.792621539816781 ,         1.201208736272421 ,         1.534058301206722 , 
  18.71000 ,         0.006329448879521 ,         0.788016385500384 ,         1.044359065120990 ,         0.761907408872359 ,         1.186178279077761 ,         1.539737337582263 , 
  18.72000 ,         0.012645376908249 ,         0.765835639005849 ,         1.075844957272148 ,         0.747855493714432 ,         1.160262727335422 ,         1.522384829344702 , 
  18.73000 ,         0.015789847135169 ,         0.761860124271916 ,         1.055748654075253 ,         0.744688665512419 ,         1.149254155078833 ,         1.535858693528993 , 
  18.74000 ,         0.012618400112500 ,         0.783523781985553 ,         1.041412334284774 ,         0.723783543952936 ,         1.141817338304941 ,         1.506666547807776 , 
  18.75000 ,         0.028361124169349 ,         0.810261561338206 ,         1.043453026730631 ,         0.722420857313694 ,         1.115389836472677 ,         1.507669482752544 , 
  18.76000 ,         0.022035141713339 ,         0.795626009720905 ,         1.060047710280968 ,         0.702763626786121 ,         1.104757406302006 ,         1.500848915716103 , 
  18.77000 ,         0.018867144738460 ,         0.801853651384571 ,         1.061866489811480 ,         0.673124695096117 ,         1.078768306973017 ,         1.476698008110495 , 
  18.78000 ,         0.018847057282559 ,         0.815527874497405 ,         1.038355062160996 ,         0.689291855406931 ,         1.055435207823315 ,         1.465505946353998 , 
  18.79000 ,         0.031378336482720 ,         0.829956999967952 ,         1.051762615980181 ,         0.684047735323302 ,         1.058626627085776 ,         1.447521884868490 , 
  18.80000 ,         0.009403489245739 ,         0.834167858507450 ,         1.048489050899924 ,         0.675679883511554 ,         1.029877978434398 ,         1.429232412339386 , 
  18.81000 ,         0.025049316026771 ,         0.839934878022669 ,         1.042482081832888 ,         0.695705613087276 ,         1.013861281294488 ,         1.412742284353599 , 
  18.82000 ,         0.031278379012655 ,         0.875012652879014 ,         1.018893196337225 ,         0.677176905623973 ,         0.987126092652498 ,         1.393060805276107 , 
  18.83000 ,         0.037494199172726 ,         0.871740130765873 ,         1.008437731916435 ,         0.726450108971561 ,         0.979145388812743 ,         1.366341344071712 , 
  18.84000 ,         0.053060409885242 ,         0.882129314342156 ,         1.009708388110349 ,         0.724118534904485 ,         0.970742149600874 ,         1.361428678636423 , 
  18.85000 ,         0.034296788254540 ,         0.896393329380028 ,         0.998504221683319 ,         0.761154857512694 ,         0.959433164609254 ,         1.319403290195615 , 
  18.86000 ,         0.068520856053124 ,         0.882206021683970 ,         1.016133149424166 ,         0.782928645016091 ,         0.930676740880640 ,         1.297711042267472 , 
  18.87000 ,         0.102672376769002 ,         0.897605475692637 ,         1.010000615413248 ,         0.809128332832985 ,         0.929107227655853 ,         1.265417598152043 , 
  18.88000 ,         0.077699729139659 ,         0.904813345831327 ,         1.006405741681431 ,         0.836437584188427 ,         0.921178851281368 ,         1.255190561920476 , 
  18.89000 ,         0.077617485454153 ,         0.963232994486042 ,         1.000877474931307 ,         0.887361902454607 ,         0.902012202834079 ,         1.240666994056231 , 
  18.90000 ,         0.071332542497266 ,         0.952909725316743 ,         0.959112555099114 ,         0.919569515236499 ,         0.887004658879051 ,         1.219776784781720 , 
  18.91000 ,         0.096042202781744 ,         0.991403383553488 ,         0.953644856250182 ,         0.986756180193081 ,         0.872512430916410 ,         1.186198657743881 , 
  18.92000 ,         0.080466397814738 ,         0.994611099911974 ,         0.952637041436498 ,         1.001187680502602 ,         0.867334922599240 ,         1.167681555307976 , 
  18.93000 ,         0.098930960724127 ,         0.994719894155868 ,         0.928057430386681 ,         1.078579341332179 ,         0.848159086129989 ,         1.173645811403019 , 
  18.94000 ,         0.126621479459300 ,         1.039994712388277 ,         0.945607664437671 ,         1.133995719242971 ,         0.830470907581768 ,         1.134816056571786 , 
  18.95000 ,         0.182019140472645 ,         1.066663013871475 ,         0.888114577348520 ,         1.182545962413911 ,         0.815856449284829 ,         1.135450437985475 , 
  18.96000 ,         0.175663554313462 ,         1.059374505179869 ,         0.872539365175420 ,         1.223288633163155 ,         0.803872635885124 ,         1.110706015294494 , 
  18.97000 ,         0.237049770723211 ,         1.095585547482112 ,         0.890283513909331 ,         1.287611254610167 ,         0.785804597105189 ,         1.102319915968567 , 
  18.98000 ,         0.319833830419268 ,         1.110192430589961 ,         0.868587187298482 ,         1.327963902864619 ,         0.765611841957663 ,         1.094959960000581 , 
  18.99000 ,         0.313352900128213 ,         1.142432448384110 ,         0.873240802563182 ,         1.385895363434708 ,         0.764853724056824 ,         1.087998902314044 , 
  19.00000 ,         0.285403452798639 ,         1.193017121241625 ,         0.847195598798112 ,         1.469981224629552 ,         0.737436105609925 ,         1.064269091879335 , 
  19.01000 ,         0.334153289237753 ,         1.161872446065215 ,         0.817755870680464 ,         1.482230416022510 ,         0.721811341101448 ,         1.062814389565262 , 
  19.02000 ,         0.385862875301687 ,         1.144956210344588 ,         0.818236007894201 ,         1.509382259240625 ,         0.700333462663131 ,         1.071027869280463 , 
  19.03000 ,         0.461937103647983 ,         1.177404256731903 ,         0.799594771297957 ,         1.558464127415028 ,         0.692236458508908 ,         1.059243192967642 , 
  19.04000 ,         0.525627447162752 ,         1.174639825599900 ,         0.766285362651512 ,         1.600375138000254 ,         0.673221418745243 ,         1.060804811606804 , 
  19.05000 ,         0.583078306195145 ,         1.172262144392333 ,         0.775784160009639 ,         1.574273267151878 ,         0.654532110406559 ,         1.081013060643043 , 
  19.06000 ,         0.728845681107760 ,         1.169507609643623 ,         0.741806326064697 ,         1.582723466505972 ,         0.633546821130281 ,         1.061867547299061 , 
  19.07000 ,         0.770730616773834 ,         1.163331044586988 ,         0.728843083253517 ,         1.612289244772932 ,         0.637642498907009 ,         1.069798086214917 , 
  19.08000 ,         0.873390839054472 ,         1.092118945524995 ,         0.746528537301568 ,         1.605654499847093 ,         0.607018045044065 ,         1.081610486496737 , 
  19.09000 ,         1.030555339381297 ,         1.087555081603714 ,         0.759616564684076 ,         1.604352744420294 ,         0.606382257676145 ,         1.095440045944482 , 
  19.10000 ,         1.071991760308201 ,         1.034411312620342 ,         0.743447543400712 ,         1.579138003853440 ,         0.585011792353037 ,         1.116215216425731 , 
  19.11000 ,         1.067836510355882 ,         1.026503349976340 ,         0.743428081872410 ,         1.576916948975474 ,         0.579612253579178 ,         1.123958599678563 , 
  19.12000 ,         1.548562009507351 ,         0.978457845048309 ,         0.745112884711585 ,         1.593071803078073 ,         0.558739961845240 ,         1.144564606586708 , 
  19.13000 ,         1.537861584957785 ,         0.963433955537038 ,         0.752848332498404 ,         1.558863385638188 ,         0.564352441256500 ,         1.181871603154381 , 
  19.14000 ,         1.672340628477582 ,         0.896652796281380 ,         0.771151646043008 ,         1.558746966891345 ,         0.548736768719207 ,         1.199254214250707 , 
  19.15000 ,         1.924355706799125 ,         0.871926477040655 ,         0.797723985599127 ,         1.551455145483557 ,         0.550287942255303 ,         1.214192549205109 , 
  19.16000 ,         2.103416348162490 ,         0.806510787728014 ,         0.784254409582105 ,         1.529088623973575 ,         0.551788425981830 ,         1.261163326039140 , 
  19.17000 ,         2.083134435016303 ,         0.757811749062552 ,         0.817351409108242 ,         1.544262828273663 ,         0.553238375978348 ,         1.290654023142337 , 
  19.18000 ,         2.656163814338850 ,         0.765303434601882 ,         0.812734931286505 ,         1.506891120861453 ,         0.540427320856039 ,         1.320882483565509 , 
  19.19000 ,         3.059528336650928 ,         0.698697597037540 ,         0.827870161398355 ,         1.553643230441655 ,         0.549641482922494 ,         1.352175395343237 , 
  19.20000 ,         3.071368422286018 ,         0.661155629063526 ,         0.866451965019900 ,         1.569305477507319 ,         0.560667486578019 ,         1.388192035653766 , 
  19.21000 ,         3.410413808817489 ,         0.626318293014567 ,         0.879434942887740 ,         1.595629348051492 ,         0.560928261523981 ,         1.413484805527858 , 
  19.22000 ,         3.901701192469069 ,         0.624542100946721 ,         0.885642685166043 ,         1.605777964829099 ,         0.577026667996543 ,         1.471666358218241 , 
  19.23000 ,         4.068409670464217 ,         0.548621149413667 ,         0.948946070043844 ,         1.608976633758239 ,         0.568702930394764 ,         1.503184500850825 , 
  19.24000 ,         4.575945322704569 ,         0.531964866651888 ,         0.962923745964810 ,         1.665850598594134 ,         0.579054232045564 ,         1.543895221288567 , 
  19.25000 ,         4.840261857604748 ,         0.504131658887338 ,         0.951086042897165 ,         1.716065661683215 ,         0.589010015466128 ,         1.579008370432710 , 
  19.26000 ,         4.972618584688131 ,         0.471876117946381 ,         1.011509763904842 ,         1.784281570984754 ,         0.598338170916584 ,         1.625434032862772 , 
  19.27000 ,         5.438845421997521 ,         0.443789498915047 ,         1.027801562193168 ,         1.790448222093397 ,         0.612541388208374 ,         1.651157988610397 , 
  19.28000 ,         5.841514899468730 ,         0.420603974585472 ,         1.023196471389724 ,         1.835718409893633 ,         0.618518820908352 ,         1.673614508705411 , 
  19.29000 ,         6.282051270610469 ,         0.409747538444439 ,         1.055444158972233 ,         1.928158035132277 ,         0.642486745396928 ,         1.712910321646535 , 
  19.30000 ,         6.558091206800059 ,         0.367312591401273 ,         1.101194226447946 ,         1.979881786950891 ,         0.632247951165779 ,         1.734603970982278 , 
  19.31000 ,         6.613693874129327 ,         0.343534750312760 ,         1.077213560305038 ,         2.043010444832964 ,         0.648537900252602 ,         1.768971846036177 , 
  19.32000 ,         6.888812636374571 ,         0.335759125157205 ,         1.143992555162699 ,         2.126227122956843 ,         0.655333176463600 ,         1.782166770810254 , 
  19.33000 ,         7.489504994711496 ,         0.329111264613213 ,         1.177462260896597 ,         2.152009637361060 ,         0.658129874028055 ,         1.776339135566501 , 
  19.34000 ,         7.099676676283853 ,         0.348763841732342 ,         1.201976446055253 ,         2.215687060347347 ,         0.671148252760406 ,         1.782832998282247 , 
  19.35000 ,         7.506578059562556 ,         0.326582007616956 ,         1.176878763575485 ,         2.259444489843696 ,         0.677528216538291 ,         1.790422056764135 , 
  19.36000 ,         7.924458304318503 ,         0.355433088808019 ,         1.208915869625613 ,         2.258958321176955 ,         0.683894643849942 ,         1.766589277546199 , 
  19.37000 ,         7.809979817007458 ,         0.322217031202623 ,         1.263216253483366 ,         2.326200273945629 ,         0.686279830919104 ,         1.773254810176522 , 
  19.38000 ,         7.536450233720795 ,         0.336633026584495 ,         1.263572160027454 ,         2.363805403541293 ,         0.705251721357605 ,         1.745569448091618 , 
  19.39000 ,         7.776196898787273 ,         0.345862489956482 ,         1.322307070227658 ,         2.374811931836441 ,         0.713548571531624 ,         1.721071051259752 , 
  19.40000 ,         7.812336391583212 ,         0.355808651594808 ,         1.323519875684100 ,         2.358382163802402 ,         0.708765682662357 ,         1.679236539519964 , 
  19.41000 ,         7.792526355792741 ,         0.358015125968968 ,         1.367184046243920 ,         2.384071978475081 ,         0.723703317394407 ,         1.642127900684154 , 
  19.42000 ,         7.611187809894748 ,         0.390693932348901 ,         1.402862940356179 ,         2.352425448865819 ,         0.715843816836637 ,         1.579987926838135 , 
  19.43000 ,         7.353920695471518 ,         0.390291880485919 ,         1.403436780769854 ,         2.285628484311803 ,         0.718729467412685 ,         1.536178203937938 , 
  19.44000 ,         7.164603437181616 ,         0.428000041664696 ,         1.428743289769390 ,         2.304897484649773 ,         0.735350242817318 ,         1.503084478513162 , 
  19.45000 ,         7.204094025851266 ,         0.419140633109741 ,         1.512749926922274 ,         2.223824756455612 ,         0.738392183023132 ,         1.440406985770910 , 
  19.46000 ,         6.746167309772193 ,         0.450524616524249 ,         1.448297681610623 ,         2.165772760848104 ,         0.745312892900556 ,         1.380097323670873 , 
  19.47000 ,         6.283332375117578 ,         0.455906907217834 ,         1.487725063817810 ,         2.099984660369965 ,         0.746922003341557 ,         1.311006340767628 , 
  19.48000 ,         5.944062199648917 ,         0.479889599247196 ,         1.461017498544599 ,         2.038892160451774 ,         0.770149819780457 ,         1.246253217816862 , 
  19.49000 ,         5.538405670261058 ,         0.495802508659494 ,         1.498891187024641 ,         1.971179532589622 ,         0.777516764958483 ,         1.191885534373996 , 
  19.50000 ,         5.483197298463823 ,         0.524064885260988 ,         1.529948980529126 ,         1.866275541709475 ,         0.778904637492661 ,         1.121285805147968 , 
  19.51000 ,         5.107943193843867 ,         0.500971351703918 ,         1.515283718116788 ,         1.796693551481334 ,         0.797752310420309 ,         1.054331864370337 , 
  19.52000 ,         4.579356013224544 ,         0.533167878682572 ,         1.514276732468259 ,         1.714896138761905 ,         0.813335423658323 ,         0.995737352161265 , 
  19.53000 ,         4.446867414040244 ,         0.539883396854821 ,         1.535236680296307 ,         1.637622099202198 ,         0.828976977719414 ,         0.931090094979279 , 
  19.54000 ,         4.041899161836152 ,         0.542957918635025 ,         1.503017778773242 ,         1.563406885956096 ,         0.857144489789060 ,         0.881263862928158 , 
  19.55000 ,         3.933415284083267 ,         0.551098438383442 ,         1.490067276694218 ,         1.468690019715505 ,         0.858985287835336 ,         0.806764996953013 , 
  19.56000 ,         3.631142665229756 ,         0.535694890803433 ,         1.488725058023324 ,         1.403303440300614 ,         0.883398880315627 ,         0.764496331917703 , 
  19.57000 ,         3.300558767558544 ,         0.547079909653383 ,         1.476718011252092 ,         1.326478948158251 ,         0.911242404041792 ,         0.718290971927591 , 
  19.58000 ,         3.019773657745654 ,         0.512928061483113 ,         1.431502751871534 ,         1.232833432283004 ,         0.939299512590952 ,         0.654931472870824 , 
  19.59000 ,         2.892559667932485 ,         0.518899800709445 ,         1.393956835980937 ,         1.137213297590971 ,         0.950790064251947 ,         0.617411376226607 , 
  19.60000 ,         2.520477162618975 ,         0.517289005772058 ,         1.373068866192173 ,         1.084144031260951 ,         0.990329073942360 ,         0.571270907245483 , 
  19.61000 ,         2.353695874112757 ,         0.483631205467171 ,         1.341599445992515 ,         0.985628152914109 ,         1.023575016857596 ,         0.533461784809331 , 
  19.62000 ,         2.115304093603398 ,         0.481339604973018 ,         1.325842387240701 ,         0.932280707240341 ,         1.048523502350137 ,         0.498202679698811 , 
  19.63000 ,         1.842896338559770 ,         0.458567809672829 ,         1.301311942653067 ,         0.871494465875086 ,         1.079485155411254 ,         0.463823729905168 , 
  19.64000 ,         1.708903249941950 ,         0.428661865636699 ,         1.224773831339698 ,         0.806164337761481 ,         1.116755708371991 ,         0.440868317421999 , 
  19.65000 ,         1.520667404940876 ,         0.425715143788873 ,         1.229086603002921 ,         0.744732515650880 ,         1.127947874655438 ,         0.402223701566319 , 
  19.66000 ,         1.470394315308600 ,         0.413817113591967 ,         1.199353062986242 ,         0.692203171826563 ,         1.164644376510725 ,         0.379556281135489 , 
  19.67000 ,         1.219787998938666 ,         0.385478777833610 ,         1.130487205002282 ,         0.640675034653818 ,         1.196075864276199 ,         0.362482481198690 , 
  19.68000 ,         1.138456289671355 ,         0.357197811991735 ,         1.103415863670163 ,         0.580491138907489 ,         1.219308497115430 ,         0.334805907110871 , 
  19.69000 ,         0.988708216817723 ,         0.348976852540071 ,         1.055145979942036 ,         0.537931565942013 ,         1.269059503549953 ,         0.324196638471527 , 
  19.70000 ,         1.001977896321040 ,         0.329353845549972 ,         1.008400831553868 ,         0.481898557329617 ,         1.291233000382737 ,         0.303126860015927 , 
  19.71000 ,         0.926816142519907 ,         0.323672714387721 ,         0.974582820634394 ,         0.468220385846114 ,         1.321203146243161 ,         0.295868230112124 , 
  19.72000 ,         0.709363768805064 ,         0.299129300098521 ,         0.949023315193522 ,         0.418246860673468 ,         1.337757865455484 ,         0.281591064348697 , 
  19.73000 ,         0.611882125143989 ,         0.285307828119465 ,         0.879046936762091 ,         0.392920818152056 ,         1.372287963804034 ,         0.277392492488968 , 
  19.74000 ,         0.653908550645796 ,         0.271514202550754 ,         0.908364269266660 ,         0.371555103097924 ,         1.412078199685999 ,         0.263784577020023 , 
  19.75000 ,         0.556679653721134 ,         0.270174245205218 ,         0.848510441577493 ,         0.341534328367175 ,         1.418858568939101 ,         0.250736610612596 , 
  19.76000 ,         0.519231086891482 ,         0.267418196390832 ,         0.806333248666520 ,         0.291535487312021 ,         1.452490445681834 ,         0.243921571044820 , 
  19.77000 ,         0.479023525782579 ,         0.248369446430168 ,         0.773984387627251 ,         0.295669476527783 ,         1.487780815607819 ,         0.250893886238749 , 
  19.78000 ,         0.368107151412644 ,         0.256613158436699 ,         0.756389406316173 ,         0.289176483369356 ,         1.484197416020258 ,         0.242499434722680 , 
  19.79000 ,         0.384707627448416 ,         0.247514098542180 ,         0.718851660480359 ,         0.276508607228549 ,         1.515979654624682 ,         0.245436748072272 , 
  19.80000 ,         0.409752015760118 ,         0.258567651324488 ,         0.700640623500167 ,         0.246910912945105 ,         1.553348697676825 ,         0.241789012748104 , 
  19.81000 ,         0.290771442298072 ,         0.266069984821294 ,         0.689523541566060 ,         0.240839210398585 ,         1.552707151142968 ,         0.241368527344516 , 
  19.82000 ,         0.234074588798669 ,         0.239714940335987 ,         0.650226775661364 ,         0.228257976275811 ,         1.573702144157922 ,         0.246765379757633 , 
  19.83000 ,         0.281733213313601 ,         0.270463884781057 ,         0.643056059388294 ,         0.219047573351325 ,         1.599980526733771 ,         0.244403562549549 , 
  19.84000 ,         0.202643481339476 ,         0.280393844839517 ,         0.626400552994681 ,         0.219882249717313 ,         1.611165196578639 ,         0.254139904223270 , 
  19.85000 ,         0.163076149484638 ,         0.300847379221660 ,         0.613468575270335 ,         0.223175333885226 ,         1.619998117523174 ,         0.257354548405444 , 
  19.86000 ,         0.137632522243346 ,         0.320557379612690 ,         0.595822424099382 ,         0.214875264318693 ,         1.635439511758940 ,         0.266882451454651 , 
  19.87000 ,         0.148718026088382 ,         0.343384310237091 ,         0.585752602753771 ,         0.221849413917221 ,         1.641510287956674 ,         0.272708172838956 , 
  19.88000 ,         0.095308060981667 ,         0.371771517285106 ,         0.590594620531617 ,         0.207960787472865 ,         1.653743776877207 ,         0.277208050529858 , 
  19.89000 ,         0.131616933713833 ,         0.402901836980378 ,         0.578624445289805 ,         0.240305917538688 ,         1.648887144305884 ,         0.290231090865644 , 
  19.90000 ,         0.092319036695578 ,         0.456349783665643 ,         0.578217905970223 ,         0.241463238023852 ,         1.649503394291830 ,         0.297589016014914 , 
  19.91000 ,         0.072663164076961 ,         0.475454645715117 ,         0.566283600811318 ,         0.247334231569657 ,         1.633654826492307 ,         0.310084812566408 , 
  19.92000 ,         0.058630568289844 ,         0.537795867468156 ,         0.604278744011104 ,         0.248481932276007 ,         1.634065347470975 ,         0.324256706918462 , 
  19.93000 ,         0.069728269709332 ,         0.581882410724380 ,         0.600709043545899 ,         0.293033053453470 ,         1.624232882541763 ,         0.341145559552909 , 
  19.94000 ,         0.075231017097087 ,         0.623442225017524 ,         0.599584240428864 ,         0.300401630769617 ,         1.616596138222813 ,         0.351556980936907 , 
  19.95000 ,         0.055670826988741 ,         0.668049923864890 ,         0.610639383532751 ,         0.318193570507522 ,         1.592620580213837 ,         0.369167171469088 , 
  19.96000 ,         0.055615058571680 ,         0.746284567208732 ,         0.621845873654598 ,         0.333168960255971 ,         1.597629456000529 ,         0.385699121047503 , 
  19.97000 ,         0.044447499129546 ,         0.832348870418135 ,         0.622091364770166 ,         0.368775344340450 ,         1.580533970511866 ,         0.406321327491873 , 
  19.98000 ,         0.055503772841857 ,         0.826312418183146 ,         0.649914490120119 ,         0.392342294275877 ,         1.543742044486680 ,         0.423606528821954 , 
  19.99000 ,         0.033268953116540 ,         0.936382409592612 ,         0.654462687089433 ,         0.425565358615739 ,         1.520018614461287 ,         0.439384103464927 , 
  20.00000 ,         0.024926769361016 ,         1.019920313021568 ,         0.645499464911308 ,         0.463049361393872 ,         1.485782591096805 ,         0.457899560084912 , 
  20.01000 ,         0.030435608224749 ,         1.090839867509758 ,         0.664914281955456 ,         0.479533759131985 ,         1.474484167774564 ,         0.490730950226033 , 
  20.02000 ,         0.022112880448048 ,         1.127756902850464 ,         0.667878092282460 ,         0.518961663015134 ,         1.466662709248580 ,         0.518011500183382 , 
  20.03000 ,         0.013806753874608 ,         1.198426236315968 ,         0.686713420838312 ,         0.563315558084003 ,         1.427661496740318 ,         0.533458452830164 , 
  20.04000 ,         0.022068764987733 ,         1.282746964911984 ,         0.725855473424658 ,         0.603960029312726 ,         1.396452828266749 ,         0.554822544769726 , 
  20.05000 ,         0.024802601340641 ,         1.347952486749012 ,         0.726854011510456 ,         0.638494744234422 ,         1.353334995720506 ,         0.579846926481031 , 
  20.06000 ,         0.027530976765193 ,         1.407521187120507 ,         0.716493670314155 ,         0.676573754004625 ,         1.326605925721556 ,         0.604477008600775 , 
  20.07000 ,         0.013751774323076 ,         1.477284356656480 ,         0.740017355760548 ,         0.758926045454778 ,         1.288369356893219 ,         0.638039354295985 , 
  20.08000 ,         0.013738080747586 ,         1.549998960346391 ,         0.761433125434955 ,         0.779464356416161 ,         1.264418606805947 ,         0.663420505601396 , 
  20.09000 ,         0.010979526092281 ,         1.538162983490480 ,         0.778345466885602 ,         0.835130203394117 ,         1.245790212509702 ,         0.686349047088951 , 
  20.10000 ,         0.010968603908559 ,         1.648375506133140 ,         0.790596403596608 ,         0.891027683134352 ,         1.194249596653385 ,         0.701733573493672 , 
  20.11000 ,         0.016436547021669 ,         1.678582364587904 ,         0.801452881337819 ,         0.924384555937382 ,         1.154239393193529 ,         0.731939984558679 , 
  20.12000 ,         0.002736702094391 ,         1.725490670513537 ,         0.813313653676831 ,         0.967766278129024 ,         1.134448540065526 ,         0.757724392384513 , 
  20.13000 ,         0.013669918707022 ,         1.685500976575818 ,         0.839674756578829 ,         1.001321545289365 ,         1.093550778065804 ,         0.788882464883050 , 
  20.14000 ,         0.024581424929378 ,         1.777373585865842 ,         0.856594377052900 ,         1.037370272887699 ,         1.059860569654682 ,         0.811741811773775 , 
  20.15000 ,         0.008185677515809 ,         1.729906515007606 ,         0.900253991790729 ,         1.058680958711279 ,         1.026833557126335 ,         0.834171699345397 , 
  20.16000 ,         0.010903411757626 ,         1.709450524625305 ,         0.918101343153854 ,         1.055927282402595 ,         0.994851139979018 ,         0.841479320685224 , 
  20.17000 ,         0.008169452193042 ,         1.754389858455690 ,         0.931828140768811 ,         1.090281473929681 ,         0.967612043343540 ,         0.864047217104669 , 
  20.18000 ,         0.016322715232703 ,         1.699602723605235 ,         0.954028699694775 ,         1.076959148791072 ,         0.931329923824297 ,         0.891415784231827 , 
  20.19000 ,         0.008153275064285 ,         1.736987308487121 ,         0.980431326480312 ,         1.097464795632241 ,         0.894100033742332 ,         0.894949333228195 , 
  20.20000 ,         0.010860272684050 ,         1.663997405309264 ,         1.015265804197973 ,         1.115044559482681 ,         0.871409614074485 ,         0.916929428879116 , 
  20.21000 ,         0.021699055836964 ,         1.581996789613653 ,         1.050030873860583 ,         1.100888035978468 ,         0.854400323580455 ,         0.922803206629010 , 
  20.22000 ,         0.024387297954210 ,         1.577383980177155 ,         1.069484629033577 ,         1.102678451249029 ,         0.830268945975790 ,         0.933364554514854 , 
  20.23000 ,         0.013535107711723 ,         1.531497437581431 ,         1.113770175828387 ,         1.084162127708993 ,         0.803308642690746 ,         0.939759447309551 , 
  20.24000 ,         0.010817389122909 ,         1.448854055649644 ,         1.152389984999915 ,         1.062132394505642 ,         0.781767641261493 ,         0.942169239349630 , 
  20.25000 ,         0.010806707920003 ,         1.416691866387844 ,         1.206467626381543 ,         1.051965474087756 ,         0.772257479252063 ,         0.952298921747419 , 
  20.26000 ,         0.010796042529386 ,         1.317791941243165 ,         1.196673839116617 ,         1.030853373391831 ,         0.757072482373185 ,         0.949123957681089 , 
  20.27000 ,         0.021570785839727 ,         1.298291672728545 ,         1.237792359318687 ,         1.036408850893114 ,         0.753418678069982 ,         0.958636056635037 , 
  20.28000 ,         0.018855828355553 ,         1.276808948647460 ,         1.271253213506985 ,         0.985385387187973 ,         0.746825487368161 ,         0.952640220981231 , 
  20.29000 ,         0.032292422759107 ,         1.186746536397175 ,         1.293210617681106 ,         0.979705013394777 ,         0.738689170614568 ,         0.950608194971207 , 
  20.30000 ,         0.034949000017932 ,         1.123072673653174 ,         1.336127154531723 ,         0.959081212030568 ,         0.730106453499619 ,         0.959249236069115 , 
  20.31000 ,         0.029543117096593 ,         1.056166436203187 ,         1.374929955330627 ,         0.947394050529369 ,         0.735220755017476 ,         0.948359237593604 , 
  20.32000 ,         0.024147856129917 ,         1.038022426695725 ,         1.410804955701313 ,         0.932207862681992 ,         0.730849958182010 ,         0.945791031755070 , 
  20.33000 ,         0.042887299713637 ,         0.980376866891427 ,         1.383953058337334 ,         0.904653978334536 ,         0.736287821255609 ,         0.931165365755174 , 
  20.34000 ,         0.034811675988370 ,         0.963680915101130 ,         1.438659455750141 ,         0.927028237017221 ,         0.741714639718553 ,         0.934559609226243 , 
  20.35000 ,         0.040127851668247 ,         0.914580619272131 ,         1.444101061911041 ,         0.901204668716049 ,         0.743702850918179 ,         0.931760355767599 , 
  20.36000 ,         0.040088443027499 ,         0.878939113377921 ,         1.460722642814503 ,         0.886455696445577 ,         0.763392528110118 ,         0.941827858377310 , 
  20.37000 ,         0.058738668870549 ,         0.856383092737658 ,         1.441767326822558 ,         0.895764700275867 ,         0.757553613650776 ,         0.935730357078414 , 
  20.38000 ,         0.085354239375156 ,         0.838872133858954 ,         1.474694534204353 ,         0.867712531147825 ,         0.779357556794636 ,         0.927810584457871 , 
  20.39000 ,         0.087935242560044 ,         0.810403201320404 ,         1.454595470680725 ,         0.852205750340425 ,         0.785463234325392 ,         0.933978864160466 , 
  20.40000 ,         0.098497422690387 ,         0.798960513106821 ,         1.474133724724372 ,         0.864181779482888 ,         0.795341731107639 ,         0.921791125102054 , 
  20.41000 ,         0.085103504907889 ,         0.785545242567740 ,         1.462384055038293 ,         0.910374797618178 ,         0.815339780174652 ,         0.933811505024452 , 
  20.42000 ,         0.103618334904345 ,         0.799056774935430 ,         1.470417236503166 ,         0.890719148120043 ,         0.830358146937784 ,         0.938376939975086 , 
  20.43000 ,         0.138022563069094 ,         0.782349047396453 ,         1.443430674596383 ,         0.893331132364271 ,         0.839084283658028 ,         0.935716667056763 , 
  20.44000 ,         0.116674076264542 ,         0.824010663618331 ,         1.428760243574746 ,         0.887319608409603 ,         0.851024689798900 ,         0.938240219108865 , 
  20.45000 ,         0.137752724306015 ,         0.881816117372400 ,         1.436303946339762 ,         0.931155434491622 ,         0.875193390242303 ,         0.941379269498709 , 
  20.46000 ,         0.177315630870664 ,         0.861436385797029 ,         1.400991971524739 ,         0.946951480162825 ,         0.886950318690499 ,         0.951417452209008 , 
  20.47000 ,         0.208869430976678 ,         0.916778166976747 ,         1.384420959432442 ,         0.984528536201777 ,         0.907152657202703 ,         0.956106430087862 , 
  20.48000 ,         0.227154855422581 ,         0.930080272856702 ,         1.389342487817182 ,         0.995288243708388 ,         0.930410439797723 ,         0.961693757459481 , 
  20.49000 ,         0.245404492790549 ,         0.979309057923576 ,         1.347745641857775 ,         1.014437523625449 ,         0.930285882196432 ,         0.964837119588650 , 
  20.50000 ,         0.268890790125030 ,         1.044917518978517 ,         1.329625414405019 ,         1.054144163737709 ,         0.972587214526992 ,         0.981649097772627 , 
  20.51000 ,         0.289697563162415 ,         1.116323223504262 ,         1.303309832454549 ,         1.102332148010623 ,         0.978593430335995 ,         0.992131853387193 , 
  20.52000 ,         0.352560426723922 ,         1.148123553818295 ,         1.329008101111353 ,         1.127404051128363 ,         0.994536129116736 ,         1.002511493247384 , 
  20.53000 ,         0.370616449827796 ,         1.239659454964781 ,         1.254116124993525 ,         1.181668494508570 ,         1.006052809727580 ,         1.003424324267809 , 
  20.54000 ,         0.372881591499981 ,         1.312306868676871 ,         1.271440884397164 ,         1.225651287553636 ,         1.018490288930902 ,         1.006919799405925 , 
  20.55000 ,         0.456466671648752 ,         1.348413041537117 ,         1.286599846418016 ,         1.269220009063573 ,         1.033403489487849 ,         1.010203046226966 , 
  20.56000 ,         0.385260595686873 ,         1.422777863153138 ,         1.279779351233648 ,         1.311229195779515 ,         1.051604177002435 ,         1.016755456027782 , 
  20.57000 ,         0.450342921857653 ,         1.502234019859468 ,         1.245479643262572 ,         1.357738089626798 ,         1.062855115358088 ,         1.025176533324031 , 
  20.58000 ,         0.470831208649352 ,         1.549165462903216 ,         1.230863947889227 ,         1.425408787574202 ,         1.055037918409234 ,         1.025161389457613 , 
  20.59000 ,         0.509571811698270 ,         1.586532236806731 ,         1.226402158346895 ,         1.461099175465618 ,         1.066426007847390 ,         1.030780479673304 , 
  20.60000 ,         0.603060685296643 ,         1.676691450786879 ,         1.225211765663553 ,         1.491987799337799 ,         1.063188156221030 ,         1.035531558234617 , 
  20.61000 ,         0.584218778718331 ,         1.724293036072128 ,         1.237715732926420 ,         1.534715346437804 ,         1.064235031126480 ,         1.032733837212608 , 
  20.62000 ,         0.638369663294323 ,         1.761704851407650 ,         1.223976119724524 ,         1.553420463817487 ,         1.065279375622402 ,         1.041177663844963 , 
  20.63000 ,         0.629941743041021 ,         1.843295441284805 ,         1.225555565683887 ,         1.574366282904948 ,         1.060586317893702 ,         1.048343777562133 , 
  20.64000 ,         0.702146695080723 ,         1.849311364960294 ,         1.194787119337592 ,         1.595758391736700 ,         1.054601581257239 ,         1.037210447837416 , 
  20.65000 ,         0.730045092157555 ,         1.835504831349866 ,         1.186160898178589 ,         1.611749907641434 ,         1.052768539813947 ,         1.044568522653369 , 
  20.66000 ,         0.731934050800680 ,         1.879149832552101 ,         1.185499566323442 ,         1.646364956023073 ,         1.036338803976096 ,         1.039948186207992 , 
  20.67000 ,         0.692331012384307 ,         1.859181033256736 ,         1.170253333433306 ,         1.639748404331560 ,         1.022533362040915 ,         1.035741456027179 , 
  20.68000 ,         0.787509846391846 ,         1.873250189710867 ,         1.180940957973299 ,         1.628610514978532 ,         1.014177976521078 ,         1.051416312185166 , 
  20.69000 ,         0.822980635414439 ,         1.823885543422409 ,         1.155537275825620 ,         1.594524981115476 ,         0.990916886341924 ,         1.048984898942904 , 
  20.70000 ,         0.840284103977731 ,         1.832142532865292 ,         1.166702159753696 ,         1.582319605028835 ,         0.978607794940219 ,         1.045466938790370 , 
  20.71000 ,         0.803310916994664 ,         1.789691484285137 ,         1.183979554911347 ,         1.603070218198756 ,         0.965474465250520 ,         1.043408216291350 , 
  20.72000 ,         0.784472202814698 ,         1.811188905758442 ,         1.156225580176516 ,         1.555719339710235 ,         0.940431211885795 ,         1.042925472759302 , 
  20.73000 ,         0.801761619570393 ,         1.723400780330572 ,         1.129652474840841 ,         1.512164951701797 ,         0.924579705285331 ,         1.046229629476579 , 
  20.74000 ,         0.726298391019508 ,         1.682462496218061 ,         1.116329641338716 ,         1.493000349447237 ,         0.908919296296908 ,         1.037937062343480 , 
  20.75000 ,         0.818228110491135 ,         1.616836757641092 ,         1.145326376359644 ,         1.438653434837598 ,         0.888263162008213 ,         1.036293621070141 , 
  20.76000 ,         0.748034741369147 ,         1.638735902483957 ,         1.094579186629725 ,         1.385856460277119 ,         0.872948188837900 ,         1.041440765085944 , 
  20.77000 ,         0.726769880116476 ,         1.534755652313107 ,         1.115996240382036 ,         1.309887144794736 ,         0.868135289107772 ,         1.049948138423571 , 
  20.78000 ,         0.749161141797229 ,         1.493191042897217 ,         1.082050382030759 ,         1.260200644988105 ,         0.847095681042233 ,         1.034185527401805 , 
  20.79000 ,         0.620282980748516 ,         1.431200451964680 ,         1.073160043397291 ,         1.196031181370977 ,         0.824534220535282 ,         1.032870485117783 , 
  20.80000 ,         0.727235629279178 ,         1.381811712851325 ,         1.065086512511648 ,         1.166553807617941 ,         0.815779447918857 ,         1.037199010662639 , 
  20.81000 ,         0.608858361394858 ,         1.357140171092321 ,         1.044716526616073 ,         1.116506811349868 ,         0.803403637452420 ,         1.028887488334011 , 
  20.82000 ,         0.646610196428496 ,         1.304082421848380 ,         1.064638576876464 ,         1.067833291285696 ,         0.796282566501001 ,         1.026182202175338 , 
  20.83000 ,         0.610243045778849 ,         1.234529341565160 ,         1.017337713608828 ,         1.011114000537339 ,         0.789813126129960 ,         1.024598712192233 , 
  20.84000 ,         0.543334962768011 ,         1.194125255613969 ,         1.023057645564064 ,         0.956097350856738 ,         0.768289667130002 ,         1.018394339325518 , 
  20.85000 ,         0.547910747306749 ,         1.129269534420015 ,         0.984328028591776 ,         0.915998461558464 ,         0.782007206857358 ,         1.026934460250077 , 
  20.86000 ,         0.471006172072514 ,         1.132960792282534 ,         0.966676518696123 ,         0.848447604557650 ,         0.777597774113297 ,         1.018232599693249 , 
  20.87000 ,         0.498533849226469 ,         1.070830359818078 ,         0.965432419117457 ,         0.826332572793107 ,         0.773554116816325 ,         1.014355822210392 , 
  20.88000 ,         0.490433127872365 ,         0.968796010369633 ,         0.946243709800373 ,         0.797747927883060 ,         0.777339684058060 ,         1.009771317037726 , 
  20.89000 ,         0.482347685520154 ,         0.961522031003992 ,         0.979927403214630 ,         0.755730929648847 ,         0.788138664769733 ,         1.015865479125917 , 
  20.90000 ,         0.382972732118107 ,         0.917803029372449 ,         0.965516105683521 ,         0.726950724128161 ,         0.782114015012723 ,         1.008711498689392 , 
  20.91000 ,         0.400343239708597 ,         0.868149382944038 ,         0.941946831402980 ,         0.692207397455015 ,         0.804645569999755 ,         1.015506734426969 , 
  20.92000 ,         0.369583839904674 ,         0.819539508007795 ,         0.956551325369716 ,         0.679363445441211 ,         0.801345098080981 ,         1.013705504378947 , 
  20.93000 ,         0.343940984212367 ,         0.786512103603281 ,         0.967017895869147 ,         0.658640662322121 ,         0.809668056814270 ,         1.013132225898540 , 
  20.94000 ,         0.290554739283618 ,         0.734598177797495 ,         0.943355441565399 ,         0.622166126509487 ,         0.831712941199357 ,         1.024797619166229 , 
  20.95000 ,         0.295325729328575 ,         0.744309183211655 ,         0.937091256523364 ,         0.612264506156090 ,         0.853399857266522 ,         1.014472276948400 , 
  20.96000 ,         0.206782972394481 ,         0.707979506094518 ,         0.934778818042427 ,         0.597968443037088 ,         0.878039587812234 ,         1.017956953470161 , 
  20.97000 ,         0.244375887161524 ,         0.685890054430155 ,         0.940185839073107 ,         0.588895501278416 ,         0.895546300406682 ,         1.020568500410709 , 
  20.98000 ,         0.221490540260525 ,         0.680831717505365 ,         0.924974699383444 ,         0.569457212885726 ,         0.910344997505441 ,         1.034186210445852 , 
  20.99000 ,         0.140814256970697 ,         0.629263710837804 ,         0.903505762638994 ,         0.569071902333588 ,         0.947745956095748 ,         1.023339323956133 , 
  21.00000 ,         0.193435247620641 ,         0.634630901690447 ,         0.918032380550233 ,         0.578421633307176 ,         0.979933229880134 ,         1.038144364665323 , 
  21.01000 ,         0.193251155083869 ,         0.612380283642389 ,         0.908531404420265 ,         0.556695088792735 ,         1.002725656553271 ,         1.044685627320263 , 
  21.02000 ,         0.130383128722497 ,         0.599260918551477 ,         0.892309537194590 ,         0.564471189493311 ,         1.028060000242502 ,         1.045846640999718 , 
  21.03000 ,         0.147794047985673 ,         0.583348117367181 ,         0.868916277881872 ,         0.574110989368076 ,         1.060625824236170 ,         1.065440090100110 , 
  21.04000 ,         0.097601527401519 ,         0.571532021033894 ,         0.864649428646789 ,         0.559644655517042 ,         1.102787770744244 ,         1.069080832995803 , 
  21.05000 ,         0.110009946693535 ,         0.559425581197239 ,         0.847264106494812 ,         0.581146295104059 ,         1.131664820958213 ,         1.076855177772478 , 
  21.06000 ,         0.104909794132764 ,         0.555147660619211 ,         0.849581993557296 ,         0.598547843311039 ,         1.159471787238155 ,         1.088243969421081 , 
  21.07000 ,         0.077359935812359 ,         0.532161493935019 ,         0.823041091293990 ,         0.605934174659305 ,         1.204576863433069 ,         1.089472765389680 , 
  21.08000 ,         0.082272786163704 ,         0.576532781828983 ,         0.828649009126090 ,         0.630913846925825 ,         1.235533124410125 ,         1.104761465720943 , 
  21.09000 ,         0.079704032971690 ,         0.539247598074093 ,         0.808248709353548 ,         0.633429121409782 ,         1.264990179546790 ,         1.101807069073012 , 
  21.10000 ,         0.079628502029256 ,         0.576373493203949 ,         0.801572850505438 ,         0.664244789388577 ,         1.308543572165333 ,         1.132178882123974 , 
  21.11000 ,         0.052206707700319 ,         0.566815683603467 ,         0.792267864773596 ,         0.669209196622843 ,         1.331154513528455 ,         1.142992837858554 , 
  21.12000 ,         0.059608321411639 ,         0.567831353447333 ,         0.774132028332928 ,         0.681459716138270 ,         1.352169754521968 ,         1.149905059731952 , 
  21.13000 ,         0.039701276135818 ,         0.556748364560883 ,         0.794490772046074 ,         0.710900975806989 ,         1.384155526684408 ,         1.158509601771849 , 
  21.14000 ,         0.034705759097887 ,         0.581631337738703 ,         0.772977822050716 ,         0.723862975470224 ,         1.396441994416337 ,         1.164773305616711 , 
  21.15000 ,         0.034672948172327 ,         0.599037095655826 ,         0.741289057130684 ,         0.758470741269650 ,         1.433432306026040 ,         1.185497508101823 , 
  21.16000 ,         0.027217287235362 ,         0.608986801891235 ,         0.751413628844467 ,         0.756980801233519 ,         1.428559631582214 ,         1.207419172794894 , 
  21.17000 ,         0.019775694717341 ,         0.602231703189023 ,         0.729692235546885 ,         0.760282763312771 ,         1.466182366152855 ,         1.216861839980129 , 
  21.18000 ,         0.041983678535948 ,         0.585919278391392 ,         0.715574756222996 ,         0.763732505131878 ,         1.467152060308162 ,         1.240486501741839 , 
  21.19000 ,         0.019738382094801 ,         0.604796363873516 ,         0.731091168058220 ,         0.809273665886846 ,         1.482576094179233 ,         1.258900131456506 , 
  21.20000 ,         0.027114677386136 ,         0.606074663846918 ,         0.708833128713693 ,         0.798650497555267 ,         1.485568496392950 ,         1.289641843178075 , 
  21.21000 ,         0.014775881230844 ,         0.591343080092744 ,         0.722325110586998 ,         0.824678871196492 ,         1.489862878586085 ,         1.321440919868885 , 
  21.22000 ,         0.017222284496690 ,         0.572640959514948 ,         0.716108740188269 ,         0.842046695570316 ,         1.485729578634111 ,         1.322233203713523 , 
  21.23000 ,         0.014748054719207 ,         0.598525220687821 ,         0.728185201760849 ,         0.828195447825472 ,         1.500921818819304 ,         1.358242070689475 , 
  21.24000 ,         0.004911390310457 ,         0.608398474707836 ,         0.711230709333025 ,         0.852740142653062 ,         1.484467721335568 ,         1.374652103612698 , 
  21.25000 ,         0.017173691196156 ,         0.609052691349403 ,         0.729728539308109 ,         0.865278030534915 ,         1.465935546946911 ,         1.401419202564922 , 
  21.26000 ,         0.009804308071282 ,         0.622879947153639 ,         0.734863528405313 ,         0.858642917805249 ,         1.456820604388666 ,         1.417526775946730 , 
  21.27000 ,         0.024487728327796 ,         0.617090753860470 ,         0.752538501173594 ,         0.834113246165566 ,         1.437735749445748 ,         1.442862867564380 , 
  21.28000 ,         0.022018247058209 ,         0.618651580538288 ,         0.747397164031426 ,         0.863910388047782 ,         1.424878748428366 ,         1.450375572712786 , 
  21.29000 ,         0.017109219396157 ,         0.621736811985347 ,         0.792065201509588 ,         0.881735842451946 ,         1.398144022529702 ,         1.479718336436379 , 
  21.30000 ,         0.007325639216931 ,         0.618406043895937 ,         0.777280844413131 ,         0.855573613544083 ,         1.363484599251308 ,         1.485082579378181 , 
  21.31000 ,         0.014637531047178 ,         0.582756704815787 ,         0.771519865611691 ,         0.866663817418350 ,         1.346462263488230 ,         1.503053350836689 , 
  21.32000 ,         0.009749202000206 ,         0.599880585575201 ,         0.785572417422883 ,         0.868745296987144 ,         1.323834999731154 ,         1.496083596008239 , 
  21.33000 ,         0.021915141385495 ,         0.597491979718434 ,         0.775856880439271 ,         0.811925550636232 ,         1.286220954302177 ,         1.505486509518512 , 
  21.34000 ,         0.014596404781066 ,         0.597844412491147 ,         0.793831555853581 ,         0.829410292507428 ,         1.257533487947903 ,         1.495067168877276 , 
  21.35000 ,         0.004860911512142 ,         0.572979944493750 ,         0.812835546921012 ,         0.830912061606790 ,         1.213329084476094 ,         1.495565759149845 , 
  21.36000 ,         0.009712722324716 ,         0.613419119320328 ,         0.823760262164953 ,         0.817689810712006 ,         1.182068659175169 ,         1.459526230896443 , 
  21.37000 ,         0.019407268796115 ,         0.605264195578849 ,         0.815105289436847 ,         0.799033644965064 ,         1.148099149542069 ,         1.486816637749271 , 
  21.38000 ,         0.024236398051047 ,         0.601668581617239 ,         0.834338002907289 ,         0.803285117904385 ,         1.110935895664862 ,         1.451835982001618 , 
  21.39000 ,         0.016949619343936 ,         0.607159578641705 ,         0.833406729705850 ,         0.782255199900043 ,         1.066047821995721 ,         1.408180428529677 , 
  21.40000 ,         0.007257335262684 ,         0.598427770202138 ,         0.830662498608020 ,         0.757333173557986 ,         1.031562170072419 ,         1.400665705697980 , 
  21.41000 ,         0.019334819887079 ,         0.592430965602536 ,         0.829433562499624 ,         0.752547442792411 ,         1.004504314445912 ,         1.373300898463911 , 
  21.42000 ,         0.019316771048356 ,         0.584030499665134 ,         0.841185014246371 ,         0.749732176314312 ,         0.972440964397211 ,         1.346590219253745 , 
  21.43000 ,         0.033772808073246 ,         0.579263967042006 ,         0.829996912692932 ,         0.746318749832882 ,         0.929355307872703 ,         1.316536428998126 , 
  21.44000 ,         0.009640374553086 ,         0.579928781709091 ,         0.869140018301677 ,         0.724685030857776 ,         0.920919373811417 ,         1.285257748034499 , 
  21.45000 ,         0.033709857840028 ,         0.561630310084750 ,         0.853130286138920 ,         0.718140364342023 ,         0.882664034358141 ,         1.243953950471743 , 
  21.46000 ,         0.036084052182699 ,         0.550582496221019 ,         0.872031261081898 ,         0.700632013214077 ,         0.853914059881835 ,         1.199118159096324 , 
  21.47000 ,         0.052873988271336 ,         0.529040303101261 ,         0.883235940441629 ,         0.674744191235339 ,         0.838435750095249 ,         1.173104062221770 , 
  21.48000 ,         0.043220265406671 ,         0.533950362211579 ,         0.903723744024207 ,         0.674866435881246 ,         0.825762188889605 ,         1.134682037291105 , 
  21.49000 ,         0.038382267697217 ,         0.536152301895505 ,         0.913977749539988 ,         0.663443494375729 ,         0.803666212593786 ,         1.085798369778312 , 
  21.50000 ,         0.055123196626342 ,         0.535054506383946 ,         0.910731074696078 ,         0.663425646353442 ,         0.778540256699484 ,         1.039738827670091 , 
  21.51000 ,         0.052677522162249 ,         0.531264783170407 ,         0.959718606893471 ,         0.655176681892970 ,         0.771269260919574 ,         1.000760682044030 , 
  21.52000 ,         0.076550657065990 ,         0.531369209399473 ,         0.934904802018825 ,         0.638869057896440 ,         0.765207544655740 ,         0.976394660096583 , 
  21.53000 ,         0.081259535573029 ,         0.509067090501625 ,         0.983180630775145 ,         0.650823155315604 ,         0.754152721000609 ,         0.938405730429528 , 
  21.54000 ,         0.093122941899611 ,         0.504714406257189 ,         0.993012909294895 ,         0.638280164270253 ,         0.739349895682933 ,         0.904255105296828 , 
  21.55000 ,         0.119277611473441 ,         0.507824430848174 ,         1.005062973678081 ,         0.643353616884871 ,         0.731619049375218 ,         0.872739373449732 , 
  21.56000 ,         0.121550329800773 ,         0.481732557078065 ,         1.006514189293904 ,         0.660780959554204 ,         0.729786094701518 ,         0.842361660567860 , 
  21.57000 ,         0.159535739945015 ,         0.504204372139657 ,         1.032220048748719 ,         0.651834459849970 ,         0.741684929058741 ,         0.816690538137368 , 
  21.58000 ,         0.185556084834428 ,         0.511171329856382 ,         1.018179542424811 ,         0.655393607331859 ,         0.746350285935594 ,         0.789616969178237 , 
  21.59000 ,         0.185384233876739 ,         0.503567750674796 ,         1.026891994222673 ,         0.671572212625590 ,         0.748852779672364 ,         0.767012413159088 , 
  21.60000 ,         0.225579474959476 ,         0.485589501360134 ,         1.033064950784809 ,         0.659671556707151 ,         0.744709082464901 ,         0.745636629648122 , 
  21.61000 ,         0.211136807930360 ,         0.486919436266365 ,         1.032998694417711 ,         0.661878308006410 ,         0.761404700087347 ,         0.725226763897033 , 
  21.62000 ,         0.267824647984377 ,         0.498023488121392 ,         1.048486094266273 ,         0.683634264628264 ,         0.754330787443830 ,         0.706002362994216 , 
  21.63000 ,         0.345719037661580 ,         0.500819016886467 ,         1.051512740832846 ,         0.706385687824795 ,         0.774981909552596 ,         0.690439101220328 , 
  21.64000 ,         0.395080356347058 ,         0.498581946707440 ,         1.037825232485030 ,         0.717266021197447 ,         0.774265825603057 ,         0.685143563332028 , 
  21.65000 ,         0.423078258623837 ,         0.495757903610892 ,         1.056957032281268 ,         0.750875275343911 ,         0.779053410061962 ,         0.674207113253907 , 
  21.66000 ,         0.446301532531081 ,         0.487920921477432 ,         1.019232269728719 ,         0.736899322727410 ,         0.791137356194729 ,         0.667570571104898 , 
  21.67000 ,         0.568568373509626 ,         0.490124811604252 ,         0.974941412252501 ,         0.753176154535054 ,         0.806737477584165 ,         0.657149143837921 , 
  21.68000 ,         0.570401013898546 ,         0.497333115423938 ,         0.990688744438977 ,         0.785627222913467 ,         0.826506944338272 ,         0.658605457873689 , 
  21.69000 ,         0.600488306927962 ,         0.476564004370769 ,         0.974910427718337 ,         0.798590576811549 ,         0.824641172479747 ,         0.655238711383158 , 
  21.70000 ,         0.802266004918863 ,         0.472595846739228 ,         0.993421761222844 ,         0.787855801751332 ,         0.831343736310488 ,         0.661545959701240 , 
  21.71000 ,         0.836784890387461 ,         0.484206987134317 ,         0.938444852492117 ,         0.814748771434139 ,         0.835976899359172 ,         0.657043613458202 , 
  21.72000 ,         0.972219164928760 ,         0.471432360771615 ,         0.924224649993418 ,         0.829703342292011 ,         0.847829711082576 ,         0.666125706526144 , 
  21.73000 ,         0.990094109971103 ,         0.471291834929965 ,         0.912669689049193 ,         0.837004914057325 ,         0.846536329511727 ,         0.677500342356930 , 
  21.74000 ,         1.068880715671040 ,         0.459138180223827 ,         0.908753711527887 ,         0.855280375286120 ,         0.852350329464653 ,         0.679001493552132 , 
  21.75000 ,         1.309111879639340 ,         0.462521639049677 ,         0.862544309784731 ,         0.894306080567573 ,         0.858482608682317 ,         0.706406664703641 , 
  21.76000 ,         1.417876226393574 ,         0.458587030318714 ,         0.875643857636626 ,         0.918636391729005 ,         0.858278675924143 ,         0.715006787226834 , 
  21.77000 ,         1.489038932123687 ,         0.438296388968903 ,         0.832324842651947 ,         0.939269161560359 ,         0.854604909091199 ,         0.735169143097173 , 
  21.78000 ,         1.795949280603980 ,         0.446068026782003 ,         0.821051260029046 ,         0.937822994788733 ,         0.856849094966313 ,         0.744967176599688 , 
  21.79000 ,         1.903965948187937 ,         0.443908727503376 ,         0.801485665689407 ,         0.983336580011586 ,         0.878265542506269 ,         0.774361150802539 , 
  21.80000 ,         2.016446012624854 ,         0.441170413744802 ,         0.777584708770148 ,         1.011428339569490 ,         0.855569009944819 ,         0.796743859829409 , 
  21.81000 ,         2.175299318203536 ,         0.428829750497030 ,         0.770467029660821 ,         1.051113247908708 ,         0.855403268430345 ,         0.825417209841619 , 
  21.82000 ,         2.424608956548265 ,         0.410694319415325 ,         0.748673638934169 ,         1.044187398513468 ,         0.848184116292503 ,         0.855310186282359 , 
  21.83000 ,         2.603718506375524 ,         0.419907727869713 ,         0.738688888750735 ,         1.105417990876394 ,         0.825757991147249 ,         0.885329675723921 , 
  21.84000 ,         2.619915656784873 ,         0.451459313641454 ,         0.727125306118984 ,         1.129809594235188 ,         0.831788381725251 ,         0.916600312270273 , 
  21.85000 ,         2.886695508100935 ,         0.443794626948797 ,         0.730810825227121 ,         1.191138977493618 ,         0.814566183744418 ,         0.949771262493770 , 
  21.86000 ,         2.981426669821352 ,         0.457588716139961 ,         0.733330111584655 ,         1.195990266947193 ,         0.800273109322673 ,         0.975455109896838 , 
  21.87000 ,         3.157052241440995 ,         0.479464280248192 ,         0.696757723681929 ,         1.243103796645902 ,         0.783001940154713 ,         1.019404467221530 , 
  21.88000 ,         3.376324150819455 ,         0.494935796954428 ,         0.702484852661502 ,         1.254116977028594 ,         0.775958664716688 ,         1.038359970860631 , 
  21.89000 ,         3.565137868882661 ,         0.514424887046947 ,         0.701120660660614 ,         1.333025163766316 ,         0.748697737643818 ,         1.075884970929226 , 
  21.90000 ,         3.679688240159387 ,         0.533878182364619 ,         0.705966552667114 ,         1.388400886911991 ,         0.739388077604218 ,         1.092876646971381 , 
  21.91000 ,         3.824029483220601 ,         0.600317241594906 ,         0.711957209157245 ,         1.412086928210987 ,         0.740155676416208 ,         1.133888494831320 , 
  21.92000 ,         4.053416675693935 ,         0.613892030661837 ,         0.691421118102229 ,         1.462244703081142 ,         0.716855846602655 ,         1.168484396859509 , 
  21.93000 ,         4.268562401589493 ,         0.667754736190369 ,         0.704036364806146 ,         1.497049104550983 ,         0.694642014539561 ,         1.195638035078250 , 
  21.94000 ,         4.306099093740450 ,         0.701956292672815 ,         0.685845820381964 ,         1.549626053476278 ,         0.678617684376470 ,         1.217131797223571 , 
  21.95000 ,         3.943470115323127 ,         0.762538353932380 ,         0.682921646793568 ,         1.583423969775154 ,         0.651161191418699 ,         1.237112850591483 , 
  21.96000 ,         4.250015711969615 ,         0.794006313756485 ,         0.704124224712804 ,         1.625487428216487 ,         0.646296730523758 ,         1.245821750974066 , 
  21.97000 ,         4.367794058678376 ,         0.872755486501551 ,         0.709938675656834 ,         1.652841669209546 ,         0.632367582736763 ,         1.272230476809769 , 
  21.98000 ,         4.157439200433669 ,         0.961106842185197 ,         0.726347968415535 ,         1.712535886858174 ,         0.620899957807459 ,         1.299414730789157 , 
  21.99000 ,         4.309449696290023 ,         1.020659138595005 ,         0.711082110306229 ,         1.721574750747440 ,         0.614070807500657 ,         1.299665077364978 , 
  22.00000 ,         4.145305737008379 ,         1.086969664197600 ,         0.716158217816950 ,         1.753199951927032 ,         0.602890485304651 ,         1.301845741537005 , 
  22.01000 ,         4.274178890449801 ,         1.167738146568181 ,         0.735231949320284 ,         1.775619460809854 ,         0.590622516053411 ,         1.315098982444777 , 
  22.02000 ,         4.062380568305003 ,         1.272635532365516 ,         0.748558736609070 ,         1.784859910125289 ,         0.587051691377315 ,         1.329827019204877 , 
  22.03000 ,         4.051845172302235 ,         1.361648250861004 ,         0.728904119200427 ,         1.840022788281054 ,         0.588266570658281 ,         1.335254188999176 , 
  22.04000 ,         3.895365062954685 ,         1.425411688727563 ,         0.767441653210920 ,         1.806994397799932 ,         0.590512427347611 ,         1.326024858731034 , 
  22.05000 ,         3.828032117956124 ,         1.532067318637351 ,         0.798218750786610 ,         1.848079345041541 ,         0.587093095471507 ,         1.325926080142503 , 
  22.06000 ,         3.808626664192020 ,         1.591291116718603 ,         0.790096528177611 ,         1.847827050502905 ,         0.582719310490078 ,         1.337494127318852 , 
  22.07000 ,         3.489025729484313 ,         1.676278984765279 ,         0.832453335717900 ,         1.880838470779292 ,         0.587984137613245 ,         1.342963588774066 , 
  22.08000 ,         3.308618667204272 ,         1.746625702664755 ,         0.850730847207829 ,         1.869051410560106 ,         0.600624499639718 ,         1.318029206143649 , 
  22.09000 ,         3.219350617083430 ,         1.828196110300727 ,         0.862447683825506 ,         1.870765097656379 ,         0.610049062962621 ,         1.326236801065333 , 
  22.10000 ,         3.016828154412629 ,         1.927480995648220 ,         0.866487484951597 ,         1.878996257452302 ,         0.620200609422775 ,         1.323087545023236 , 
  22.11000 ,         2.909852782852648 ,         1.972479062208235 ,         0.887091509881529 ,         1.898259686321612 ,         0.635220125968575 ,         1.320687052692455 , 
  22.12000 ,         2.882316296666080 ,         2.125227128011154 ,         0.910912706286310 ,         1.869939490580596 ,         0.653962302924594 ,         1.320837575314563 , 
  22.13000 ,         2.517768613648001 ,         2.143948969977442 ,         0.958301643267416 ,         1.847042293839706 ,         0.659910433748992 ,         1.302289235192708 , 
  22.14000 ,         2.345986989793886 ,         2.185802184493653 ,         0.963651447758544 ,         1.866421368987634 ,         0.693180675317079 ,         1.316721924696755 , 
  22.15000 ,         2.188062861525402 ,         2.195966081355473 ,         0.989878283716407 ,         1.856692144364563 ,         0.701551888844348 ,         1.304772198820803 , 
  22.16000 ,         2.041702901596816 ,         2.257435321447861 ,         0.996035172436458 ,         1.833725568733881 ,         0.726757401972057 ,         1.291609737869629 , 
  22.17000 ,         1.924907937521116 ,         2.285828175806325 ,         1.003730170875143 ,         1.817702511551153 ,         0.746951340143540 ,         1.290550469528026 , 
  22.18000 ,         1.848857981208915 ,         2.266877789688702 ,         1.049834933148394 ,         1.816908319079315 ,         0.772562534931161 ,         1.291638983979462 , 
  22.19000 ,         1.617699178060922 ,         2.273272332452440 ,         1.066888357436389 ,         1.764225824752462 ,         0.804033334088824 ,         1.304220745107835 , 
  22.20000 ,         1.476872145520213 ,         2.343719666245071 ,         1.083910635719981 ,         1.777388652299868 ,         0.815918472708204 ,         1.293632943104427 , 
  22.21000 ,         1.477788407592443 ,         2.306798507824299 ,         1.097392645379723 ,         1.727782818109364 ,         0.849503746461766 ,         1.310645878494732 , 
  22.22000 ,         1.350802516316379 ,         2.321551583793743 ,         1.138617694141682 ,         1.713185583401255 ,         0.872825701923179 ,         1.295161849959597 , 
  22.23000 ,         1.219560790810791 ,         2.289759012342596 ,         1.148802725627031 ,         1.658400909930667 ,         0.902585676034630 ,         1.297359633767787 , 
  22.24000 ,         1.144550114786069 ,         2.235624429199305 ,         1.157849070376171 ,         1.673428580253506 ,         0.925817292580439 ,         1.304907521401460 , 
  22.25000 ,         0.881697623366675 ,         2.230818066735162 ,         1.176948842105103 ,         1.607867366469431 ,         0.964391741357720 ,         1.302511031409898 , 
  22.26000 ,         0.918914238294144 ,         2.183539216481797 ,         1.177009523897746 ,         1.582667679884348 ,         0.991577772952440 ,         1.297113962433910 , 
  22.27000 ,         0.810867081622728 ,         2.192189207238305 ,         1.216579846635753 ,         1.532801255016517 ,         1.022030384128647 ,         1.303627991503482 , 
  22.28000 ,         0.761040002143023 ,         2.114619947303562 ,         1.239200765952826 ,         1.514966177286543 ,         1.054589980975500 ,         1.308944167908748 , 
  22.29000 ,         0.697923271364704 ,         2.112723001974624 ,         1.232514658935592 ,         1.496883757533604 ,         1.068242083831530 ,         1.309302942186781 , 
  22.30000 ,         0.601502611255729 ,         2.049564453167670 ,         1.265800981232832 ,         1.422303049531777 ,         1.106096468475813 ,         1.291385727718536 , 
  22.31000 ,         0.518609250955469 ,         2.031868755218771 ,         1.261884258427323 ,         1.395431705025298 ,         1.128302033848463 ,         1.296453571426903 , 
  22.32000 ,         0.478116309262789 ,         1.959998893379028 ,         1.290219098513510 ,         1.357905913226003 ,         1.175102867947549 ,         1.295396375408870 , 
  22.33000 ,         0.426586651429963 ,         1.913529966375292 ,         1.318363824438826 ,         1.311420682325708 ,         1.198559907276977 ,         1.290382961722961 , 
  22.34000 ,         0.384028313082175 ,         1.899885736758421 ,         1.306084732426156 ,         1.268070369064698 ,         1.210285761984233 ,         1.295609971718893 , 
  22.35000 ,         0.374813416990753 ,         1.879888890986904 ,         1.330144064143219 ,         1.236163481036810 ,         1.244064503510357 ,         1.289876572413998 , 
  22.36000 ,         0.292491878560482 ,         1.831674993295899 ,         1.351390033614198 ,         1.214976917902988 ,         1.238589543515944 ,         1.293501015982436 , 
  22.37000 ,         0.323224570190943 ,         1.762238067616374 ,         1.349628620566120 ,         1.164632366137486 ,         1.266089736040101 ,         1.290822780527100 , 
  22.38000 ,         0.247731559914471 ,         1.836144296196432 ,         1.337363342975778 ,         1.131242943515691 ,         1.291674012310749 ,         1.275603256819645 , 
  22.39000 ,         0.258559889583788 ,         1.707158245328859 ,         1.360478051495895 ,         1.103851836300019 ,         1.317626445863753 ,         1.283372785277866 , 
  22.40000 ,         0.185467034719752 ,         1.726885768216502 ,         1.370165318253288 ,         1.074163242751898 ,         1.326040999539270 ,         1.274533878475916 , 
  22.41000 ,         0.156623929149511 ,         1.760916217515456 ,         1.380937741515409 ,         1.049490623843380 ,         1.333854051546608 ,         1.270708136449358 , 
  22.42000 ,         0.167504259326388 ,         1.697082627385775 ,         1.391828154797555 ,         0.967832998377634 ,         1.341480451850355 ,         1.283074361427338 , 
  22.43000 ,         0.156344742170146 ,         1.638041480025599 ,         1.375586001752299 ,         0.963804779416844 ,         1.345686446086398 ,         1.269750520476910 , 
  22.44000 ,         0.140804893323486 ,         1.651157381863695 ,         1.389485788118974 ,         0.906431500769943 ,         1.361194179914572 ,         1.287560370954878 , 
  22.45000 ,         0.101113378122452 ,         1.664524034417977 ,         1.388797743804171 ,         0.860425390191465 ,         1.363553744850366 ,         1.265222358449353 , 
  22.46000 ,         0.118592639461357 ,         1.671552272407877 ,         1.379325733735158 ,         0.853894456121646 ,         1.360932893818698 ,         1.262380214266320 , 
  22.47000 ,         0.085574021382765 ,         1.593267596834883 ,         1.373847029186767 ,         0.794988144160080 ,         1.345288070928816 ,         1.282581786830628 , 
  22.48000 ,         0.067959873083227 ,         1.639805969879156 ,         1.368925588658310 ,         0.757560762655570 ,         1.350565461655987 ,         1.275172477454281 , 
  22.49000 ,         0.076660670352879 ,         1.651216081779339 ,         1.405354360433319 ,         0.716640373745220 ,         1.359323734708041 ,         1.265380190012213 , 
  22.50000 ,         0.067839109229757 ,         1.631694703852821 ,         1.363757576874810 ,         0.673877603175427 ,         1.339890793486518 ,         1.256904141218060 , 
  22.51000 ,         0.069965262428352 ,         1.622592824363762 ,         1.335625927684976 ,         0.657974098813501 ,         1.335933392217132 ,         1.237442253749877 , 
  22.52000 ,         0.045873935699060 ,         1.677948421849547 ,         1.311093465827600 ,         0.606327822736683 ,         1.309625772944371 ,         1.240780737003148 , 
  22.53000 ,         0.052380825373842 ,         1.684643732726425 ,         1.318523588707176 ,         0.576189079112261 ,         1.303927889970194 ,         1.227573288399861 , 
  22.54000 ,         0.037070169951665 ,         1.668157647824924 ,         1.308767801639113 ,         0.532338543497071 ,         1.294662056822947 ,         1.213162197885095 , 
  22.55000 ,         0.039215963692330 ,         1.695001097368499 ,         1.290041805628949 ,         0.497961038968236 ,         1.260323458143355 ,         1.191967854762974 , 
  22.56000 ,         0.032651004560712 ,         1.676084900783207 ,         1.269035710593000 ,         0.485139509431243 ,         1.244989606192559 ,         1.174109717125347 , 
  22.57000 ,         0.041321298635016 ,         1.705590971290049 ,         1.248745955789105 ,         0.473291979760277 ,         1.238755444441494 ,         1.156214791164806 , 
  22.58000 ,         0.026074551682038 ,         1.750797501483531 ,         1.224960709229092 ,         0.448292161991711 ,         1.215386459783343 ,         1.141542514590070 , 
  22.59000 ,         0.030393383711681 ,         1.732422871565799 ,         1.230524986076929 ,         0.420894090507292 ,         1.189989167398962 ,         1.115769609853028 , 
  22.60000 ,         0.017352281635997 ,         1.763967880059276 ,         1.191342586071389 ,         0.407236359644794 ,         1.172532983907369 ,         1.089635169685401 , 
  22.61000 ,         0.041175222574461 ,         1.769451012213014 ,         1.186496545237753 ,         0.398749523878989 ,         1.153989790573705 ,         1.073129238346886 , 
  22.62000 ,         0.030312818118966 ,         1.734867536987276 ,         1.156082166028261 ,         0.385811805612381 ,         1.117311530353779 ,         1.024038718351558 , 
  22.63000 ,         0.041102474846786 ,         1.751722579325503 ,         1.139376827414018 ,         0.379386659276579 ,         1.109192197448410 ,         1.006199400690058 , 
  22.64000 ,         0.045388928339477 ,         1.799616974221757 ,         1.125807526134524 ,         0.365002632063293 ,         1.079067736832563 ,         0.969040111438206 , 
  22.65000 ,         0.045348858663564 ,         1.783721774100181 ,         1.075550758005776 ,         0.371158813466669 ,         1.057633909828431 ,         0.938728122677836 , 
  22.66000 ,         0.032363458589243 ,         1.712566350347465 ,         1.070286545095104 ,         0.359908629061211 ,         1.032933719973353 ,         0.911773021879873 , 
  22.67000 ,         0.051735860948625 ,         1.740157239615723 ,         1.051423590737155 ,         0.375893364704852 ,         1.025488295860566 ,         0.886852355974798 , 
  22.68000 ,         0.043075207129073 ,         1.738623047747220 ,         1.046727533236480 ,         0.379196432758123 ,         1.004560943757786 ,         0.841884731834395 , 
  22.69000 ,         0.045189109398233 ,         1.709923621693840 ,         1.032221472117369 ,         0.372406678344364 ,         0.992143035805841 ,         0.825373703502839 , 
  22.70000 ,         0.040849370263294 ,         1.724542164339211 ,         0.999600215094233 ,         0.400834445708576 ,         0.967821017504532 ,         0.788164412103136 , 
  22.71000 ,         0.053701846575893 ,         1.675766122400738 ,         0.981535500790882 ,         0.403972140867154 ,         0.948878065341917 ,         0.752732070723469 , 
  22.72000 ,         0.055800767596832 ,         1.696826226201738 ,         0.952637142963221 ,         0.415420618383145 ,         0.934025709059229 ,         0.726550138673653 , 
  22.73000 ,         0.051463088874857 ,         1.688096529863810 ,         0.935984928911468 ,         0.426580760126747 ,         0.938028710435795 ,         0.714284890444716 , 
  22.74000 ,         0.079269164845125 ,         1.666527070375717 ,         0.931010985081340 ,         0.445487350404950 ,         0.919160780539459 ,         0.674390453956878 , 
  22.75000 ,         0.079199492984224 ,         1.651416455062944 ,         0.904372588806343 ,         0.449911984638422 ,         0.911429638223434 ,         0.659315711654565 , 
  22.76000 ,         0.102655022189526 ,         1.570568373342363 ,         0.908924675636431 ,         0.468229873346238 ,         0.887404547286804 ,         0.627960018549993 , 
  22.77000 ,         0.128206093855909 ,         1.585749123380280 ,         0.883820759519176 ,         0.503342466398878 ,         0.890998965294962 ,         0.604738796357314 , 
  22.78000 ,         0.102474846672617 ,         1.538190146408767 ,         0.896388046805525 ,         0.524916727617287 ,         0.879675840365753 ,         0.592666211208461 , 
  22.79000 ,         0.140779288024262 ,         1.572835265255907 ,         0.872005040688158 ,         0.512724566042907 ,         0.874338030783257 ,         0.569316240064024 , 
  22.80000 ,         0.144918122216225 ,         1.493402560926763 ,         0.880031280774449 ,         0.534252378868823 ,         0.874237219821870 ,         0.554498293001972 , 
  22.81000 ,         0.202281662367335 ,         1.513918546770269 ,         0.863423306210048 ,         0.571179536105660 ,         0.865818746948608 ,         0.538408576001742 , 
  22.82000 ,         0.199977001759995 ,         1.463661459690173 ,         0.865326015594445 ,         0.562701244314027 ,         0.866090555328567 ,         0.535377259033656 , 
  22.83000 ,         0.212555161934603 ,         1.469818944777781 ,         0.861911181644816 ,         0.593427442726170 ,         0.867557178133704 ,         0.510763411780041 , 
  22.84000 ,         0.250595511240366 ,         1.407476059953837 ,         0.881066209541076 ,         0.597553491315746 ,         0.851732730735927 ,         0.509022132206994 , 
  22.85000 ,         0.265229046211272 ,         1.451863798960501 ,         0.877908142959309 ,         0.603396080130643 ,         0.860303565017036 ,         0.503172654293559 , 
  22.86000 ,         0.366755917973857 ,         1.403424379761234 ,         0.915299812631288 ,         0.633872944937476 ,         0.854251117108725 ,         0.493358258878489 , 
  22.87000 ,         0.321954676742921 ,         1.416759436884350 ,         0.885904891761360 ,         0.629744406770590 ,         0.852081117128212 ,         0.491702367636675 , 
  22.88000 ,         0.423254354388469 ,         1.422134630745257 ,         0.921107288737907 ,         0.622580701908289 ,         0.873458107122767 ,         0.492496121426708 , 
  22.89000 ,         0.492660581398061 ,         1.336051093866524 ,         0.910126991440035 ,         0.651374465051246 ,         0.856902997567162 ,         0.498277017747154 , 
  22.90000 ,         0.475329789367393 ,         1.358122837064724 ,         0.947358677419735 ,         0.637205989857511 ,         0.863317729938528 ,         0.484671340088988 , 
  22.91000 ,         0.542458382086405 ,         1.388334633530478 ,         0.942178444761942 ,         0.667255470961342 ,         0.869786898757585 ,         0.491602908765805 , 
  22.92000 ,         0.634776365488143 ,         1.347318107977534 ,         0.980370973110633 ,         0.677745031424426 ,         0.859043804416315 ,         0.491206980914231 , 
  22.93000 ,         0.697434398626863 ,         1.326389588929336 ,         0.979911132964971 ,         0.680446287331005 ,         0.869126259882484 ,         0.483041800257427 , 
  22.94000 ,         0.781035118350004 ,         1.317602034224552 ,         1.016161425036571 ,         0.671827040817911 ,         0.868072640383112 ,         0.499232226718245 , 
  22.95000 ,         0.807698588659382 ,         1.319609119948385 ,         1.052611100162056 ,         0.678472072928234 ,         0.878720587767981 ,         0.498041357932303 , 
  22.96000 ,         0.901564918369995 ,         1.302435566806071 ,         1.065879853230261 ,         0.708222325153120 ,         0.876116462231565 ,         0.510085571166940 , 
  22.97000 ,         0.999466959506046 ,         1.305501222842194 ,         1.056421878154369 ,         0.709836762600867 ,         0.886639790593845 ,         0.515678232323925 , 
  22.98000 ,         1.065729881651863 ,         1.314330257588371 ,         1.081332964318764 ,         0.707383453680094 ,         0.875739404472539 ,         0.518868057845329 , 
  22.99000 ,         1.146549642396225 ,         1.316593225100784 ,         1.097292025218325 ,         0.710829337253418 ,         0.895348895219036 ,         0.526702792190816 , 
  23.00000 ,         1.296338610615991 ,         1.294244364072185 ,         1.110081558626234 ,         0.743457523051174 ,         0.890054781117603 ,         0.541297286369389 , 
  23.01000 ,         1.422850119864087 ,         1.300704714353696 ,         1.137756989229555 ,         0.754842912854367 ,         0.902685933121495 ,         0.561587695517129 , 
  23.02000 ,         1.521963440170129 ,         1.316038441740517 ,         1.147221755210657 ,         0.764770949117082 ,         0.915686795047413 ,         0.568188360197442 , 
  23.03000 ,         1.585394617499665 ,         1.313068104645227 ,         1.164894282933919 ,         0.754968467803077 ,         0.907939988146887 ,         0.581304832268745 , 
  23.04000 ,         1.696715688577778 ,         1.271493275849952 ,         1.171057307199515 ,         0.797357242026134 ,         0.920782612591688 ,         0.598344022326907 , 
  23.05000 ,         1.851631608195285 ,         1.306098815972209 ,         1.161309773411330 ,         0.819472096870210 ,         0.919560291907793 ,         0.615581496432322 , 
  23.06000 ,         1.958360889045978 ,         1.302622495612764 ,         1.181787462033331 ,         0.817850049474587 ,         0.943079676139479 ,         0.631193777237392 , 
  23.07000 ,         1.998294639931388 ,         1.331936232006351 ,         1.177120436334583 ,         0.848754832741691 ,         0.942457418315297 ,         0.657088974780824 , 
  23.08000 ,         2.056876243047463 ,         1.285287682713177 ,         1.178700314203387 ,         0.868817037950534 ,         0.935011693332986 ,         0.678909543569066 , 
  23.09000 ,         2.169382399316117 ,         1.294564401124465 ,         1.184432919166845 ,         0.874817998191653 ,         0.951604836290051 ,         0.692055583115168 , 
  23.10000 ,         2.246398396607631 ,         1.313945827405780 ,         1.180942225480941 ,         0.903645935419105 ,         0.963757075508550 ,         0.708390159812859 , 
  23.11000 ,         2.314982877354064 ,         1.281952883696068 ,         1.159565796094016 ,         0.943184388034880 ,         0.956343592898872 ,         0.730627576463308 , 
  23.12000 ,         2.495366307411414 ,         1.254678055107296 ,         1.177345534056392 ,         0.937187252601826 ,         0.966203139897308 ,         0.750170791517668 , 
  23.13000 ,         2.484925999090604 ,         1.235732991631098 ,         1.153937510827699 ,         0.938577257573180 ,         0.982710578702862 ,         0.762173396283571 , 
  23.14000 ,         2.654504260035939 ,         1.257165355420372 ,         1.154492109976659 ,         0.958197416546488 ,         0.975460487411395 ,         0.779327433221531 , 
  23.15000 ,         2.639808275944476 ,         1.205174804131268 ,         1.135923764785818 ,         0.971323346640102 ,         0.991607699582706 ,         0.791574263637569 , 
  23.16000 ,         2.515669924567206 ,         1.170313194587761 ,         1.125132341057459 ,         0.978100934854563 ,         0.985652591801771 ,         0.799055666721624 , 
  23.17000 ,         2.633189328283780 ,         1.168529355125933 ,         1.085726281617009 ,         0.966680741354180 ,         0.984382800293587 ,         0.801300303648856 , 
  23.18000 ,         2.581433520375060 ,         1.146902871971747 ,         1.084789705197547 ,         0.944584050736281 ,         0.985692142439539 ,         0.810821670836655 , 
  23.19000 ,         2.663670537965539 ,         1.098532339033351 ,         1.051150728535898 ,         0.943898333034869 ,         0.996912947497712 ,         0.811635399927507 , 
  23.20000 ,         2.504944384551854 ,         1.078031734929362 ,         1.045227666623039 ,         0.941283795283788 ,         0.991904975199623 ,         0.823189149381025 , 
  23.21000 ,         2.459599399183019 ,         1.012322578802543 ,         1.014893230348512 ,         0.929933196754240 ,         0.993010559063452 ,         0.813964678886720 , 
  23.22000 ,         2.412276831192301 ,         0.982684322417136 ,         1.005543419305564 ,         0.900494311132901 ,         0.989651210092402 ,         0.813552689821296 , 
  23.23000 ,         2.336293076748477 ,         0.911010591218925 ,         0.958229168341258 ,         0.892148822640167 ,         0.999769968187332 ,         0.813461886715518 , 
  23.24000 ,         2.305565916908362 ,         0.929713302347611 ,         0.937533560406520 ,         0.876894510212033 ,         0.993300974433162 ,         0.791737027988591 , 
  23.25000 ,         2.281039098601949 ,         0.862306559511923 ,         0.923277730386503 ,         0.842452501769150 ,         0.997826514943238 ,         0.793617924256684 , 
  23.26000 ,         2.068166182801082 ,         0.829570123571573 ,         0.878842647109841 ,         0.820483502347632 ,         0.995240985182711 ,         0.776618158340512 , 
  23.27000 ,         2.084802393707332 ,         0.766712165889914 ,         0.883074419218771 ,         0.793692864189243 ,         0.994034139357359 ,         0.763739174252666 , 
  23.28000 ,         1.997156468803947 ,         0.714182744409805 ,         0.882060405618120 ,         0.768353313932122 ,         1.004135828209098 ,         0.748901735607186 , 
  23.29000 ,         1.868811924518830 ,         0.693145406430140 ,         0.816328706099585 ,         0.731313081664507 ,         1.009688191254291 ,         0.730228047418714 , 
  23.30000 ,         1.793744211614583 ,         0.673164245513493 ,         0.805169738902365 ,         0.716783452024599 ,         1.002954781291537 ,         0.718728460502068 , 
  23.31000 ,         1.682104145441632 ,         0.640983625119046 ,         0.796450826440167 ,         0.697436059697125 ,         1.018819897182261 ,         0.700239566606195 , 
  23.32000 ,         1.438239090624573 ,         0.630757476536308 ,         0.782780978148006 ,         0.689835286207856 ,         1.019155878267032 ,         0.682004929969062 , 
  23.33000 ,         1.404439685051315 ,         0.580603507479547 ,         0.782237284726498 ,         0.645355300929830 ,         1.025247330774439 ,         0.670734441977632 , 
  23.34000 ,         1.366630312205595 ,         0.569175087244852 ,         0.764280884234769 ,         0.645819253749686 ,         1.034314933554039 ,         0.642260320644984 , 
  23.35000 ,         1.249639733592276 ,         0.561321912853441 ,         0.748386885168626 ,         0.635233531242740 ,         1.055748731228250 ,         0.633614333417201 , 
  23.36000 ,         1.086154447291743 ,         0.536986637960123 ,         0.734296236738004 ,         0.629487408062423 ,         1.048373782959837 ,         0.619272988318616 , 
  23.37000 ,         1.111595073462367 ,         0.533738054205812 ,         0.737344542342281 ,         0.628695251973070 ,         1.068617116128454 ,         0.601913265286377 , 
  23.38000 ,         1.003228046546927 ,         0.533028234832003 ,         0.722020185014834 ,         0.643737996534278 ,         1.090282146924373 ,         0.593038245823368 , 
  23.39000 ,         0.931495728480201 ,         0.519663242002677 ,         0.712163921760610 ,         0.660779782390643 ,         1.116244490660768 ,         0.582691077978647 , 
  23.40000 ,         0.884164760993866 ,         0.537681430741693 ,         0.721292305021312 ,         0.650604647499062 ,         1.115227412527911 ,         0.576154990314402 , 
  23.41000 ,         0.731794637656610 ,         0.514479931722672 ,         0.697175899618296 ,         0.677339615413861 ,         1.138880674004952 ,         0.560532960974370 , 
  23.42000 ,         0.690773715970554 ,         0.518332762751296 ,         0.710466826294276 ,         0.697716799738533 ,         1.134247411914369 ,         0.564756745581737 , 
  23.43000 ,         0.633677884696738 ,         0.519908487404449 ,         0.690058062734047 ,         0.676436006295502 ,         1.163802914430095 ,         0.557432207686551 , 
  23.44000 ,         0.528286553003842 ,         0.547946071674786 ,         0.694006213595457 ,         0.715934138266895 ,         1.176105499978137 ,         0.559445629871733 , 
  23.45000 ,         0.578202123486738 ,         0.564603293056300 ,         0.685104040481563 ,         0.741514003748562 ,         1.200002349163650 ,         0.551728474431187 , 
  23.46000 ,         0.483101855844796 ,         0.581483535863189 ,         0.658603701913413 ,         0.767804850578331 ,         1.228827441917720 ,         0.568839854479751 , 
  23.47000 ,         0.456544544671518 ,         0.574200297373209 ,         0.695501367199204 ,         0.793547827783947 ,         1.218667224832150 ,         0.573477518977873 , 
  23.48000 ,         0.454146251291123 ,         0.589284903500539 ,         0.683605654252650 ,         0.812213442228897 ,         1.241617765559746 ,         0.578546655578694 , 
  23.49000 ,         0.287113414206735 ,         0.616892283321814 ,         0.668718262372243 ,         0.854062017959371 ,         1.245329336795298 ,         0.590038144055974 , 
  23.50000 ,         0.316960280200077 ,         0.650219941897784 ,         0.671785277417726 ,         0.858350505636759 ,         1.263891655283574 ,         0.623796136892971 , 
  23.51000 ,         0.294642612230119 ,         0.647161451862583 ,         0.668708445614105 ,         0.893824421029719 ,         1.255801388733345 ,         0.629873747573570 , 
  23.52000 ,         0.288384116627603 ,         0.697929615588330 ,         0.654621931407275 ,         0.913842202907173 ,         1.265811011916209 ,         0.651148555002581 , 
  23.53000 ,         0.260125529757658 ,         0.694585188593284 ,         0.661319135268506 ,         0.926697199761655 ,         1.280743053003929 ,         0.683235961754098 , 
  23.54000 ,         0.229915580673379 ,         0.698243622175458 ,         0.677001421787156 ,         0.944903054919616 ,         1.285809132621869 ,         0.709739401209127 , 
  23.55000 ,         0.171790881456903 ,         0.691658054702936 ,         0.666938145888644 ,         0.972815805459437 ,         1.292645231747387 ,         0.738476063820915 , 
  23.56000 ,         0.147694603498524 ,         0.717266866652459 ,         0.668742203847623 ,         0.981595299771861 ,         1.293481644701915 ,         0.770656469944155 , 
  23.57000 ,         0.143580946239499 ,         0.739840709095195 ,         0.666305328642674 ,         0.964061301356356 ,         1.285809749895650 ,         0.811132637262724 , 
  23.58000 ,         0.113571858822367 ,         0.744443609693106 ,         0.674831033945624 ,         1.030365745500294 ,         1.290260996994023 ,         0.846216199191549 , 
  23.59000 ,         0.121438790469491 ,         0.758743590453849 ,         0.670650697367374 ,         1.001994446363537 ,         1.297472691924422 ,         0.889731998923887 , 
  23.60000 ,         0.117357671880249 ,         0.766305815116372 ,         0.686989930943068 ,         1.003134591527256 ,         1.289846594465630 ,         0.944921953965893 , 
  23.61000 ,         0.085459423973313 ,         0.754725959392226 ,         0.690631391412241 ,         1.028245801818441 ,         1.301951965663203 ,         0.981727554321340 , 
  23.62000 ,         0.091344315331749 ,         0.762278240173371 ,         0.693645894550467 ,         1.044502388358692 ,         1.302866557437317 ,         1.029423129781508 , 
  23.63000 ,         0.071426363112976 ,         0.747496730633718 ,         0.703351270098615 ,         1.033450191290877 ,         1.315187512458728 ,         1.081346775930438 , 
  23.64000 ,         0.065418785208014 ,         0.747360061315801 ,         0.733359450087570 ,         1.033195548957636 ,         1.306795989176571 ,         1.127049203872543 , 
  23.65000 ,         0.069324897159840 ,         0.759107623900252 ,         0.725435530994044 ,         1.014371798799521 ,         1.321598697953867 ,         1.176542540369862 , 
  23.66000 ,         0.077182458173496 ,         0.734470251016377 ,         0.744736507472147 ,         0.995208427025560 ,         1.297846535256331 ,         1.219489023633078 , 
  23.67000 ,         0.053388869900651 ,         0.744230959587322 ,         0.757578177062485 ,         0.955932658985044 ,         1.308089105239456 ,         1.271137086488774 , 
  23.68000 ,         0.037538220813275 ,         0.723845560550721 ,         0.766446501934207 ,         0.976981589061294 ,         1.297569108095720 ,         1.304700135240348 , 
  23.69000 ,         0.041454592760579 ,         0.702260541646477 ,         0.784799596875130 ,         0.939143928849786 ,         1.290551797392403 ,         1.353473947118282 , 
  23.70000 ,         0.023668352778703 ,         0.696244044240178 ,         0.818283988255365 ,         0.950555563940512 ,         1.297167495844252 ,         1.376370186783401 , 
  23.71000 ,         0.039413986866219 ,         0.691715469502149 ,         0.830403435787658 ,         0.915266676258986 ,         1.293302236225060 ,         1.426509194961985 , 
  23.72000 ,         0.033473646992787 ,         0.695316564372224 ,         0.851362830500363 ,         0.863300123729408 ,         1.284951164203803 ,         1.452165568069425 , 
  23.73000 ,         0.021641167606065 ,         0.691287751598284 ,         0.883967920000011 ,         0.860605295879827 ,         1.291430528832955 ,         1.474980829650874 , 
  23.74000 ,         0.023588661412944 ,         0.681122598298760 ,         0.914429202586159 ,         0.835923188821205 ,         1.279285594414756 ,         1.506572175737394 , 
  23.75000 ,         0.027496935035773 ,         0.646914498386270 ,         0.958464592675521 ,         0.812878141995043 ,         1.258598548757955 ,         1.512945197838857 , 
  23.76000 ,         0.017661724931959 ,         0.681693522026592 ,         0.956554116280207 ,         0.800910165317316 ,         1.256128860351806 ,         1.531909336112294 , 
  23.77000 ,         0.031372208961199 ,         0.668865298868055 ,         0.988837320734030 ,         0.754771230437587 ,         1.230256272505754 ,         1.537422060635615 , 
  23.78000 ,         0.027427600494004 ,         0.667568204880849 ,         1.022902564852277 ,         0.762217915514176 ,         1.223191393013291 ,         1.547914591719090 , 
  23.79000 ,         0.033276950230280 ,         0.661624069284400 ,         1.045777097678079 ,         0.716066138594969 ,         1.209500916228347 ,         1.539425973336835 , 
  23.80000 ,         0.035204815357117 ,         0.678426129277778 ,         1.064334469841732 ,         0.712653033097198 ,         1.182417288018729 ,         1.527131105057168 , 
  23.81000 ,         0.039083611237735 ,         0.687383012643671 ,         1.102890654614846 ,         0.702527911998294 ,         1.182096035513819 ,         1.524047099772724 , 
  23.82000 ,         0.048813502915016 ,         0.682168703237354 ,         1.142846136997822 ,         0.688026323587156 ,         1.151846126597778 ,         1.500283012093029 , 
  23.83000 ,         0.037067132985257 ,         0.696471919775618 ,         1.179076236734984 ,         0.668183844602659 ,         1.135059016314992 ,         1.471863911343038 , 
  23.84000 ,         0.044833104586852 ,         0.702466524586382 ,         1.174432413633841 ,         0.653247572811686 ,         1.110959458498651 ,         1.449583410126790 , 
  23.85000 ,         0.064271828128358 ,         0.704312116573253 ,         1.224086181171903 ,         0.660490415576645 ,         1.084252350561201 ,         1.412793381088544 , 
  23.86000 ,         0.058379968451172 ,         0.706640868127733 ,         1.247993450578084 ,         0.653125897047491 ,         1.076046199749240 ,         1.398929994011219 , 
  23.87000 ,         0.089440964444911 ,         0.714798577262179 ,         1.272346328448660 ,         0.643586070244900 ,         1.061989929733795 ,         1.362273385091640 , 
  23.88000 ,         0.089366071449962 ,         0.734841663607572 ,         1.267395453525418 ,         0.632362092542669 ,         1.031443526426044 ,         1.328895338293633 , 
  23.89000 ,         0.089291272482622 ,         0.748057046369354 ,         1.295694008307606 ,         0.642751578278436 ,         1.017902308352330 ,         1.280134761438182 , 
  23.90000 ,         0.112490454529609 ,         0.756158895857439 ,         1.317641423207817 ,         0.666699892147469 ,         1.010626122873907 ,         1.256789905779084 , 
  23.91000 ,         0.096893430436683 ,         0.778780947134839 ,         1.320172989699805 ,         0.651244969322555 ,         0.993157661976000 ,         1.213862728992557 , 
  23.92000 ,         0.108429924734212 ,         0.781034301601120 ,         1.334922432748986 ,         0.661712978177088 ,         0.963041675262118 ,         1.170916120811440 , 
  23.93000 ,         0.148966566490464 ,         0.789087510484389 ,         1.369113987314547 ,         0.662006454168254 ,         0.956614440575734 ,         1.136504870199263 , 
  23.94000 ,         0.150775157392452 ,         0.770306413088362 ,         1.339579282986788 ,         0.663748970123504 ,         0.943854901545299 ,         1.102633948502856 , 
  23.95000 ,         0.179620289907794 ,         0.792115821488536 ,         1.375640338568022 ,         0.697356461557341 ,         0.933258982761848 ,         1.061636790770543 , 
  23.96000 ,         0.235434272081457 ,         0.828361977794797 ,         1.366531917358045 ,         0.684472076876161 ,         0.925756022213740 ,         1.036055531342066 , 
  23.97000 ,         0.183177031695764 ,         0.852496264615681 ,         1.382143010867577 ,         0.680767797400902 ,         0.916819120318058 ,         1.013228084368460 , 
  23.98000 ,         0.229262003757331 ,         0.838299406595871 ,         1.387372272737378 ,         0.705968029427117 ,         0.906662590751976 ,         0.998174735108894 , 
  23.99000 ,         0.261795328329001 ,         0.857572196842426 ,         1.337249574621712 ,         0.718613739020737 ,         0.892041113003390 ,         0.969701445924516 , 
  24.00000 ,         0.276964105774370 ,         0.847962153703300 ,         1.356450941648432 ,         0.734724225040342 ,         0.885377552107064 ,         0.943318827707432 , 
  24.01000 ,         0.328620967752315 ,         0.816507799261783 ,         1.351717971887630 ,         0.747684767638217 ,         0.898663041199862 ,         0.934635987048480 , 
  24.02000 ,         0.387872369526713 ,         0.836469806807298 ,         1.317229928194678 ,         0.738181604257058 ,         0.880903514980957 ,         0.937488237206157 , 
  24.03000 ,         0.379875363489527 ,         0.821144725118776 ,         1.338676943812210 ,         0.773900124987819 ,         0.884637150929289 ,         0.925796310814952 , 
  24.04000 ,         0.458155025064013 ,         0.850893563808740 ,         1.315518351255979 ,         0.764869686194733 ,         0.882703228859602 ,         0.921491850555332 , 
  24.05000 ,         0.547796624366111 ,         0.844918831900352 ,         1.311910665740430 ,         0.794400873971484 ,         0.884094191455380 ,         0.921563672099303 , 
  24.06000 ,         0.623892599403068 ,         0.862158331383688 ,         1.306275130000174 ,         0.818260980160351 ,         0.887186998259664 ,         0.940264517620307 , 
  24.07000 ,         0.676915660250493 ,         0.854988459292378 ,         1.298138753820773 ,         0.838495810790512 ,         0.887764610391195 ,         0.944532784582400 , 
  24.08000 ,         0.714565619926624 ,         0.831351244306343 ,         1.281895375988019 ,         0.856308499414074 ,         0.880997075938110 ,         0.969720714909614 , 
  24.09000 ,         0.740698739571980 ,         0.845933322094932 ,         1.290853682897754 ,         0.875642404916038 ,         0.895150176166041 ,         0.980459389889296 , 
  24.10000 ,         0.907938323130770 ,         0.847377311031186 ,         1.271065966546779 ,         0.893751786831852 ,         0.885555783717981 ,         1.003011959251672 , 
  24.11000 ,         0.956737455176470 ,         0.829998330138152 ,         1.287640922616738 ,         0.926005599669058 ,         0.892802092991961 ,         1.038569954143879 , 
  24.12000 ,         1.070200596434270 ,         0.793367123646668 ,         1.266697614307154 ,         0.959276780166839 ,         0.890723005306280 ,         1.061125552453163 , 
  24.13000 ,         1.132102636903883 ,         0.822439268574291 ,         1.265410100766199 ,         0.994276275961488 ,         0.893671356757634 ,         1.092919042485833 , 
  24.14000 ,         1.176791702523877 ,         0.837442237418042 ,         1.254737518038383 ,         1.006047591404450 ,         0.896881862739889 ,         1.112450758772193 , 
  24.15000 ,         1.227105006149787 ,         0.820127842732462 ,         1.250968019524023 ,         1.045698615921761 ,         0.904746563043342 ,         1.152369847348385 , 
  24.16000 ,         1.467131744526537 ,         0.833683853535940 ,         1.254677592323511 ,         1.083029821113137 ,         0.906340563878962 ,         1.182347095782028 , 
  24.17000 ,         1.555048832876086 ,         0.823038040814904 ,         1.262766026330932 ,         1.121484150661092 ,         0.903783240311614 ,         1.215237475874887 , 
  24.18000 ,         1.644714844509458 ,         0.828278774661517 ,         1.240641756270240 ,         1.171835641303362 ,         0.912391585599942 ,         1.259264409589588 , 
  24.19000 ,         1.830788675667536 ,         0.820257697759007 ,         1.240562853910189 ,         1.228256621860718 ,         0.909744120714900 ,         1.293781391066438 , 
  24.20000 ,         1.853868067232572 ,         0.842516826983374 ,         1.250060400181759 ,         1.272287899967456 ,         0.917475523069181 ,         1.323984571676476 , 
  24.21000 ,         1.924162202160034 ,         0.831897730084170 ,         1.236151355808116 ,         1.309866803631536 ,         0.914207406800464 ,         1.336092491799483 , 
  24.22000 ,         2.013225428294068 ,         0.860011753667365 ,         1.229228987468013 ,         1.370518318944795 ,         0.919797088999855 ,         1.374826640247136 , 
  24.23000 ,         2.196492031904959 ,         0.838073044389854 ,         1.213472214146806 ,         1.434017752144136 ,         0.905003307926477 ,         1.385279547022534 , 
  24.24000 ,         2.168283622325439 ,         0.882868527090337 ,         1.214003145499819 ,         1.476318327200712 ,         0.913271634403378 ,         1.414716682441439 , 
  24.25000 ,         2.345467101142618 ,         0.912518575996751 ,         1.203700309989005 ,         1.491231969677272 ,         0.903187337655107 ,         1.435303411793600 , 
  24.26000 ,         2.330357395421741 ,         0.904472317043737 ,         1.174002243987962 ,         1.538826470724777 ,         0.900266426651657 ,         1.453973367360079 , 
  24.27000 ,         2.262609231866153 ,         0.962737406950529 ,         1.159869352183257 ,         1.574234353343283 ,         0.899671641525748 ,         1.455567270032348 , 
  24.28000 ,         2.354708688654453 ,         0.978622944626342 ,         1.165256629097208 ,         1.636127894700546 ,         0.893880211243252 ,         1.463794179445745 , 
  24.29000 ,         2.262640192315418 ,         1.025933639067499 ,         1.151153404897403 ,         1.657900311039415 ,         0.887276513174311 ,         1.464730925326179 , 
  24.30000 ,         2.442766284585696 ,         1.033297643038074 ,         1.108930527713466 ,         1.709889495095460 ,         0.890533244445376 ,         1.461004537384575 , 
  24.31000 ,         2.470750959603628 ,         1.064784935549970 ,         1.075564008401048 ,         1.736953858882957 ,         0.884879866388771 ,         1.473393811290565 , 
  24.32000 ,         2.463100269643834 ,         1.096454236002098 ,         1.053490462287303 ,         1.761865924816526 ,         0.894073789654818 ,         1.462670653231819 , 
  24.33000 ,         2.354398125919124 ,         1.136960939185904 ,         0.994255965337468 ,         1.784514000845695 ,         0.883747339072459 ,         1.439419452406064 , 
  24.34000 ,         2.380513978513677 ,         1.139766904873595 ,         0.996361040201743 ,         1.811448652444201 ,         0.887462576951541 ,         1.434117084316186 , 
  24.35000 ,         2.313162769773461 ,         1.173864709297397 ,         0.972186998099963 ,         1.838338465356110 ,         0.879960609901831 ,         1.427567562555315 , 
  24.36000 ,         2.292594673461890 ,         1.217474186833335 ,         0.936383970609307 ,         1.867167139899083 ,         0.885247487728369 ,         1.394366161841897 , 
  24.37000 ,         2.199308875667449 ,         1.240259108320098 ,         0.915212821988416 ,         1.827860716322851 ,         0.890059042836314 ,         1.383049796693386 , 
  24.38000 ,         2.141588895517141 ,         1.255550756956252 ,         0.888367978525550 ,         1.853387691888474 ,         0.892794674458408 ,         1.358442314395630 , 
  24.39000 ,         1.907040148247841 ,         1.281758185577711 ,         0.839567907062480 ,         1.897262842800281 ,         0.907165170618079 ,         1.345659860467120 , 
  24.40000 ,         1.855235243126552 ,         1.341184354547104 ,         0.812479526609961 ,         1.841162809298925 ,         0.918284457805697 ,         1.324146242516133 , 
  24.41000 ,         1.766328704328861 ,         1.356586927258890 ,         0.776487394889832 ,         1.880442835095370 ,         0.933917250954932 ,         1.304090940931221 , 
  24.42000 ,         1.794606710642133 ,         1.355011666226300 ,         0.758783310950203 ,         1.873678085509323 ,         0.933994331030365 ,         1.271818362125945 , 
  24.43000 ,         1.620506546982767 ,         1.362719780989374 ,         0.730434508863366 ,         1.852073776921026 ,         0.961131621454663 ,         1.253317026564635 , 
  24.44000 ,         1.433707545745558 ,         1.361373012389702 ,         0.703175127142024 ,         1.799437437953452 ,         0.972980618144837 ,         1.231976501398557 , 
  24.45000 ,         1.419562515279613 ,         1.341959146706070 ,         0.701094313396499 ,         1.811633265460870 ,         0.991151381680521 ,         1.212465764519173 , 
  24.46000 ,         1.240638852150731 ,         1.387386059662589 ,         0.679226625305283 ,         1.789899299194328 ,         1.005964837929775 ,         1.180082482804847 , 
  24.47000 ,         1.182269265350559 ,         1.358962089827834 ,         0.637158025438339 ,         1.790749397810912 ,         1.034687971345899 ,         1.169664868840073 , 
  24.48000 ,         1.107356541901952 ,         1.328504332093974 ,         0.628549623116300 ,         1.759361233674982 ,         1.049960949019044 ,         1.157213005573769 , 
  24.49000 ,         1.038107253446226 ,         1.313565872966099 ,         0.628729103899927 ,         1.714054536467540 ,         1.065699294546498 ,         1.121258582326858 , 
  24.50000 ,         0.987427216499091 ,         1.322183499475768 ,         0.601338560702075 ,         1.676319195112709 ,         1.080056194869274 ,         1.108721576095912 , 
  24.51000 ,         0.861219269189419 ,         1.280533469043689 ,         0.588630461422693 ,         1.644523090577440 ,         1.115481810387473 ,         1.091162047834078 , 
  24.52000 ,         0.860516949742779 ,         1.258068409929085 ,         0.592066065126824 ,         1.594466965897856 ,         1.134121492482529 ,         1.073141336581993 , 
  24.53000 ,         0.670177383329827 ,         1.194904180717191 ,         0.585369565418755 ,         1.554963423924441 ,         1.157275745904544 ,         1.055638696827266 , 
  24.54000 ,         0.671470949223187 ,         1.168635398613779 ,         0.574199643907636 ,         1.524147072414823 ,         1.169095310222836 ,         1.046758822213680 , 
  24.55000 ,         0.580854783119698 ,         1.118053550103026 ,         0.584186426456421 ,         1.447771356185607 ,         1.193302735811768 ,         1.044786117758368 , 
  24.56000 ,         0.611604945961100 ,         1.071456562612783 ,         0.580037498487508 ,         1.433162115301114 ,         1.209320215033820 ,         1.019714646435613 , 
  24.57000 ,         0.517514205706936 ,         1.062785157375990 ,         0.600784443593291 ,         1.390245941350569 ,         1.229899119635521 ,         1.008074546533302 , 
  24.58000 ,         0.454748634858215 ,         1.016078981011323 ,         0.602358574802111 ,         1.357828081098822 ,         1.254684489523118 ,         1.000607442274968 , 
  24.59000 ,         0.415903217344568 ,         0.946317232416165 ,         0.599922069291903 ,         1.313782382322199 ,         1.260506233679699 ,         1.000767116735367 , 
  24.60000 ,         0.404581052408000 ,         0.928156531994824 ,         0.625178413562589 ,         1.282508206007148 ,         1.269664817112126 ,         0.989570242368125 , 
  24.61000 ,         0.345718051854744 ,         0.896306060364151 ,         0.627071267997113 ,         1.246482777570197 ,         1.294842147918926 ,         0.983621590160468 , 
  24.62000 ,         0.347264976035362 ,         0.867477048688336 ,         0.685505631969806 ,         1.212114691023431 ,         1.292676738506634 ,         0.992932232876111 , 
  24.63000 ,         0.304979836855389 ,         0.797832731893401 ,         0.689286390258119 ,         1.190813861494114 ,         1.298818042117023 ,         0.978315279433665 , 
  24.64000 ,         0.249990002261367 ,         0.773235499695286 ,         0.713817255544660 ,         1.142974362528931 ,         1.311392581433800 ,         0.980486563385737 , 
  24.65000 ,         0.233377832886781 ,         0.729305727771190 ,         0.728052233551583 ,         1.111051694651422 ,         1.312408447928249 ,         0.981685393487009 , 
  24.66000 ,         0.169426088439084 ,         0.720744045577557 ,         0.775169899256241 ,         1.081457653222059 ,         1.321079429512417 ,         0.984589881219673 , 
  24.67000 ,         0.174749690153726 ,         0.711058309544784 ,         0.791720764179544 ,         1.052024990137698 ,         1.318643413884610 ,         0.979525484896512 , 
  24.68000 ,         0.172789272012409 ,         0.697523008597463 ,         0.832003080170279 ,         1.033893703258462 ,         1.324111473947726 ,         0.982199018095539 , 
  24.69000 ,         0.149023635102696 ,         0.670152017611211 ,         0.854614200085890 ,         1.032034107121265 ,         1.314406635219820 ,         0.988218659529143 , 
  24.70000 ,         0.121664640311325 ,         0.624439226672489 ,         0.906015693661665 ,         1.017011979318825 ,         1.299723377654189 ,         0.997718146433634 , 
  24.71000 ,         0.108865241398063 ,         0.647067778559740 ,         0.936808082488960 ,         1.001446819569061 ,         1.302810756043387 ,         0.997364373016633 , 
  24.72000 ,         0.130532616648312 ,         0.636573125286646 ,         0.952140258416462 ,         0.990098962042490 ,         1.296771294471879 ,         0.997039172780085 , 
  24.73000 ,         0.076082458541329 ,         0.645342282270200 ,         0.986354730375085 ,         0.977636948667224 ,         1.286948372379889 ,         1.010215412127444 , 
  24.74000 ,         0.094121195191810 ,         0.648666987055091 ,         1.025151767822329 ,         0.967909790938849 ,         1.276688399443710 ,         1.022889239091757 , 
  24.75000 ,         0.083193789215780 ,         0.662159262535378 ,         1.057894936508810 ,         0.965432274038011 ,         1.252965156263065 ,         1.008724694241331 , 
  24.76000 ,         0.061441401946987 ,         0.684213259181703 ,         1.079290509201115 ,         0.952680561439034 ,         1.241336559648614 ,         1.026630484094897 , 
  24.77000 ,         0.054169237440414 ,         0.679372519565191 ,         1.124914497512595 ,         0.981253165717497 ,         1.229528837319394 ,         1.017845614134277 , 
  24.78000 ,         0.077579920794349 ,         0.710848576580782 ,         1.156369313584378 ,         0.971891478672233 ,         1.207309326983865 ,         1.018574744964182 , 
  24.79000 ,         0.050476409870141 ,         0.723795662959347 ,         1.151831111835835 ,         0.956685705820021 ,         1.193209374167999 ,         1.023893693515421 , 
  24.80000 ,         0.046833160488727 ,         0.729516538382090 ,         1.214960259601777 ,         0.977867384627598 ,         1.160499823576725 ,         1.017073269579999 , 
  24.81000 ,         0.052194885563466 ,         0.751426369749893 ,         1.207344195587666 ,         0.977191747607384 ,         1.138416574619964 ,         1.015522366693054 , 
  24.82000 ,         0.041362593518130 ,         0.763634403158085 ,         1.235033091242426 ,         0.984834359798520 ,         1.120218174724030 ,         1.010798379099302 , 
  24.83000 ,         0.052110835843028 ,         0.811985653329934 ,         1.255601605010880 ,         1.000325894081566 ,         1.084472540106110 ,         1.013690526549929 , 
  24.84000 ,         0.037705056171781 ,         0.809536533402454 ,         1.258630684591340 ,         1.006478121442558 ,         1.056807638386140 ,         1.019916158575209 , 
  24.85000 ,         0.041262784361752 ,         0.847681113518595 ,         1.253357074988209 ,         1.007125894394712 ,         1.028177763318405 ,         1.007238021526130 , 
  24.86000 ,         0.048399959245719 ,         0.853721503361982 ,         1.264224861409003 ,         0.993991755620407 ,         0.984412597019692 ,         0.994551940333899 , 
  24.87000 ,         0.059107943531656 ,         0.884828003170855 ,         1.269701317303117 ,         0.989498319841496 ,         0.965429744350386 ,         0.983984936851091 , 
  24.88000 ,         0.041163336033634 ,         0.895078844948756 ,         1.273378851649168 ,         1.005705310539149 ,         0.941387597986595 ,         0.975531914085146 , 
  24.89000 ,         0.042918538929841 ,         0.884300729200259 ,         1.276267698020445 ,         0.998414865261112 ,         0.898914268171813 ,         0.964102387522932 , 
  24.90000 ,         0.053605091413132 ,         0.925581245066739 ,         1.275131111989868 ,         0.984993554716293 ,         0.864326260399858 ,         0.962741857916155 , 
  24.91000 ,         0.044635050865861 ,         0.897387697658130 ,         1.261386537469224 ,         0.991679242612261 ,         0.836209781065110 ,         0.936554954792923 , 
  24.92000 ,         0.037463357719728 ,         0.918967245017861 ,         1.257809935822190 ,         1.004820773125572 ,         0.802897734939774 ,         0.924291278741423 , 
  24.93000 ,         0.064171386699857 ,         0.930039472518073 ,         1.263374175653443 ,         1.010699340522755 ,         0.764987546483630 ,         0.917895928854384 , 
  24.94000 ,         0.046308842957430 ,         0.909256320375684 ,         1.228965447716399 ,         0.967921609410697 ,         0.734123178109395 ,         0.909534618710764 , 
  24.95000 ,         0.062288866069322 ,         0.895402449746510 ,         1.226979431447671 ,         0.973485992569125 ,         0.712262060490904 ,         0.879830233229180 , 
  24.96000 ,         0.067573733556470 ,         0.878013972197551 ,         1.228219291994320 ,         0.967482484554390 ,         0.685601100125777 ,         0.862343089908961 , 
  24.97000 ,         0.072850116811477 ,         0.885084498456510 ,         1.189366998553227 ,         0.935835265808408 ,         0.654679346239114 ,         0.848853781063607 , 
  24.98000 ,         0.071016391933750 ,         0.890589940094178 ,         1.205503253075399 ,         0.938858893986648 ,         0.623917840227329 ,         0.830558896287680 , 
  24.99000 ,         0.118857275492719 ,         0.868367706771435 ,         1.180368054939823 ,         0.907617217521829 ,         0.605318372716886 ,         0.804199191667506 , 
  25.00000 ,         0.111671927574891 ,         0.840863026084743 ,         1.167791456911630 ,         0.884512569204293 ,         0.576777750929340 ,         0.780761815063534 , 
  25.01000 ,         0.125751868193111 ,         0.847939533766929 ,         1.145382552987783 ,         0.877717044809136 ,         0.549389543875362 ,         0.778560146979929 , 
  25.02000 ,         0.168125068795291 ,         0.822706751118010 ,         1.118142316086577 ,         0.877900441465937 ,         0.533769441275576 ,         0.756120375187243 , 
  25.03000 ,         0.160917461761733 ,         0.807902915850457 ,         1.132058764303178 ,         0.849458524107608 ,         0.509083831208778 ,         0.747227306985628 , 
  25.04000 ,         0.206728661705080 ,         0.754692133596430 ,         1.096368671692327 ,         0.841381235860580 ,         0.487474356266907 ,         0.732329658171602 , 
  25.05000 ,         0.174784620008503 ,         0.737096756096463 ,         1.065148950089694 ,         0.819523593941382 ,         0.479968056112364 ,         0.715248678595400 , 
  25.06000 ,         0.234624299046197 ,         0.715780521338304 ,         1.072457968431559 ,         0.800567215871445 ,         0.462137100306454 ,         0.706353652180198 , 
  25.07000 ,         0.232674475609675 ,         0.666735760601209 ,         1.034365838778049 ,         0.795632132032705 ,         0.453919037940702 ,         0.695599734374758 , 
  25.08000 ,         0.250101767281921 ,         0.691302420127844 ,         1.021982749755877 ,         0.790484503015613 ,         0.447255053022202 ,         0.690972180118229 , 
  25.09000 ,         0.323817250485917 ,         0.646314593700832 ,         1.002139595508557 ,         0.791174416693343 ,         0.436229353066287 ,         0.684701896832485 , 
  25.10000 ,         0.381588933684107 ,         0.629973435448532 ,         0.977382023978331 ,         0.796478975348135 ,         0.428765503322328 ,         0.670583202440547 , 
  25.11000 ,         0.414669466578100 ,         0.611242121550240 ,         0.935312459440063 ,         0.774210736063455 ,         0.427984793067135 ,         0.682787978932557 , 
  25.12000 ,         0.463498291111335 ,         0.595832320249657 ,         0.934348472730355 ,         0.790163635012483 ,         0.423446947300815 ,         0.679912709824482 , 
  25.13000 ,         0.489443659286577 ,         0.572552596056117 ,         0.899944792881772 ,         0.779118871615237 ,         0.423164830424853 ,         0.686717741717441 , 
  25.14000 ,         0.597733109480599 ,         0.562456338723129 ,         0.885534590163431 ,         0.800519763741704 ,         0.424197690599135 ,         0.707397853357079 , 
  25.15000 ,         0.604263826919617 ,         0.553251699502128 ,         0.884939995800396 ,         0.808421804674162 ,         0.421698428849836 ,         0.711515182793620 , 
  25.16000 ,         0.703539134381963 ,         0.547999232471025 ,         0.856016365931785 ,         0.806466734732309 ,         0.426367466701009 ,         0.727520937120340 , 
  25.17000 ,         0.736205648608589 ,         0.524174924395308 ,         0.843641835155834 ,         0.817083347535304 ,         0.427722803715812 ,         0.741096563509900 , 
  25.18000 ,         0.784545923251657 ,         0.545163314152599 ,         0.832597176902928 ,         0.826590770196519 ,         0.432160962526116 ,         0.763769216417216 , 
  25.19000 ,         0.968991859784994 ,         0.539274523767730 ,         0.832372737211704 ,         0.856051930181675 ,         0.429199012668843 ,         0.772001707208771 , 
  25.20000 ,         0.959500241753569 ,         0.546697069562772 ,         0.808706056032525 ,         0.863441183459831 ,         0.441888023268952 ,         0.802000457752088 , 
  25.21000 ,         1.080760537705359 ,         0.557811890428572 ,         0.819395161701815 ,         0.884436899706866 ,         0.448237806678858 ,         0.823126618195405 , 
  25.22000 ,         1.144349503857260 ,         0.567167134236713 ,         0.789570676510341 ,         0.918135817687607 ,         0.444262778276396 ,         0.858615926969004 , 
  25.23000 ,         1.166067744718231 ,         0.560843777217090 ,         0.810917447469628 ,         0.937966619655346 ,         0.449240651649841 ,         0.877134214223101 , 
  25.24000 ,         1.342524066610587 ,         0.560834211764138 ,         0.815492071873319 ,         0.948961919169125 ,         0.456574479664380 ,         0.895650062411313 , 
  25.25000 ,         1.325822099016542 ,         0.593839714729887 ,         0.812239800011855 ,         0.989153643335736 ,         0.468647920444064 ,         0.939956607715283 , 
  25.26000 ,         1.538333543727564 ,         0.599663597815922 ,         0.819627063753830 ,         0.985549184828847 ,         0.466811958361318 ,         0.960129134559506 , 
  25.27000 ,         1.564874574305571 ,         0.605044354533335 ,         0.836435869331567 ,         1.031936760231854 ,         0.481948189034416 ,         0.998621369921753 , 
  25.28000 ,         1.723120803537408 ,         0.624501277137174 ,         0.852242721367282 ,         1.053872991449218 ,         0.482867117779511 ,         1.028601491988385 , 
  25.29000 ,         1.787580132590864 ,         0.630719588933768 ,         0.851352359659312 ,         1.043296374623193 ,         0.485516593970257 ,         1.064812941444440 , 
  25.30000 ,         1.843283120042429 ,         0.679981085245699 ,         0.884754262841962 ,         1.074491269447268 ,         0.505739988672439 ,         1.085903615055512 , 
  25.31000 ,         1.952509394768046 ,         0.697818902381671 ,         0.903186918881853 ,         1.107798316373877 ,         0.509663968317096 ,         1.112527185174868 , 
  25.32000 ,         1.831732045003403 ,         0.714764308598616 ,         0.921266175936264 ,         1.104115371230530 ,         0.527648992091045 ,         1.145615550375139 , 
  25.33000 ,         2.002954529923580 ,         0.719811784191286 ,         0.941151209884889 ,         1.106481292850564 ,         0.542125112126676 ,         1.163569813665735 , 
  25.34000 ,         2.125597190426924 ,         0.746201935762699 ,         0.956583435281922 ,         1.098383369606770 ,         0.546172370612438 ,         1.190688117730017 , 
  25.35000 ,         2.144608059008797 ,         0.766300869959333 ,         0.991601083553957 ,         1.133181418639244 ,         0.550536318202645 ,         1.192658089086032 , 
  25.36000 ,         2.163588286889171 ,         0.752346484314367 ,         1.011813431537840 ,         1.109355777672473 ,         0.574164825536423 ,         1.217852796786355 , 
  25.37000 ,         2.204914106300421 ,         0.784457145937874 ,         1.041460453898047 ,         1.104501030902929 ,         0.588289070565176 ,         1.222218012793016 , 
  25.38000 ,         2.065585862698648 ,         0.812002269297751 ,         1.060203651321647 ,         1.095461361717419 ,         0.606529362524829 ,         1.234987301027517 , 
  25.39000 ,         2.239249544863199 ,         0.805133086545210 ,         1.073116951397171 ,         1.113180270671633 ,         0.622162940743481 ,         1.246259232014951 , 
  25.40000 ,         2.106980955497561 ,         0.790976448757999 ,         1.108010971096008 ,         1.095883381040424 ,         0.648369941799085 ,         1.247290440075070 , 
  25.41000 ,         2.103607065050599 ,         0.812874263513639 ,         1.137487772175352 ,         1.096522340953425 ,         0.669253965702209 ,         1.249177553896916 , 
  25.42000 ,         2.047088954744811 ,         0.834094452666123 ,         1.167775095729112 ,         1.070692673566277 ,         0.689676313074555 ,         1.244283759552803 , 
  25.43000 ,         2.072889399563481 ,         0.822731515818481 ,         1.188806353478994 ,         1.081735620030467 ,         0.716115832987110 ,         1.230617474890644 , 
  25.44000 ,         2.023330104292208 ,         0.824224572941369 ,         1.219219007429886 ,         1.039481561617126 ,         0.733901157091713 ,         1.225210255623645 , 
  25.45000 ,         1.837012826586805 ,         0.832556790820417 ,         1.246804038435865 ,         1.040695988525521 ,         0.755560254021700 ,         1.206234533798430 , 
  25.46000 ,         1.912479411729286 ,         0.833825641642024 ,         1.248708909914843 ,         1.031439968702970 ,         0.793287999955739 ,         1.207396833703589 , 
  25.47000 ,         1.776065303106420 ,         0.829542039407638 ,         1.255840406030657 ,         0.997755916673006 ,         0.812864743517591 ,         1.179391681670683 , 
  25.48000 ,         1.749075267467457 ,         0.833157072527791 ,         1.299541593542132 ,         1.006891439034163 ,         0.841155892348527 ,         1.163108390133123 , 
  25.49000 ,         1.711896573131612 ,         0.802664653188951 ,         1.289250793186395 ,         0.997682751348242 ,         0.875103752764786 ,         1.139284007047235 , 
  25.50000 ,         1.540180250879833 ,         0.812896573231239 ,         1.312944033002512 ,         0.984867750303344 ,         0.897418010878907 ,         1.117679546342467 , 
  25.51000 ,         1.402780677779059 ,         0.808216173271369 ,         1.313510881916147 ,         0.979094948188934 ,         0.932358645646879 ,         1.093927400137739 , 
  25.52000 ,         1.418692233530384 ,         0.811835573683904 ,         1.313863805603154 ,         0.965144491605877 ,         0.953795166371362 ,         1.077335362366739 , 
  25.53000 ,         1.240808360940833 ,         0.807800237722097 ,         1.354053370595193 ,         0.939954826849699 ,         0.991823378410433 ,         1.055191716364303 , 
  25.54000 ,         1.260217772740446 ,         0.805044776656296 ,         1.346836514532579 ,         0.937414348978342 ,         1.005589455493045 ,         1.036797678638740 , 
  25.55000 ,         1.125162372637742 ,         0.782564855328173 ,         1.319477744684531 ,         0.954712152725520 ,         1.028614573835564 ,         1.011564248477201 , 
  25.56000 ,         1.158197132695645 ,         0.793822888350145 ,         1.368152158306011 ,         0.917506641448225 ,         1.060903486299726 ,         0.989681993513171 , 
  25.57000 ,         0.989543457587946 ,         0.791295881324608 ,         1.328110498888103 ,         0.912235374963888 ,         1.087872984596765 ,         0.972837498637336 , 
  25.58000 ,         0.875332278218734 ,         0.783904922273257 ,         1.298924530359642 ,         0.895755287127851 ,         1.113503715017672 ,         0.949484731550670 , 
  25.59000 ,         0.800210138867229 ,         0.785830041234308 ,         1.314192893232133 ,         0.889451333000942 ,         1.121515445352798 ,         0.925401577083243 , 
  25.60000 ,         0.777609185055009 ,         0.788385834087021 ,         1.295310952279132 ,         0.883790874046895 ,         1.143513398389487 ,         0.917890515959464 , 
  25.61000 ,         0.677343077171292 ,         0.790937396223086 ,         1.270018269696173 ,         0.878138983153181 ,         1.167720039992466 ,         0.907118203022807 , 
  25.62000 ,         0.700443850280488 ,         0.756141795001587 ,         1.246979932856272 ,         0.887475016929179 ,         1.169129396484736 ,         0.887606877593764 , 
  25.63000 ,         0.583528896352959 ,         0.777687174366353 ,         1.212909503311687 ,         0.868020314571282 ,         1.193224889620590 ,         0.874687258699592 , 
  25.64000 ,         0.576333076636154 ,         0.776870024354582 ,         1.202063122011773 ,         0.871345676719828 ,         1.224365484763547 ,         0.873689136324206 , 
  25.65000 ,         0.486638634264592 ,         0.814782938251831 ,         1.169974415467012 ,         0.856669222083429 ,         1.238434283890264 ,         0.867403897839266 , 
  25.66000 ,         0.484576852208480 ,         0.789119943353393 ,         1.148556506037547 ,         0.857999682545353 ,         1.245040720859874 ,         0.871249830847929 , 
  25.67000 ,         0.401818237502950 ,         0.815405209995526 ,         1.137364174354585 ,         0.853863754693769 ,         1.266715181249494 ,         0.870439807770676 , 
  25.68000 ,         0.381346091154861 ,         0.827999800343400 ,         1.124193997245345 ,         0.849839003801608 ,         1.283840674448254 ,         0.869132050125866 , 
  25.69000 ,         0.347476643477451 ,         0.811408321453686 ,         1.087648056440439 ,         0.829138862742239 ,         1.290132936244630 ,         0.877242136001421 , 
  25.70000 ,         0.298563859674341 ,         0.844533164865342 ,         1.062061257851388 ,         0.837299700568457 ,         1.304618185632816 ,         0.885811086124742 , 
  25.71000 ,         0.284923485765023 ,         0.868597626457194 ,         1.054321648612115 ,         0.838219754813129 ,         1.307295993510104 ,         0.879596511017976 , 
  25.72000 ,         0.241159316542684 ,         0.858292706445318 ,         1.044395685964803 ,         0.822495620396013 ,         1.325669719549581 ,         0.894142127415747 , 
  25.73000 ,         0.247665563035755 ,         0.911174993736273 ,         1.011370774727934 ,         0.814953575664949 ,         1.340693807501934 ,         0.905291890729195 , 
  25.74000 ,         0.220719308507400 ,         0.920081814440887 ,         0.996685627478729 ,         0.776906884206446 ,         1.350468789943065 ,         0.924079216690133 , 
  25.75000 ,         0.162069297003820 ,         0.913519465328233 ,         0.975757417012690 ,         0.780062917924314 ,         1.370670795842714 ,         0.933021038276341 , 
  25.76000 ,         0.181977737567087 ,         0.961017754009676 ,         0.948913730180672 ,         0.764431711821377 ,         1.364754772978399 ,         0.955330949710705 , 
  25.77000 ,         0.145135581173138 ,         0.956101493791435 ,         0.954120476519675 ,         0.750597017863091 ,         1.370029839522297 ,         0.961653555355709 , 
  25.78000 ,         0.141689145284538 ,         0.936606923608819 ,         0.944941579213792 ,         0.715426000491853 ,         1.382797502261285 ,         0.975363072171942 , 
  25.79000 ,         0.154904396860377 ,         0.988972963826331 ,         0.937650472124606 ,         0.716224630644753 ,         1.386305864845714 ,         0.979057208583756 , 
  25.80000 ,         0.118168689070926 ,         1.008594726436352 ,         0.927041687500079 ,         0.709532243092240 ,         1.392408917016852 ,         0.978480434635267 , 
  25.81000 ,         0.103109614047719 ,         0.983491096894677 ,         0.921334293265104 ,         0.689857367373702 ,         1.386444923769168 ,         0.999861826947616 , 
  25.82000 ,         0.096382680108086 ,         1.019080665108336 ,         0.912000338393426 ,         0.654218213362964 ,         1.397704652537243 ,         0.998490291906366 , 
  25.83000 ,         0.099629033872248 ,         1.012272496239484 ,         0.896142403632145 ,         0.637106915564301 ,         1.386841340513869 ,         1.019251717622722 , 
  25.84000 ,         0.096233538654360 ,         1.051724729560902 ,         0.907581821447152 ,         0.620540404426389 ,         1.404615604604853 ,         1.015637152565517 , 
  25.85000 ,         0.102790759618527 ,         1.033295821487851 ,         0.906258048007696 ,         0.614568543646655 ,         1.405886420175671 ,         1.012312828722981 , 
  25.86000 ,         0.071235240576107 ,         1.047199452306310 ,         0.892925457453986 ,         0.613575633218034 ,         1.400398891863350 ,         1.014739789631006 , 
  25.87000 ,         0.086078356632866 ,         1.045355427185666 ,         0.886855376270341 ,         0.613308291009167 ,         1.414550878681316 ,         1.013386422138123 , 
  25.88000 ,         0.077741478311283 ,         1.065016901014411 ,         0.886583667549950 ,         0.602909975414099 ,         1.403197500649763 ,         1.009295282916297 , 
  25.89000 ,         0.097514992487274 ,         1.073904514722142 ,         0.886518713480706 ,         0.602547617773591 ,         1.416575710514949 ,         0.997875876511725 , 
  25.90000 ,         0.089182103680017 ,         1.082365207394285 ,         0.883460214580172 ,         0.576174192988261 ,         1.419404401886388 ,         0.991712218323712 , 
  25.91000 ,         0.107265981640384 ,         1.083592695301803 ,         0.889791945780378 ,         0.594810496269322 ,         1.410986005130639 ,         0.991591487971781 , 
  25.92000 ,         0.110481176204459 ,         1.114293355524826 ,         0.907759514933654 ,         0.581881269449979 ,         1.402837826680083 ,         0.970137063345734 , 
  25.93000 ,         0.098862069575136 ,         1.137531688048903 ,         0.902116384873112 ,         0.598321483574518 ,         1.400751948292702 ,         0.953117884828410 , 
  25.94000 ,         0.111957308704739 ,         1.139124455295459 ,         0.911505368112663 ,         0.609385277710904 ,         1.412972238191126 ,         0.941707086959024 , 
  25.95000 ,         0.110225876059057 ,         1.159633796822803 ,         0.918411870298038 ,         0.621151601933548 ,         1.416459059813950 ,         0.920776791146320 , 
  25.96000 ,         0.121648238432410 ,         1.156480212664871 ,         0.912464531687697 ,         0.626837755638626 ,         1.406814615486295 ,         0.900880208306570 , 
  25.97000 ,         0.157692418775231 ,         1.202404693161139 ,         0.911556631709166 ,         0.662800947664644 ,         1.407014713095407 ,         0.888200495464788 , 
  25.98000 ,         0.185474253119979 ,         1.224048002338266 ,         0.943887501635467 ,         0.676755336190542 ,         1.403572307072759 ,         0.866768989587378 , 
  25.99000 ,         0.183691450941772 ,         1.239507268296823 ,         0.931065540683100 ,         0.703603861196609 ,         1.390037902062444 ,         0.844191375128886 , 
  26.00000 ,         0.222882357786559 ,         1.272150222292771 ,         0.918672732990649 ,         0.724572517914578 ,         1.400876050945463 ,         0.823747997200808 , 
  26.01000 ,         0.240724399090893 ,         1.284272857054646 ,         0.916635934633520 ,         0.755027165005748 ,         1.389615368859196 ,         0.803284628513977 , 
  26.02000 ,         0.287992756246374 ,         1.292081137221834 ,         0.944055800039160 ,         0.788298354100514 ,         1.388956541466996 ,         0.791519863980401 , 
  26.03000 ,         0.315567634025945 ,         1.272694078419405 ,         0.934848677483597 ,         0.831941745014644 ,         1.380761686250505 ,         0.780845949349821 , 
  26.04000 ,         0.367607225649306 ,         1.309498628257417 ,         0.936275181105136 ,         0.850704388023436 ,         1.368520010597778 ,         0.763499785049962 , 
  26.05000 ,         0.390180828540252 ,         1.342573049668575 ,         0.937903288687760 ,         0.889640858797713 ,         1.368489872484795 ,         0.751154214044508 , 
  26.06000 ,         0.417613590421557 ,         1.362545903904709 ,         0.944728400597204 ,         0.911694513073623 ,         1.354644279574223 ,         0.742217415740070 , 
  26.07000 ,         0.487385502689679 ,         1.401437076713886 ,         0.953172818387258 ,         0.960813686426916 ,         1.337737706823267 ,         0.727206880894425 , 
  26.08000 ,         0.576595925122821 ,         1.380409735993195 ,         0.931980172051453 ,         0.988479243104271 ,         1.330273172941820 ,         0.724562411204393 , 
  26.09000 ,         0.572898897157180 ,         1.398272059716371 ,         0.930248653143184 ,         1.034208644779306 ,         1.313003504932634 ,         0.723167877239823 , 
  26.10000 ,         0.687927757985574 ,         1.393338313603169 ,         0.947120397297514 ,         1.053338557329270 ,         1.309202349999067 ,         0.722766298034267 , 
  26.11000 ,         0.776779282402612 ,         1.398365214450727 ,         0.954723490400699 ,         1.092853697522503 ,         1.298804820677824 ,         0.714747647108758 , 
  26.12000 ,         0.907713811602929 ,         1.432206765355605 ,         0.945366072795313 ,         1.127741041427968 ,         1.276218826130012 ,         0.715469079086287 , 
  26.13000 ,         0.975167308366800 ,         1.433341798716342 ,         0.968372777412081 ,         1.157098480497627 ,         1.268118073970439 ,         0.721335801207680 , 
  26.14000 ,         1.094400007390182 ,         1.439338676386124 ,         0.951317339757317 ,         1.191781341381105 ,         1.256052008481773 ,         0.725344004898048 , 
  26.15000 ,         1.294454751158593 ,         1.420214513434795 ,         0.964461944992615 ,         1.235017568826764 ,         1.232840568111033 ,         0.735649044184525 , 
  26.16000 ,         1.350125227632965 ,         1.428842061198496 ,         0.956642238254623 ,         1.258255195656741 ,         1.223652165991688 ,         0.745179279190407 , 
  26.17000 ,         1.386298832927088 ,         1.434220773330197 ,         0.967942315230742 ,         1.308552056197148 ,         1.201435398270788 ,         0.754492533213727 , 
  26.18000 ,         1.626081007331817 ,         1.421608594382041 ,         0.984175023199960 ,         1.317756005196087 ,         1.191955969511449 ,         0.764043902736738 , 
  26.19000 ,         1.813811872943106 ,         1.406390639684069 ,         0.979082889340783 ,         1.378226486046985 ,         1.178553740906654 ,         0.777340735062243 , 
  26.20000 ,         2.023850529977782 ,         1.373845904021999 ,         0.989834791201753 ,         1.405014654707960 ,         1.157858566137483 ,         0.798131844021591 , 
  26.21000 ,         2.188413003905910 ,         1.365943857264780 ,         0.984543949067471 ,         1.438111493171036 ,         1.152288345795106 ,         0.816421579386416 , 
  26.22000 ,         2.276985516423904 ,         1.347377576022602 ,         0.999101925111692 ,         1.460481554036758 ,         1.144460176464257 ,         0.838208243119159 , 
  26.23000 ,         2.674585786253761 ,         1.355810494898054 ,         1.027424980879916 ,         1.505360257028287 ,         1.133247036653766 ,         0.846199049415570 , 
  26.24000 ,         2.695073606838982 ,         1.367850417918800 ,         1.020004910230141 ,         1.527644147816827 ,         1.114131361573473 ,         0.879116920559193 , 
  26.25000 ,         3.067631833524309 ,         1.305110136720837 ,         0.998025398668876 ,         1.594408880454999 ,         1.106700838525942 ,         0.906683766833393 , 
  26.26000 ,         3.413917107402114 ,         1.317571184803839 ,         0.999374028528625 ,         1.615586066414706 ,         1.080605173819457 ,         0.929639751143602 , 
  26.27000 ,         3.576667117171757 ,         1.284261083365083 ,         1.036338494537340 ,         1.656696797540957 ,         1.086304277312012 ,         0.964650639532312 , 
  26.28000 ,         3.639713966157682 ,         1.266641313586276 ,         1.022115576382150 ,         1.692330645348768 ,         1.059210501665269 ,         0.984093277966953 , 
  26.29000 ,         3.789219652056346 ,         1.279302425887255 ,         1.042977099131732 ,         1.704968518886076 ,         1.051367199223201 ,         1.008590211294159 , 
  26.30000 ,         4.215585179268782 ,         1.256907473188137 ,         1.021963076917624 ,         1.766337397611077 ,         1.043110074664597 ,         1.041758668891418 , 
  26.31000 ,         4.654105107050714 ,         1.229744845815025 ,         1.054495702341141 ,         1.792802738859825 ,         1.043892729048772 ,         1.068574650368509 , 
  26.32000 ,         4.663363087965427 ,         1.210819196836702 ,         1.049296675614306 ,         1.834320117248404 ,         1.026157774832756 ,         1.098922871027004 , 
  26.33000 ,         4.832407499666337 ,         1.211297911622713 ,         1.049698305669089 ,         1.878470574027043 ,         1.009672939732182 ,         1.128525554741337 , 
  26.34000 ,         5.018758761728148 ,         1.168063008019135 ,         1.066067075500718 ,         1.920657261562564 ,         1.009879492322764 ,         1.151870405229396 , 
  26.35000 ,         5.251098009070498 ,         1.177547958278343 ,         1.074333007667055 ,         1.966469189472446 ,         1.005697558625298 ,         1.180090935322389 , 
  26.36000 ,         5.475111400123160 ,         1.159714372354276 ,         1.079198028234818 ,         1.974643409741565 ,         0.999379226700553 ,         1.201566927465876 , 
  26.37000 ,         5.504416311943129 ,         1.123785139229200 ,         1.072305703026692 ,         1.996944087120468 ,         0.991974880673941 ,         1.213052672218654 , 
  26.38000 ,         5.657848603203639 ,         1.123928281896953 ,         1.090596485293245 ,         2.007370138745664 ,         0.989108626977479 ,         1.235415679193831 , 
  26.39000 ,         5.823772877653102 ,         1.116514774242767 ,         1.102297355479035 ,         2.050489822260270 ,         0.980678771543820 ,         1.250983717445202 , 
  26.40000 ,         5.827309540394210 ,         1.097587898974959 ,         1.097587898974959 ,         2.066918558849931 ,         0.975390839259246 ,         1.259970902312629 , 
  26.41000 ,         5.883254784552894 ,         1.078093732455528 ,         1.112640382445816 ,         2.068033944246185 ,         0.973386608670310 ,         1.272071186711339 , 
  26.42000 ,         5.831187503264731 ,         1.025695406637135 ,         1.113683010668773 ,         2.066369537297693 ,         0.971186738750567 ,         1.269595656256966 , 
  26.43000 ,         5.706243679427759 ,         1.030073727011765 ,         1.144955891138654 ,         2.038538902013467 ,         0.965371973229343 ,         1.271137940261631 , 
  26.44000 ,         5.888928545886916 ,         1.030879445398127 ,         1.144882351014311 ,         2.030955325508127 ,         0.964022832634509 ,         1.258786209796771 , 
  26.45000 ,         5.700784564585232 ,         1.021390567821521 ,         1.155497565825219 ,         2.003093381990287 ,         0.962848656884851 ,         1.250683842821570 , 
  26.46000 ,         5.508176203865639 ,         0.980466440769964 ,         1.166788689550539 ,         1.967262299757528 ,         0.965656591112379 ,         1.233890412373054 , 
  26.47000 ,         5.432863000577512 ,         0.982888085778229 ,         1.177370666997971 ,         1.921503714043021 ,         0.966137680535980 ,         1.223273694933220 , 
  26.48000 ,         5.330802562593643 ,         0.962001307142621 ,         1.164138104075586 ,         1.884009745326840 ,         0.967679307056469 ,         1.191713434091967 , 
  26.49000 ,         5.225737113640576 ,         0.949631683944050 ,         1.180724514762521 ,         1.838973991444853 ,         0.967540884966062 ,         1.170462493240266 , 
  26.50000 ,         5.075078849945733 ,         0.907898003774874 ,         1.171551268554849 ,         1.775370488267852 ,         0.975167053848224 ,         1.141232129093427 , 
  26.51000 ,         4.809569815212658 ,         0.890661076891233 ,         1.180027402425475 ,         1.719350271330631 ,         0.976746819804254 ,         1.122365964897755 , 
  26.52000 ,         4.646847902002409 ,         0.880144496692829 ,         1.218616172266649 ,         1.643527094831106 ,         0.977979350561789 ,         1.083394867321727 , 
  26.53000 ,         4.482795900711047 ,         0.848000804602555 ,         1.210614605735388 ,         1.581688739721564 ,         0.982726686493877 ,         1.053286846250395 , 
  26.54000 ,         4.227765675302563 ,         0.816101902817194 ,         1.228773040859422 ,         1.509031596018640 ,         0.985205648700268 ,         1.017718983361408 , 
  26.55000 ,         4.028125903810705 ,         0.814308518888772 ,         1.210166580543989 ,         1.431768512825420 ,         0.992542874440482 ,         0.986329965656439 , 
  26.56000 ,         3.761255687795082 ,         0.797009295012945 ,         1.230849329983046 ,         1.383773034617303 ,         0.995034695590361 ,         0.949000538033579 , 
  26.57000 ,         3.519894492808395 ,         0.783462918205346 ,         1.205108772657622 ,         1.321333554589687 ,         1.004608763826716 ,         0.926782295925371 , 
  26.58000 ,         3.260078196823910 ,         0.742690974492893 ,         1.230663838309218 ,         1.243992681345776 ,         1.013874126567561 ,         0.895605146167812 , 
  26.59000 ,         3.074296916834109 ,         0.732535070652368 ,         1.199771009433444 ,         1.170097463122258 ,         1.018204161707576 ,         0.862760807310120 , 
  26.60000 ,         2.844953256519700 ,         0.693232280860813 ,         1.202783450601391 ,         1.134673672583445 ,         1.028496791621562 ,         0.830430425661329 , 
  26.61000 ,         2.605001453109846 ,         0.665722593572516 ,         1.174597502055386 ,         1.055788314160173 ,         1.039800411097731 ,         0.802768747346294 , 
  26.62000 ,         2.610861595483299 ,         0.660923197299739 ,         1.177525938891064 ,         1.007409545263204 ,         1.045224045167846 ,         0.777811040997228 , 
  26.63000 ,         2.398001928873968 ,         0.625277050183587 ,         1.159164450309110 ,         0.968671707506459 ,         1.043462810011242 ,         0.762654440815740 , 
  26.64000 ,         2.080871152703507 ,         0.603343361230237 ,         1.120243931702066 ,         0.934382175048832 ,         1.055338664713318 ,         0.741056678561491 , 
  26.65000 ,         1.991956965829180 ,         0.560189150629134 ,         1.128080170889264 ,         0.877038217727060 ,         1.069609331507116 ,         0.724341340391021 , 
  26.66000 ,         1.864208014202102 ,         0.552559984142680 ,         1.069074976371962 ,         0.833418664375992 ,         1.063375970893763 ,         0.712667941466110 , 
  26.67000 ,         1.697711723744305 ,         0.530534913670095 ,         1.061459210763068 ,         0.799306821311037 ,         1.077813314523908 ,         0.703567172211122 , 
  26.68000 ,         1.547028145783049 ,         0.513406347676241 ,         1.042765450376904 ,         0.755713132833785 ,         1.092690764500593 ,         0.703890997228533 , 
  26.69000 ,         1.399680277250300 ,         0.516326502274555 ,         1.017684201584072 ,         0.736192945825956 ,         1.098554617602978 ,         0.699597138577016 , 
  26.70000 ,         1.264984963888693 ,         0.494571824026507 ,         0.981179215694378 ,         0.710582769948532 ,         1.102636809163574 ,         0.701428529097295 , 
  26.71000 ,         1.172418483997939 ,         0.499248400801771 ,         0.966857031257241 ,         0.671714265542197 ,         1.108459561733482 ,         0.700636509601086 , 
  26.72000 ,         1.002404693777252 ,         0.471331928382106 ,         0.930056212589381 ,         0.653754841404069 ,         1.113327717046189 ,         0.723412075470005 , 
  26.73000 ,         0.952037236044486 ,         0.467490597178196 ,         0.926065536201253 ,         0.639601563303503 ,         1.117098048574288 ,         0.724954453739800 , 
  26.74000 ,         0.870757033060289 ,         0.446417918417252 ,         0.884217356413868 ,         0.652293079925946 ,         1.135049029554928 ,         0.748379452930180 , 
  26.75000 ,         0.730765283504268 ,         0.466404749270467 ,         0.868654654398545 ,         0.622776134088118 ,         1.129580049918838 ,         0.762213736515243 , 
  26.76000 ,         0.686901133654886 ,         0.474951909982095 ,         0.849247277152431 ,         0.607806943433927 ,         1.139178731159212 ,         0.784125104641653 , 
  26.77000 ,         0.616821686627688 ,         0.467640501766606 ,         0.793442933989125 ,         0.606966452912772 ,         1.145501834466826 ,         0.813829740987628 , 
  26.78000 ,         0.579286761442181 ,         0.477139195841210 ,         0.795457271253688 ,         0.610954437734353 ,         1.148822195733418 ,         0.831542009101857 , 
  26.79000 ,         0.490868511899732 ,         0.497428861508455 ,         0.773542399452054 ,         0.607507668913642 ,         1.150593669426921 ,         0.865025509988398 , 
  26.80000 ,         0.507469319786390 ,         0.491273490431505 ,         0.750117548871181 ,         0.601655779784738 ,         1.151928362866180 ,         0.875803932927319 , 
  26.81000 ,         0.388409992239412 ,         0.502466894722413 ,         0.736167946600591 ,         0.636560820614591 ,         1.157981005508906 ,         0.912382970981530 , 
  26.82000 ,         0.352696716503982 ,         0.527119874338375 ,         0.704334572778285 ,         0.634738577682112 ,         1.164337147558144 ,         0.938246423516461 , 
  26.83000 ,         0.337043728704434 ,         0.536538218810883 ,         0.685149109463951 ,         0.668219972405738 ,         1.157120946170710 ,         0.970227120579182 , 
  26.84000 ,         0.275277990439398 ,         0.554592878783285 ,         0.679832830439198 ,         0.687810509631401 ,         1.167480485639717 ,         0.995071304302193 , 
  26.85000 ,         0.239728407014402 ,         0.569931236868374 ,         0.670970613542714 ,         0.684801098562775 ,         1.163729664899841 ,         1.019734146383679 , 
  26.86000 ,         0.213445137135516 ,         0.596379533345366 ,         0.637264258354237 ,         0.707420910892934 ,         1.162575390598502 ,         1.047311177604008 , 
  26.87000 ,         0.190269787676346 ,         0.613006291747581 ,         0.645996617836625 ,         0.735952797695704 ,         1.152527591152924 ,         1.079737889113435 , 
  26.88000 ,         0.185528367352634 ,         0.658165716414200 ,         0.656249101048987 ,         0.754475638516161 ,         1.158162749814183 ,         1.093524896622370 , 
  26.89000 ,         0.137893687741762 ,         0.662464258192717 ,         0.645993623268006 ,         0.791260792923738 ,         1.158522435917900 ,         1.123905374724396 , 
  26.90000 ,         0.130136117855197 ,         0.697376490388734 ,         0.644556536671036 ,         0.796509591931369 ,         1.152948591203877 ,         1.142590330352535 , 
  26.91000 ,         0.117800412417008 ,         0.709670991038178 ,         0.633750920048645 ,         0.851758176794407 ,         1.141000260854025 ,         1.161653579914150 , 
  26.92000 ,         0.111597953440520 ,         0.706086366374523 ,         0.611113450518464 ,         0.849596748281768 ,         1.136426419710227 ,         1.178896702505015 , 
  26.93000 ,         0.073324989898971 ,         0.754445403882380 ,         0.645890047742888 ,         0.876558245133400 ,         1.121810286543532 ,         1.185540014092442 , 
  26.94000 ,         0.085482324931527 ,         0.764570705358548 ,         0.642262289552501 ,         0.912065877617634 ,         1.102612276579122 ,         1.205100432335475 , 
  26.95000 ,         0.085418898983830 ,         0.772202100188646 ,         0.650747103196012 ,         0.922447842151276 ,         1.099863658009433 ,         1.213358300018640 , 
  26.96000 ,         0.077734512922228 ,         0.767628315106998 ,         0.653503380694217 ,         0.947579902006615 ,         1.086044503149333 ,         1.221937006438007 , 
  26.97000 ,         0.067015346104167 ,         0.785907240676141 ,         0.664632310368316 ,         0.944973495420549 ,         1.082193128104010 ,         1.229931504742742 , 
  26.98000 ,         0.054790099785545 ,         0.795597907302597 ,         0.666232393920061 ,         0.956353582020602 ,         1.063508178215768 ,         1.223169953372082 , 
  26.99000 ,         0.048666228454330 ,         0.794438159025953 ,         0.657849545180501 ,         0.963724395114159 ,         1.045682315982803 ,         1.250755339205882 , 
  27.00000 ,         0.047110492757617 ,         0.786631252053599 ,         0.658502109452741 ,         0.981721881336150 ,         1.033985084239132 ,         1.237220319880485 , 
  27.01000 ,         0.019741387134333 ,         0.805790272935026 ,         0.662285574150838 ,         0.974446258212475 ,         1.012742651042779 ,         1.241737996275287 , 
  27.02000 ,         0.024279110661897 ,         0.782621957742084 ,         0.659139918360093 ,         0.986907912295702 ,         1.008507785159948 ,         1.237357371203531 , 
  27.03000 ,         0.028810114935530 ,         0.793984022795616 ,         0.693338160751101 ,         0.982197471025753 ,         0.980752226773231 ,         1.245800545674357 , 
  27.04000 ,         0.028788809619484 ,         0.775972059283078 ,         0.695666432449779 ,         0.963856922062871 ,         0.960400370907900 ,         1.233183812055679 , 
  27.05000 ,         0.033309769179659 ,         0.779183634731001 ,         0.705939994546183 ,         0.970147027357569 ,         0.947151931020475 ,         1.235749853053614 , 
  27.06000 ,         0.016642577267582 ,         0.778418727651896 ,         0.725370512611479 ,         0.958933954946292 ,         0.921488156094233 ,         1.225286111301185 , 
  27.07000 ,         0.018142127544279 ,         0.759890571411924 ,         0.744016209810681 ,         0.971170765104670 ,         0.913980542728761 ,         1.219821851733678 , 
  27.08000 ,         0.018128731105867 ,         0.746110589575822 ,         0.745921748626803 ,         0.931457981038406 ,         0.900606090992354 ,         1.209006965859733 , 
  27.09000 ,         0.015096124583497 ,         0.739521403034037 ,         0.730086325169352 ,         0.924354578403223 ,         0.880788106363039 ,         1.214035056543725 , 
  27.10000 ,         0.015084985587814 ,         0.749346659074677 ,         0.771408450496856 ,         0.900573639592516 ,         0.863638995192352 ,         1.201943367289069 , 
  27.11000 ,         0.012059087133041 ,         0.761041452036768 ,         0.782992759083632 ,         0.889075041207103 ,         0.848022328564738 ,         1.183863194639023 , 
  27.12000 ,         0.012050195640627 ,         0.738827620215950 ,         0.794277348593523 ,         0.898210285993932 ,         0.836170606875391 ,         1.184802536610956 , 
  27.13000 ,         0.007525821236561 ,         0.765940456350964 ,         0.810154656115758 ,         0.877887047244804 ,         0.818926941494624 ,         1.180142842658172 , 
  27.14000 ,         0.010528386865645 ,         0.759923923409576 ,         0.794235184177080 ,         0.865865816245127 ,         0.806714142716493 ,         1.171142033621748 , 
  27.15000 ,         0.009017685065380 ,         0.783223521616028 ,         0.815630827319737 ,         0.882042320457484 ,         0.787873265477864 ,         1.167954600850718 , 
  27.16000 ,         0.009011045871816 ,         0.760119265312173 ,         0.824980022577018 ,         0.884772066538966 ,         0.781238904074243 ,         1.157027676447333 , 
  27.17000 ,         0.007503678339691 ,         0.807208197392215 ,         0.836284950958516 ,         0.879149713473999 ,         0.767415253197044 ,         1.142810211134877 , 
  27.18000 ,         0.005998526308022 ,         0.840356044964432 ,         0.827515449586322 ,         0.877003291627502 ,         0.756704721059596 ,         1.127277742783678 , 
  27.19000 ,         0.005994114816176 ,         0.849478459104921 ,         0.856877444581138 ,         0.871488099445566 ,         0.751301414479040 ,         1.131787218240202 , 
  27.20000 ,         0.005989708189051 ,         0.878240963219652 ,         0.840243751895358 ,         0.883575547075526 ,         0.741834718133053 ,         1.118063263757840 , 
  27.21000 ,         0.005985306419498 ,         0.912759228973481 ,         0.873293614769914 ,         0.896206115907056 ,         0.725624882951356 ,         1.104335794603826 , 
  27.22000 ,         0.004485682125285 ,         0.956384809795077 ,         0.860783709499947 ,         0.885174606056182 ,         0.721587386049706 ,         1.097029634764941 , 
  27.23000 ,         0.001494129356143 ,         1.010031444752607 ,         0.867248708156200 ,         0.902454131110317 ,         0.711485722778302 ,         1.087912937441556 , 
  27.24000 ,         0.002986065092482 ,         1.030379085974496 ,         0.875476959302004 ,         0.901045141656379 ,         0.707487469216368 ,         1.080279033105891 , 
  27.25000 ,         0.002983873887229 ,         1.079416378705036 ,         0.899917715176426 ,         0.913345147668956 ,         0.709043032452755 ,         1.065196354711211 , 
  27.26000 ,         0.004472527639477 ,         1.118690975824184 ,         0.907736755495519 ,         0.938858093653547 ,         0.692775895823156 ,         1.053816030636979 , 
  27.27000 ,         0.008938496118640 ,         1.179322831653086 ,         0.904277857335763 ,         0.943849324527659 ,         0.696550931911948 ,         1.038215635113511 , 
  27.28000 ,         0.000000000000000 ,         1.231491802460383 ,         0.899335128632673 ,         0.973209750206679 ,         0.683572852272321 ,         1.032337359791416 , 
  27.29000 ,         0.001487566570489 ,         1.267592663878155 ,         0.899233991860754 ,         0.980864207416352 ,         0.687999538851280 ,         1.020958775136570 , 
  27.30000 ,         0.001486476977738 ,         1.316089554164582 ,         0.906007717931173 ,         0.979774137951410 ,         0.689655639061996 ,         1.020745159650308 , 
  27.31000 ,         0.000000000000000 ,         1.381411380965534 ,         0.921962125293596 ,         0.976085971738684 ,         0.687061846618325 ,         1.004169099611135 , 
  27.32000 ,         0.000000000000000 ,         1.425857013714131 ,         0.918411479230312 ,         0.978989529324998 ,         0.686767695024444 ,         0.992881662558810 , 
  27.33000 ,         0.000000000000000 ,         1.452809457522230 ,         0.920705942579810 ,         0.991436775663620 ,         0.682140019983239 ,         0.987520160070185 , 
  27.34000 ,         0.001482130556201 ,         1.474349370780585 ,         0.929573758217088 ,         1.022206917979628 ,         0.683354819568257 ,         0.986172618832000 , 
  27.35000 ,         0.001481046929449 ,         1.503632895122652 ,         0.943056632326371 ,         0.979990240129495 ,         0.684359388196598 ,         0.965642598000462 , 
  27.36000 ,         0.001479964490667 ,         1.531763247839871 ,         0.939407460450587 ,         0.992131195430583 ,         0.687952243708275 ,         0.965514959043752 , 
  27.37000 ,         0.000000000000000 ,         1.569279976048740 ,         0.942510773693545 ,         0.990944199741933 ,         0.695259982320569 ,         0.947594434824578 , 
  27.38000 ,         0.000000000000000 ,         1.610990180775239 ,         0.923719343993416 ,         0.983200921588833 ,         0.695629660962545 ,         0.947387285389108 , 
  27.39000 ,         0.004430172854395 ,         1.602799620612850 ,         0.940581074148656 ,         0.975007209038014 ,         0.700821042221498 ,         0.937120001606160 , 
  27.40000 ,         0.000000000000000 ,         1.632065118109987 ,         0.944690495298406 ,         0.943768216185550 ,         0.714812426419047 ,         0.932124442385743 , 
  27.41000 ,         0.000000000000000 ,         1.628846947737252 ,         0.951834970930765 ,         0.935522539689988 ,         0.720327472191601 ,         0.927988408311832 , 
  27.42000 ,         0.001473494708360 ,         1.632447950023999 ,         0.969467424681408 ,         0.932722150391688 ,         0.724314742578063 ,         0.922131407175353 , 
  27.43000 ,         0.000000000000000 ,         1.598864650551217 ,         0.971521475530632 ,         0.888973899178356 ,         0.736946478739159 ,         0.924242972352280 , 
  27.44000 ,         0.001471347539695 ,         1.622344580955864 ,         0.970813498534807 ,         0.868370926083563 ,         0.738455536289583 ,         0.918419732238491 , 
  27.45000 ,         0.001470275714909 ,         1.621714113544594 ,         0.970657648536466 ,         0.836311205086659 ,         0.749932506835757 ,         0.908147957594789 , 
  27.46000 ,         0.000000000000000 ,         1.571865764505382 ,         0.990336036347152 ,         0.820642851815901 ,         0.763274985454484 ,         0.899038715611115 , 
  27.47000 ,         0.000000000000000 ,         1.588339176169461 ,         0.990073928992980 ,         0.787562977993211 ,         0.764577480383133 ,         0.889460762807549 , 
  27.48000 ,         0.000000000000000 ,         1.538036636875538 ,         1.007966898126434 ,         0.746095392527498 ,         0.775918119136761 ,         0.885260475728753 , 
  27.49000 ,         0.000000000000000 ,         1.524823360534878 ,         1.010257323233840 ,         0.737947803494045 ,         0.791113213598021 ,         0.877378157351391 , 
  27.50000 ,         0.000000000000000 ,         1.471709438535146 ,         1.008881815554235 ,         0.697400198663818 ,         0.803974155765654 ,         0.879349594068133 , 
  27.51000 ,         0.004391607877403 ,         1.442094236742371 ,         1.043281346375667 ,         0.682803533105464 ,         0.815375195904581 ,         0.876125771541996 , 
  27.52000 ,         0.002925611254541 ,         1.434646618945392 ,         1.039597674230694 ,         0.667862194200617 ,         0.833433506137280 ,         0.871260745404974 , 
  27.53000 ,         0.000000000000000 ,         1.437258923683801 ,         1.055287174387973 ,         0.622154415858549 ,         0.842466511870720 ,         0.858111731212244 , 
  27.54000 ,         0.000000000000000 ,         1.372127939434911 ,         1.037266643237489 ,         0.611751784574407 ,         0.864997486769513 ,         0.844639234574305 , 
  27.55000 ,         0.000000000000000 ,         1.352156939571220 ,         1.055580080136189 ,         0.606290313074506 ,         0.870162526521393 ,         0.848176976498679 , 
  27.56000 ,         0.001458562538537 ,         1.285540557402920 ,         1.064294852338611 ,         0.573670878438276 ,         0.880402022284644 ,         0.837214897120154 , 
  27.57000 ,         0.001457504650976 ,         1.272765936464763 ,         1.082925955675143 ,         0.571159635101207 ,         0.893268162966895 ,         0.837882986229809 , 
  27.58000 ,         0.002912895827836 ,         1.274938092646029 ,         1.074221364509195 ,         0.552084787369568 ,         0.916151251851775 ,         0.830562179910434 , 
  27.59000 ,         0.000000000000000 ,         1.217617604484967 ,         1.085904599009528 ,         0.551684653458937 ,         0.914691336194510 ,         0.835372454444107 , 
  27.60000 ,         0.001454337884643 ,         1.228733720288154 ,         1.108750844805067 ,         0.567100878893164 ,         0.934616607148459 ,         0.832335750605017 , 
  27.61000 ,         0.001453284589100 ,         1.218579127960714 ,         1.094777447026721 ,         0.555154713036366 ,         0.957737251788891 ,         0.827486620490764 , 
  27.62000 ,         0.004356697312223 ,         1.158699955996663 ,         1.093349496313317 ,         0.554026674871035 ,         0.972405763635457 ,         0.826887535180839 , 
  27.63000 ,         0.001451181427910 ,         1.107251429495020 ,         1.095097785036277 ,         0.551086147248668 ,         0.987143491625690 ,         0.838011925198168 , 
  27.64000 ,         0.007250657794767 ,         1.143972533569424 ,         1.117416999396089 ,         0.546246431613288 ,         1.001950274014418 ,         0.843636692726794 , 
  27.65000 ,         0.002898165657779 ,         1.093332994397257 ,         1.102842600461845 ,         0.547934444673907 ,         1.020833569114371 ,         0.851562581164696 , 
  27.66000 ,         0.007240176180357 ,         1.107927959999196 ,         1.118335713258460 ,         0.576137019551943 ,         1.025480453745376 ,         0.868232877328238 , 
  27.67000 ,         0.000000000000000 ,         1.069686454768711 ,         1.117165774074897 ,         0.575268476393623 ,         1.048546853077623 ,         0.869504600893961 , 
  27.68000 ,         0.001445943455600 ,         1.042344488555710 ,         1.146000560029041 ,         0.570876550564108 ,         1.071105207602255 ,         0.892960455299026 , 
  27.69000 ,         0.004334697794005 ,         1.052247889494715 ,         1.144540830025405 ,         0.581752566437088 ,         1.083606718848220 ,         0.909835005720842 , 
  27.70000 ,         0.001443856204425 ,         1.048239604412645 ,         1.126298080464379 ,         0.599110083823653 ,         1.099225776631408 ,         0.922218030070164 , 
  27.71000 ,         0.007214071366193 ,         1.034858537480381 ,         1.130444983082438 ,         0.619328026787666 ,         1.112545068505072 ,         0.953767866529768 , 
  27.72000 ,         0.010092414286358 ,         1.028344927106456 ,         1.158194650201479 ,         0.635731989198742 ,         1.121925036359878 ,         0.978175715910652 , 
  27.73000 ,         0.007203668957614 ,         1.022020533361419 ,         1.127104054280606 ,         0.645718876188082 ,         1.133204661429085 ,         1.002255466658967 , 
  27.74000 ,         0.008638171426466 ,         1.017504609275773 ,         1.153555809242608 ,         0.654251504602418 ,         1.139901199722127 ,         1.025962818797521 , 
  27.75000 ,         0.007193289032622 ,         0.998968014405365 ,         1.151555658009857 ,         0.666188480533695 ,         1.148003971550000 ,         1.061504670932722 , 
  27.76000 ,         0.015813836458703 ,         1.019992451586365 ,         1.166000884798825 ,         0.683319467434312 ,         1.163844452554456 ,         1.085112212799122 , 
  27.77000 ,         0.007182931526471 ,         0.979751860210580 ,         1.158517068575616 ,         0.695038411830105 ,         1.175509190967923 ,         1.119212965129210 , 
  27.78000 ,         0.017226626784696 ,         0.996632137106275 ,         1.168898404953236 ,         0.691397843764940 ,         1.172285411000748 ,         1.146109013269316 , 
  27.79000 ,         0.011476154199432 ,         1.015998276468438 ,         1.179354158900974 ,         0.720666620742438 ,         1.174669556893784 ,         1.176664435260482 , 
  27.80000 ,         0.018635336619917 ,         0.996273765449429 ,         1.172144754799900 ,         0.726419756318703 ,         1.187801125349566 ,         1.207735559955006 , 
  27.81000 ,         0.017189480430869 ,         0.988932296038421 ,         1.175867895724120 ,         0.727956590538512 ,         1.193370726058676 ,         1.220811224767329 , 
  27.82000 ,         0.022902833346277 ,         0.992157897696132 ,         1.184595376320512 ,         0.741479229585711 ,         1.174083333671342 ,         1.267327388574299 , 
  27.83000 ,         0.018595181480383 ,         0.969631434308802 ,         1.169887234866769 ,         0.769465033661798 ,         1.178156726630882 ,         1.278642226553719 , 
  27.84000 ,         0.032875537020252 ,         0.996629051624803 ,         1.183698004125908 ,         0.787940860104944 ,         1.183228991709179 ,         1.304680873717419 , 
  27.85000 ,         0.029995242494480 ,         0.977523527721901 ,         1.157227168023654 ,         0.783536438613254 ,         1.160061539896272 ,         1.315795767668953 , 
  27.86000 ,         0.034255672596327 ,         0.977000328841071 ,         1.172453919097717 ,         0.783866133083135 ,         1.152382235935807 ,         1.343040924103775 , 
  27.87000 ,         0.042788868170407 ,         0.969167864059728 ,         1.158330318763071 ,         0.792842069807507 ,         1.148390821260986 ,         1.358345991590886 , 
  27.88000 ,         0.039907633404988 ,         0.998581630513208 ,         1.171752254038424 ,         0.807684178756758 ,         1.125364084182068 ,         1.364809884611997 , 
  27.89000 ,         0.038454769918256 ,         0.993592920897149 ,         1.175986030995542 ,         0.822860863713783 ,         1.101235121183378 ,         1.373890121784342 , 
  27.90000 ,         0.056929198096902 ,         1.032909137970673 ,         1.171496154587819 ,         0.817378752050681 ,         1.090972472435912 ,         1.367301462885954 , 
  27.91000 ,         0.062577251623070 ,         1.023813613912669 ,         1.190212214819468 ,         0.835904082760439 ,         1.078902039613517 ,         1.360833002447994 , 
  27.92000 ,         0.072480775239163 ,         1.051681836803539 ,         1.153741163702801 ,         0.838769559538498 ,         1.051548600084349 ,         1.364899157498512 , 
  27.93000 ,         0.090891147036182 ,         1.059804976183607 ,         1.181052346155701 ,         0.867016332274830 ,         1.039878157326553 ,         1.337892831324582 , 
  27.94000 ,         0.109275147970260 ,         1.065077903268578 ,         1.167168565049235 ,         0.868524552698693 ,         1.026294982448775 ,         1.334895273500341 , 
  27.95000 ,         0.092179259250958 ,         1.076724655173692 ,         1.161990469980828 ,         0.885541326131079 ,         0.993874114226737 ,         1.326029666191127 , 
  27.96000 ,         0.145964207008323 ,         1.100222924428024 ,         1.165410822703586 ,         0.904216377031532 ,         0.964488611782239 ,         1.295675906112257 , 
  27.97000 ,         0.144443738607907 ,         1.143158901874833 ,         1.154753344128286 ,         0.904543510154908 ,         0.953156085786276 ,         1.278375765636003 , 
  27.98000 ,         0.157076436495229 ,         1.153662746421040 ,         1.163656911580928 ,         0.937328870482228 ,         0.925344716684310 ,         1.247103768469019 , 
  27.99000 ,         0.175347415827110 ,         1.154075885015325 ,         1.155489977078447 ,         0.940194460468144 ,         0.911095097231715 ,         1.215610984949612 , 
  28.00000 ,         0.196418422706152 ,         1.168089055176066 ,         1.162260091192880 ,         0.958864575234126 ,         0.896424006505147 ,         1.192817993286553 , 
  28.01000 ,         0.196278198958616 ,         1.213677064783675 ,         1.149251217103913 ,         0.972653790792676 ,         0.867807342787804 ,         1.159268112599328 , 
  28.02000 ,         0.255402882606740 ,         1.211929009938476 ,         1.135819656454492 ,         0.988451487657578 ,         0.859294884902892 ,         1.125567382592947 , 
  28.03000 ,         0.266501151770236 ,         1.219877295900663 ,         1.165678152931517 ,         1.017621957503609 ,         0.833697386159534 ,         1.099625701459364 , 
  28.04000 ,         0.276174473300755 ,         1.229222990539521 ,         1.154543158473501 ,         1.007825469532474 ,         0.817030827821350 ,         1.070132051120575 , 
  28.05000 ,         0.360460529055625 ,         1.292588928410407 ,         1.149143942482509 ,         1.034299950681339 ,         0.796361680311674 ,         1.040658171683358 , 
  28.06000 ,         0.398193882666448 ,         1.265813327539942 ,         1.144807412666039 ,         1.056339425483520 ,         0.779217412949809 ,         1.006015562993265 , 
  28.07000 ,         0.504769499529257 ,         1.272117561835920 ,         1.146013064651992 ,         1.085377452765643 ,         0.766315499350627 ,         0.973597020418635 , 
  28.08000 ,         0.494574747834227 ,         1.304405771365343 ,         1.151870910394453 ,         1.093034780946844 ,         0.758437225383037 ,         0.954594246507807 , 
  28.09000 ,         0.623394510140466 ,         1.283820619841640 ,         1.151314185394553 ,         1.099803405910819 ,         0.749297561016596 ,         0.923069658244307 , 
  28.10000 ,         0.645399572725013 ,         1.310792501779007 ,         1.133482999598304 ,         1.127607758922683 ,         0.747361305494851 ,         0.904611683727070 , 
  28.11000 ,         0.726259038271343 ,         1.283922228372553 ,         1.143542525270394 ,         1.131712775008976 ,         0.734627491234050 ,         0.895840698963261 , 
  28.12000 ,         0.829420099910233 ,         1.281783300515836 ,         1.130732870580748 ,         1.169349241364153 ,         0.729836272986362 ,         0.877318410156316 , 
  28.13000 ,         0.868031942276289 ,         1.258996329180570 ,         1.131416634438752 ,         1.191006327250260 ,         0.726123595261514 ,         0.863241140981972 , 
  28.14000 ,         0.970945304776102 ,         1.269469014295699 ,         1.129213586624512 ,         1.214468600327384 ,         0.722853214900742 ,         0.866169078961263 , 
  28.15000 ,         0.999614909526930 ,         1.243576869963923 ,         1.142479452977676 ,         1.222081654252067 ,         0.731165005174298 ,         0.862080480541320 , 
  28.16000 ,         1.144200366448995 ,         1.255791336253774 ,         1.127959427181633 ,         1.244876726531084 ,         0.725777888119967 ,         0.856163815867217 , 
  28.17000 ,         1.338839123794836 ,         1.226629327574805 ,         1.127246001062662 ,         1.264497952426666 ,         0.724106567947888 ,         0.857715627405060 , 
  28.18000 ,         1.318357859652206 ,         1.220352949979647 ,         1.114936636995552 ,         1.263862247067376 ,         0.725925156120003 ,         0.867809933045866 , 
  28.19000 ,         1.571148539387969 ,         1.219313035725113 ,         1.106565353273469 ,         1.304701543300546 ,         0.735822394361768 ,         0.875580727168905 , 
  28.20000 ,         1.620186390525371 ,         1.196855230232252 ,         1.103691030003203 ,         1.320580770910270 ,         0.742309709395102 ,         0.889217463447871 , 
  28.21000 ,         1.826464117126456 ,         1.164510086872165 ,         1.110391342548010 ,         1.333913937674623 ,         0.744567772594781 ,         0.908707661931627 , 
  28.22000 ,         1.894726679636628 ,         1.150990812455474 ,         1.118473017935278 ,         1.357661394205486 ,         0.758016743517898 ,         0.924040082117666 , 
  28.23000 ,         2.035179887691788 ,         1.123762665104405 ,         1.109687394364734 ,         1.371556937632453 ,         0.758717911939401 ,         0.944976317175026 , 
  28.24000 ,         2.293512810425491 ,         1.087195919599788 ,         1.107859761547140 ,         1.381351787320925 ,         0.771898684172010 ,         0.969659465666054 , 
  28.25000 ,         2.322429387802802 ,         1.083649994532912 ,         1.088335110602150 ,         1.403799592597480 ,         0.774193740089336 ,         0.996281255982501 , 
  28.26000 ,         2.377661273974570 ,         1.094674418217726 ,         1.099876419254718 ,         1.419799483029739 ,         0.792828308046253 ,         1.033334155989859 , 
  28.27000 ,         2.511828929865978 ,         1.067042118523365 ,         1.084283218035069 ,         1.439155296426730 ,         0.795213225468228 ,         1.043303117185641 , 
  28.28000 ,         2.673511031872807 ,         1.045162732408307 ,         1.073560129378977 ,         1.452163229844643 ,         0.808892926515144 ,         1.066807089855464 , 
  28.29000 ,         2.713149083073211 ,         1.028158919108483 ,         1.059391279407891 ,         1.456760339948556 ,         0.825040431870437 ,         1.096658146995065 , 
  28.30000 ,         2.947773161372537 ,         1.050083670167493 ,         1.058815635480099 ,         1.482272725590455 ,         0.835329196538640 ,         1.127547441653585 , 
  28.31000 ,         2.955367165116400 ,         1.043812736463294 ,         1.050897047371255 ,         1.493839267189771 ,         0.847374298329424 ,         1.141956360749198 , 
  28.32000 ,         3.090031934985188 ,         1.031334418175376 ,         1.025636437964462 ,         1.506166102418182 ,         0.856035193656281 ,         1.167913277170307 , 
  28.33000 ,         3.198279147395938 ,         1.033712255721248 ,         1.033884799913490 ,         1.526584740860248 ,         0.858946557004230 ,         1.174788700903036 , 
  28.34000 ,         3.216713161477936 ,         1.017464856661733 ,         1.033672566630587 ,         1.513351812730052 ,         0.882156341788781 ,         1.192452087030243 , 
  28.35000 ,         3.170335263189939 ,         1.048278246806934 ,         0.996329546706295 ,         1.534166586056697 ,         0.892389071297635 ,         1.223055900752494 , 
  28.36000 ,         3.369205348451910 ,         1.045472959719951 ,         1.004838635198556 ,         1.520171403387260 ,         0.891092657923360 ,         1.217243374976969 , 
  28.37000 ,         3.392983391419619 ,         1.082760876379496 ,         1.004732581855724 ,         1.509034525073315 ,         0.909907126906629 ,         1.220557812160591 , 
  28.38000 ,         3.313565040046307 ,         1.092658044286752 ,         0.995169907211915 ,         1.536512763614250 ,         0.919066403379905 ,         1.228187187230738 , 
  28.39000 ,         3.271369902828154 ,         1.127626085728003 ,         0.979950537856112 ,         1.530104236850637 ,         0.952309695780614 ,         1.223971709310507 , 
  28.40000 ,         3.200388658614977 ,         1.140911085648955 ,         0.970675819821876 ,         1.493142702234182 ,         0.951660635061060 ,         1.216027504004323 , 
  28.41000 ,         3.295589984882278 ,         1.154005530941181 ,         0.965445899881954 ,         1.508648622296432 ,         0.964588030768855 ,         1.216887336931360 , 
  28.42000 ,         3.176683078619992 ,         1.184055124187698 ,         0.969224387059522 ,         1.499871738545320 ,         0.982919203602309 ,         1.206986976614588 , 
  28.43000 ,         3.099062427475475 ,         1.189047614256955 ,         0.957320395484256 ,         1.490764163061925 ,         0.995934459758486 ,         1.203032630325214 , 
  28.44000 ,         3.094144049159132 ,         1.238547922289573 ,         0.964694258797429 ,         1.469598574920175 ,         1.014688175483709 ,         1.175541890301383 , 
  28.45000 ,         2.987945529833930 ,         1.196444290547908 ,         0.946137126659507 ,         1.447179183697910 ,         1.016092247394210 ,         1.161178012928977 , 
  28.46000 ,         2.883263252253965 ,         1.223984915968106 ,         0.956500015698222 ,         1.425389334324081 ,         1.030829872133078 ,         1.148949802126018 , 
  28.47000 ,         2.804696702798145 ,         1.268229996641730 ,         0.950958933222129 ,         1.419348066428825 ,         1.027863422948434 ,         1.125505002239926 , 
  28.48000 ,         2.645654525621864 ,         1.257778580940647 ,         0.950376607955221 ,         1.372510114318157 ,         1.049806335262851 ,         1.095882484920969 , 
  28.49000 ,         2.540065737776902 ,         1.292894825421371 ,         0.968391531946648 ,         1.342713417269225 ,         1.052609690853830 ,         1.076175420302409 , 
  28.50000 ,         2.461903172798593 ,         1.306990978024516 ,         0.987148155852067 ,         1.323102463469770 ,         1.066703943110180 ,         1.034949824970724 , 
  28.51000 ,         2.229833041564014 ,         1.317318847598789 ,         0.961070307721776 ,         1.297129726615802 ,         1.073473451759968 ,         1.022766387350166 , 
  28.52000 ,         2.216011410990856 ,         1.308563591339560 ,         0.976229980840625 ,         1.271363338320084 ,         1.086170774375301 ,         0.992467848720407 , 
  28.53000 ,         2.158654419965684 ,         1.318875241454444 ,         0.984392691828614 ,         1.237466340134017 ,         1.093894894780254 ,         0.979714019338934 , 
  28.54000 ,         1.897360049344593 ,         1.279697947259566 ,         0.993818832297833 ,         1.204636615558344 ,         1.095487408418628 ,         0.955098066057848 , 
  28.55000 ,         1.825354703898282 ,         1.295961064904700 ,         0.998559407312189 ,         1.161913702527955 ,         1.099477193436126 ,         0.936696294732427 , 
  28.56000 ,         1.701837725338007 ,         1.292676819705066 ,         1.007113067308964 ,         1.111780162048677 ,         1.104161450164744 ,         0.910807455806771 , 
  28.57000 ,         1.564920603204614 ,         1.301612192951626 ,         1.022440808240742 ,         1.087674109621073 ,         1.103876399040635 ,         0.880840433300407 , 
  28.58000 ,         1.483803376178860 ,         1.249331247607635 ,         1.025794370151987 ,         1.061312743930492 ,         1.113128032646747 ,         0.875858514255258 , 
  28.59000 ,         1.433972553117670 ,         1.234395560257011 ,         1.014403433576565 ,         1.030921902849837 ,         1.121392288408065 ,         0.853454245785712 , 
  28.60000 ,         1.260959379820334 ,         1.210168857002651 ,         1.022074620834500 ,         0.975516641584957 ,         1.113603375495532 ,         0.840942918835939 , 
  28.61000 ,         1.212706696964668 ,         1.210507312609124 ,         1.056719591132996 ,         0.936430185225926 ,         1.112486673301939 ,         0.826862778052134 , 
  28.62000 ,         1.084722356685293 ,         1.193093153230691 ,         1.067815836163390 ,         0.903991652306151 ,         1.114815963214280 ,         0.821572364761874 , 
  28.63000 ,         0.989354348274597 ,         1.156780946488416 ,         1.058791615545919 ,         0.877173459057669 ,         1.117923108356047 ,         0.821167488010362 , 
  28.64000 ,         0.937339513413881 ,         1.157155083742568 ,         1.049948565187486 ,         0.849126275705172 ,         1.112985153952059 ,         0.812342621799363 , 
  28.65000 ,         0.801716227515175 ,         1.120580636185983 ,         1.075872134441135 ,         0.801378804860497 ,         1.101748234271762 ,         0.814981155627208 , 
  28.66000 ,         0.731021914305566 ,         1.088777565171896 ,         1.087681706674898 ,         0.767691025551290 ,         1.119967383932627 ,         0.830386776100732 , 
  28.67000 ,         0.677947527248976 ,         1.092061598317063 ,         1.101327779728269 ,         0.730259333215876 ,         1.110004295049672 ,         0.822394659747756 , 
  28.68000 ,         0.610131419169906 ,         1.057460111425546 ,         1.096182580081472 ,         0.726214645857999 ,         1.105905286885297 ,         0.827797991620041 , 
  28.69000 ,         0.593555009685816 ,         1.038384784518383 ,         1.080529209100667 ,         0.682722854111406 ,         1.095018983819825 ,         0.835401757538242 , 
  28.70000 ,         0.527236848503142 ,         1.015805178142853 ,         1.091629099914191 ,         0.665686958433735 ,         1.094445176831419 ,         0.843015742221582 , 
  28.71000 ,         0.455634703812269 ,         1.022321966333945 ,         1.093304880183754 ,         0.658083014318827 ,         1.103028279329453 ,         0.865802541208906 , 
  28.72000 ,         0.440543151679128 ,         1.036888149683801 ,         1.078776684875852 ,         0.618422522564812 ,         1.088094575469675 ,         0.868347655632016 , 
  28.73000 ,         0.401313175447399 ,         1.044722886083174 ,         1.090524933280975 ,         0.615643268103775 ,         1.089329550181033 ,         0.886995231790747 , 
  28.74000 ,         0.348725176100205 ,         1.033768959535510 ,         1.078784685392676 ,         0.577911385585291 ,         1.095822760402860 ,         0.903416159334593 , 
  28.75000 ,         0.276105465901215 ,         1.020987080826458 ,         1.083395628185804 ,         0.566786887829982 ,         1.092673140427479 ,         0.919311410548060 , 
  28.76000 ,         0.250465160850211 ,         1.038526332054719 ,         1.089422995756901 ,         0.558105356747446 ,         1.090322895649662 ,         0.934472790966212 , 
  28.77000 ,         0.231552706305658 ,         1.063067843833925 ,         1.059721706459565 ,         0.550857865253887 ,         1.080886025352388 ,         0.961094307350327 , 
  28.78000 ,         0.197953697457261 ,         1.024711327462461 ,         1.046864084990406 ,         0.554738486624318 ,         1.088118371179240 ,         0.973174817968204 , 
  28.79000 ,         0.197816205747245 ,         1.032353323743433 ,         1.061424286412369 ,         0.534304244915277 ,         1.090704092203927 ,         0.991294765836013 , 
  28.80000 ,         0.186993513598681 ,         1.049668053566881 ,         1.039066189179813 ,         0.546705589534715 ,         1.080158848585594 ,         0.998891801492596 , 
  28.81000 ,         0.158834165906319 ,         1.101161234224479 ,         1.020492831686974 ,         0.544657704413002 ,         1.083705326022853 ,         1.021493887354451 , 
  28.82000 ,         0.134715293842139 ,         1.107233002977283 ,         1.016200143524551 ,         0.554700226005936 ,         1.069531894289098 ,         1.028287840063604 , 
  28.83000 ,         0.155948089585781 ,         1.115462029676075 ,         1.000666908175431 ,         0.563062573456355 ,         1.073371873552562 ,         1.045277058802133 , 
  28.84000 ,         0.114549031350713 ,         1.128008266571334 ,         0.989483856565821 ,         0.568749260311096 ,         1.076269732425645 ,         1.054313113952716 , 
  28.85000 ,         0.095835043289603 ,         1.160003336484564 ,         0.972326376709093 ,         0.562614928617693 ,         1.073443993999468 ,         1.061173448092162 , 
  28.86000 ,         0.098428881074076 ,         1.167346577738329 ,         0.971985200606505 ,         0.590739551446273 ,         1.068211070406542 ,         1.066340589136131 , 
  28.87000 ,         0.093043910351227 ,         1.180162312901368 ,         0.945891038624171 ,         0.586010485372818 ,         1.064605099241942 ,         1.073847184087098 , 
  28.88000 ,         0.073055310952269 ,         1.189473290141030 ,         0.940836180706888 ,         0.604532698130024 ,         1.057413362984982 ,         1.064117017938841 , 
  28.89000 ,         0.086278334878530 ,         1.211381005669519 ,         0.920523465204012 ,         0.625849767618877 ,         1.055167443576949 ,         1.070722431836299 , 
  28.90000 ,         0.063669147337134 ,         1.224138840599111 ,         0.911596281405108 ,         0.639012744368004 ,         1.054478801503480 ,         1.069608514249609 , 
  28.91000 ,         0.066276154690374 ,         1.235553213815289 ,         0.879650263127983 ,         0.657707990108595 ,         1.045796298417413 ,         1.058140232228495 , 
  28.92000 ,         0.067554935052917 ,         1.244633448021521 ,         0.890715130189141 ,         0.675135410976154 ,         1.047722402649751 ,         1.057822527743447 , 
  28.93000 ,         0.076774077755291 ,         1.210680877016095 ,         0.857586303891543 ,         0.697998808212709 ,         1.048032345909518 ,         1.047660057816955 , 
  28.94000 ,         0.084657687733875 ,         1.219103772777072 ,         0.856415026596887 ,         0.705783867367277 ,         1.045365363819320 ,         1.042864489743197 , 
  28.95000 ,         0.070058722757453 ,         1.243377096108104 ,         0.837482632773944 ,         0.712483991816365 ,         1.035658766281539 ,         1.029049452813855 , 
  28.96000 ,         0.064726548165312 ,         1.230134652631576 ,         0.820640164238783 ,         0.733787704200634 ,         1.039319302571527 ,         1.011538073671491 , 
  28.97000 ,         0.089762596008598 ,         1.242980948038171 ,         0.807203344989079 ,         0.751514234413892 ,         1.023895861916084 ,         1.006941621585416 , 
  28.98000 ,         0.118721460091642 ,         1.234538294036287 ,         0.796423128114768 ,         0.756766862625823 ,         1.033412598276869 ,         0.991262357671416 , 
  28.99000 ,         0.096229872719900 ,         1.183429701839589 ,         0.775441405855905 ,         0.783268321873362 ,         1.019682379895410 ,         0.969013397256080 , 
  29.00000 ,         0.130413539104214 ,         1.188541572290682 ,         0.742138662553907 ,         0.784374865559250 ,         1.006999997969475 ,         0.961779267948648 , 
  29.01000 ,         0.127690844319017 ,         1.176039258180429 ,         0.740063881861827 ,         0.795599526137173 ,         1.016466840295936 ,         0.943550596238121 , 
  29.02000 ,         0.153912725052231 ,         1.143657054207549 ,         0.717683855224852 ,         0.804999728091021 ,         1.007482935154260 ,         0.938172877879136 , 
  29.03000 ,         0.174840102036925 ,         1.122164527077218 ,         0.714313837927173 ,         0.824328357019017 ,         1.002927356926331 ,         0.930481276112864 , 
  29.04000 ,         0.194424939869162 ,         1.106448686518929 ,         0.708977768484042 ,         0.850280691421047 ,         0.996756237335990 ,         0.918858998442042 , 
  29.05000 ,         0.203480551804006 ,         1.101420535248782 ,         0.693720994154384 ,         0.835008699882811 ,         0.985773020019852 ,         0.907314037091392 , 
  29.06000 ,         0.211211780713215 ,         1.075737019781592 ,         0.677829111473660 ,         0.860507623674375 ,         0.993826861034503 ,         0.898080526823378 , 
  29.07000 ,         0.201889689114898 ,         1.047302762283531 ,         0.666629265681334 ,         0.866060882282657 ,         0.986977566012897 ,         0.882509484185992 , 
  29.08000 ,         0.238432836625213 ,         1.019889908311694 ,         0.656509094801153 ,         0.864728429807306 ,         0.979298191705599 ,         0.888452988327964 , 
  29.09000 ,         0.280162376595825 ,         0.997914820374614 ,         0.653275822062227 ,         0.880825929922329 ,         0.982859365557549 ,         0.874893753431909 , 
  29.10000 ,         0.278661587855068 ,         0.971554280191878 ,         0.645631425382517 ,         0.879484753218637 ,         0.991750703959543 ,         0.872023523790299 , 
  29.11000 ,         0.288929139932968 ,         0.966474509934147 ,         0.637180269569367 ,         0.898899736539191 ,         0.976034665299576 ,         0.879391299842642 , 
  29.12000 ,         0.329231424811916 ,         0.960421631606585 ,         0.627352439689967 ,         0.900977068793323 ,         0.988857852760045 ,         0.872316297436928 , 
  29.13000 ,         0.386450811678890 ,         0.908028849738743 ,         0.631899300177645 ,         0.900684978739778 ,         0.985200694152871 ,         0.880060941017684 , 
  29.14000 ,         0.403146474773080 ,         0.921431060868893 ,         0.634482750851403 ,         0.920860262866585 ,         0.975921884446384 ,         0.880904402705014 , 
  29.15000 ,         0.455021366932090 ,         0.895538112926874 ,         0.632825203365797 ,         0.942800360924835 ,         0.981363910692136 ,         0.898716091671565 , 
  29.16000 ,         0.492493204661156 ,         0.895412579109469 ,         0.640615747531301 ,         0.945411062519183 ,         0.983541013425695 ,         0.886801276795825 , 
  29.17000 ,         0.514289573137955 ,         0.883080767040045 ,         0.657021204670229 ,         0.953958333211431 ,         0.985369057140426 ,         0.897870661014384 , 
  29.18000 ,         0.525647099103045 ,         0.851086407675195 ,         0.653074234668402 ,         0.970462945652186 ,         0.980627841597094 ,         0.901890557607842 , 
  29.19000 ,         0.522686574478755 ,         0.857979610284000 ,         0.649132518180394 ,         0.967522754313441 ,         0.986599351539636 ,         0.910292962634855 , 
  29.20000 ,         0.571702979511899 ,         0.817437811330508 ,         0.661031570060634 ,         0.981315171082641 ,         0.990572861375873 ,         0.910197431834410 , 
  29.21000 ,         0.629741198974597 ,         0.839925439354005 ,         0.677052941114054 ,         0.988028234215943 ,         0.992491606115892 ,         0.918703953388101 , 
  29.22000 ,         0.674724379289960 ,         0.834484839290107 ,         0.696214999543787 ,         0.988974015077051 ,         1.007828993224276 ,         0.920467594475465 , 
  29.23000 ,         0.663889518861686 ,         0.840721419515518 ,         0.706760314208101 ,         1.002074450772063 ,         1.004181521998919 ,         0.919574508120550 , 
  29.24000 ,         0.724336805356083 ,         0.840632383675776 ,         0.717614985717828 ,         1.016371523615703 ,         1.010378575986415 ,         0.921861119786258 , 
  29.25000 ,         0.744559802811009 ,         0.865307979527751 ,         0.721818356659934 ,         1.017780878277310 ,         1.022758098698275 ,         0.920988103911879 , 
  29.26000 ,         0.763460988177584 ,         0.861966865677615 ,         0.748175593393096 ,         0.997917916644407 ,         1.024303419546201 ,         0.917426968711808 , 
  29.27000 ,         0.768111879956532 ,         0.849093372350939 ,         0.758090218223092 ,         1.019542441672101 ,         1.039585765138980 ,         0.919245004485016 , 
  29.28000 ,         0.814107745576008 ,         0.866281714191296 ,         0.786001644835884 ,         1.023288207980954 ,         1.046023459010681 ,         0.910359025912338 , 
  29.29000 ,         0.748984331058973 ,         0.860363466496622 ,         0.790146185459843 ,         1.016939932256795 ,         1.054893583299951 ,         0.887542396828962 , 
  29.30000 ,         0.811706244039787 ,         0.909782038232194 ,         0.825578807034108 ,         1.013584297381559 ,         1.068005878081663 ,         0.887178632539413 , 
  29.31000 ,         0.763437611173576 ,         0.914158507805184 ,         0.820179595787829 ,         1.020307930727017 ,         1.078843252212955 ,         0.873778203413507 , 
  29.32000 ,         0.828641200839247 ,         0.913212863055539 ,         0.831621345126869 ,         0.999395414075951 ,         1.094357309078815 ,         0.868933557052295 , 
  29.33000 ,         0.798456104511154 ,         0.934000467414056 ,         0.851820660689672 ,         0.998150620165607 ,         1.107113316887581 ,         0.838036829248388 , 
  29.34000 ,         0.770885870208112 ,         0.934329118148730 ,         0.868935732038630 ,         0.990392082624424 ,         1.123129395574229 ,         0.820333083136997 , 
  29.35000 ,         0.742066940660963 ,         0.937390019712755 ,         0.888197540544156 ,         0.985055281390826 ,         1.133798226981501 ,         0.810309448527207 , 
  29.36000 ,         0.783973196276980 ,         0.941249786267793 ,         0.885263175836947 ,         0.977476416546575 ,         1.141881861165418 ,         0.784013358838265 , 
  29.37000 ,         0.696105196071469 ,         0.975606844217324 ,         0.909223196021855 ,         0.982670642332440 ,         1.157439442856726 ,         0.778522863283920 , 
  29.38000 ,         0.671245810360936 ,         0.979274480507446 ,         0.907641771538479 ,         0.966199305186123 ,         1.176023782773553 ,         0.754650187909070 , 
  29.39000 ,         0.692592955197510 ,         1.000251723953070 ,         0.934118716078308 ,         0.964339496646533 ,         1.185604508751154 ,         0.732793807863198 , 
  29.40000 ,         0.648543839132963 ,         1.012708895049274 ,         0.929718354369710 ,         0.973296398896430 ,         1.203903560075286 ,         0.710045757672283 , 
  29.41000 ,         0.594307777312493 ,         1.003374687612445 ,         0.946137341063626 ,         0.947017915625916 ,         1.216353653337107 ,         0.687888837613989 , 
  29.42000 ,         0.609263411621441 ,         1.014212386099872 ,         0.949414150357571 ,         0.961813812752703 ,         1.232246449699431 ,         0.669721765525446 , 
  29.43000 ,         0.648501398854192 ,         1.041503479323522 ,         0.957882613544247 ,         0.953086005564556 ,         1.247577749650987 ,         0.653078162301480 , 
  29.44000 ,         0.567532636204486 ,         1.029451794781955 ,         0.971372371003709 ,         0.949322961151170 ,         1.256676555554001 ,         0.644405986315377 , 
  29.45000 ,         0.487951038628022 ,         1.051904922277948 ,         0.974305378831214 ,         0.958019054897949 ,         1.282148835138422 ,         0.623371023783909 , 
  29.46000 ,         0.494002289945980 ,         1.066349258303935 ,         0.977074619665442 ,         0.949630048001776 ,         1.291011798434407 ,         0.621611570108867 , 
  29.47000 ,         0.515352723487751 ,         1.054304519709472 ,         0.994908204889179 ,         0.971707765140581 ,         1.299523600660501 ,         0.603928972837209 , 
  29.48000 ,         0.434693256287810 ,         1.087051830790118 ,         0.983238540294697 ,         0.960133510176760 ,         1.316050564640051 ,         0.592325332454495 , 
  29.49000 ,         0.396181622298775 ,         1.074690421581364 ,         1.009323638641795 ,         0.979785177654487 ,         1.338685440499604 ,         0.588519997312494 , 
  29.50000 ,         0.357722098722489 ,         1.109288589944161 ,         0.997341305045908 ,         0.990737449575720 ,         1.335948026940533 ,         0.591800927557357 , 
  29.51000 ,         0.348574510309755 ,         1.102494105829165 ,         1.009546203787170 ,         1.009069140132549 ,         1.344544277592502 ,         0.591598687034610 , 
  29.52000 ,         0.334354000851613 ,         1.124789742408611 ,         1.013709206954582 ,         1.012835182712812 ,         1.353108711383685 ,         0.592290473110299 , 
  29.53000 ,         0.296014175634386 ,         1.155789254435119 ,         1.019216190569469 ,         1.020566040619303 ,         1.368231831395902 ,         0.606162075319985 , 
  29.54000 ,         0.279309161464313 ,         1.165798352339114 ,         1.028048152253306 ,         1.011305472404167 ,         1.390872339979320 ,         0.612417076187945 , 
  29.55000 ,         0.270239055982705 ,         1.202436926326802 ,         1.048603660890638 ,         1.016251097850455 ,         1.375360582821604 ,         0.620526916840569 , 
  29.56000 ,         0.216805718517216 ,         1.194491740105453 ,         1.052094124544255 ,         1.040762539110059 ,         1.398123500032214 ,         0.633261293687988 , 
  29.57000 ,         0.219193128955110 ,         1.205720585791368 ,         1.078227472490166 ,         1.043463822341577 ,         1.399731845162762 ,         0.654946376916719 , 
  29.58000 ,         0.177261809576107 ,         1.178632764208274 ,         1.090080994156639 ,         1.044024577561418 ,         1.405294432993258 ,         0.684812225276444 , 
  29.59000 ,         0.180937918235177 ,         1.220065647959929 ,         1.098913160750011 ,         1.042765467591368 ,         1.401774608460313 ,         0.696725653029489 , 
  29.60000 ,         0.147940104712437 ,         1.226511979239860 ,         1.127015936594050 ,         1.053678106907542 ,         1.424200105275202 ,         0.716861479618864 , 
  29.61000 ,         0.123831958888226 ,         1.213521607319180 ,         1.124912259186151 ,         1.039303940669036 ,         1.421105984830469 ,         0.751718431554576 , 
  29.62000 ,         0.155316818250768 ,         1.213649406026579 ,         1.141594398372640 ,         1.036787114512366 ,         1.412984494287187 ,         0.778261165637898 , 
  29.63000 ,         0.133759933581373 ,         1.181283187017571 ,         1.145556034946603 ,         1.022916473201889 ,         1.409664866067252 ,         0.806167807243748 , 
  29.64000 ,         0.110971065423731 ,         1.204130637460063 ,         1.200111088925539 ,         1.028531536775352 ,         1.432299127802181 ,         0.836105502519641 , 
  29.65000 ,         0.117197145860819 ,         1.197805238072136 ,         1.191661839297174 ,         0.998853631590665 ,         1.429954826395231 ,         0.874666400585257 , 
  29.66000 ,         0.109562123589601 ,         1.195266098298625 ,         1.218327665979482 ,         0.991489993432620 ,         1.423146657438562 ,         0.904792666468579 , 
  29.67000 ,         0.117039198244326 ,         1.188325407980694 ,         1.209090427024042 ,         0.992158902321186 ,         1.429895728953735 ,         0.932597119478097 , 
  29.68000 ,         0.111929791710660 ,         1.164258479507233 ,         1.232721154071829 ,         0.956512384358865 ,         1.425277338933620 ,         0.963959960036243 , 
  29.69000 ,         0.076664255403724 ,         1.141794689086606 ,         1.260482895966756 ,         0.944714139078468 ,         1.431642130110930 ,         1.000012946254924 , 
  29.70000 ,         0.080380473006376 ,         1.146049712786222 ,         1.276432491754573 ,         0.916211797783616 ,         1.405775191360292 ,         1.028049765474860 , 
  29.71000 ,         0.084091670758139 ,         1.091622845401363 ,         1.271808076494129 ,         0.886963172819288 ,         1.427185480276017 ,         1.053479585227721 , 
  29.72000 ,         0.061458499387051 ,         1.114092083276484 ,         1.298389190494540 ,         0.882995583030278 ,         1.411879678361380 ,         1.080109609444486 , 
  29.73000 ,         0.091499037128154 ,         1.089684594565600 ,         1.295949119187543 ,         0.843702594066967 ,         1.417157925006496 ,         1.101474496181857 , 
  29.74000 ,         0.085174671351155 ,         1.046677716879541 ,         1.313161707025985 ,         0.826460482954174 ,         1.400626230525137 ,         1.120716269664793 , 
  29.75000 ,         0.103893322315247 ,         1.024538365241322 ,         1.326048052141142 ,         0.791951883883468 ,         1.382297524087424 ,         1.135081486048132 , 
  29.76000 ,         0.090063770543497 ,         0.998206790190424 ,         1.321951645937490 ,         0.765151147837851 ,         1.370267106176971 ,         1.156248380601604 , 
  29.77000 ,         0.120004365747081 ,         0.954722232701385 ,         1.313797795835228 ,         0.749402263180989 ,         1.360752629047465 ,         1.180902336111410 , 
  29.78000 ,         0.089942839010040 ,         0.952207347713935 ,         1.327906081495458 ,         0.718137355220791 ,         1.337938767964894 ,         1.199296410003019 , 
  29.79000 ,         0.127333491461251 ,         0.930033834692474 ,         1.316247549602519 ,         0.683169149040881 ,         1.326253995852462 ,         1.200422446615860 , 
  29.80000 ,         0.119762867841565 ,         0.926446872196274 ,         1.332283934120328 ,         0.686609254044806 ,         1.310686073187962 ,         1.208895432584340 , 
  29.81000 ,         0.159576707358904 ,         0.887333761427341 ,         1.322897137470441 ,         0.656383878316115 ,         1.273730681248045 ,         1.223785041884248 , 
  29.82000 ,         0.164453126757552 ,         0.858706951648810 ,         1.329796637673049 ,         0.648390713309725 ,         1.259503048572490 ,         1.225241980498000 , 
  29.83000 ,         0.181773191000591 ,         0.873538459834174 ,         1.306961693512809 ,         0.644765693763225 ,         1.233875019862421 ,         1.225762924330824 , 
  29.84000 ,         0.228930505694509 ,         0.846825138251768 ,         1.335557552752443 ,         0.629325605497847 ,         1.197063928213748 ,         1.230968038432092 , 
  29.85000 ,         0.215100249630294 ,         0.836466433172139 ,         1.314769192014068 ,         0.614061478532724 ,         1.177922537534679 ,         1.224218048270679 , 
  29.86000 ,         0.249746800298021 ,         0.832955279849679 ,         1.306122958399381 ,         0.628948798387335 ,         1.142556665449223 ,         1.225184338184638 , 
  29.87000 ,         0.286830293225489 ,         0.838761312007869 ,         1.306490256074433 ,         0.617740566578704 ,         1.112321047835750 ,         1.212199453512483 , 
  29.88000 ,         0.294083488821469 ,         0.817880926453378 ,         1.284133546388681 ,         0.622368142877713 ,         1.076561168268781 ,         1.209003435683039 , 
  29.89000 ,         0.321167370642404 ,         0.807723536881064 ,         1.299472322287930 ,         0.622184278841027 ,         1.041333273116312 ,         1.202362593664636 , 
  29.90000 ,         0.353171756700336 ,         0.834755524937769 ,         1.297209156353933 ,         0.640433608805939 ,         1.011631840587855 ,         1.203397908480406 , 
  29.91000 ,         0.438383215843039 ,         0.836209792367267 ,         1.276140971543085 ,         0.657110434764725 ,         0.988161743021195 ,         1.205824737151595 , 
  29.92000 ,         0.499967378741154 ,         0.846634116290326 ,         1.256802279883200 ,         0.654814948703992 ,         0.954783773982903 ,         1.188756750575105 , 
  29.93000 ,         0.535498113125810 ,         0.849624027061042 ,         1.241276587570349 ,         0.664734955670029 ,         0.916735204416915 ,         1.179691985718012 , 
  29.94000 ,         0.614237431807196 ,         0.875164751304770 ,         1.243537275485922 ,         0.692639216676953 ,         0.880629703304313 ,         1.172280480862917 , 
  29.95000 ,         0.711397463226661 ,         0.885541633912353 ,         1.249345479852810 ,         0.707692268105688 ,         0.854722901578017 ,         1.181050242701141 , 
  29.96000 ,         0.709688403611456 ,         0.900070031884617 ,         1.227606658160078 ,         0.730516215456575 ,         0.822120017553163 ,         1.178642015313081 , 
  29.97000 ,         0.814055344454711 ,         0.893302398820189 ,         1.228714785536329 ,         0.757318153780595 ,         0.783451180463374 ,         1.172844841322925 , 
  29.98000 ,         0.873909499881616 ,         0.926911063344111 ,         1.211640392642635 ,         0.784007138601481 ,         0.765845629028395 ,         1.174585520512605 , 
  29.99000 ,         0.958319108096210 ,         0.920134156488263 ,         1.208907853023359 ,         0.818512914305824 ,         0.733347384635883 ,         1.191932486431520 , 
  30.00000 ,         1.063542171712861 ,         0.930907138145661 ,         1.180251769115090 ,         0.843124903052752 ,         0.708181835258745 ,         1.186425760671800 , 
  30.01000 ,         1.145252299308057 ,         0.951660375995914 ,         1.173160904614772 ,         0.883849384589515 ,         0.687201353671472 ,         1.197206128608367 , 
  30.02000 ,         1.250210261970821 ,         0.931972128669251 ,         1.152940953240790 ,         0.905234593568105 ,         0.662675977722365 ,         1.184634152175338 , 
  30.03000 ,         1.312030921739418 ,         0.961296063914883 ,         1.166377676272443 ,         0.936572634795027 ,         0.649105185649874 ,         1.202579840340803 , 
  30.04000 ,         1.537049855603503 ,         0.967561835021973 ,         1.139206230338718 ,         0.964646105463620 ,         0.628454814412964 ,         1.212694124668004 , 
  30.05000 ,         1.659939754656230 ,         0.969064976872941 ,         1.113757619012460 ,         0.998279548497296 ,         0.615327122421359 ,         1.218692372996526 , 
  30.06000 ,         1.690712626050609 ,         0.980220989505049 ,         1.091484347600838 ,         1.041676370491841 ,         0.603327858104128 ,         1.239950433214192 , 
  30.07000 ,         1.815786695750516 ,         0.969001553982247 ,         1.088461205018465 ,         1.063726931118017 ,         0.591708156126191 ,         1.251818448975524 , 
  30.08000 ,         2.001914731469141 ,         0.996671921355279 ,         1.072432455917758 ,         1.101741834440414 ,         0.579702009539817 ,         1.253511612390955 , 
  30.09000 ,         2.022609116286199 ,         0.945077263273776 ,         1.051300949848244 ,         1.141006050173551 ,         0.572548729633836 ,         1.277399099133640 , 
  30.10000 ,         2.179004819332300 ,         0.966459558967321 ,         1.045634958547437 ,         1.179224339306165 ,         0.569646365463599 ,         1.290746252276517 , 
  30.11000 ,         2.396291045703010 ,         0.982314362246051 ,         1.031727936524795 ,         1.221821269414736 ,         0.567167783597399 ,         1.305507396178156 , 
  30.12000 ,         2.467969911970321 ,         0.981509558013926 ,         1.002574615402095 ,         1.254363109328062 ,         0.565379271257983 ,         1.323416046545255 , 
  30.13000 ,         2.637181289501970 ,         0.981163237741594 ,         0.993976936741951 ,         1.251852629124128 ,         0.566109984555935 ,         1.334436156461248 , 
  30.14000 ,         2.584210834917951 ,         0.965267992372609 ,         0.984704453052885 ,         1.283797283285838 ,         0.567144489438289 ,         1.342220997448315 , 
  30.15000 ,         2.722651268057273 ,         0.960362219887704 ,         0.973692120623772 ,         1.317984413921077 ,         0.573757013111051 ,         1.353727590609078 , 
  30.16000 ,         2.876740590020310 ,         0.987737772441351 ,         0.955386620060989 ,         1.336445134922380 ,         0.575793422101533 ,         1.375742270019702 , 
  30.17000 ,         2.789635590815309 ,         0.957263696411972 ,         0.941821505505136 ,         1.373518221743053 ,         0.586422904930062 ,         1.373118854736841 , 
  30.18000 ,         2.972666664526300 ,         0.960278368102911 ,         0.919988031252488 ,         1.381578456452051 ,         0.599318760650042 ,         1.387679021607233 , 
  30.19000 ,         2.832129953554964 ,         0.952349278373526 ,         0.911401905922718 ,         1.399807578438943 ,         0.614172602186564 ,         1.375782334398927 , 
  30.20000 ,         2.914069090366816 ,         0.945493342315244 ,         0.891135446611236 ,         1.403511756815635 ,         0.619497805788694 ,         1.380565284781366 , 
  30.21000 ,         3.054166213739132 ,         0.942287966381161 ,         0.885158913346941 ,         1.422308575341999 ,         0.635437428536668 ,         1.369807506683725 , 
  30.22000 ,         2.932048924402800 ,         0.941816087580978 ,         0.875626629807818 ,         1.447903866087099 ,         0.654104237770326 ,         1.370190012458818 , 
  30.23000 ,         3.046489436248387 ,         0.907703527811771 ,         0.856256892136963 ,         1.440505798894607 ,         0.663009993331962 ,         1.362161437646078 , 
  30.24000 ,         2.922114384329835 ,         0.924518465813311 ,         0.849936099816086 ,         1.463783045135374 ,         0.688845761075888 ,         1.341876842845495 , 
  30.25000 ,         2.826959646800116 ,         0.919367229888153 ,         0.847860889785741 ,         1.441477014762907 ,         0.699475775562641 ,         1.328731568463866 , 
  30.26000 ,         2.746448704669466 ,         0.903636068854629 ,         0.832252600319167 ,         1.453757608680355 ,         0.715384856016671 ,         1.306340159623275 , 
  30.27000 ,         2.896979714234903 ,         0.905457296952280 ,         0.832609622585563 ,         1.426877372813633 ,         0.731291656395548 ,         1.284431453538466 , 
  30.28000 ,         2.667907756749996 ,         0.900932391814636 ,         0.819372711750947 ,         1.427218882892272 ,         0.751632866364717 ,         1.259492911205742 , 
  30.29000 ,         2.767575956261803 ,         0.883885514827068 ,         0.811134008996015 ,         1.415484692289659 ,         0.766475602797337 ,         1.227700527990782 , 
  30.30000 ,         2.426667623935712 ,         0.882548002713069 ,         0.825154477669090 ,         1.399165146670044 ,         0.785220349534021 ,         1.208469314772933 , 
  30.31000 ,         2.557715751782200 ,         0.881061325387020 ,         0.806823052888627 ,         1.369601916589643 ,         0.803487983286542 ,         1.180614639138150 , 
  30.32000 ,         2.428287693583895 ,         0.861650471916866 ,         0.812919016031358 ,         1.366966295001679 ,         0.818078374189252 ,         1.158652501933141 , 
  30.33000 ,         2.174985708841127 ,         0.850394121625382 ,         0.807565810844285 ,         1.348451999373228 ,         0.834625174158528 ,         1.117751168891567 , 
  30.34000 ,         2.078474338782644 ,         0.861718370913939 ,         0.814555537589651 ,         1.315293944989625 ,         0.853688654076032 ,         1.083654478925599 , 
  30.35000 ,         1.976076051791034 ,         0.849273707894670 ,         0.835216867447131 ,         1.296687153583207 ,         0.865529278733069 ,         1.061817645677657 , 
  30.36000 ,         1.723570686395304 ,         0.842854912018624 ,         0.835117473877990 ,         1.254892273197069 ,         0.872583952253149 ,         1.029173173652688 , 
  30.37000 ,         1.747659780676412 ,         0.841999660655784 ,         0.826760187482360 ,         1.240778387243116 ,         0.891246431107834 ,         0.997791368553066 , 
  30.38000 ,         1.656483177306407 ,         0.832142726570773 ,         0.845646665516205 ,         1.170566440919921 ,         0.901575479315206 ,         0.970839432822821 , 
  30.39000 ,         1.471860481440600 ,         0.854536764846167 ,         0.851537864109736 ,         1.168746589505782 ,         0.913258989891418 ,         0.943697832366198 , 
  30.40000 ,         1.433730403010666 ,         0.831497701327988 ,         0.864388987224815 ,         1.132913744979321 ,         0.923915471609847 ,         0.922117314749884 , 
  30.41000 ,         1.389660237853221 ,         0.845027232996306 ,         0.882613948481345 ,         1.089191135778599 ,         0.924936440369628 ,         0.902904784928448 , 
  30.42000 ,         1.276210365287779 ,         0.838785072401267 ,         0.868266010717600 ,         1.059667635624152 ,         0.930838179923270 ,         0.895764094045653 , 
  30.43000 ,         1.155730844600314 ,         0.848702451230173 ,         0.890053328369406 ,         1.034145806212625 ,         0.950658908697340 ,         0.867545888913874 , 
  30.44000 ,         1.018670620697142 ,         0.830509483452761 ,         0.908673323626558 ,         0.993188909894785 ,         0.943010115748796 ,         0.863837468842353 , 
  30.45000 ,         0.982156524358507 ,         0.871036625617216 ,         0.925700446772206 ,         0.977675883280229 ,         0.957008926306672 ,         0.846225075646252 , 
  30.46000 ,         0.865688585001429 ,         0.854942106015204 ,         0.921062803111003 ,         0.959720276130894 ,         0.955429147369034 ,         0.841826177669170 , 
  30.47000 ,         0.830515636507515 ,         0.886599307363626 ,         0.934777567168211 ,         0.948500167484068 ,         0.968934909258768 ,         0.835549742601648 , 
  30.48000 ,         0.759614050727320 ,         0.872453108105770 ,         0.951977067301811 ,         0.918289317014454 ,         0.966827253684015 ,         0.840367761869692 , 
  30.49000 ,         0.728131540622994 ,         0.887522037445130 ,         0.962897356503075 ,         0.876945658684035 ,         0.968260027424194 ,         0.830282973516246 , 
  30.50000 ,         0.639525829057789 ,         0.915968907400507 ,         0.973430958149181 ,         0.870564955384067 ,         0.981395257929114 ,         0.836177044184730 , 
  30.51000 ,         0.527233252493026 ,         0.919236531364110 ,         0.997339651442789 ,         0.863671740222422 ,         0.985717163335843 ,         0.851082261104977 , 
  30.52000 ,         0.491206918937454 ,         0.912390091258825 ,         1.005680751559446 ,         0.872397760388917 ,         0.980258117437683 ,         0.852308675969600 , 
  30.53000 ,         0.454039081760263 ,         0.959484420814064 ,         1.021216501465697 ,         0.841740319932189 ,         0.982866096367736 ,         0.854777600503022 , 
  30.54000 ,         0.391975891757733 ,         0.926339995710795 ,         1.021512930035305 ,         0.832354867118884 ,         0.995900868926135 ,         0.874447732767868 , 
  30.55000 ,         0.357295501939951 ,         0.948583946803201 ,         1.041988231882602 ,         0.830474636361257 ,         0.986309188235191 ,         0.878642016891679 , 
  30.56000 ,         0.315542904801747 ,         0.978509224053915 ,         1.034040623418696 ,         0.832007161110247 ,         0.989889824591290 ,         0.886111351612849 , 
  30.57000 ,         0.295183414462671 ,         1.011062468312653 ,         1.085747428598389 ,         0.822423669813165 ,         0.987352957110832 ,         0.907240741526554 , 
  30.58000 ,         0.255895277650026 ,         1.008772356106469 ,         1.071339343842081 ,         0.816850897868950 ,         0.999331775116777 ,         0.913385466224338 , 
  30.59000 ,         0.234417331965056 ,         1.049106354987550 ,         1.071674942818782 ,         0.836739643264157 ,         0.996810127283540 ,         0.924997620758260 , 
  30.60000 ,         0.216516859493847 ,         1.019137758724110 ,         1.101440786257119 ,         0.819776606676497 ,         1.000854359301346 ,         0.924060384374993 , 
  30.61000 ,         0.186815931685723 ,         1.051283007975118 ,         1.087788969309274 ,         0.828035013662393 ,         0.999904931826186 ,         0.933802538276788 , 
  30.62000 ,         0.194965179487838 ,         1.051482661192362 ,         1.116249503014647 ,         0.842707448157469 ,         1.008372462887049 ,         0.941390107661492 , 
  30.63000 ,         0.198380404070737 ,         1.070575201432333 ,         1.123343798497280 ,         0.841050254758229 ,         1.011847073999562 ,         0.949373483208685 , 
  30.64000 ,         0.148688200558179 ,         1.077989454046798 ,         1.107343573006201 ,         0.850163138806612 ,         1.005489205461139 ,         0.948587942201895 , 
  30.65000 ,         0.170997801573004 ,         1.088931689844636 ,         1.121436013333297 ,         0.852114475855817 ,         1.001884964130102 ,         0.937502817718888 , 
  30.66000 ,         0.148494280527631 ,         1.100006738789505 ,         1.126081627334535 ,         0.866953215183639 ,         1.006019287423801 ,         0.935031508228115 , 
  30.67000 ,         0.170774857919967 ,         1.103411689750129 ,         1.126304353893710 ,         0.858143661047832 ,         1.011693813470698 ,         0.933593759913334 , 
  30.68000 ,         0.157716659593022 ,         1.100779894659505 ,         1.138149327063075 ,         0.872738082747953 ,         1.015521681754508 ,         0.922760157618874 , 
  30.69000 ,         0.137618103093247 ,         1.090505844703645 ,         1.108222705198022 ,         0.883123008792294 ,         1.007618872888669 ,         0.917931861257386 , 
  30.70000 ,         0.150458490757719 ,         1.086122230157283 ,         1.093983098570894 ,         0.897314456110732 ,         1.000754668506664 ,         0.903265206965895 , 
  30.71000 ,         0.178553117581752 ,         1.107880980390065 ,         1.113387347091805 ,         0.880651581164933 ,         0.999368847254445 ,         0.894344079696592 , 
  30.72000 ,         0.171393329497490 ,         1.093219439003684 ,         1.102097261293580 ,         0.906565059619431 ,         1.001653139683107 ,         0.882811382211549 , 
  30.73000 ,         0.181840266868936 ,         1.099547033051032 ,         1.097713965844692 ,         0.908908043591664 ,         0.993265796427435 ,         0.861816547060788 , 
  30.74000 ,         0.195790775808487 ,         1.091357715154043 ,         1.100517089022329 ,         0.913372762145505 ,         0.991685408719352 ,         0.840720608622258 , 
  30.75000 ,         0.186290353380696 ,         1.050958786053358 ,         1.081274904881820 ,         0.916513389509743 ,         0.984669736368659 ,         0.823478053829643 , 
  30.76000 ,         0.204903260380963 ,         1.070034097603727 ,         1.070253636811278 ,         0.926309096393652 ,         0.984486986394675 ,         0.814344100542626 , 
  30.77000 ,         0.225832165481264 ,         1.085866578065351 ,         1.071167010299246 ,         0.934848630617550 ,         0.983243849369890 ,         0.786993649865690 , 
  30.78000 ,         0.294677374830094 ,         1.036486738551685 ,         1.067328467762573 ,         0.933364274294427 ,         0.977726666784970 ,         0.772176042601032 , 
  30.79000 ,         0.287474423518612 ,         1.022812964165307 ,         1.037055218379262 ,         0.952843325514181 ,         0.964054535882603 ,         0.751260650485886 , 
  30.80000 ,         0.281448599557091 ,         1.012368276933832 ,         1.027404172034652 ,         0.946604483313256 ,         0.944925718326272 ,         0.744732993628343 , 
  30.81000 ,         0.319779521728178 ,         1.015650105050903 ,         1.018932513462802 ,         0.969915214511768 ,         0.946190695934649 ,         0.730226458033940 , 
  30.82000 ,         0.361559608549429 ,         1.006389507184156 ,         1.006972667843107 ,         0.972493293882647 ,         0.933293963338805 ,         0.726217258099533 , 
  30.83000 ,         0.463894800776902 ,         0.958094287031692 ,         0.995538057069275 ,         0.989418841732393 ,         0.920104158481888 ,         0.710521033193705 , 
  30.84000 ,         0.440297828464356 ,         0.965626719039553 ,         0.986156478898506 ,         0.989432504407913 ,         0.908387273333518 ,         0.703071474602268 , 
  30.85000 ,         0.504035403114925 ,         0.934589894401605 ,         0.972203390852300 ,         0.997230552900732 ,         0.900850515331954 ,         0.707672108270622 , 
  30.86000 ,         0.544424288325154 ,         0.900248602836814 ,         0.973463781568575 ,         1.001382975841660 ,         0.885652826143267 ,         0.698761448854297 , 
  30.87000 ,         0.630100044141749 ,         0.897485671729576 ,         0.964404737764464 ,         1.015847407419948 ,         0.871582689057005 ,         0.700161617892173 , 
  30.88000 ,         0.666869402639992 ,         0.893273888423038 ,         0.968717846321878 ,         1.034867457145597 ,         0.857203834442047 ,         0.701450908847232 , 
  30.89000 ,         0.687336445391330 ,         0.855106912214045 ,         0.974839295543405 ,         1.041889430207846 ,         0.843333227853325 ,         0.702302993307500 , 
  30.90000 ,         0.864415998936989 ,         0.846866613723671 ,         0.960647545127373 ,         1.044260938313141 ,         0.835644434542840 ,         0.716007664891305 , 
  30.91000 ,         0.866175856465402 ,         0.817620148313476 ,         0.969809681326976 ,         1.062065526815635 ,         0.816116370784890 ,         0.730274227044657 , 
  30.92000 ,         0.857504152316245 ,         0.820278043001165 ,         0.978670068433228 ,         1.070359279314340 ,         0.809450604591428 ,         0.733893914819138 , 
  30.93000 ,         0.982018104975875 ,         0.795863139911167 ,         0.985275093089371 ,         1.099993452198065 ,         0.786978800112686 ,         0.741109550847617 , 
  30.94000 ,         1.082067802650234 ,         0.792021553410432 ,         0.987314539182867 ,         1.095810642389776 ,         0.782600475115299 ,         0.768260906808119 , 
  30.95000 ,         1.131100073377926 ,         0.756813507685767 ,         1.018915301273981 ,         1.118016668899309 ,         0.770529397187522 ,         0.779998601533925 , 
  30.96000 ,         1.254039790027506 ,         0.755457841250441 ,         1.005182239529536 ,         1.106097768715506 ,         0.760478334649457 ,         0.810954158571215 , 
  30.97000 ,         1.304052312757782 ,         0.730136464306477 ,         1.013917998930638 ,         1.136642142624628 ,         0.768650188224562 ,         0.830896595812881 , 
  30.98000 ,         1.297439055377845 ,         0.710763432694758 ,         1.040750434435098 ,         1.138289224630318 ,         0.749324441096641 ,         0.842354226567600 , 
  30.99000 ,         1.429261306191139 ,         0.685214863500836 ,         1.054570476475877 ,         1.167042613161620 ,         0.745037783638654 ,         0.874993569777149 , 
  31.00000 ,         1.535551263391153 ,         0.692410268449182 ,         1.050719973443749 ,         1.205269403810398 ,         0.741585087202207 ,         0.898836430687154 , 
  31.01000 ,         1.428570360177434 ,         0.683323221677613 ,         1.065163373896410 ,         1.211332619418597 ,         0.741286888005377 ,         0.907599407633392 , 
  31.02000 ,         1.578473700425699 ,         0.674391663037457 ,         1.094483268757973 ,         1.212998320937090 ,         0.740791034256814 ,         0.937704477054723 , 
  31.03000 ,         1.652244714491474 ,         0.673094121154256 ,         1.106434417529849 ,         1.229835006408129 ,         0.738587761201397 ,         0.967806512395755 , 
  31.04000 ,         1.620134426258582 ,         0.660874564579219 ,         1.122969328633632 ,         1.246577881382247 ,         0.751389083292522 ,         0.980028973158636 , 
  31.05000 ,         1.644371372012299 ,         0.649676075787179 ,         1.130289860793569 ,         1.266889893531488 ,         0.746362613154910 ,         0.994443929182752 , 
  31.06000 ,         1.667428407177953 ,         0.669928407050577 ,         1.146213484100891 ,         1.266289574201129 ,         0.752987615220631 ,         1.015784150726919 , 
  31.07000 ,         1.760460704716006 ,         0.667919250420284 ,         1.149851106474181 ,         1.274225245244452 ,         0.763692358144047 ,         1.035285597159984 , 
  31.08000 ,         1.719186907456157 ,         0.663475400909531 ,         1.186600236242046 ,         1.267957688708805 ,         0.764329969738368 ,         1.058435368391329 , 
  31.09000 ,         1.801750204963926 ,         0.658464053913343 ,         1.201811513544839 ,         1.294005077229181 ,         0.777341457902594 ,         1.061551220076352 , 
  31.10000 ,         1.727285176752930 ,         0.669351641356097 ,         1.212707679633399 ,         1.288090276248155 ,         0.787257754009946 ,         1.083007376293622 , 
  31.11000 ,         1.679243106529952 ,         0.667204380176309 ,         1.211856636908268 ,         1.279392658234285 ,         0.795515666456195 ,         1.090019937418641 , 
  31.12000 ,         1.610671450164751 ,         0.692800352987235 ,         1.217727101349700 ,         1.277998587166856 ,         0.807605736558882 ,         1.094485139692141 , 
  31.13000 ,         1.768542719973289 ,         0.679922936460319 ,         1.240737893193931 ,         1.264245106949232 ,         0.816125447770479 ,         1.096425750390680 , 
  31.14000 ,         1.674866655406223 ,         0.707334118709671 ,         1.242154686964813 ,         1.265789614614006 ,         0.833952352709461 ,         1.105468402214158 , 
  31.15000 ,         1.615562710232476 ,         0.711589723782608 ,         1.251632947768446 ,         1.241928154102739 ,         0.853236896035765 ,         1.101565439834750 , 
  31.16000 ,         1.533514381655756 ,         0.709992056536677 ,         1.229863700987499 ,         1.223088967623599 ,         0.864972996358728 ,         1.111929855718562 , 
  31.17000 ,         1.598666563258377 ,         0.740181478512906 ,         1.229145961863286 ,         1.213894774071858 ,         0.879134765411667 ,         1.117559292309888 , 
  31.18000 ,         1.585106295435289 ,         0.740703876371630 ,         1.260834684942978 ,         1.192889348591196 ,         0.881900552804973 ,         1.111518754480178 , 
  31.19000 ,         1.387075246077744 ,         0.731687886375164 ,         1.231057751239771 ,         1.190202805055010 ,         0.903595392947890 ,         1.112105087805482 , 
  31.20000 ,         1.354319887484939 ,         0.758248424400706 ,         1.234252031913795 ,         1.155510849379875 ,         0.921581252217791 ,         1.108102540293283 , 
  31.21000 ,         1.311370025220733 ,         0.749801118063112 ,         1.218817782547414 ,         1.149154804191152 ,         0.938779718022421 ,         1.104869053664671 , 
  31.22000 ,         1.263928399860728 ,         0.755998540429286 ,         1.209938652564518 ,         1.129522344749639 ,         0.950521468763292 ,         1.101586202480909 , 
  31.23000 ,         1.137034367216237 ,         0.784621867287329 ,         1.188362779272764 ,         1.110979696089342 ,         0.963082165775704 ,         1.100366144771982 , 
  31.24000 ,         1.040952153092039 ,         0.798309271169003 ,         1.208106138416796 ,         1.086217111766570 ,         0.976548914476356 ,         1.107004937615532 , 
  31.25000 ,         0.949530451594532 ,         0.797373018117690 ,         1.172874307816363 ,         1.063967589353908 ,         0.991221304755940 ,         1.088056819560692 , 
  31.26000 ,         0.944388166531826 ,         0.797004659149908 ,         1.167305721446976 ,         1.054429794879959 ,         1.014413046902105 ,         1.086935652577774 , 
  31.27000 ,         0.906395429787334 ,         0.834591916833869 ,         1.139225755813956 ,         1.035415154246125 ,         1.016862372792666 ,         1.093622735752781 , 
  31.28000 ,         0.854863836513247 ,         0.817640460850501 ,         1.138992835155687 ,         1.007932584723359 ,         1.025695070068129 ,         1.085793837713731 , 
  31.29000 ,         0.770583078904574 ,         0.828999160326672 ,         1.114431732505349 ,         0.996468023289781 ,         1.039183898809087 ,         1.094293743177331 , 
  31.30000 ,         0.729381127864700 ,         0.834406356159946 ,         1.109125779029140 ,         0.973002905747415 ,         1.048167327209053 ,         1.099354757621457 , 
  31.31000 ,         0.689361749870139 ,         0.850259912391059 ,         1.093937989957860 ,         0.960091625613196 ,         1.061571184437574 ,         1.098493710538456 , 
  31.32000 ,         0.615511934435832 ,         0.842517253374552 ,         1.084416267057075 ,         0.950090669438796 ,         1.072381314669310 ,         1.101780479886343 , 
  31.33000 ,         0.582387968624028 ,         0.836618375470079 ,         1.067993440524199 ,         0.955409719845426 ,         1.077886840790613 ,         1.101729759079727 , 
  31.34000 ,         0.517723864008591 ,         0.851452727327854 ,         1.040241467498743 ,         0.921737407667800 ,         1.082239560089036 ,         1.114791166053901 , 
  31.35000 ,         0.481322614709741 ,         0.868240618220557 ,         1.016963106460057 ,         0.911990814903044 ,         1.087431921647911 ,         1.126972658987759 , 
  31.36000 ,         0.441588181496329 ,         0.855717914207012 ,         1.021806326220699 ,         0.899299400869357 ,         1.088780299060045 ,         1.129633542413560 , 
  31.37000 ,         0.395149613653298 ,         0.858549783795858 ,         0.995332342368154 ,         0.885005669610253 ,         1.096142635986701 ,         1.135932006805957 , 
  31.38000 ,         0.348770141803454 ,         0.858846474191006 ,         0.997510732182218 ,         0.875722448794399 ,         1.105323599101602 ,         1.150132827501653 , 
  31.39000 ,         0.345174915071851 ,         0.828925752888347 ,         0.977339722886667 ,         0.856120926368153 ,         1.108677653723249 ,         1.155830008774799 , 
  31.40000 ,         0.312369758888602 ,         0.841038721324168 ,         0.970748016438207 ,         0.849465963020802 ,         1.105601440337901 ,         1.164767699749692 , 
  31.41000 ,         0.250410463939542 ,         0.809061611069238 ,         0.957005909831725 ,         0.856575031497228 ,         1.111652618713670 ,         1.174378053732159 , 
  31.42000 ,         0.276061744643178 ,         0.822153397029300 ,         0.932620177469596 ,         0.831551840571523 ,         1.103633274236931 ,         1.186886650987808 , 
  31.43000 ,         0.263549734374539 ,         0.830882593424412 ,         0.925087604860417 ,         0.818265850821375 ,         1.100127385223933 ,         1.194437536181630 , 
  31.44000 ,         0.201739487388866 ,         0.839040131924942 ,         0.930803579313627 ,         0.801424123338893 ,         1.112106436339402 ,         1.213641640148485 , 
  31.45000 ,         0.240813396392389 ,         0.822125734660528 ,         0.911100684315972 ,         0.792584091265880 ,         1.121654897397137 ,         1.221025425356147 , 
  31.46000 ,         0.232824876358293 ,         0.817405605580017 ,         0.916398153671058 ,         0.783405338179136 ,         1.113946003615989 ,         1.226370756112316 , 
  31.47000 ,         0.210304151550266 ,         0.830869194489151 ,         0.884843531256706 ,         0.769903363321654 ,         1.109270501494856 ,         1.238263573173793 , 
  31.48000 ,         0.209052632976427 ,         0.809240506394710 ,         0.897417118298537 ,         0.759213205187784 ,         1.103377980215737 ,         1.240114612145839 , 
  31.49000 ,         0.180989414827397 ,         0.810961058566894 ,         0.870871906530592 ,         0.762431875193035 ,         1.108368143869205 ,         1.242015420095917 , 
  31.50000 ,         0.192039612929458 ,         0.810306680718339 ,         0.868016259167707 ,         0.749875610661322 ,         1.110717485101085 ,         1.248798293271203 , 
  31.51000 ,         0.203075749255667 ,         0.822205729300934 ,         0.851495500828193 ,         0.745075997612483 ,         1.105026368417128 ,         1.253305836773881 , 
  31.52000 ,         0.177299776976120 ,         0.835483383014828 ,         0.858621561456680 ,         0.723137769616438 ,         1.101380778497588 ,         1.253817467645000 , 
  31.53000 ,         0.211733288178164 ,         0.826456314974375 ,         0.852783677780739 ,         0.731454931726014 ,         1.107124807749361 ,         1.248808505603450 , 
  31.54000 ,         0.245009421826943 ,         0.822312872006679 ,         0.840827788542465 ,         0.728137375491948 ,         1.097617848052423 ,         1.246972668190254 , 
  31.55000 ,         0.268226571255369 ,         0.807044782081119 ,         0.826660936929151 ,         0.729067088518549 ,         1.095530945887869 ,         1.244147665153195 , 
  31.56000 ,         0.278067032542023 ,         0.826276187198621 ,         0.824885852035911 ,         0.727006256581119 ,         1.096922305809678 ,         1.232914463912262 , 
  31.57000 ,         0.285671846650417 ,         0.828948558908749 ,         0.795393232563382 ,         0.729116252576879 ,         1.092927547067777 ,         1.233592447725713 , 
  31.58000 ,         0.354364260342258 ,         0.843420265407084 ,         0.820647640526155 ,         0.738166304067181 ,         1.093936496280899 ,         1.221320866708595 , 
  31.59000 ,         0.367461822438266 ,         0.864395654066451 ,         0.803267658302079 ,         0.741792738611689 ,         1.097285685602335 ,         1.188491985752467 , 
  31.60000 ,         0.401622363820477 ,         0.853586204873977 ,         0.816558176165390 ,         0.738480347839793 ,         1.088339746433754 ,         1.194205931510224 , 
  31.61000 ,         0.462349663555604 ,         0.880072051432279 ,         0.795391102861394 ,         0.750625233158618 ,         1.078296154040314 ,         1.174445758084588 , 
  31.62000 ,         0.500839053648885 ,         0.856938944946254 ,         0.793156759048767 ,         0.762200584134352 ,         1.075779018166729 ,         1.164059519222995 , 
  31.63000 ,         0.559211993138609 ,         0.888787180183914 ,         0.780751298836220 ,         0.773276683086347 ,         1.070029309767049 ,         1.156264228510949 , 
  31.64000 ,         0.598697987250834 ,         0.884628842067718 ,         0.780742014797529 ,         0.792361846343063 ,         1.076165856993130 ,         1.140057639077576 , 
  31.65000 ,         0.638133974286918 ,         0.908677342501714 ,         0.777691220180038 ,         0.810800641072958 ,         1.064806579332365 ,         1.117287430716393 , 
  31.66000 ,         0.747150957826320 ,         0.909208663730587 ,         0.749430541924718 ,         0.842824411653008 ,         1.056932621137353 ,         1.112868779430610 , 
  31.67000 ,         0.862657474841644 ,         0.912776659119416 ,         0.761245516571608 ,         0.854373312151104 ,         1.061805294187790 ,         1.091145037050122 , 
  31.68000 ,         0.962564015008099 ,         0.921859258066099 ,         0.748415598825104 ,         0.875566220933757 ,         1.044008024448828 ,         1.072898053210629 , 
  31.69000 ,         1.025939976702367 ,         0.929689156307440 ,         0.754286515129294 ,         0.914865426805356 ,         1.048399650587501 ,         1.070531823472008 , 
  31.70000 ,         1.210506980935460 ,         0.931032008561016 ,         0.737204814949253 ,         0.933581459738988 ,         1.043311216520621 ,         1.056592479076137 , 
  31.71000 ,         1.236186098769043 ,         0.924660591258395 ,         0.740458395725464 ,         0.973345059386165 ,         1.039141395024189 ,         1.045958597774754 , 
  31.72000 ,         1.385153062258318 ,         0.922838958907196 ,         0.723750733096717 ,         1.002460485786810 ,         1.029901353412779 ,         1.038623936413636 , 
  31.73000 ,         1.459106064535405 ,         0.948941623230558 ,         0.741382134977926 ,         1.045500112795401 ,         1.033585042768970 ,         1.037780247799921 , 
  31.74000 ,         1.574753766627755 ,         0.931436061685551 ,         0.716309521464493 ,         1.072127444379642 ,         1.021644874477927 ,         1.033792994600634 , 
  31.75000 ,         1.846312904551939 ,         0.919309967058153 ,         0.739005972473003 ,         1.106620059718612 ,         1.024899420649019 ,         1.036404532684452 , 
  31.76000 ,         1.841855510575873 ,         0.935205704982323 ,         0.727008486602157 ,         1.151846133999074 ,         1.030414917607872 ,         1.045808332122133 , 
  31.77000 ,         1.955945514331381 ,         0.954374087941154 ,         0.744249890747094 ,         1.196329048275286 ,         1.018207116177873 ,         1.045030022185995 , 
  31.78000 ,         2.325474372828986 ,         0.922648411248010 ,         0.736445923140594 ,         1.245486230282552 ,         1.018800469263713 ,         1.054159060295156 , 
  31.79000 ,         2.364572159848672 ,         0.926589994488683 ,         0.741395321677170 ,         1.296431224172942 ,         1.016104178738866 ,         1.073245265355515 , 
  31.80000 ,         2.506601313071859 ,         0.906561445177868 ,         0.762771487861137 ,         1.322045950414976 ,         1.014506620277786 ,         1.083269032008894 , 
  31.81000 ,         2.638597745617400 ,         0.905854692854853 ,         0.767081969096760 ,         1.374862705003755 ,         1.027451897055115 ,         1.090850777016592 , 
  31.82000 ,         2.903916006598795 ,         0.910756249432054 ,         0.796279153655717 ,         1.426245107234939 ,         1.022532123414386 ,         1.102183973656613 , 
  31.83000 ,         2.970980791022715 ,         0.888451193487654 ,         0.794890448573454 ,         1.476264171578986 ,         1.026349070076863 ,         1.117962056605340 , 
  31.84000 ,         3.135219219649811 ,         0.908383052050856 ,         0.814402970876271 ,         1.510784444463529 ,         1.026250875515274 ,         1.136656981052132 , 
  31.85000 ,         3.264303452795628 ,         0.895936080658151 ,         0.844402350588297 ,         1.536455978638959 ,         1.033831468967585 ,         1.147205675121264 , 
  31.86000 ,         3.446704613242189 ,         0.891553778005767 ,         0.867951818771644 ,         1.588561926717545 ,         1.039782267646665 ,         1.160128384926441 , 
  31.87000 ,         3.531800796533568 ,         0.863862331950150 ,         0.876201274665032 ,         1.628740438364346 ,         1.034068161913577 ,         1.179357508107449 , 
  31.88000 ,         3.581907912511021 ,         0.890844260955457 ,         0.898815259619558 ,         1.643047647710520 ,         1.042770132929353 ,         1.197404100603233 , 
  31.89000 ,         3.678794299538969 ,         0.861417409641824 ,         0.912821942069865 ,         1.689268680890238 ,         1.051733329204052 ,         1.206236289750188 , 
  31.90000 ,         3.939949902577851 ,         0.882378943365391 ,         0.952667148832421 ,         1.706377170089240 ,         1.061722735775579 ,         1.216758240283448 , 
  31.91000 ,         3.888520765253749 ,         0.848505912647529 ,         0.978454205568624 ,         1.726455891665981 ,         1.070628413341803 ,         1.238197791065931 , 
  31.92000 ,         3.898045259786749 ,         0.882496787719504 ,         0.982462348687884 ,         1.742159837515570 ,         1.086267511420176 ,         1.232410229885507 , 
  31.93000 ,         3.882564344078980 ,         0.870262725738666 ,         1.000455768133002 ,         1.781138617545048 ,         1.088201939637166 ,         1.236596200269208 , 
  31.94000 ,         3.861672250754344 ,         0.881934920316049 ,         1.034105005843876 ,         1.783960092780286 ,         1.096649490149805 ,         1.244373928665111 , 
  31.95000 ,         3.874449225379970 ,         0.875142575382570 ,         1.029252320481717 ,         1.792678896666093 ,         1.106680257995219 ,         1.242153712396307 , 
  31.96000 ,         3.829725609998397 ,         0.863071128336512 ,         1.052469552195467 ,         1.809927672524731 ,         1.112071758415219 ,         1.252070002822773 , 
  31.97000 ,         3.775301882672152 ,         0.889358367709590 ,         1.072473516088552 ,         1.789284979276788 ,         1.124450984676698 ,         1.238618503657700 , 
  31.98000 ,         3.811938020906264 ,         0.893406047951816 ,         1.085614275455242 ,         1.758444625905769 ,         1.135240422253414 ,         1.234052647699434 , 
  31.99000 ,         3.810637754947085 ,         0.869843021619313 ,         1.100903531795881 ,         1.778320172465807 ,         1.146286793055305 ,         1.234516047892858 , 
  32.00000 ,         3.610270417261901 ,         0.897969567374102 ,         1.128818069107173 ,         1.762603366923247 ,         1.169760883342491 ,         1.210838933958437 , 
  32.01000 ,         3.564766448326946 ,         0.905112257523717 ,         1.110678293613544 ,         1.735417939783976 ,         1.166850801009885 ,         1.206027957296235 , 
  32.02000 ,         3.452325133921001 ,         0.917513483361712 ,         1.119641987388034 ,         1.688613803766837 ,         1.180591193830985 ,         1.186534163545091 , 
  32.03000 ,         3.348662445440615 ,         0.909516589704082 ,         1.141215198523770 ,         1.683037637091918 ,         1.192390692301086 ,         1.170658402164197 , 
  32.04000 ,         3.162030744465253 ,         0.908948940111215 ,         1.127080497867201 ,         1.655007431248803 ,         1.205912055729696 ,         1.153419512494199 , 
  32.05000 ,         3.137408987294119 ,         0.938580326982711 ,         1.150172085557742 ,         1.606317810399167 ,         1.222213720466014 ,         1.125062837367491 , 
  32.06000 ,         3.028745393465594 ,         0.932066754092303 ,         1.147501090575910 ,         1.578032936875702 ,         1.220693525406880 ,         1.108142894487559 , 
  32.07000 ,         2.824348281487467 ,         0.918020908809189 ,         1.146246992768059 ,         1.528172235924009 ,         1.219343296797069 ,         1.079580066620487 , 
  32.08000 ,         2.593292855224141 ,         0.924176802079670 ,         1.128106613313179 ,         1.522173556366515 ,         1.230138800292927 ,         1.062507284394449 , 
  32.09000 ,         2.559401915199355 ,         0.935031605526540 ,         1.112005802689337 ,         1.479536563210556 ,         1.243055464646135 ,         1.041555682979109 , 
  32.10000 ,         2.340625040974944 ,         0.919396870998484 ,         1.111245874557954 ,         1.429090283257181 ,         1.240853147978384 ,         1.026728156790205 , 
  32.11000 ,         2.244612161333123 ,         0.945417963357100 ,         1.111561168453383 ,         1.379378105366873 ,         1.246661650608777 ,         0.987255965287166 , 
  32.12000 ,         2.046705260702505 ,         0.966037366295641 ,         1.084828955731745 ,         1.362143558867328 ,         1.247244575186757 ,         0.974426602837738 , 
  32.13000 ,         1.900555659546109 ,         0.952960714667953 ,         1.061416336544226 ,         1.298717505498000 ,         1.260285179378578 ,         0.949422660212806 , 
  32.14000 ,         1.853256261174036 ,         0.951027193053285 ,         1.041518221430924 ,         1.278470654997555 ,         1.249295677144690 ,         0.927868192827749 , 
  32.15000 ,         1.751352555634627 ,         1.003624693563264 ,         1.039731602509373 ,         1.241300598833753 ,         1.255401720045545 ,         0.911900416987273 , 
  32.16000 ,         1.576736831673850 ,         0.993360271245609 ,         1.019201831071785 ,         1.199088544162293 ,         1.266052327105643 ,         0.890445924502631 , 
  32.17000 ,         1.384139574270515 ,         1.010941075368691 ,         0.998563570475031 ,         1.176264397488879 ,         1.259929640026837 ,         0.873467139259239 , 
  32.18000 ,         1.364022668981453 ,         1.028633565667190 ,         0.982698096373550 ,         1.163163644588302 ,         1.260216532040585 ,         0.855071710617748 , 
  32.19000 ,         1.195317651727624 ,         1.036414175888609 ,         0.982154452431385 ,         1.120142542257947 ,         1.268989259007907 ,         0.834143014675533 , 
  32.20000 ,         1.085589033124616 ,         1.067825334624914 ,         0.946351020448384 ,         1.104354443945729 ,         1.260020538693113 ,         0.823223880941524 , 
  32.21000 ,         0.996285195504885 ,         1.083313323515226 ,         0.936286509092847 ,         1.079509179882872 ,         1.258137082198575 ,         0.819108874312053 , 
  32.22000 ,         0.894285994424948 ,         1.079572874833101 ,         0.912761324112874 ,         1.064165650436311 ,         1.261941720317619 ,         0.797257164592782 , 
  32.23000 ,         0.830807348897305 ,         1.102766108805922 ,         0.909128805488635 ,         1.033509944211546 ,         1.267341152485916 ,         0.789030350668696 , 
  32.24000 ,         0.770604807024651 ,         1.134457111309630 ,         0.887847585410144 ,         1.029671378127596 ,         1.266521775030789 ,         0.776200485083958 , 
  32.25000 ,         0.645500627828498 ,         1.152527523614579 ,         0.865926842632557 ,         1.009127322259115 ,         1.259761448560408 ,         0.770443212737444 , 
  32.26000 ,         0.623810057819432 ,         1.161526876003802 ,         0.846095617031753 ,         0.992533963582582 ,         1.264536040041657 ,         0.763911170154465 , 
  32.27000 ,         0.561719466260924 ,         1.157216570881288 ,         0.848230969589324 ,         0.978687124040547 ,         1.266229244287394 ,         0.753464081652725 , 
  32.28000 ,         0.502895293808095 ,         1.191452512946503 ,         0.823052472133597 ,         0.990241235244216 ,         1.253350896427243 ,         0.740787095054524 , 
  32.29000 ,         0.489833313548610 ,         1.204394926046311 ,         0.825199126105617 ,         0.966384812738527 ,         1.243991335103166 ,         0.722480894309072 , 
  32.30000 ,         0.384403212683021 ,         1.200729095970513 ,         0.806304321630873 ,         0.956030434858238 ,         1.251384439907031 ,         0.719743912421303 , 
  32.31000 ,         0.386287762845461 ,         1.219220751480985 ,         0.796718510868763 ,         0.962204082348746 ,         1.243115010849989 ,         0.714970628364122 , 
  32.32000 ,         0.320293202285228 ,         1.232386427335878 ,         0.803914726265573 ,         0.943579001351454 ,         1.241848731687330 ,         0.702663098266673 , 
  32.33000 ,         0.308436000205523 ,         1.241295913198259 ,         0.805404830433580 ,         0.929017711959248 ,         1.235400121957217 ,         0.705077012067759 , 
  32.34000 ,         0.300830448864779 ,         1.258138611405426 ,         0.799941530288980 ,         0.921160841880399 ,         1.240594582147247 ,         0.696514512520714 , 
  32.35000 ,         0.232893621175683 ,         1.263183243035834 ,         0.802027407923758 ,         0.913842811272310 ,         1.227289836931343 ,         0.684009227022586 , 
  32.36000 ,         0.214764499802870 ,         1.268750376298480 ,         0.813301523268256 ,         0.907393236082137 ,         1.221836764041665 ,         0.682462467238414 , 
  32.37000 ,         0.210402628200230 ,         1.248803036346720 ,         0.805596243840769 ,         0.900092399094014 ,         1.207700512872931 ,         0.671930441016644 , 
  32.38000 ,         0.216612569979125 ,         1.238918235612314 ,         0.806353499830829 ,         0.876686544656368 ,         1.200185530645010 ,         0.662236798356150 , 
  32.39000 ,         0.165791109988256 ,         1.249109294441771 ,         0.807043667570220 ,         0.866509348342281 ,         1.188472119958606 ,         0.653165493630085 , 
  32.40000 ,         0.181518924341685 ,         1.230529452223283 ,         0.818484132324117 ,         0.859246739607242 ,         1.175635148159560 ,         0.644138239603856 , 
  32.41000 ,         0.199336681936839 ,         1.239657949902180 ,         0.823845850147690 ,         0.831953790583613 ,         1.163736645860926 ,         0.637544495212507 , 
  32.42000 ,         0.194997565890124 ,         1.223214460624265 ,         0.823403572993467 ,         0.844418513371490 ,         1.157007516800085 ,         0.624535700685760 , 
  32.43000 ,         0.204357845520510 ,         1.204815906258163 ,         0.850284012531376 ,         0.818682283842637 ,         1.133744935175885 ,         0.616743945674858 , 
  32.44000 ,         0.208442840134556 ,         1.191835102966333 ,         0.848772928578210 ,         0.810150470510348 ,         1.129525958519545 ,         0.614488571567755 , 
  32.45000 ,         0.206210204012031 ,         1.199385880478138 ,         0.842726394967534 ,         0.794790413231319 ,         1.113854017318493 ,         0.608323389625733 , 
  32.46000 ,         0.212391837048810 ,         1.182875330098570 ,         0.858898920243795 ,         0.782406315564087 ,         1.091235349663989 ,         0.597237039931574 , 
  32.47000 ,         0.244835746868795 ,         1.148915385118747 ,         0.876496211832331 ,         0.763141464220867 ,         1.081582270988589 ,         0.594931819191977 , 
  32.48000 ,         0.258336962450617 ,         1.170261189150026 ,         0.888886555505261 ,         0.748954034177843 ,         1.071826011447965 ,         0.587723153014240 , 
  32.49000 ,         0.313801668532912 ,         1.101323163601086 ,         0.889257780163187 ,         0.734849517678556 ,         1.049749885615299 ,         0.587377820086767 , 
  32.50000 ,         0.310462015047539 ,         1.090681378032295 ,         0.906934539312225 ,         0.735905105769356 ,         1.042270018633518 ,         0.583738730678752 , 
  32.51000 ,         0.332283522760337 ,         1.099313389573827 ,         0.912928014523914 ,         0.731194084686143 ,         1.016144238914472 ,         0.583576212513484 , 
  32.52000 ,         0.378172209450130 ,         1.090780645678525 ,         0.916033134074924 ,         0.705209984069831 ,         1.004732718692750 ,         0.587784108438112 , 
  32.53000 ,         0.358048173269541 ,         1.080818663389305 ,         0.940269051513762 ,         0.717274136582732 ,         0.997980763652602 ,         0.586703023688110 , 
  32.54000 ,         0.443623191854599 ,         1.065114172896184 ,         0.935048352053201 ,         0.714806177795198 ,         0.979122943932623 ,         0.588892785118897 , 
  32.55000 ,         0.465309059236075 ,         1.069949426659132 ,         0.936042367336840 ,         0.698878522397554 ,         0.966757993438098 ,         0.596307936938141 , 
  32.56000 ,         0.483833217453735 ,         1.049829257201855 ,         0.934618431663465 ,         0.718173604093044 ,         0.952252741694852 ,         0.601672861431989 , 
  32.57000 ,         0.544108723715495 ,         1.066938723350945 ,         0.931825352658638 ,         0.723541890881269 ,         0.929769279626363 ,         0.606982131599246 , 
  32.58000 ,         0.581348448931421 ,         1.042017518315812 ,         0.935689200120321 ,         0.721010368720713 ,         0.935411963707848 ,         0.621042179987836 , 
  32.59000 ,         0.623757737464825 ,         1.052200029544552 ,         0.961452666401676 ,         0.728130243493377 ,         0.919077820106512 ,         0.627620367684807 , 
  32.60000 ,         0.639011622434822 ,         1.050121261256572 ,         0.936235421532258 ,         0.744427691470256 ,         0.915598499488393 ,         0.639190790660932 , 
  32.61000 ,         0.662581034917983 ,         1.060285924980782 ,         0.962878178495198 ,         0.752045101543112 ,         0.907044527016997 ,         0.646319280449551 , 
  32.62000 ,         0.752755377601930 ,         1.057553630427607 ,         0.948687815530648 ,         0.782428307424412 ,         0.901591800269635 ,         0.660971019017255 , 
  32.63000 ,         0.788712167792700 ,         1.070172116853287 ,         0.958056370046343 ,         0.793459528301346 ,         0.906745857151518 ,         0.676889066496563 , 
  32.64000 ,         0.863100314934514 ,         1.078225468732198 ,         0.946030736761053 ,         0.819815314200599 ,         0.897513840292784 ,         0.691487635598325 , 
  32.65000 ,         0.917651576867012 ,         1.074577271212334 ,         0.952531170353535 ,         0.820092639405641 ,         0.893830178522167 ,         0.703908518643972 , 
  32.66000 ,         0.993946616909780 ,         1.093912512288637 ,         0.957595382226559 ,         0.846659203523658 ,         0.898297430649555 ,         0.718212764899688 , 
  32.67000 ,         0.958047219867376 ,         1.114391599599254 ,         0.961226006011302 ,         0.870663037502712 ,         0.900796632683399 ,         0.736975618194634 , 
  32.68000 ,         1.023850483757762 ,         1.137179425348983 ,         0.956164319557970 ,         0.862804093075500 ,         0.901023435791761 ,         0.749734485446730 , 
  32.69000 ,         1.062618829036820 ,         1.156569884043124 ,         0.963030710730138 ,         0.904327499808957 ,         0.902302692588994 ,         0.757958235492239 , 
  32.70000 ,         1.099267432363145 ,         1.150423256560063 ,         0.953505710505850 ,         0.907983502391377 ,         0.913730438337550 ,         0.784448662376604 , 
  32.71000 ,         1.132764725711917 ,         1.176641238739379 ,         0.953375796343005 ,         0.943992176300259 ,         0.901814422073640 ,         0.791589243881865 , 
  32.72000 ,         1.184847290006190 ,         1.153027155361919 ,         0.966633602425356 ,         0.949365358624501 ,         0.913001800283564 ,         0.813563879520217 , 
  32.73000 ,         1.198601752170846 ,         1.155295929589177 ,         0.969727248048921 ,         0.964621039117650 ,         0.915691923155973 ,         0.816573297888825 , 
  32.74000 ,         1.195802595394580 ,         1.175002658287997 ,         0.978759773412850 ,         0.978243004789084 ,         0.929876691408482 ,         0.829494386241932 , 
  32.75000 ,         1.219862193990271 ,         1.170540924080842 ,         0.981841877032072 ,         0.980163404495887 ,         0.935361099106956 ,         0.831634724202539 , 
  32.76000 ,         1.246989024473715 ,         1.179504001729535 ,         0.980726415615943 ,         1.011436617170655 ,         0.932580432611312 ,         0.842143405238793 , 
  32.77000 ,         1.199804025881073 ,         1.184329339390775 ,         0.996634287835541 ,         0.997021154997798 ,         0.942102137422336 ,         0.849463571526773 , 
  32.78000 ,         1.284646466715052 ,         1.178322897790502 ,         0.999828179050499 ,         0.996026305979864 ,         0.940512515295924 ,         0.860028795546371 , 
  32.79000 ,         1.247799458141768 ,         1.146177475021015 ,         1.010423900611289 ,         0.994195294941815 ,         0.939198353506376 ,         0.860357597590291 , 
  32.80000 ,         1.202759063499763 ,         1.142003254641470 ,         1.019075717650644 ,         0.982390536454430 ,         0.942905696693240 ,         0.864756606750251 , 
  32.81000 ,         1.235987360372066 ,         1.151727189572347 ,         1.009128106623509 ,         0.980119452401621 ,         0.949309817429815 ,         0.873636465562739 , 
  32.82000 ,         1.195122595748261 ,         1.124798578980372 ,         1.019055427624633 ,         0.980936467895787 ,         0.944247772676159 ,         0.874164811724430 , 
  32.83000 ,         1.185143734140159 ,         1.122571639763938 ,         1.050877125057714 ,         0.956633529113243 ,         0.946740200022957 ,         0.870275687362489 , 
  32.84000 ,         1.143331977597531 ,         1.113926876197056 ,         1.041762391537373 ,         0.951107362765602 ,         0.945040152978822 ,         0.874625207649190 , 
  32.85000 ,         1.148795753779696 ,         1.098876009787258 ,         1.056591805043021 ,         0.935770625174435 ,         0.945892526992953 ,         0.879049476473516 , 
  32.86000 ,         1.022924364642329 ,         1.080636998053694 ,         1.057487819540913 ,         0.912180233640743 ,         0.945156591120514 ,         0.875564773998643 , 
  32.87000 ,         0.989489951250602 ,         1.062548147133095 ,         1.077480216993289 ,         0.908164643728775 ,         0.941537499435624 ,         0.885221806776203 , 
  32.88000 ,         0.911006815677559 ,         1.036923533873712 ,         1.076504679268026 ,         0.880456319960588 ,         0.939780002681435 ,         0.885403963134877 , 
  32.89000 ,         0.921718374784720 ,         1.051783078782120 ,         1.099533211253606 ,         0.869807707982609 ,         0.937912454563924 ,         0.884385580194916 , 
  32.90000 ,         0.876123746630567 ,         1.022229663489811 ,         1.097201701387813 ,         0.841452377568522 ,         0.927027329529316 ,         0.897409536400669 , 
  32.91000 ,         0.860248084248633 ,         1.025060774586993 ,         1.106380302170544 ,         0.832182618360913 ,         0.924354339189203 ,         0.897727308341287 , 
  32.92000 ,         0.800434118025525 ,         1.028782740137852 ,         1.138740204786792 ,         0.815001405614112 ,         0.918985004519488 ,         0.911669414919079 , 
  32.93000 ,         0.725367962735711 ,         1.017558437865871 ,         1.123426402849657 ,         0.799437226536189 ,         0.914787334342708 ,         0.924221587555226 , 
  32.94000 ,         0.694296867719904 ,         1.015664425241728 ,         1.116426810731592 ,         0.793655344102247 ,         0.917422694740368 ,         0.929324015129133 , 
  32.95000 ,         0.682651050436189 ,         0.999359301227119 ,         1.129078306887359 ,         0.790112468596221 ,         0.907522837042879 ,         0.946696828796469 , 
  32.96000 ,         0.638386082104407 ,         0.991614483364653 ,         1.128202080604045 ,         0.777586881157525 ,         0.910079399944918 ,         0.958694514174665 , 
  32.97000 ,         0.610481364202681 ,         0.994325343823440 ,         1.137454687037487 ,         0.774694736167885 ,         0.901214833167840 ,         0.976903948465611 , 
  32.98000 ,         0.534738537243780 ,         1.002762076031432 ,         1.147141481087253 ,         0.772442548918575 ,         0.907209392173942 ,         1.001059188427709 , 
  32.99000 ,         0.558844776943215 ,         1.009788740851857 ,         1.148609244414026 ,         0.772737780140288 ,         0.901363056527463 ,         1.018393448966790 , 
  33.00000 ,         0.478138220757114 ,         0.986668737993204 ,         1.145560681300654 ,         0.750587991494379 ,         0.894824235349101 ,         1.037121221792508 , 
  33.01000 ,         0.428030316338933 ,         1.004879961785019 ,         1.150776281012186 ,         0.771483977237380 ,         0.896156702988120 ,         1.071537295787327 , 
  33.02000 ,         0.432851517279108 ,         1.015448321785936 ,         1.160367212987657 ,         0.778891411301095 ,         0.893978729697378 ,         1.085272301135757 , 
  33.03000 ,         0.384862454715179 ,         1.004805801954273 ,         1.152048693599922 ,         0.770613444121323 ,         0.885170952492183 ,         1.121299046616165 , 
  33.04000 ,         0.346065084784161 ,         1.034643266678747 ,         1.165495955445192 ,         0.777187588684078 ,         0.895909605261196 ,         1.139934329864544 , 
  33.05000 ,         0.277901645381694 ,         1.005618545240694 ,         1.166502298885479 ,         0.780457358106620 ,         0.887285311546287 ,         1.171082224496526 , 
  33.06000 ,         0.277733551241724 ,         1.028070271339119 ,         1.176756549798135 ,         0.777894679675440 ,         0.892941241959877 ,         1.192040130828487 , 
  33.07000 ,         0.280604649088906 ,         1.045556221808256 ,         1.171423108628821 ,         0.790023648766103 ,         0.892243009315299 ,         1.212940820415836 , 
  33.08000 ,         0.235889387230340 ,         1.026954065114921 ,         1.177738509795689 ,         0.787837650323221 ,         0.892304758240950 ,         1.242500523698653 , 
  33.09000 ,         0.209440320645007 ,         1.026333455334681 ,         1.167920676930144 ,         0.806712007991653 ,         0.897693970953007 ,         1.272814738485067 , 
  33.10000 ,         0.230548522009999 ,         1.007638606065631 ,         1.173029363220283 ,         0.813239687835709 ,         0.897673028133231 ,         1.286881655545122 , 
  33.11000 ,         0.213229641508313 ,         1.013093438919829 ,         1.163920566858766 ,         0.828475476203952 ,         0.892535951292757 ,         1.299210226844194 , 
  33.12000 ,         0.160583141966157 ,         1.019551457954937 ,         1.167131405249306 ,         0.830752645997086 ,         0.893433094099441 ,         1.326830834956215 , 
  33.13000 ,         0.174617077101410 ,         1.036347305860533 ,         1.181882564846426 ,         0.837064304934467 ,         0.894802122787453 ,         1.330761286652542 , 
  33.14000 ,         0.173502973325912 ,         1.011890523939276 ,         1.157968426990199 ,         0.835550474378020 ,         0.899920581851042 ,         1.347106842679783 , 
  33.15000 ,         0.172390181886234 ,         1.031820767020820 ,         1.185749573434588 ,         0.849034247411184 ,         0.895975287435030 ,         1.363117395806571 , 
  33.16000 ,         0.184376484034981 ,         1.025783102776583 ,         1.153801337763986 ,         0.857841817625868 ,         0.896253585133156 ,         1.367726546229778 , 
  33.17000 ,         0.177216929559556 ,         1.052225519259865 ,         1.151091924209461 ,         0.866764478275486 ,         0.897066307672832 ,         1.366020943626462 , 
  33.18000 ,         0.179122739167665 ,         1.000647043594647 ,         1.161719141561077 ,         0.872531517020021 ,         0.904088692012078 ,         1.367241729663302 , 
  33.19000 ,         0.172980610316509 ,         1.023175281516038 ,         1.175601873092176 ,         0.878857156048485 ,         0.908572484365029 ,         1.364532276238560 , 
  33.20000 ,         0.178906993643350 ,         1.034494512401226 ,         1.172129773311542 ,         0.871669046276379 ,         0.905371153751680 ,         1.364165826530545 , 
  33.21000 ,         0.196880091775821 ,         1.026337927407884 ,         1.181908357070028 ,         0.877422245745815 ,         0.899756458963050 ,         1.358212093590899 , 
  33.22000 ,         0.203788777790516 ,         1.024590745480027 ,         1.164005358857653 ,         0.883733046545388 ,         0.903904872918433 ,         1.338995168358191 , 
  33.23000 ,         0.192630046348777 ,         1.032752885209752 ,         1.174905331522472 ,         0.877934010068108 ,         0.893296757905168 ,         1.336057421078578 , 
  33.24000 ,         0.269720361305055 ,         1.026115519518813 ,         1.166615763488593 ,         0.881040557525039 ,         0.898336751697947 ,         1.320981163113286 , 
  33.25000 ,         0.306634919162969 ,         1.013097723116869 ,         1.177563265952236 ,         0.877066055547022 ,         0.893365430079735 ,         1.296465715713449 , 
  33.26000 ,         0.337496205277127 ,         1.012363431778977 ,         1.175165291928422 ,         0.883298673752005 ,         0.891748597289173 ,         1.288816763503337 , 
  33.27000 ,         0.328285518226243 ,         1.011254513651953 ,         1.160384215529119 ,         0.898156149141083 ,         0.884097046583661 ,         1.251072464395067 , 
  33.28000 ,         0.384103329831934 ,         1.018148898053853 ,         1.151684821315736 ,         0.890114454776541 ,         0.880752561280068 ,         1.236707693804575 , 
  33.29000 ,         0.405865303689696 ,         1.001667572160283 ,         1.183044877673089 ,         0.908698426241215 ,         0.873288302955172 ,         1.223593920483221 , 
  33.30000 ,         0.467563788666474 ,         0.995071652803009 ,         1.162665297138053 ,         0.905530190069605 ,         0.859510623797277 ,         1.199381043363466 , 
  33.31000 ,         0.505224885868585 ,         0.998967387967430 ,         1.170766314696212 ,         0.914222403405975 ,         0.853861883290314 ,         1.177287559826309 , 
  33.32000 ,         0.519889708991611 ,         0.995873185362050 ,         1.140626546034978 ,         0.895026057310294 ,         0.839815840793401 ,         1.153692392248239 , 
  33.33000 ,         0.608334841402317 ,         0.976701533276056 ,         1.168239747172503 ,         0.893367139530677 ,         0.846059132909329 ,         1.134426053375294 , 
  33.34000 ,         0.750494075516672 ,         0.983964510031653 ,         1.136704506144441 ,         0.922918345190489 ,         0.816212140728333 ,         1.118125915671098 , 
  33.35000 ,         0.744067624801854 ,         0.971670639885153 ,         1.156317943697259 ,         0.920621823591853 ,         0.816376405441693 ,         1.104755526508326 , 
  33.36000 ,         0.814300502420740 ,         0.977185489839559 ,         1.151705119216864 ,         0.934193310196165 ,         0.805994487974441 ,         1.078506422617078 , 
  33.37000 ,         0.896387642321801 ,         0.957199734038693 ,         1.134288524641668 ,         0.943022681981994 ,         0.786702029041025 ,         1.069092739196718 , 
  33.38000 ,         0.978376283939169 ,         0.958490587111137 ,         1.127208296136470 ,         0.938107747862405 ,         0.782455563081114 ,         1.057872464149356 , 
  33.39000 ,         1.109951028672268 ,         0.926615339513778 ,         1.129824816114923 ,         0.961829206638732 ,         0.765233974920845 ,         1.044709110833178 , 
  33.40000 ,         1.149010264345361 ,         0.929536393627708 ,         1.110714060094006 ,         0.968018803086120 ,         0.756908649585436 ,         1.035300951235989 , 
  33.41000 ,         1.302160048901577 ,         0.925010034738010 ,         1.101426916363205 ,         0.977488474208796 ,         0.743909793561936 ,         1.036852382688160 , 
  33.42000 ,         1.326178549827269 ,         0.896559189771969 ,         1.101263825688650 ,         0.984032915174282 ,         0.737528733295511 ,         1.040990027302826 , 
  33.43000 ,         1.402707663486339 ,         0.892801123270236 ,         1.090382162972442 ,         1.020618522111769 ,         0.732967417666045 ,         1.031275135102920 , 
  33.44000 ,         1.489052211985804 ,         0.872948190476375 ,         1.080504037722567 ,         1.016478755487316 ,         0.714804504955261 ,         1.032546996048290 , 
  33.45000 ,         1.565391995470984 ,         0.868465815324154 ,         1.079919976002694 ,         1.051886983673932 ,         0.713340641990548 ,         1.033120968389833 , 
  33.46000 ,         1.760384588653715 ,         0.866833557988002 ,         1.047794958578248 ,         1.061524770926517 ,         0.703699267349956 ,         1.046264270039421 , 
  33.47000 ,         1.806802179089866 ,         0.851481486697523 ,         1.050135776639875 ,         1.087159398194159 ,         0.703510618582405 ,         1.058186405533774 , 
  33.48000 ,         1.865024256254504 ,         0.851343544637638 ,         1.054450319762334 ,         1.106400684081029 ,         0.697994223090480 ,         1.060596647050931 , 
  33.49000 ,         1.976515737234594 ,         0.840216741122027 ,         1.036843509709364 ,         1.138089318338322 ,         0.696774889689475 ,         1.080505764680602 , 
  33.50000 ,         2.081950735367411 ,         0.825524562565670 ,         1.027833608952279 ,         1.157647037923742 ,         0.696004200983758 ,         1.077500819181380 , 
  33.51000 ,         2.225736370841800 ,         0.841557235961018 ,         1.029440068461986 ,         1.187232050204677 ,         0.695650523652052 ,         1.099148483999349 , 
  33.52000 ,         2.169192748531387 ,         0.851161654622600 ,         1.007688631363217 ,         1.187201656262988 ,         0.692770527863714 ,         1.106257489354011 , 
  33.53000 ,         2.148190886467710 ,         0.876890534447456 ,         1.002037434714153 ,         1.216055878821816 ,         0.702842729253713 ,         1.122626819912082 , 
  33.54000 ,         2.326147554064491 ,         0.875013590934081 ,         1.006856522263626 ,         1.232934527293232 ,         0.705178106213705 ,         1.134098492287435 , 
  33.55000 ,         2.265707035997162 ,         0.879782309644641 ,         0.984357189129740 ,         1.253668261121366 ,         0.715138389090601 ,         1.137759310139132 , 
  33.56000 ,         2.356819877962617 ,         0.886758397321911 ,         0.968278200070723 ,         1.278004268131440 ,         0.725240371852971 ,         1.149038833579163 , 
  33.57000 ,         2.471417251514558 ,         0.905031227993473 ,         0.957317825075784 ,         1.297334309509991 ,         0.735898525151719 ,         1.161978994148849 , 
  33.58000 ,         2.353030828655000 ,         0.904860706969209 ,         0.966572501927410 ,         1.285447478263668 ,         0.750197439754314 ,         1.153672839477300 , 
  33.59000 ,         2.323155154797159 ,         0.940283793369666 ,         0.956975947905402 ,         1.284007166732380 ,         0.759017427708156 ,         1.170552678872298 , 
  33.60000 ,         2.352193049339392 ,         0.959718315500178 ,         0.952358512467201 ,         1.295141338728096 ,         0.778283837814314 ,         1.177415156046438 , 
  33.61000 ,         2.339024880598231 ,         0.969935264952474 ,         0.942965376392117 ,         1.311717307253725 ,         0.785344766317213 ,         1.175641960426469 , 
  33.62000 ,         2.374878954917290 ,         1.001948003163103 ,         0.926048420384974 ,         1.310324516242283 ,         0.807773102024301 ,         1.182569407377239 , 
  33.63000 ,         2.286286227301829 ,         1.003556229593283 ,         0.938721795287568 ,         1.288974674100597 ,         0.818863803066591 ,         1.186993598609808 , 
  33.64000 ,         2.222272776216182 ,         1.011280959397055 ,         0.928802333231323 ,         1.276277198212922 ,         0.845665958377696 ,         1.184437125605530 , 
  33.65000 ,         2.230736086774447 ,         1.028413363688943 ,         0.935466026740008 ,         1.254789048810627 ,         0.870234729575352 ,         1.179911407959330 , 
  33.66000 ,         2.113051231038702 ,         1.037947191923916 ,         0.933321332728570 ,         1.258321519177663 ,         0.877983297973088 ,         1.171922682473563 , 
  33.67000 ,         1.988665153510139 ,         1.073976905998842 ,         0.924338403968748 ,         1.245847414044835 ,         0.902472859590474 ,         1.172539817284990 , 
  33.68000 ,         1.915212250873274 ,         1.056247857888550 ,         0.922935021456014 ,         1.226795506694641 ,         0.925163006130825 ,         1.160352730844451 , 
  33.69000 ,         1.799875137232371 ,         1.084537018360802 ,         0.904451897526001 ,         1.217099676753086 ,         0.948588613286156 ,         1.157193312030940 , 
  33.70000 ,         1.782223757742353 ,         1.077430837671828 ,         0.905622321343217 ,         1.176321332166152 ,         0.960478500394554 ,         1.156247537275735 , 
  33.71000 ,         1.730471039191717 ,         1.106648415978872 ,         0.899052823354710 ,         1.156308060237366 ,         0.981463459992274 ,         1.150382415569712 , 
  33.72000 ,         1.623242288084601 ,         1.093447573711251 ,         0.909907197950184 ,         1.147949443753107 ,         1.001753505760943 ,         1.141387905767621 , 
  33.73000 ,         1.471347531751984 ,         1.090973521433904 ,         0.900056198175054 ,         1.117934431285250 ,         1.024164630261637 ,         1.132495148400226 , 
  33.74000 ,         1.398460147817405 ,         1.090935160545101 ,         0.894474379514734 ,         1.082541480117178 ,         1.029229444645625 ,         1.120039335072355 , 
  33.75000 ,         1.378179478962740 ,         1.084696304808183 ,         0.892850219963158 ,         1.064332414306573 ,         1.055989297974196 ,         1.116245138152470 , 
  33.76000 ,         1.287936601467280 ,         1.089399959316569 ,         0.885152654876334 ,         1.046266233512712 ,         1.078844346839921 ,         1.115523201704821 , 
  33.77000 ,         1.187114385253564 ,         1.081226113573827 ,         0.885357097267158 ,         1.027189094195980 ,         1.095676462575993 ,         1.109990201135912 , 
  33.78000 ,         1.070877281226803 ,         1.075731666001176 ,         0.885136383797335 ,         0.991811489214194 ,         1.114126815575987 ,         1.102901050785248 , 
  33.79000 ,         0.996500550926160 ,         1.072426712669073 ,         0.868784499304294 ,         0.999168882489010 ,         1.115347432296507 ,         1.102005774482257 , 
  33.80000 ,         0.967788871347586 ,         1.019184472731776 ,         0.866512869091711 ,         0.961364421174562 ,         1.142309666377982 ,         1.103384165211713 , 
  33.81000 ,         0.896468170398889 ,         1.023064013380895 ,         0.878175373948858 ,         0.926027391152582 ,         1.167301501945919 ,         1.101595836551311 , 
  33.82000 ,         0.770991063692124 ,         1.009262171315570 ,         0.871723564476020 ,         0.919910505956778 ,         1.172801144192790 ,         1.096949086811647 , 
  33.83000 ,         0.703742692684538 ,         0.984707364695112 ,         0.866247238123901 ,         0.905088607510376 ,         1.184843268013583 ,         1.089811989253762 , 
  33.84000 ,         0.627866730449144 ,         0.973120874407600 ,         0.867367897562882 ,         0.883814329639362 ,         1.193605854432908 ,         1.095335399534751 , 
  33.85000 ,         0.574318203783360 ,         0.965173648024812 ,         0.870058238433587 ,         0.871025104096522 ,         1.200998226125040 ,         1.097286776499283 , 
  33.86000 ,         0.531462058155250 ,         0.948418200144324 ,         0.874557052743884 ,         0.875764921057873 ,         1.211476820577248 ,         1.102783770672144 , 
  33.87000 ,         0.508936624489211 ,         0.941460325994154 ,         0.875006433256652 ,         0.838852135572942 ,         1.217838504781642 ,         1.087405387428560 , 
  33.88000 ,         0.444936060469910 ,         0.912311954792153 ,         0.872861279148535 ,         0.848792747677888 ,         1.228098326343126 ,         1.092614813352966 , 
  33.89000 ,         0.412842229229257 ,         0.894049395366512 ,         0.883318391160495 ,         0.835631737638248 ,         1.236476945311339 ,         1.103499908640423 , 
  33.90000 ,         0.383678230762548 ,         0.912079311759336 ,         0.888400677228922 ,         0.813086954167806 ,         1.238428736527763 ,         1.097471572446579 , 
  33.91000 ,         0.351658215569254 ,         0.869390636367961 ,         0.892573583798469 ,         0.816160180449601 ,         1.235485505564395 ,         1.095740504916733 , 
  33.92000 ,         0.314861491670703 ,         0.868637379735269 ,         0.889339282092823 ,         0.803823574970486 ,         1.243317740427509 ,         1.100570902078329 , 
  33.93000 ,         0.270409586301621 ,         0.863554457321768 ,         0.892002796805902 ,         0.801124486107115 ,         1.244900538715324 ,         1.091697509643526 , 
  33.94000 ,         0.241397922751865 ,         0.851745160705657 ,         0.903739484206744 ,         0.796925712112605 ,         1.251515388480051 ,         1.099770105614741 , 
  33.95000 ,         0.272974617387045 ,         0.852685237498178 ,         0.902366137273505 ,         0.794053365453777 ,         1.244305292679989 ,         1.089645708071065 , 
  33.96000 ,         0.219019592695704 ,         0.870795003415155 ,         0.923448562295125 ,         0.787822120436684 ,         1.249201181557382 ,         1.082715071210566 , 
  33.97000 ,         0.212170335475533 ,         0.839440891771128 ,         0.920924861108168 ,         0.768457433946593 ,         1.240440425702968 ,         1.070047125316473 , 
  33.98000 ,         0.179423093650001 ,         0.853219176621731 ,         0.940112245705571 ,         0.784196455769073 ,         1.231674772886824 ,         1.070017084147856 , 
  33.99000 ,         0.184112121634365 ,         0.836415615081121 ,         0.954722036990703 ,         0.784094689890105 ,         1.220297179891837 ,         1.066331020881848 , 
  34.00000 ,         0.164836770031094 ,         0.844668652245092 ,         0.960090329516139 ,         0.777524023173560 ,         1.211448434688918 ,         1.056180223528633 , 
  34.01000 ,         0.204009232832529 ,         0.848721509125470 ,         0.957610239912550 ,         0.768267163783064 ,         1.207608349835335 ,         1.040743403673165 , 
  34.02000 ,         0.188573686240064 ,         0.831231851719368 ,         0.991686999719321 ,         0.768294187403205 ,         1.193467424930671 ,         1.033909677087318 , 
  34.03000 ,         0.200899511012255 ,         0.847724186646353 ,         0.995229869285410 ,         0.761743979254798 ,         1.181749519464793 ,         1.015618777992308 , 
  34.04000 ,         0.174010625564201 ,         0.838740776242829 ,         1.007791620927281 ,         0.770259946264610 ,         1.169686637173782 ,         0.997110165116979 , 
  34.05000 ,         0.198752493359150 ,         0.834545475420902 ,         1.004452579870055 ,         0.767418731870516 ,         1.161668907624852 ,         0.996957556457624 , 
  34.06000 ,         0.204365682154121 ,         0.862346780304538 ,         1.035078755816812 ,         0.771802755822120 ,         1.133277540444168 ,         0.970692225552864 , 
  34.07000 ,         0.191838280659220 ,         0.865419706406707 ,         1.052903448978825 ,         0.774093708990890 ,         1.119668062047180 ,         0.960801985876264 , 
  34.08000 ,         0.217479916686883 ,         0.855254080260422 ,         1.059141502154375 ,         0.764697064512787 ,         1.101811801049286 ,         0.943962993645861 , 
  34.09000 ,         0.234511739343199 ,         0.879419022536996 ,         1.070913110506773 ,         0.773126100029814 ,         1.081354721868535 ,         0.934576350457973 , 
  34.10000 ,         0.287727696027871 ,         0.873425050773346 ,         1.086422146942985 ,         0.779044173661555 ,         1.068617804825366 ,         0.921404477734119 , 
  34.11000 ,         0.301841747518040 ,         0.883744075442210 ,         1.094830959993962 ,         0.774362148798251 ,         1.046552348465174 ,         0.901032132944968 , 
  34.12000 ,         0.322600574428715 ,         0.897619444925915 ,         1.124641272469131 ,         0.788182671889625 ,         1.020022096506722 ,         0.890288965427696 , 
  34.13000 ,         0.343335023952881 ,         0.912191703182290 ,         1.129926501094236 ,         0.784332694089034 ,         1.008130541246685 ,         0.876719893011950 , 
  34.14000 ,         0.400164488222561 ,         0.915102995335560 ,         1.126116098388788 ,         0.804606269074580 ,         0.975044498990039 ,         0.863716076939997 , 
  34.15000 ,         0.387580778053383 ,         0.927035273977562 ,         1.142140230914971 ,         0.810784789383732 ,         0.960595328327236 ,         0.857866829364788 , 
  34.16000 ,         0.460457443291659 ,         0.961145575571945 ,         1.165384560083528 ,         0.817786660237841 ,         0.949040766495721 ,         0.857067952436175 , 
  34.17000 ,         0.471574067135776 ,         0.985015751399049 ,         1.157052518094331 ,         0.843519810228782 ,         0.938018461634826 ,         0.833779362476386 , 
  34.18000 ,         0.539574768149919 ,         0.974245390910410 ,         1.168940372607739 ,         0.871711960671025 ,         0.908887737617646 ,         0.834684353421282 , 
  34.19000 ,         0.564847929714151 ,         0.986469947720163 ,         1.187981342108538 ,         0.870787480571281 ,         0.896316995850937 ,         0.823578608928855 , 
  34.20000 ,         0.622295471529406 ,         1.011585332714468 ,         1.167987980714914 ,         0.915683633334936 ,         0.883834797368153 ,         0.823319049102273 , 
  34.21000 ,         0.658850036618854 ,         1.036552859335696 ,         1.183279519789608 ,         0.938577315097117 ,         0.880537454651437 ,         0.820426855046124 , 
  34.22000 ,         0.697253913656845 ,         1.042569623948226 ,         1.186254071894812 ,         0.954939849521544 ,         0.863703181545584 ,         0.819341347359607 , 
  34.23000 ,         0.726157629867917 ,         1.065243931966070 ,         1.182960891495439 ,         0.999589543393214 ,         0.851158030793870 ,         0.820857141738305 , 
  34.24000 ,         0.750302638342050 ,         1.075607025305841 ,         1.186167993424254 ,         1.004557428806669 ,         0.844873017722182 ,         0.826239478490687 , 
  34.25000 ,         0.834861812759128 ,         1.091388215350416 ,         1.181284605397938 ,         1.041983567635527 ,         0.841207093080933 ,         0.820621823199729 , 
  34.26000 ,         0.840981553659948 ,         1.104319211876700 ,         1.175521844821955 ,         1.076003334649092 ,         0.836262240788680 ,         0.830304108288704 , 
  34.27000 ,         0.901806095766664 ,         1.138459447519240 ,         1.158740651555833 ,         1.100078448019756 ,         0.828625733817765 ,         0.835715311682301 , 
  34.28000 ,         0.941818777442238 ,         1.145690960246927 ,         1.159950228524017 ,         1.111574777055043 ,         0.830425609351988 ,         0.844434456595287 , 
  34.29000 ,         1.001571083519759 ,         1.150204986083486 ,         1.160922644667717 ,         1.144139497983619 ,         0.826054702144486 ,         0.846459475218310 , 
  34.30000 ,         1.028295372638876 ,         1.143649020210545 ,         1.125051187234705 ,         1.165542671688433 ,         0.836284517943688 ,         0.856368411940541 , 
  34.31000 ,         1.038048295157383 ,         1.164039877672519 ,         1.106749587583937 ,         1.204448942652864 ,         0.843340715315773 ,         0.862398265612181 , 
  34.32000 ,         1.100461331142175 ,         1.162538637001477 ,         1.094935510355457 ,         1.204922858142156 ,         0.843437182900381 ,         0.865481680719736 , 
  34.33000 ,         1.118620664138331 ,         1.178546771145741 ,         1.082723751019186 ,         1.223080093804189 ,         0.852683876521621 ,         0.880972524094237 , 
  34.34000 ,         1.158366470439563 ,         1.175746664845996 ,         1.058078051364605 ,         1.224129368193634 ,         0.856576422465022 ,         0.892026734535576 , 
  34.35000 ,         1.050654891847533 ,         1.184451426332138 ,         1.037099190327382 ,         1.239847886224010 ,         0.869750827513139 ,         0.885052339077552 , 
  34.36000 ,         1.130743812114822 ,         1.166636717354151 ,         1.026173468909390 ,         1.277834345350505 ,         0.879904015205325 ,         0.887645622217730 , 
  34.37000 ,         1.180728779546946 ,         1.203705630300639 ,         0.993104036530178 ,         1.277852865513451 ,         0.896038564978860 ,         0.898939978530666 , 
  34.38000 ,         1.101310056879661 ,         1.185548560166520 ,         0.968625627154531 ,         1.278632692101721 ,         0.898138854498124 ,         0.901595093506417 , 
  34.39000 ,         1.125961651116848 ,         1.192470201224416 ,         0.930417146399176 ,         1.297736374722133 ,         0.916951506852750 ,         0.913775372307560 , 
  34.40000 ,         1.115008965747297 ,         1.184638513881181 ,         0.924317623420973 ,         1.306636503678783 ,         0.929920168995611 ,         0.923820269505731 , 
  34.41000 ,         1.055414940101194 ,         1.165237039918905 ,         0.910739820320035 ,         1.299795427395237 ,         0.943677678532136 ,         0.926148831662936 , 
  34.42000 ,         1.117454005332198 ,         1.179288018807170 ,         0.876605262864939 ,         1.284838329143464 ,         0.959990592473083 ,         0.925859152142853 , 
  34.43000 ,         1.044843490494652 ,         1.180121751003686 ,         0.843152716082865 ,         1.293262506878470 ,         0.981147055656524 ,         0.930811977507275 , 
  34.44000 ,         1.019018217642977 ,         1.185974685474034 ,         0.827368537961384 ,         1.299049747777794 ,         0.981277883218929 ,         0.933029799071248 , 
  34.45000 ,         0.997890150306729 ,         1.180502180852804 ,         0.808977129569288 ,         1.300746077004708 ,         1.003563958604047 ,         0.933275829594340 , 
  34.46000 ,         0.973987617538054 ,         1.205239706328519 ,         0.788857667485173 ,         1.279291686349671 ,         1.018229302452266 ,         0.941742936473726 , 
  34.47000 ,         0.909087177357951 ,         1.173072107706125 ,         0.791138943577663 ,         1.278840904302579 ,         1.022329719499031 ,         0.938836472488800 , 
  34.48000 ,         0.909491797430051 ,         1.196270589088964 ,         0.764063965835351 ,         1.261034605401862 ,         1.039383836442498 ,         0.944509211825852 , 
  34.49000 ,         0.886612893841202 ,         1.217928583950453 ,         0.750349712086852 ,         1.254482739500104 ,         1.049724171530705 ,         0.946188018371564 , 
  34.50000 ,         0.772544287365084 ,         1.228042914629286 ,         0.744039264713812 ,         1.260387389311137 ,         1.067803965868207 ,         0.946206774854287 , 
  34.51000 ,         0.804654921887419 ,         1.233842973431705 ,         0.715061480079000 ,         1.246052332795604 ,         1.072141636618166 ,         0.947053842944699 , 
  34.52000 ,         0.730742648948127 ,         1.246841265993075 ,         0.729638632541478 ,         1.238648302133208 ,         1.081979658110753 ,         0.959942265581070 , 
  34.53000 ,         0.655057530338234 ,         1.238685915081075 ,         0.705929019396416 ,         1.229336246429971 ,         1.090630137279894 ,         0.964830635941667 , 
  34.54000 ,         0.655606903201283 ,         1.268381131600641 ,         0.698787811131679 ,         1.244004812607675 ,         1.102535104166358 ,         0.971584938147599 , 
  34.55000 ,         0.610679404504539 ,         1.279596092645340 ,         0.703371814116836 ,         1.190906046151472 ,         1.109147628536622 ,         0.978403766667963 , 
  34.56000 ,         0.557455863183591 ,         1.310276353959600 ,         0.702674970637303 ,         1.193115549103731 ,         1.110766749847045 ,         0.987895732582318 , 
  34.57000 ,         0.546009273562773 ,         1.353783179761009 ,         0.700356546989261 ,         1.170408885318503 ,         1.116149793139859 ,         0.998318048646195 , 
  34.58000 ,         0.492884473641889 ,         1.333544340692281 ,         0.693813646989792 ,         1.169384627020434 ,         1.122076519059271 ,         1.003169297886384 , 
  34.59000 ,         0.494451406078094 ,         1.358236715900382 ,         0.695843130463834 ,         1.151462971293988 ,         1.117434714415018 ,         1.022164275831677 , 
  34.60000 ,         0.395147429093597 ,         1.369366295553279 ,         0.692144216036750 ,         1.139229934258867 ,         1.127402116745747 ,         1.028007963218618 , 
  34.61000 ,         0.356999484767314 ,         1.383951046680542 ,         0.705443930068054 ,         1.099264767134069 ,         1.128918383663478 ,         1.050983708252608 , 
  34.62000 ,         0.342003917106784 ,         1.387773327151886 ,         0.702494532435556 ,         1.106775514177663 ,         1.135805407479380 ,         1.061945270989342 , 
  34.63000 ,         0.364901455595408 ,         1.420806173938576 ,         0.713636391006209 ,         1.088988347149524 ,         1.136145509152300 ,         1.074553954127553 , 
  34.64000 ,         0.328683357415008 ,         1.416062077065362 ,         0.716398153494966 ,         1.074222152675175 ,         1.138721068186169 ,         1.089542628692324 , 
  34.65000 ,         0.298043412774489 ,         1.443503603278922 ,         0.715177314592965 ,         1.063221431484227 ,         1.138150398985631 ,         1.115759656917192 , 
  34.66000 ,         0.257294539729520 ,         1.422958691048920 ,         0.725370022960575 ,         1.038630736094522 ,         1.135649336900909 ,         1.135361148572359 , 
  34.67000 ,         0.267284514381734 ,         1.448405566727224 ,         0.745746836893519 ,         1.036937186074482 ,         1.131523645689742 ,         1.141402803926049 , 
  34.68000 ,         0.235811657523116 ,         1.430529313021089 ,         0.763566897883077 ,         1.003753967020391 ,         1.132684681625620 ,         1.155857091819237 , 
  34.69000 ,         0.211739907777966 ,         1.416470937412493 ,         0.768075007860889 ,         0.995752946740621 ,         1.133455809319322 ,         1.166252479817539 , 
  34.70000 ,         0.213458040593558 ,         1.415654645294240 ,         0.771025163868112 ,         0.969186911682067 ,         1.128202226000854 ,         1.189042367958824 , 
  34.71000 ,         0.199541847894061 ,         1.429206991195136 ,         0.784891421857487 ,         0.951099666128692 ,         1.133170107985946 ,         1.194047038395446 , 
  34.72000 ,         0.196669866779811 ,         1.420572180256511 ,         0.792997716344064 ,         0.944808013627663 ,         1.123901659836615 ,         1.200855063463441 , 
  34.73000 ,         0.197475115521461 ,         1.404599164703227 ,         0.803103740158498 ,         0.913953870411970 ,         1.121503661158435 ,         1.215663125761364 , 
  34.74000 ,         0.198279404632934 ,         1.398397629781002 ,         0.806428041527930 ,         0.901895903017861 ,         1.124988919486370 ,         1.213055726810315 , 
  34.75000 ,         0.190825847728699 ,         1.363647929893006 ,         0.812386000787323 ,         0.898452586556787 ,         1.114192445955595 ,         1.222578431132630 , 
  34.76000 ,         0.193466779801969 ,         1.357591236228868 ,         0.836503135298978 ,         0.879769550805638 ,         1.123264914365641 ,         1.222132971786656 , 
  34.77000 ,         0.205268410914553 ,         1.335275594883340 ,         0.843983064519211 ,         0.851657720507646 ,         1.101671094041338 ,         1.216375700614754 , 
  34.78000 ,         0.234457588223415 ,         1.315732940161969 ,         0.841036460880528 ,         0.834797233068919 ,         1.107906551382144 ,         1.217994577883776 , 
  34.79000 ,         0.228830881956998 ,         1.281796185282127 ,         0.854225682345475 ,         0.807544182426247 ,         1.102593000849552 ,         1.205380972638612 , 
  34.80000 ,         0.246080542404947 ,         1.279344381239101 ,         0.869686600957631 ,         0.787411995818059 ,         1.089280895391135 ,         1.202329862043129 , 
  34.81000 ,         0.292567051589946 ,         1.254266949687364 ,         0.864044216228821 ,         0.789588187279271 ,         1.087498016080869 ,         1.193667856286751 , 
  34.82000 ,         0.295140271225045 ,         1.227276398727983 ,         0.864633070113619 ,         0.774115010924049 ,         1.079763372301069 ,         1.173308218327893 , 
  34.83000 ,         0.284925374898559 ,         1.187417367666189 ,         0.875723162473675 ,         0.764310035109495 ,         1.079171980347455 ,         1.161761527117931 , 
  34.84000 ,         0.353214200621666 ,         1.184568167007352 ,         0.878357923315959 ,         0.761931860094250 ,         1.066002967396219 ,         1.153351036631027 , 
  34.85000 ,         0.379464584241132 ,         1.159373765794421 ,         0.872494891410200 ,         0.757845961285663 ,         1.049627773507134 ,         1.139362938109830 , 
  34.86000 ,         0.389275071158025 ,         1.136373246366460 ,         0.900483493059343 ,         0.733138515894366 ,         1.046333443790718 ,         1.121074599322267 , 
  34.87000 ,         0.467408874221836 ,         1.116587866196608 ,         0.898885121782612 ,         0.720417844515161 ,         1.041334354100585 ,         1.104686251343737 , 
  34.88000 ,         0.529062114276357 ,         1.079181993428171 ,         0.901898378328036 ,         0.738103115323803 ,         1.036682301750474 ,         1.095331022572525 , 
  34.89000 ,         0.571532837805553 ,         1.064912200377742 ,         0.894897107602982 ,         0.728636111891832 ,         1.028651035558769 ,         1.077027695446670 , 
  34.90000 ,         0.629417369832511 ,         1.067599187631373 ,         0.911268103180560 ,         0.727763833868841 ,         1.015882022511690 ,         1.069261981893259 , 
  34.91000 ,         0.669054660111727 ,         1.035625708603648 ,         0.908700767138838 ,         0.726608360068688 ,         1.021109449631284 ,         1.061249320331772 , 
  34.92000 ,         0.743170251535147 ,         1.028900134307524 ,         0.931461247416149 ,         0.741126079082881 ,         1.007095628150013 ,         1.042840254780620 , 
  34.93000 ,         0.791776845023154 ,         0.988472554946480 ,         0.929622742139068 ,         0.727989776946460 ,         1.002177694573279 ,         1.049961245570232 , 
  34.94000 ,         0.970097504087478 ,         0.985978426745598 ,         0.918144199963055 ,         0.747878022035634 ,         0.999349596447926 ,         1.035421977914229 , 
  34.95000 ,         0.962286752497922 ,         0.973963889103398 ,         0.922550476961809 ,         0.759297305001747 ,         0.994016253541201 ,         1.040852341503702 , 
  34.96000 ,         0.972613643343734 ,         0.950065866663235 ,         0.936582522819118 ,         0.761469010961273 ,         0.985176380727907 ,         1.029407980334187 , 
  34.97000 ,         1.116099533250633 ,         0.946918049618689 ,         0.943577451380976 ,         0.771168610129547 ,         0.980677908927774 ,         1.036321517709331 , 
  34.98000 ,         1.213245450326580 ,         0.930305746425792 ,         0.950733993047429 ,         0.784874738620787 ,         0.984149172078112 ,         1.041670813881142 , 
  34.99000 ,         1.296706801266244 ,         0.953979864085791 ,         0.964612316922412 ,         0.800544520757314 ,         0.984392638090541 ,         1.051552413321859 , 
  35.00000 ,         1.380072583350938 ,         0.948573807904466 ,         0.987348783010083 ,         0.813313581333414 ,         0.982134509754262 ,         1.049877669614440 , 
  35.01000 ,         1.456112071212937 ,         0.918882640842242 ,         0.982943437271303 ,         0.819514968074413 ,         0.971108572322548 ,         1.064587058117070 , 
  35.02000 ,         1.495930897222251 ,         0.919487114740398 ,         0.984245294809613 ,         0.855462898351130 ,         0.979347498714578 ,         1.078898380150536 , 
  35.03000 ,         1.657585295896365 ,         0.924266310824566 ,         1.006028330628278 ,         0.853225328814302 ,         0.975543906060331 ,         1.091556820288372 , 
  35.04000 ,         1.701754770485225 ,         0.930167788453848 ,         1.026432879692523 ,         0.861084755784030 ,         0.973196648802476 ,         1.101662892412145 , 
  35.05000 ,         1.754891517041370 ,         0.936738727300474 ,         1.027369044598859 ,         0.895199831872048 ,         0.973092306067550 ,         1.113109946458417 , 
  35.06000 ,         1.911614553890870 ,         0.944541278867342 ,         1.043682061954563 ,         0.906405875372996 ,         0.983592044705533 ,         1.128092552554677 , 
  35.07000 ,         1.909623772563648 ,         0.932630525244381 ,         1.045001075068586 ,         0.923453972327875 ,         0.975262087796675 ,         1.144211997627556 , 
  35.08000 ,         1.947246058204632 ,         0.935362299803335 ,         1.075464087971664 ,         0.932380213549149 ,         0.985748304343390 ,         1.159679891763209 , 
  35.09000 ,         2.032511342243990 ,         0.985664530955419 ,         1.077887821163479 ,         0.942364571528463 ,         0.976076682796593 ,         1.169380073095500 , 
  35.10000 ,         2.061027866089074 ,         0.959362611096763 ,         1.087221424233560 ,         0.955597098797789 ,         0.989051146498747 ,         1.172324812274174 , 
  35.11000 ,         2.062550136893351 ,         0.993641392201617 ,         1.090140878453872 ,         0.986620183946942 ,         0.988670376757307 ,         1.187848012525930 , 
  35.12000 ,         2.141315792187021 ,         1.016541169382408 ,         1.121406361805997 ,         0.976290450448943 ,         0.988767050564651 ,         1.176870392916545 , 
  35.13000 ,         2.151766876097733 ,         1.027183666238978 ,         1.115325764756645 ,         0.998569745014274 ,         1.000926185585721 ,         1.190142752900061 , 
  35.14000 ,         2.239363266825269 ,         1.050598712120349 ,         1.123382504196150 ,         0.996936085759377 ,         1.004982676023535 ,         1.179400230146632 , 
  35.15000 ,         2.046201811001172 ,         1.055493123038894 ,         1.135689080300689 ,         1.010771687752442 ,         1.013910034088333 ,         1.179794054699734 , 
  35.16000 ,         2.153473447947487 ,         1.083793987145856 ,         1.142268453429074 ,         1.001963340364456 ,         1.014215533371595 ,         1.176994669037882 , 
  35.17000 ,         2.101196914938631 ,         1.120235311747440 ,         1.160259709503757 ,         1.015052314007412 ,         1.019390622855124 ,         1.158426424151981 , 
  35.18000 ,         2.114324812113066 ,         1.122955324638375 ,         1.163348596080628 ,         1.002167134826983 ,         1.024112094277432 ,         1.150201201636127 , 
  35.19000 ,         2.087178961419779 ,         1.126119381777603 ,         1.172192985083697 ,         1.007692328619462 ,         1.027877487349437 ,         1.138448543827353 , 
  35.20000 ,         2.070793110600170 ,         1.154650454750127 ,         1.191421338460590 ,         1.001196280481235 ,         1.030744312034286 ,         1.107778754579685 , 
  35.21000 ,         2.037446811989186 ,         1.158574470063149 ,         1.188901597774501 ,         0.980074469758395 ,         1.039248671987083 ,         1.094178193357460 , 
  35.22000 ,         1.936261713013259 ,         1.197883312997710 ,         1.198162409762154 ,         0.986774520371552 ,         1.050743498782334 ,         1.068661511059699 , 
  35.23000 ,         1.870002659933804 ,         1.193075086078291 ,         1.212321831832383 ,         0.949450336199684 ,         1.047483217290635 ,         1.047845837138176 , 
  35.24000 ,         1.749400625761565 ,         1.225182602960372 ,         1.205166194729610 ,         0.956717406216302 ,         1.057956384614650 ,         1.019303529444800 , 
  35.25000 ,         1.759107280104922 ,         1.234183604908889 ,         1.213398410551339 ,         0.941351979308555 ,         1.060490707288291 ,         0.987853975800178 , 
  35.26000 ,         1.694842633309998 ,         1.229251005599969 ,         1.196002416874744 ,         0.925112742570727 ,         1.073993462519990 ,         0.958500563242038 , 
  35.27000 ,         1.540702073853796 ,         1.230891823020334 ,         1.216976522497810 ,         0.899707670584276 ,         1.072285227664612 ,         0.932352965610116 , 
  35.28000 ,         1.441030520763908 ,         1.228747766469780 ,         1.230249767089786 ,         0.884845254141087 ,         1.083081521155532 ,         0.904232188069678 , 
  35.29000 ,         1.422422555666275 ,         1.225382783258470 ,         1.221435316034724 ,         0.872390256447761 ,         1.090946505131474 ,         0.869665948082077 , 
  35.30000 ,         1.383386920488122 ,         1.203906692613097 ,         1.217909484385390 ,         0.851558666311073 ,         1.104261826162047 ,         0.845404661593686 , 
  35.31000 ,         1.240433442711478 ,         1.200670264658943 ,         1.222995400939836 ,         0.843301478670030 ,         1.110883786842692 ,         0.820087779751092 , 
  35.32000 ,         1.174902797118604 ,         1.183672385267921 ,         1.241340752908049 ,         0.830113673172045 ,         1.111642429440225 ,         0.790484015332727 , 
  35.33000 ,         1.065068289510693 ,         1.198423714926511 ,         1.245686120273548 ,         0.799134050973492 ,         1.117683772458656 ,         0.764366782720845 , 
  35.34000 ,         1.052933908798571 ,         1.147183468874264 ,         1.253574589924415 ,         0.796131578051152 ,         1.130648215172749 ,         0.744266599550675 , 
  35.35000 ,         0.892758754551648 ,         1.140439466620035 ,         1.268047672412764 ,         0.779778671350877 ,         1.140384057064763 ,         0.720698233041500 , 
  35.36000 ,         0.933898292942745 ,         1.110776325892171 ,         1.268105847372860 ,         0.782937266699747 ,         1.142881848623051 ,         0.703621811880768 , 
  35.37000 ,         0.788140001509033 ,         1.090666212762430 ,         1.260249145671397 ,         0.754544427006506 ,         1.148143979024167 ,         0.682814831363549 , 
  35.38000 ,         0.753177584352936 ,         1.086398924551386 ,         1.278676045821274 ,         0.752901006215321 ,         1.152722361951442 ,         0.675777192541402 , 
  35.39000 ,         0.692602604174302 ,         1.038903906261453 ,         1.290613648982206 ,         0.744901619463964 ,         1.165256336963909 ,         0.662389695235824 , 
  35.40000 ,         0.616183035634405 ,         1.025056283813619 ,         1.288392756897691 ,         0.744591336819336 ,         1.175510588515240 ,         0.650481423311060 , 
  35.41000 ,         0.539849669839220 ,         1.020722309462780 ,         1.313729914635335 ,         0.730696688964050 ,         1.170097652846074 ,         0.640049877073596 , 
  35.42000 ,         0.486561754153407 ,         0.984161660624268 ,         1.308186621903153 ,         0.730228966561221 ,         1.184228171378136 ,         0.632430937028572 , 
  35.43000 ,         0.482756916918758 ,         0.965955110726837 ,         1.319031781795961 ,         0.727389792436889 ,         1.189710073418901 ,         0.627509526519312 , 
  35.44000 ,         0.437499673692935 ,         0.948761263137022 ,         1.325233701600864 ,         0.727971672267541 ,         1.191271477927246 ,         0.621311831834400 , 
  35.45000 ,         0.349097059156446 ,         0.908335561435159 ,         1.332860946662497 ,         0.743263782831511 ,         1.201522544711080 ,         0.617159632871865 , 
  35.46000 ,         0.353305496104148 ,         0.898351911384519 ,         1.336239271892652 ,         0.729078049940605 ,         1.210646767179508 ,         0.619523610336614 , 
  35.47000 ,         0.293227933647095 ,         0.894653395151497 ,         1.343080798183879 ,         0.730373105748986 ,         1.203566381555616 ,         0.615844702986297 , 
  35.48000 ,         0.293942733046797 ,         0.860376540104415 ,         1.350904476727044 ,         0.728146313636507 ,         1.209777312184601 ,         0.617642767474266 , 
  35.49000 ,         0.262992081877284 ,         0.856153570893983 ,         1.342941799368763 ,         0.738235925487049 ,         1.212050464304003 ,         0.621761328188242 , 
  35.50000 ,         0.244383327149660 ,         0.836221726442858 ,         1.361579949060900 ,         0.741556152549228 ,         1.207068480585938 ,         0.621823156665483 , 
  35.51000 ,         0.228431234476836 ,         0.819826521812299 ,         1.369269534354420 ,         0.749979278962651 ,         1.210685542727232 ,         0.622955588300742 , 
  35.52000 ,         0.211618977560029 ,         0.815523341945547 ,         1.353955341126419 ,         0.739843214856522 ,         1.205627231271552 ,         0.625938861141314 , 
  35.53000 ,         0.165865045655008 ,         0.806946611004124 ,         1.367015387850448 ,         0.755388031997608 ,         1.208664730837880 ,         0.627300615375300 , 
  35.54000 ,         0.157877827488474 ,         0.799256501660399 ,         1.366958856337702 ,         0.752879889835660 ,         1.199981126292601 ,         0.629154106279588 , 
  35.55000 ,         0.164801865150800 ,         0.794533460244981 ,         1.351287633669991 ,         0.771084258687620 ,         1.193950613641131 ,         0.629430261896598 , 
  35.56000 ,         0.117399102599205 ,         0.784668442279203 ,         1.377413444908119 ,         0.784504171146834 ,         1.198919170328940 ,         0.627365143775534 , 
  35.57000 ,         0.131343024291016 ,         0.794187486879680 ,         1.342161529473825 ,         0.787893966965735 ,         1.184809850060181 ,         0.625972644831966 , 
  35.58000 ,         0.125143308741328 ,         0.772191098256146 ,         1.351142987691003 ,         0.789420181408908 ,         1.169854746072502 ,         0.630611791142105 , 
  35.59000 ,         0.112828085169792 ,         0.784658107813560 ,         1.334585693476401 ,         0.796356368582134 ,         1.170878373678807 ,         0.632772044516920 , 
  35.60000 ,         0.117135432605327 ,         0.778863212323482 ,         1.334054567797053 ,         0.794652456737167 ,         1.155059716550223 ,         0.631651727642953 , 
  35.61000 ,         0.109206766697754 ,         0.771108979652838 ,         1.321128860126073 ,         0.799884962677696 ,         1.144022786233991 ,         0.629672565933410 , 
  35.62000 ,         0.096921166381974 ,         0.786829604107717 ,         1.312583273546873 ,         0.810841604787936 ,         1.134198666220815 ,         0.635158347538403 , 
  35.63000 ,         0.126537672221741 ,         0.777770347362941 ,         1.294829456269020 ,         0.815840733229655 ,         1.122844579142639 ,         0.629293115377754 , 
  35.64000 ,         0.109022994301225 ,         0.778751248293653 ,         1.286580355748761 ,         0.826230762311837 ,         1.111748356512458 ,         0.636680658844869 , 
  35.65000 ,         0.101988282155506 ,         0.793787003742369 ,         1.279865771579666 ,         0.817268280242916 ,         1.085300786190858 ,         0.639156532680476 , 
  35.66000 ,         0.121968825393975 ,         0.773086331671274 ,         1.244735423440295 ,         0.834615248053056 ,         1.064300514891508 ,         0.639696541488734 , 
  35.67000 ,         0.138444079817456 ,         0.794420863669508 ,         1.247248374739105 ,         0.846010874544881 ,         1.053282450411523 ,         0.642358218217493 , 
  35.68000 ,         0.142717634915042 ,         0.788754246012935 ,         1.226642843078867 ,         0.846787674539745 ,         1.037095984207326 ,         0.643629882688979 , 
  35.69000 ,         0.159162765758919 ,         0.786355385747445 ,         1.205190464358260 ,         0.852781922549835 ,         1.020071339087770 ,         0.647522836653087 , 
  35.70000 ,         0.166896903797823 ,         0.787870735311207 ,         1.205982249513045 ,         0.853119166776437 ,         1.006787100497837 ,         0.656939245027108 , 
  35.71000 ,         0.143346709174751 ,         0.799266499641038 ,         1.176909061122249 ,         0.852044151655378 ,         0.986513138500557 ,         0.661458186048039 , 
  35.72000 ,         0.196231634881273 ,         0.790353299339287 ,         1.153132192918189 ,         0.871049217776359 ,         0.962734324837175 ,         0.673352357745253 , 
  35.73000 ,         0.188311648337567 ,         0.799890607627431 ,         1.140554623528427 ,         0.855049866371470 ,         0.949761622105767 ,         0.678141594780151 , 
  35.74000 ,         0.207287105893181 ,         0.793263469571342 ,         1.119697295849777 ,         0.886553508599104 ,         0.931098011545684 ,         0.690446571531883 , 
  35.75000 ,         0.238376854631943 ,         0.796720460049397 ,         1.097183650001387 ,         0.873488642552457 ,         0.920446174087056 ,         0.700015304249848 , 
  35.76000 ,         0.214852367692933 ,         0.808295399425428 ,         1.078593539426215 ,         0.887944550855949 ,         0.901156238788679 ,         0.709126520536919 , 
  35.77000 ,         0.247634777438990 ,         0.804271866760986 ,         1.057805287281456 ,         0.886041130028100 ,         0.892751512983178 ,         0.724653714158907 , 
  35.78000 ,         0.258746211274902 ,         0.795276816594097 ,         1.056889572433708 ,         0.893604703738280 ,         0.877351936913843 ,         0.742732513865508 , 
  35.79000 ,         0.248222978988757 ,         0.817968231284378 ,         1.036244448435206 ,         0.887213361093742 ,         0.860401819809242 ,         0.757426041287121 , 
  35.80000 ,         0.274016485845722 ,         0.809299479094817 ,         1.007086220948364 ,         0.890661629663361 ,         0.858611101227247 ,         0.768456327813396 , 
  35.81000 ,         0.296325456049740 ,         0.817054810667759 ,         1.001340302923182 ,         0.888328426189927 ,         0.846320189162467 ,         0.785643124432895 , 
  35.82000 ,         0.322063235956092 ,         0.807532550745134 ,         0.983134723969182 ,         0.893121071560543 ,         0.836012589749126 ,         0.800058395554128 , 
  35.83000 ,         0.316705737617642 ,         0.841384452798914 ,         0.976113835048381 ,         0.902169086023553 ,         0.833874017859667 ,         0.813055146142976 , 
  35.84000 ,         0.319116459918220 ,         0.844472713020073 ,         0.958858714362381 ,         0.902797714647018 ,         0.828045222959249 ,         0.823678933558341 , 
  35.85000 ,         0.304284526979255 ,         0.859517589133680 ,         0.941191693754883 ,         0.887586328254819 ,         0.830425229967817 ,         0.843813102658034 , 
  35.86000 ,         0.340298479507707 ,         0.847192448825042 ,         0.944651348810636 ,         0.901575591910926 ,         0.827000687778303 ,         0.865203499678733 , 
  35.87000 ,         0.361634637345112 ,         0.855115236222295 ,         0.931047747129133 ,         0.907638362122418 ,         0.827360315952840 ,         0.874434705687607 , 
  35.88000 ,         0.346803650963965 ,         0.887662446574019 ,         0.915630482942081 ,         0.892933345735692 ,         0.828862339344436 ,         0.892946791907023 , 
  35.89000 ,         0.393054494631942 ,         0.877599518512183 ,         0.912593839628894 ,         0.907110858440101 ,         0.830832914254827 ,         0.909126660347746 , 
  35.90000 ,         0.363609275781540 ,         0.890434417376366 ,         0.903113464226904 ,         0.891884986295707 ,         0.839422743712865 ,         0.907814382021066 , 
  35.91000 ,         0.364265910261017 ,         0.899281465956887 ,         0.897885399673457 ,         0.888757273974110 ,         0.843438814619702 ,         0.935189901612408 , 
  35.92000 ,         0.348607608112596 ,         0.911767743508774 ,         0.895131604574830 ,         0.900068781290710 ,         0.845478096353435 ,         0.951439568369802 , 
  35.93000 ,         0.344980940731702 ,         0.908149454053043 ,         0.898977852550382 ,         0.879240137035881 ,         0.858858800363299 ,         0.950682085582931 , 
  35.94000 ,         0.378238669672940 ,         0.929300677076260 ,         0.874998555140505 ,         0.892366657319364 ,         0.866327905364484 ,         0.962696750093017 , 
  35.95000 ,         0.350597651026426 ,         0.938105878586906 ,         0.899263687725940 ,         0.874726138188944 ,         0.876561096860652 ,         0.965643652521439 , 
  35.96000 ,         0.340121921634030 ,         0.961465558070001 ,         0.899031338827986 ,         0.868135503062426 ,         0.885015766884077 ,         0.979537212438938 , 
  35.97000 ,         0.363907945401764 ,         0.977092833403736 ,         0.894838934568072 ,         0.876001346806099 ,         0.894183365107606 ,         0.989468379341112 , 
  35.98000 ,         0.332041900566150 ,         0.979758945646060 ,         0.879579422488780 ,         0.878081810823855 ,         0.908047415655070 ,         0.997676799494266 , 
  35.99000 ,         0.279683948872014 ,         1.001238601370952 ,         0.899190310392994 ,         0.864550555257469 ,         0.910309244140200 ,         1.010205914525248 , 
  36.00000 ,         0.294060657877056 ,         1.022373682619066 ,         0.896607187589526 ,         0.870855509337938 ,         0.928396085016279 ,         1.022587389492523 , 
  36.01000 ,         0.273392891991019 ,         1.029388314805249 ,         0.889221060610634 ,         0.856969242883569 ,         0.941750407777854 ,         1.023955165047419 , 
  36.02000 ,         0.283487654174532 ,         1.074285858157631 ,         0.896945972084218 ,         0.846620509379665 ,         0.948805747676104 ,         1.031591934336165 , 
  36.03000 ,         0.222738590228375 ,         1.072622856679269 ,         0.893781263519369 ,         0.846683999349912 ,         0.955079712949436 ,         1.046220653096165 , 
  36.04000 ,         0.252467587405388 ,         1.094843604335272 ,         0.900641868499582 ,         0.847280370401442 ,         0.965824457709873 ,         1.047505931696762 , 
  36.05000 ,         0.223343972629846 ,         1.085392034927296 ,         0.899929160708667 ,         0.833863672621594 ,         0.974732342381449 ,         1.059551904506143 , 
  36.06000 ,         0.226628056984288 ,         1.093522974208020 ,         0.888514041080786 ,         0.851718931264963 ,         0.988422615309351 ,         1.072303218402513 , 
  36.07000 ,         0.191590388007862 ,         1.133470023275399 ,         0.879080563642739 ,         0.827031841567269 ,         0.991706441037638 ,         1.090694808175033 , 
  36.08000 ,         0.196590444952132 ,         1.146777595554105 ,         0.897369425537723 ,         0.835509391046562 ,         1.003204338374169 ,         1.103800030748552 , 
  36.09000 ,         0.170113866228400 ,         1.158581750181799 ,         0.888100702878642 ,         0.836641258344551 ,         1.000030310798610 ,         1.111335281866020 , 
  36.10000 ,         0.196372676546029 ,         1.163890652710310 ,         0.890637223198344 ,         0.837771743446370 ,         1.008468798796276 ,         1.123457858648750 , 
  36.11000 ,         0.175872870553129 ,         1.177795974899881 ,         0.879523657902017 ,         0.837785712172923 ,         1.009901636593312 ,         1.146293384182598 , 
  36.12000 ,         0.191060327709060 ,         1.181708126880535 ,         0.894639984497672 ,         0.833659896570531 ,         1.006874658948432 ,         1.159563704175922 , 
  36.13000 ,         0.151914976691793 ,         1.182857534995457 ,         0.880353655081596 ,         0.832508924293888 ,         1.010945370380198 ,         1.174596097279065 , 
  36.14000 ,         0.161161309666455 ,         1.222917464271639 ,         0.882941319899608 ,         0.828655405064591 ,         1.009537769729705 ,         1.193905777852242 , 
  36.15000 ,         0.147508188127004 ,         1.197762248850230 ,         0.883406616609745 ,         0.827084345065562 ,         1.002992098148052 ,         1.213432344625576 , 
  36.16000 ,         0.159288524414130 ,         1.243912047369653 ,         0.877463713278636 ,         0.844737547025999 ,         1.003695102930293 ,         1.224901216164643 , 
  36.17000 ,         0.126174831778269 ,         1.205647092243699 ,         0.865387866781243 ,         0.838025287909865 ,         0.999183997123301 ,         1.237706825611856 , 
  36.18000 ,         0.137107550812187 ,         1.236506986028430 ,         0.857821431914060 ,         0.845655252636744 ,         0.989031030598331 ,         1.255126529965888 , 
  36.19000 ,         0.148028168557593 ,         1.232545972054187 ,         0.859462120085996 ,         0.844712170433293 ,         0.982206548781922 ,         1.276293582583262 , 
  36.20000 ,         0.148791804314700 ,         1.257650044850314 ,         0.841603643155021 ,         0.843294459113142 ,         0.975719693333212 ,         1.284293605690402 , 
  36.21000 ,         0.171523042549073 ,         1.264771203525336 ,         0.845733228578633 ,         0.859093859663890 ,         0.967233117785769 ,         1.291188814989367 , 
  36.22000 ,         0.156227801035757 ,         1.270089798690698 ,         0.834921481278596 ,         0.863264160047584 ,         0.966699103655633 ,         1.299290146975506 , 
  36.23000 ,         0.168801698062253 ,         1.274030816124853 ,         0.830662606058217 ,         0.868853990244802 ,         0.955852802910167 ,         1.311813383698943 , 
  36.24000 ,         0.182205237505368 ,         1.250657593779611 ,         0.815969462057459 ,         0.887406990072440 ,         0.950119122599244 ,         1.319946723811853 , 
  36.25000 ,         0.225101673147708 ,         1.242801512842189 ,         0.807088559832266 ,         0.906202849905027 ,         0.940228927956322 ,         1.328900795127619 , 
  36.26000 ,         0.235931492652534 ,         1.252648768802047 ,         0.807854709216488 ,         0.917604983923605 ,         0.926123269400513 ,         1.334408510396479 , 
  36.27000 ,         0.234959265361836 ,         1.273327631638339 ,         0.801356365397392 ,         0.930468166009530 ,         0.911085605644500 ,         1.331291092879316 , 
  36.28000 ,         0.304689506417948 ,         1.277886306958701 ,         0.788499829367856 ,         0.940160714554829 ,         0.900548974511197 ,         1.338329719057151 , 
  36.29000 ,         0.307045270043500 ,         1.262145334360318 ,         0.768664700006159 ,         0.970978090267698 ,         0.890891325268766 ,         1.326827259612204 , 
  36.30000 ,         0.325372765392563 ,         1.276478555703511 ,         0.782849395804006 ,         0.995613337515002 ,         0.886117940246470 ,         1.327291776655483 , 
  36.31000 ,         0.417625851781661 ,         1.288695064262876 ,         0.772072138712549 ,         0.991966434664488 ,         0.869126033844907 ,         1.308599515699653 , 
  36.32000 ,         0.437551852732591 ,         1.300268053729816 ,         0.771542068536031 ,         1.026430719791965 ,         0.858818861138133 ,         1.306356827112372 , 
  36.33000 ,         0.459973960146841 ,         1.293991526115645 ,         0.770487859566224 ,         1.055505939570533 ,         0.847054008612108 ,         1.294070216916309 , 
  36.34000 ,         0.557872922921682 ,         1.311315958860082 ,         0.764348822401530 ,         1.087065724711958 ,         0.836770060633257 ,         1.287892112213910 , 
  36.35000 ,         0.630510747352077 ,         1.281458595058818 ,         0.761308189621923 ,         1.118905043007111 ,         0.825737458560535 ,         1.270951829363664 , 
  36.36000 ,         0.650275595819113 ,         1.297722995586822 ,         0.758585029787696 ,         1.164431163164170 ,         0.814651397806733 ,         1.256596311339322 , 
  36.37000 ,         0.714407347618976 ,         1.302767443401310 ,         0.748693456403445 ,         1.183263342096055 ,         0.812175102858963 ,         1.244245505048583 , 
  36.38000 ,         0.816136328180111 ,         1.314921184133263 ,         0.754350622822373 ,         1.214055104599209 ,         0.799525861244394 ,         1.229540768262113 , 
  36.39000 ,         0.956237129391288 ,         1.301544981671475 ,         0.752419744747410 ,         1.246799778561639 ,         0.793347927874654 ,         1.215113443237322 , 
  36.40000 ,         1.032636980523696 ,         1.299784766173349 ,         0.756709690181332 ,         1.293618209305849 ,         0.782316578868408 ,         1.198075772076981 , 
  36.41000 ,         1.088896348323850 ,         1.313068601154143 ,         0.759218981160566 ,         1.330826887725043 ,         0.779105650607242 ,         1.179202458562335 , 
  36.42000 ,         1.193536842249682 ,         1.303264555791006 ,         0.769451235775031 ,         1.376555569022223 ,         0.772713834298500 ,         1.169041252535473 , 
  36.43000 ,         1.328113895913736 ,         1.275732282482820 ,         0.772211414732055 ,         1.419520854809118 ,         0.764763730153108 ,         1.159647531602554 , 
  36.44000 ,         1.444188275217858 ,         1.265124780955216 ,         0.781538629006544 ,         1.444866150996954 ,         0.758725501825442 ,         1.140617250837097 , 
  36.45000 ,         1.571809005818631 ,         1.260261451548612 ,         0.784236801046378 ,         1.471799009725596 ,         0.758869492240602 ,         1.128083049990008 , 
  36.46000 ,         1.665120389447399 ,         1.234880949481323 ,         0.797661838213134 ,         1.515109543551237 ,         0.750757405320949 ,         1.112554396846900 , 
  36.47000 ,         1.866610968358773 ,         1.192557007562549 ,         0.801389146779199 ,         1.588826605151432 ,         0.748862081097751 ,         1.115080887145884 , 
  36.48000 ,         1.945505830237227 ,         1.199603723308448 ,         0.805580519083306 ,         1.595552037603092 ,         0.749310072051814 ,         1.099081759679375 , 
  36.49000 ,         2.101692154490868 ,         1.177105691039571 ,         0.823807578964874 ,         1.643403037370717 ,         0.745246330390124 ,         1.090718218463167 , 
  36.50000 ,         2.231928439867459 ,         1.164091216378338 ,         0.831152189138422 ,         1.665994461157587 ,         0.748073351323404 ,         1.082402656268388 , 
  36.51000 ,         2.332101693605145 ,         1.109742974478357 ,         0.837345850430215 ,         1.693911177576260 ,         0.755416337862532 ,         1.081043620733773 , 
  36.52000 ,         2.486988298221883 ,         1.093871982371724 ,         0.866323766959514 ,         1.703418776155607 ,         0.758221491909988 ,         1.069705043226302 , 
  36.53000 ,         2.601025045099385 ,         1.072933208637191 ,         0.864967433406614 ,         1.751675799902453 ,         0.765472829114042 ,         1.080093706886148 , 
  36.54000 ,         2.768040495959953 ,         1.022457404420459 ,         0.876266116985824 ,         1.764511725776330 ,         0.767180138582576 ,         1.081991848540701 , 
  36.55000 ,         2.890090905787103 ,         0.996397194635066 ,         0.911705506327029 ,         1.806514139711329 ,         0.782076428935108 ,         1.070515379629247 , 
  36.56000 ,         2.929123307584169 ,         0.939905441652645 ,         0.912968116384822 ,         1.799672340633517 ,         0.789406087355834 ,         1.072273903942268 , 
  36.57000 ,         3.067519095587932 ,         0.903874364886141 ,         0.931314702461445 ,         1.820381639901291 ,         0.795834507461113 ,         1.071130988540895 , 
  36.58000 ,         3.222321825410890 ,         0.851841307327757 ,         0.941568729688729 ,         1.810796665570861 ,         0.812178060938088 ,         1.071567412979590 , 
  36.59000 ,         3.347165531086162 ,         0.825206631860488 ,         0.951397668570164 ,         1.807428012676131 ,         0.826977960961843 ,         1.071020565254378 , 
  36.60000 ,         3.410672106162673 ,         0.790330633232712 ,         0.971501913120263 ,         1.842881495529489 ,         0.847718768324054 ,         1.078421397413387 , 
  36.61000 ,         3.465016442265782 ,         0.748363373429481 ,         0.963377066665260 ,         1.818885658684603 ,         0.858479107963854 ,         1.071981712653947 , 
  36.62000 ,         3.480472949658310 ,         0.704066715249536 ,         0.974674932807677 ,         1.812780749904368 ,         0.871073446730514 ,         1.079528517582758 , 
  36.63000 ,         3.548755326533750 ,         0.682834028628062 ,         0.993546217743053 ,         1.808230378108169 ,         0.883847424185307 ,         1.081377499236778 , 
  36.64000 ,         3.527013089286193 ,         0.636145581470167 ,         1.001926711986336 ,         1.785168709732887 ,         0.891823600259123 ,         1.079433422911769 , 
  36.65000 ,         3.534161177467916 ,         0.616106977728946 ,         1.019731277897759 ,         1.794195069179526 ,         0.918090637558313 ,         1.072349349979153 , 
  36.66000 ,         3.560260421485778 ,         0.585064791421517 ,         1.015671653582580 ,         1.737728984665053 ,         0.925472447560986 ,         1.076877797665775 , 
  36.67000 ,         3.574796415420361 ,         0.556836950281686 ,         1.006055144683150 ,         1.735802995560907 ,         0.950469284887600 ,         1.073046532912896 , 
  36.68000 ,         3.425454160876617 ,         0.539756058282361 ,         1.016211205839388 ,         1.705727955349979 ,         0.957181819984138 ,         1.071059129095912 , 
  36.69000 ,         3.321537940979513 ,         0.506954254619272 ,         1.030573807381466 ,         1.689316008975318 ,         0.972206686802202 ,         1.061731228215031 , 
  36.70000 ,         3.246522981218931 ,         0.490535886223572 ,         1.019884871807740 ,         1.648143000663145 ,         0.985428607110470 ,         1.063684554794795 , 
  36.71000 ,         3.198717934757411 ,         0.481328540426745 ,         1.020665185266576 ,         1.602595912089090 ,         1.001474727340723 ,         1.057710219174314 , 
  36.72000 ,         3.160002443373584 ,         0.462785069222613 ,         1.018209315639811 ,         1.577947137935249 ,         1.013151134401637 ,         1.049264494358450 , 
  36.73000 ,         3.030176969370751 ,         0.447443814684522 ,         1.030588644054280 ,         1.520066925844403 ,         1.020541944498820 ,         1.053979618881358 , 
  36.74000 ,         2.873407959233675 ,         0.444225095097180 ,         1.036593616827230 ,         1.485794443359101 ,         1.040928145757450 ,         1.037529772483756 , 
  36.75000 ,         2.753722277344882 ,         0.453314201226606 ,         1.031210341944351 ,         1.439921132735857 ,         1.045065596737552 ,         1.030736110281679 , 
  36.76000 ,         2.682537322988022 ,         0.441282308709750 ,         1.031879137575122 ,         1.407829938667021 ,         1.051875702945998 ,         1.034005614097585 , 
  36.77000 ,         2.504087923526203 ,         0.450055723820932 ,         1.020358470802030 ,         1.354725086735902 ,         1.061469330189519 ,         1.038103612848452 , 
  36.78000 ,         2.346306048058182 ,         0.448582596099082 ,         1.014071017105775 ,         1.308792444346591 ,         1.077360882472789 ,         1.025805106580411 , 
  36.79000 ,         2.304105216184709 ,         0.458160886237794 ,         1.036028837437227 ,         1.269815712170001 ,         1.085766099791481 ,         1.021640969052415 , 
  36.80000 ,         2.131877556855056 ,         0.460877405446361 ,         1.033216175866437 ,         1.226432918176377 ,         1.093931942337211 ,         1.019820360442991 , 
  36.81000 ,         1.961471926417344 ,         0.461138043559559 ,         1.032808178012217 ,         1.175942892109106 ,         1.097183028452616 ,         1.020071181407915 , 
  36.82000 ,         1.818217906616778 ,         0.488467305024800 ,         1.026475940651236 ,         1.159216062541601 ,         1.110964338741708 ,         1.018393553468031 , 
  36.83000 ,         1.646533509338894 ,         0.508926683039087 ,         1.039803062538234 ,         1.106826205450002 ,         1.109723054924672 ,         1.020341849107075 , 
  36.84000 ,         1.564010791398776 ,         0.519670339287185 ,         1.018423258673747 ,         1.074492147626880 ,         1.117219804131201 ,         1.017543196495001 , 
  36.85000 ,         1.492183401280756 ,         0.533665646453130 ,         1.044079665275586 ,         1.056266373617101 ,         1.122668636954918 ,         1.007086121753539 , 
  36.86000 ,         1.326662259922692 ,         0.550499605550281 ,         1.030110028419536 ,         1.040455466294625 ,         1.131538637931335 ,         1.026313303682127 , 
  36.87000 ,         1.292529283891964 ,         0.579539651328924 ,         1.046716455863015 ,         0.998429974103495 ,         1.133076930360131 ,         1.033256853748085 , 
  36.88000 ,         1.162319789092962 ,         0.598162995876064 ,         1.039072758197987 ,         0.986078062137818 ,         1.138915071020279 ,         1.040472714145782 , 
  36.89000 ,         1.129126588499883 ,         0.620734696273368 ,         1.041155253265731 ,         0.948248568397275 ,         1.142647920101084 ,         1.041854851796367 , 
  36.90000 ,         0.906391746265477 ,         0.635959110120963 ,         1.046032216151305 ,         0.947124454342151 ,         1.148766615017599 ,         1.050265671766015 , 
  36.91000 ,         0.949813276785475 ,         0.658790651417665 ,         1.046024563865682 ,         0.928517698715424 ,         1.149554617633448 ,         1.060090318593335 , 
  36.92000 ,         0.787560409193137 ,         0.697750888846551 ,         1.047439089110068 ,         0.903124130227347 ,         1.153745013151537 ,         1.062551268014541 , 
  36.93000 ,         0.718899429564040 ,         0.718290192759324 ,         1.060325888873233 ,         0.893039616245160 ,         1.165368467952893 ,         1.076077198761809 , 
  36.94000 ,         0.662490813037697 ,         0.736980435704619 ,         1.077917611930131 ,         0.880682487062061 ,         1.161870664179738 ,         1.081672538413341 , 
  36.95000 ,         0.599651654865235 ,         0.768531899342674 ,         1.067597004953321 ,         0.870265764334188 ,         1.162509730941167 ,         1.089543829517168 , 
  36.96000 ,         0.564454315979512 ,         0.772171071267231 ,         1.060227274366330 ,         0.873190957379584 ,         1.166924143541695 ,         1.103755035128489 , 
  36.97000 ,         0.539021673134740 ,         0.798704482955105 ,         1.074699790778231 ,         0.859699040704562 ,         1.166305612248710 ,         1.105741663918580 , 
  36.98000 ,         0.453667530027131 ,         0.829057158109848 ,         1.085105896876277 ,         0.863132855398716 ,         1.168396419967195 ,         1.117827173804852 , 
  36.99000 ,         0.384599247891257 ,         0.824965386726746 ,         1.085936218486642 ,         0.864285599307207 ,         1.167701512536681 ,         1.123497901611285 , 
  37.00000 ,         0.396530059800639 ,         0.861340168163888 ,         1.086967795303002 ,         0.849302648491369 ,         1.178058437866899 ,         1.122574576183059 , 
  37.01000 ,         0.368007534228844 ,         0.877859730689300 ,         1.096541130836825 ,         0.853898800576049 ,         1.163608987435468 ,         1.140608516546165 , 
  37.02000 ,         0.329006943829588 ,         0.889814234448204 ,         1.100748508171873 ,         0.858590909619168 ,         1.169081108222475 ,         1.139196647645816 , 
  37.03000 ,         0.300551568933997 ,         0.907108263496358 ,         1.103739279865475 ,         0.849037983880414 ,         1.164435346037965 ,         1.151521020810333 , 
  37.04000 ,         0.316539268664201 ,         0.912876640879793 ,         1.100468551215385 ,         0.853626465272048 ,         1.161611300575506 ,         1.159807046931573 , 
  37.05000 ,         0.295384800609302 ,         0.935082553568177 ,         1.112535376065364 ,         0.861387677596492 ,         1.154401732709101 ,         1.160152051573421 , 
  37.06000 ,         0.296032039970278 ,         0.954743660244742 ,         1.097567020128223 ,         0.855780633258765 ,         1.139095697397555 ,         1.167214203918914 , 
  37.07000 ,         0.257175145744875 ,         0.961383577745340 ,         1.114308061941205 ,         0.872198623206071 ,         1.140446307798406 ,         1.173235635011078 , 
  37.08000 ,         0.292489754335315 ,         0.967613316081052 ,         1.121009285727294 ,         0.875958468820330 ,         1.137502122253605 ,         1.166043542410206 , 
  37.09000 ,         0.285889476907357 ,         0.994975911884619 ,         1.117938586547414 ,         0.888321017242597 ,         1.125148739288079 ,         1.182540548450687 , 
  37.10000 ,         0.297808705251120 ,         0.994338997971897 ,         1.106570623210959 ,         0.874813071675164 ,         1.112531827868435 ,         1.178909967493241 , 
  37.11000 ,         0.322586321003398 ,         1.003858866139939 ,         1.120806463186993 ,         0.892542451753791 ,         1.101989765768739 ,         1.175924177401453 , 
  37.12000 ,         0.305528090049296 ,         1.016081904736309 ,         1.102916204013477 ,         0.896433486577202 ,         1.097627251467805 ,         1.179649985840003 , 
  37.13000 ,         0.339917835448504 ,         1.018749021016172 ,         1.117037910492046 ,         0.913529182767854 ,         1.084969716352881 ,         1.180559051506156 , 
  37.14000 ,         0.376679970336561 ,         1.016393395439057 ,         1.109860626884509 ,         0.909623899582731 ,         1.076755557529903 ,         1.183286616571317 , 
  37.15000 ,         0.389320781112926 ,         1.041934791514595 ,         1.101838014794084 ,         0.915556048264149 ,         1.060811330676159 ,         1.179288266835718 , 
  37.16000 ,         0.416389175337717 ,         1.056517331932285 ,         1.108916981285357 ,         0.942140681047731 ,         1.049221495586953 ,         1.185924408552325 , 
  37.17000 ,         0.411354001731914 ,         1.056249627254122 ,         1.100251675684996 ,         0.932612892084454 ,         1.037756739018367 ,         1.179974065823281 , 
  37.18000 ,         0.472842739046632 ,         1.060089378091411 ,         1.096504279710786 ,         0.945234674634427 ,         1.030974988041532 ,         1.181054972879294 , 
  37.19000 ,         0.515041352560882 ,         1.069832202976872 ,         1.095063622270290 ,         0.953387200444153 ,         1.014525833007817 ,         1.178417418150332 , 
  37.20000 ,         0.559596229539122 ,         1.075461494788438 ,         1.081515781606592 ,         0.965383552640184 ,         1.002647437828780 ,         1.180786071253017 , 
  37.21000 ,         0.568096995368471 ,         1.089686050094982 ,         1.090036109863254 ,         0.968715395887558 ,         0.994832355027627 ,         1.173537866730905 , 
  37.22000 ,         0.610975934948285 ,         1.078804366813136 ,         1.087151305714998 ,         0.999883309770978 ,         0.988512479829818 ,         1.168246565405246 , 
  37.23000 ,         0.638622463175938 ,         1.087516506831991 ,         1.061739817924076 ,         0.992652297072048 ,         0.978415172384537 ,         1.169092733550257 , 
  37.24000 ,         0.712572394352248 ,         1.110398686266395 ,         1.053930119981894 ,         1.011840817260556 ,         0.977577728301459 ,         1.170449586442065 , 
  37.25000 ,         0.720174047720189 ,         1.093434987087361 ,         1.055609881199618 ,         1.033403849378977 ,         0.966685951526850 ,         1.165754294089750 , 
  37.26000 ,         0.730959401322606 ,         1.101326794487294 ,         1.052699241519940 ,         1.017238533663747 ,         0.963299355679959 ,         1.154667479511484 , 
  37.27000 ,         0.821489322295439 ,         1.104524296324171 ,         1.041267624601300 ,         1.044009245519155 ,         0.956800776504843 ,         1.151991723942850 , 
  37.28000 ,         0.824237206768347 ,         1.076928884278565 ,         1.046039917390486 ,         1.050075411451671 ,         0.960522317933410 ,         1.146329417948071 , 
  37.29000 ,         0.843712876134570 ,         1.110211419162912 ,         1.031636176095138 ,         1.057429570207373 ,         0.947633365540428 ,         1.133577346165163 , 
  37.30000 ,         0.865556384446407 ,         1.091500840827887 ,         1.033571469191754 ,         1.059649639928295 ,         0.958546960822794 ,         1.132024028847407 , 
  37.31000 ,         0.865092465720040 ,         1.096586275256670 ,         1.021129440476466 ,         1.061121065501703 ,         0.955757558400077 ,         1.120461872286662 , 
  37.32000 ,         0.925876782637715 ,         1.080786149835907 ,         0.995874340087989 ,         1.057221631205630 ,         0.959334421958762 ,         1.109632799488266 , 
  37.33000 ,         0.934125806926626 ,         1.063313418522862 ,         1.001353052499590 ,         1.064058731666686 ,         0.961789346448243 ,         1.107982519609406 , 
  37.34000 ,         0.932036388879813 ,         1.062445998704961 ,         0.992275100501254 ,         1.069696494910015 ,         0.971752719975648 ,         1.088952521646383 , 
  37.35000 ,         1.015717221175427 ,         1.045597096426971 ,         0.968663862805885 ,         1.045497827738428 ,         0.973652114405188 ,         1.087525708750463 , 
  37.36000 ,         0.981043397551966 ,         1.046029585395467 ,         0.960257738997442 ,         1.048212327582577 ,         0.983412168902750 ,         1.072606951912380 , 
  37.37000 ,         0.961479231800039 ,         1.017605185306518 ,         0.940655114774667 ,         1.030297980445793 ,         0.988823280703593 ,         1.051084911547905 , 
  37.38000 ,         0.967307867911187 ,         1.029647688496857 ,         0.947039993014892 ,         1.016713910140052 ,         0.998267170702043 ,         1.036808343564130 , 
  37.39000 ,         0.984224449267637 ,         0.991554623306064 ,         0.937271712859338 ,         0.994328202671955 ,         1.001992692080377 ,         1.018621786224983 , 
  37.40000 ,         0.961521425466607 ,         0.972312800608273 ,         0.916078845741610 ,         0.992113488941605 ,         1.008449056816604 ,         1.011085023450979 , 
  37.41000 ,         0.952299803289554 ,         0.952695605369059 ,         0.896293809039566 ,         0.965757073992732 ,         1.014700474886549 ,         0.995726712700267 , 
  37.42000 ,         0.895617032442475 ,         0.939527584828127 ,         0.895171993060188 ,         0.951049159947335 ,         1.022032941422113 ,         0.980718452099802 , 
  37.43000 ,         0.884067922656851 ,         0.931908807559123 ,         0.875369579947347 ,         0.932155919567915 ,         1.033051752757985 ,         0.964910616333391 , 
  37.44000 ,         0.911257489702814 ,         0.909182857516803 ,         0.862651821344858 ,         0.892487008019863 ,         1.041082538342852 ,         0.949823420160613 , 
  37.45000 ,         0.906031417503127 ,         0.863771015727698 ,         0.860167032866008 ,         0.881988408549116 ,         1.050462264926046 ,         0.945736941017016 , 
  37.46000 ,         0.787123893711400 ,         0.879494501097793 ,         0.846681224435425 ,         0.841401494205541 ,         1.046447465890453 ,         0.922102417485693 , 
  37.47000 ,         0.785125672203738 ,         0.836020753467196 ,         0.830250671579769 ,         0.823444933968958 ,         1.058625087820815 ,         0.901883525780518 , 
  37.48000 ,         0.738176419718401 ,         0.837940647383335 ,         0.835722569199085 ,         0.795008511861518 ,         1.064369462025523 ,         0.902770143646331 , 
  37.49000 ,         0.733053297027821 ,         0.803304237992987 ,         0.814536506253897 ,         0.758424429283824 ,         1.071216004966209 ,         0.892078568721759 , 
  37.50000 ,         0.701150026651572 ,         0.808587481578098 ,         0.812920431181001 ,         0.736650670557174 ,         1.071432574961016 ,         0.877286889912761 , 
  37.51000 ,         0.627549050460937 ,         0.784436313076171 ,         0.807959560105682 ,         0.715785832728539 ,         1.072891360070900 ,         0.865525079379262 , 
  37.52000 ,         0.639019121035051 ,         0.758343350378573 ,         0.806496038147455 ,         0.683089405244365 ,         1.074901775792796 ,         0.858841797042279 , 
  37.53000 ,         0.614295577544807 ,         0.762166984175312 ,         0.802821789123259 ,         0.668567529978344 ,         1.078876271813950 ,         0.861038781577440 , 
  37.54000 ,         0.553436255479418 ,         0.754489270165301 ,         0.795024152158422 ,         0.633670755230651 ,         1.079050841954467 ,         0.856317807051051 , 
  37.55000 ,         0.504427353650086 ,         0.725016106823391 ,         0.802850740345138 ,         0.617029760379024 ,         1.076683784619992 ,         0.846912017901850 , 
  37.56000 ,         0.477458792952559 ,         0.726593335821308 ,         0.813859139056264 ,         0.599375696909606 ,         1.084810132733751 ,         0.840890433281040 , 
  37.57000 ,         0.467786143583757 ,         0.714237232653052 ,         0.814897589892342 ,         0.575510385541594 ,         1.075084010358811 ,         0.846268105708388 , 
  37.58000 ,         0.393013671403265 ,         0.701698062016409 ,         0.820739628155023 ,         0.573095908811473 ,         1.077588476840634 ,         0.848097615760190 , 
  37.59000 ,         0.412405621413845 ,         0.705146969123720 ,         0.825203263380365 ,         0.556963200212662 ,         1.081131431065626 ,         0.843946746055127 , 
  37.60000 ,         0.405133668834715 ,         0.696250028548635 ,         0.835392285942182 ,         0.548487905860732 ,         1.068042940001914 ,         0.842408170620685 , 
  37.61000 ,         0.377505996953016 ,         0.688439359588592 ,         0.843416536242281 ,         0.534783845527970 ,         1.065749554675969 ,         0.853096490974835 , 
  37.62000 ,         0.353821595128239 ,         0.688464807334704 ,         0.859211124673967 ,         0.527209832563869 ,         1.063152678779618 ,         0.856887213478089 , 
  37.63000 ,         0.320773810939924 ,         0.669517533443512 ,         0.870832438876389 ,         0.499106446381678 ,         1.061255215286876 ,         0.863901084043959 , 
  37.64000 ,         0.314347714624089 ,         0.669650557490557 ,         0.883418732827274 ,         0.507247346095059 ,         1.062695163823825 ,         0.875464738648936 , 
  37.65000 ,         0.310273031819398 ,         0.677208015293472 ,         0.897310389565860 ,         0.507564085899774 ,         1.061459086579255 ,         0.881081136602699 , 
  37.66000 ,         0.303078115321903 ,         0.651852286691051 ,         0.915922764425615 ,         0.505097645154704 ,         1.054548780607403 ,         0.881797184108281 , 
  37.67000 ,         0.304478653480292 ,         0.660679642327429 ,         0.934466457179660 ,         0.499559688194108 ,         1.048218998994714 ,         0.889685161629734 , 
  37.68000 ,         0.345672970486172 ,         0.682274951622678 ,         0.951429737756027 ,         0.498660570431871 ,         1.042273745342528 ,         0.899393470895313 , 
  37.69000 ,         0.316633777660656 ,         0.665535344855080 ,         0.962964426025850 ,         0.507949599292133 ,         1.037565410741004 ,         0.902852263725973 , 
  37.70000 ,         0.337511581259801 ,         0.657192729675911 ,         0.976289273736491 ,         0.519908140185421 ,         1.025188992225164 ,         0.921884530899903 , 
  37.71000 ,         0.377843675753211 ,         0.657136372160482 ,         0.991839648852180 ,         0.522359143489749 ,         1.009368479170628 ,         0.922077338744524 , 
  37.72000 ,         0.398666805859516 ,         0.669051665888259 ,         1.017057809528567 ,         0.533907901255462 ,         1.007799220683990 ,         0.923145789434890 , 
  37.73000 ,         0.400011974530115 ,         0.677354907260016 ,         1.022501426139600 ,         0.534938192592680 ,         1.008322986137712 ,         0.930061888494356 , 
  37.74000 ,         0.439468893126501 ,         0.694885880348474 ,         1.046947133005789 ,         0.557162940721552 ,         1.000156335479875 ,         0.929459694127086 , 
  37.75000 ,         0.493654723726783 ,         0.692282726738111 ,         1.057664963197305 ,         0.570472451897260 ,         0.986082598853754 ,         0.934093371059693 , 
  37.76000 ,         0.489508302162791 ,         0.706096300937200 ,         1.070168100670776 ,         0.590323702489175 ,         0.971477302350307 ,         0.940482394229731 , 
  37.77000 ,         0.550599419596185 ,         0.713002950799362 ,         1.083531509438050 ,         0.606901899033031 ,         0.963755264929192 ,         0.932461279052549 , 
  37.78000 ,         0.655091588707140 ,         0.735134621983709 ,         1.088633763490590 ,         0.626227585798317 ,         0.948958670422978 ,         0.938686481152485 , 
  37.79000 ,         0.673363272897981 ,         0.738818372150017 ,         1.106966941498690 ,         0.655229786142232 ,         0.951038349502729 ,         0.932953348005685 , 
  37.80000 ,         0.774578382626150 ,         0.731546250258031 ,         1.111663419509753 ,         0.662975904198471 ,         0.928486099294109 ,         0.930012576962573 , 
  37.81000 ,         0.850113193954845 ,         0.765644335120681 ,         1.118970209659229 ,         0.690910706003069 ,         0.916613046695274 ,         0.925415922322057 , 
  37.82000 ,         0.951902171627575 ,         0.775792524537404 ,         1.126027075581216 ,         0.719880858130272 ,         0.913405416034266 ,         0.924817689069315 , 
  37.83000 ,         1.058228163814775 ,         0.804121803337672 ,         1.115029547516245 ,         0.741901548277970 ,         0.907128741924068 ,         0.922695901383990 , 
  37.84000 ,         1.122661012189680 ,         0.816366437275421 ,         1.122999512667166 ,         0.781114030405750 ,         0.886254696573626 ,         0.920298173166559 , 
  37.85000 ,         1.187798935587312 ,         0.839424312877622 ,         1.136084056799942 ,         0.809603677165652 ,         0.876808853758025 ,         0.914640462515796 , 
  37.86000 ,         1.293831493286320 ,         0.862457716589530 ,         1.117659022556959 ,         0.829899382267734 ,         0.869329264152253 ,         0.917973541098912 , 
  37.87000 ,         1.434513954352447 ,         0.857753598311307 ,         1.121269254034774 ,         0.867989090985066 ,         0.859696893500547 ,         0.915171332567286 , 
  37.88000 ,         1.496295313826634 ,         0.909319817264870 ,         1.126130151534190 ,         0.909223306989211 ,         0.847517049489346 ,         0.907606759871912 , 
  37.89000 ,         1.720834626236790 ,         0.911830141357420 ,         1.115696956522861 ,         0.942600670828807 ,         0.842053866259100 ,         0.916279328416567 , 
  37.90000 ,         1.847185800928943 ,         0.934969096942009 ,         1.106142290551056 ,         0.990500361103547 ,         0.830173117526050 ,         0.918953244062086 , 
  37.91000 ,         1.947194172347953 ,         0.933415971275466 ,         1.101222713711331 ,         1.023558496425481 ,         0.823086531086511 ,         0.920913574013879 , 
  37.92000 ,         2.124142226589484 ,         0.982810637574614 ,         1.100160442756845 ,         1.071701790782000 ,         0.816380492247948 ,         0.929516876029504 , 
  37.93000 ,         2.235449349716929 ,         0.997885954551989 ,         1.080569858763445 ,         1.102708738820063 ,         0.809019650068983 ,         0.938014722398875 , 
  37.94000 ,         2.348178126745453 ,         0.987066026729283 ,         1.081106674012702 ,         1.173078908082214 ,         0.809242618624435 ,         0.939179855695706 , 
  37.95000 ,         2.515403587327941 ,         1.027507749777766 ,         1.074238871468951 ,         1.197316722836679 ,         0.805258477351921 ,         0.940103244392403 , 
  37.96000 ,         2.766255148590636 ,         1.040517109984395 ,         1.064591141207364 ,         1.250696376589721 ,         0.798119005185453 ,         0.954071636590937 , 
  37.97000 ,         2.864693701247858 ,         1.062061368518561 ,         1.049718519115049 ,         1.278661566222220 ,         0.793004060849975 ,         0.962586166856986 , 
  37.98000 ,         2.987604908393531 ,         1.052669917112309 ,         1.052093900741796 ,         1.323205605796531 ,         0.798154683732978 ,         0.970791590112112 , 
  37.99000 ,         3.075843531470491 ,         1.064493640445896 ,         1.021267177040372 ,         1.373603633477846 ,         0.802508168701488 ,         0.983557964790937 , 
  38.00000 ,         3.246080724992584 ,         1.112651517707515 ,         1.031470729072847 ,         1.424523844511931 ,         0.806797022547310 ,         0.997797244832626 , 
  38.01000 ,         3.260475944754405 ,         1.107177729240890 ,         1.031071840831466 ,         1.460533343373567 ,         0.802119161106072 ,         1.001585601635056 , 
  38.02000 ,         3.445764253201490 ,         1.121252914242389 ,         1.024062972214116 ,         1.488792798511948 ,         0.807181868212878 ,         1.009417420328880 , 
  38.03000 ,         3.430164296451166 ,         1.108598766868903 ,         1.018832715397181 ,         1.537991681882170 ,         0.825476640527092 ,         1.016630454934409 , 
  38.04000 ,         3.583012475418035 ,         1.127060307772388 ,         1.006238906858518 ,         1.551538187973154 ,         0.822159726931526 ,         1.028716472434475 , 
  38.05000 ,         3.649232079499250 ,         1.165301803956263 ,         1.021253169239188 ,         1.595104287423182 ,         0.837426164028776 ,         1.025916098151842 , 
  38.06000 ,         3.622076424890400 ,         1.166410326754850 ,         0.996482094986410 ,         1.622563664523129 ,         0.846068124995596 ,         1.033598627185620 , 
  38.07000 ,         3.804392973462547 ,         1.165415438449937 ,         0.990177928068926 ,         1.643209969889546 ,         0.859908331168321 ,         1.046587876373828 , 
  38.08000 ,         3.683976153947331 ,         1.152866034074352 ,         1.008519031878909 ,         1.630648403894926 ,         0.872349146496556 ,         1.045345901029830 , 
  38.09000 ,         3.730148369111466 ,         1.199603498029501 ,         0.992765434675751 ,         1.646782236752306 ,         0.881412201791548 ,         1.046240757700180 , 
  38.10000 ,         3.661792881289865 ,         1.181229664863774 ,         0.995821826577330 ,         1.646537990689413 ,         0.895319044156559 ,         1.050998188022621 , 
  38.11000 ,         3.736913332426897 ,         1.214363344605760 ,         0.987623706299189 ,         1.638808887045502 ,         0.912190823054745 ,         1.043092917646896 , 
  38.12000 ,         3.487175944289950 ,         1.197906690525926 ,         1.004878846320654 ,         1.656961306935105 ,         0.930486172470869 ,         1.037030299758696 , 
  38.13000 ,         3.563070173448034 ,         1.193754236629176 ,         0.994969820141097 ,         1.644329072372758 ,         0.939034914255796 ,         1.035379158279606 , 
  38.14000 ,         3.381466400481808 ,         1.217023267560795 ,         1.003968036584492 ,         1.637421793026101 ,         0.949276244718591 ,         1.022103434931670 , 
  38.15000 ,         3.356858141584049 ,         1.208963705979788 ,         0.986410100731345 ,         1.624098968783961 ,         0.963728948251183 ,         1.011803000859895 , 
  38.16000 ,         3.381726782445702 ,         1.224877417263798 ,         0.973387640093447 ,         1.612834515379300 ,         0.985275037388321 ,         1.000514680720350 , 
  38.17000 ,         3.150315842267556 ,         1.225946588630429 ,         0.983665781185944 ,         1.591363836264922 ,         0.992861806341007 ,         0.988643991185907 , 
  38.18000 ,         3.020226393022492 ,         1.209534550703396 ,         0.974933107649513 ,         1.571530419809215 ,         1.010926070490995 ,         0.978483716653011 , 
  38.19000 ,         2.935089067501232 ,         1.254192271371111 ,         0.972808457591999 ,         1.543789245228472 ,         1.022918229052072 ,         0.957011180042649 , 
  38.20000 ,         2.787026784356558 ,         1.248126405198088 ,         0.950567072511151 ,         1.519540754260325 ,         1.032406565263789 ,         0.944967965310216 , 
  38.21000 ,         2.672506437707334 ,         1.254776677471263 ,         0.970177885366605 ,         1.494938031115321 ,         1.045631422816782 ,         0.926570388392729 , 
  38.22000 ,         2.476197632088534 ,         1.235159990370655 ,         0.952606121977092 ,         1.452775291460212 ,         1.060679066103468 ,         0.909803548053356 , 
  38.23000 ,         2.353620793532018 ,         1.259907233961161 ,         0.953529100471395 ,         1.438892325707618 ,         1.070689008329783 ,         0.896216444372858 , 
  38.24000 ,         2.153137625372455 ,         1.239929228052496 ,         0.945264919407774 ,         1.403621099334001 ,         1.082487668315440 ,         0.874368866681065 , 
  38.25000 ,         2.102035598271029 ,         1.249124810445911 ,         0.943918858238376 ,         1.376999904703122 ,         1.088476399100202 ,         0.862896592743058 , 
  38.26000 ,         2.019200186388172 ,         1.242038945234741 ,         0.931836667725051 ,         1.349081908638893 ,         1.092117304709129 ,         0.844411940764502 , 
  38.27000 ,         1.832820667591360 ,         1.273916263643128 ,         0.949267596589118 ,         1.321618390490004 ,         1.105741446273407 ,         0.826773829829697 , 
  38.28000 ,         1.678388905316285 ,         1.232803112041156 ,         0.932895049483655 ,         1.294183381973754 ,         1.105577263855230 ,         0.816820659114582 , 
  38.29000 ,         1.544520377709846 ,         1.243304900427758 ,         0.926173835838667 ,         1.270129985265673 ,         1.115035656730964 ,         0.802225886618404 , 
  38.30000 ,         1.477252679218637 ,         1.237180237804208 ,         0.919742729248950 ,         1.232507180057446 ,         1.116943406032107 ,         0.793900588310911 , 
  38.31000 ,         1.327776626525069 ,         1.227759342264368 ,         0.914969439128311 ,         1.197895690878980 ,         1.123991409843892 ,         0.781868607420528 , 
  38.32000 ,         1.225986952638675 ,         1.249752238182133 ,         0.914680573357116 ,         1.160915337460161 ,         1.121471564926228 ,         0.766088597030092 , 
  38.33000 ,         1.140138566563219 ,         1.239768730655260 ,         0.927446546436739 ,         1.135190048479177 ,         1.132680442879413 ,         0.756074652312007 , 
  38.34000 ,         1.032523236074319 ,         1.235165341986350 ,         0.914668622175690 ,         1.123010331717511 ,         1.124906274247255 ,         0.747448846260369 , 
  38.35000 ,         0.950631283776815 ,         1.240359142352613 ,         0.914756628555047 ,         1.093564949463542 ,         1.121647930880582 ,         0.745740864452493 , 
  38.36000 ,         0.862801525778914 ,         1.242253505702624 ,         0.917573612166711 ,         1.061797361976505 ,         1.126239262584828 ,         0.735858745664927 , 
  38.37000 ,         0.820212499470496 ,         1.254022137951910 ,         0.936189794407093 ,         1.038528234707999 ,         1.123218467415653 ,         0.727973866179985 , 
  38.38000 ,         0.773907254632650 ,         1.217644164480330 ,         0.916946599618507 ,         1.010159554303671 ,         1.120141909686734 ,         0.727841346618802 , 
  38.39000 ,         0.677285925204797 ,         1.248205636850794 ,         0.930845313268774 ,         1.005405022154735 ,         1.121637359762717 ,         0.723915106722955 , 
  38.40000 ,         0.628849171486836 ,         1.253566120221966 ,         0.941630259544916 ,         0.965155754983604 ,         1.117355379915034 ,         0.722235057821547 , 
  38.41000 ,         0.621012553059675 ,         1.237801169467643 ,         0.951136668705212 ,         0.936869149348339 ,         1.114192356618420 ,         0.715546601956323 , 
  38.42000 ,         0.559145759375163 ,         1.247382888700029 ,         0.937554219180486 ,         0.936146973141790 ,         1.109730772014927 ,         0.720803148070353 , 
  38.43000 ,         0.498843548832005 ,         1.258829820125877 ,         0.967118865160394 ,         0.917984650952129 ,         1.101265115545317 ,         0.716712531108539 , 
  38.44000 ,         0.499333789037055 ,         1.211221826110154 ,         0.951433300732767 ,         0.901200021655466 ,         1.093382144617949 ,         0.724622079600390 , 
  38.45000 ,         0.502820893811416 ,         1.241221994019202 ,         0.970234504116738 ,         0.893331383062496 ,         1.095728969929675 ,         0.723519269078075 , 
  38.46000 ,         0.480839295394512 ,         1.217920248011528 ,         0.980917779886293 ,         0.868853014195633 ,         1.091250550451408 ,         0.725272958821916 , 
  38.47000 ,         0.480589346448670 ,         1.234036662960486 ,         0.983215061878776 ,         0.858576236047462 ,         1.084495804453227 ,         0.727562770569183 , 
  38.48000 ,         0.446670929329369 ,         1.221985419308530 ,         0.993085272840014 ,         0.857428618109643 ,         1.075047424366611 ,         0.736034383128588 , 
  38.49000 ,         0.479342229088952 ,         1.222472244934733 ,         1.005422195023550 ,         0.833754487589490 ,         1.074594045555107 ,         0.734004472726669 , 
  38.50000 ,         0.517211436373585 ,         1.214082842426795 ,         1.025453888301386 ,         0.824399153641712 ,         1.064704873616857 ,         0.748197820948033 , 
  38.51000 ,         0.497520151150735 ,         1.246695108486010 ,         1.029683691204796 ,         0.834569510305873 ,         1.064840661345233 ,         0.750610650339018 , 
  38.52000 ,         0.565952695300396 ,         1.217302276517655 ,         1.032229025399468 ,         0.821350048646295 ,         1.056588137120016 ,         0.753359194667677 , 
  38.53000 ,         0.589539022613565 ,         1.216857049049677 ,         1.041021438665726 ,         0.814953745421426 ,         1.052984789876199 ,         0.762366304915351 , 
  38.54000 ,         0.601912826306485 ,         1.213615127018512 ,         1.075863237169096 ,         0.813225623831833 ,         1.051610979742985 ,         0.766888778312266 , 
  38.55000 ,         0.681366715743124 ,         1.219228953608183 ,         1.077168838981488 ,         0.816018644661178 ,         1.044880331458923 ,         0.768645859634385 , 
  38.56000 ,         0.690699541180571 ,         1.208258515066821 ,         1.069392142911989 ,         0.817691022356367 ,         1.039739841614340 ,         0.791566262202491 , 
  38.57000 ,         0.744704890877937 ,         1.198230169422601 ,         1.089177446964663 ,         0.825412283426834 ,         1.030811201142105 ,         0.794960834998278 , 
  38.58000 ,         0.815773496236288 ,         1.180675828836507 ,         1.104010983843498 ,         0.816703894840572 ,         1.021868417067767 ,         0.799817160172816 , 
  38.59000 ,         0.857011018776480 ,         1.175228434819570 ,         1.099951696570920 ,         0.844968600489636 ,         1.031533092288715 ,         0.814420844449264 , 
  38.60000 ,         0.956202430096803 ,         1.172481887215315 ,         1.119178806571797 ,         0.848899192776939 ,         1.020740052802719 ,         0.825942155429164 , 
  38.61000 ,         0.950505042267911 ,         1.174289898290526 ,         1.112839635833507 ,         0.865691603683997 ,         1.019654005406904 ,         0.832713760642060 , 
  38.62000 ,         1.077770661749083 ,         1.161147475519817 ,         1.122894416195160 ,         0.865382619989002 ,         1.017489596781768 ,         0.846987262273716 , 
  38.63000 ,         1.159618398067098 ,         1.144028137913827 ,         1.134933819491086 ,         0.885396857871173 ,         1.005014984880495 ,         0.854030739229474 , 
  38.64000 ,         1.165696341335221 ,         1.122010553877480 ,         1.125952477374198 ,         0.898480303828317 ,         1.003277499377818 ,         0.868185462366778 , 
  38.65000 ,         1.250380112728084 ,         1.142751753380716 ,         1.147108801519670 ,         0.918178367920767 ,         1.014102954341689 ,         0.875558093838121 , 
  38.66000 ,         1.330528670860882 ,         1.126038644635954 ,         1.143133529021318 ,         0.932481932001666 ,         1.011134614834328 ,         0.885691056041725 , 
  38.67000 ,         1.396517859983518 ,         1.103786231640819 ,         1.153979380189298 ,         0.956216522762587 ,         1.003978730076016 ,         0.897873933121366 , 
  38.68000 ,         1.430598202730437 ,         1.093126602888617 ,         1.153706735114747 ,         0.955166805970286 ,         1.005206735664330 ,         0.905601243239816 , 
  38.69000 ,         1.444660630702099 ,         1.075446966695178 ,         1.164489349959187 ,         0.974979404903267 ,         1.004814385269649 ,         0.911689929110550 , 
  38.70000 ,         1.555610358964468 ,         1.064720237962188 ,         1.171931971867282 ,         0.999024733917713 ,         1.007808791460605 ,         0.918361658138966 , 
  38.71000 ,         1.606559695912436 ,         1.050030560570472 ,         1.169339612999312 ,         1.001003874037940 ,         1.009332865788636 ,         0.924194628336995 , 
  38.72000 ,         1.668540390668263 ,         1.032861971238514 ,         1.171506741300132 ,         1.015589105148226 ,         1.014249765264220 ,         0.929744346203512 , 
  38.73000 ,         1.703129976035965 ,         1.034175086272489 ,         1.161208198101711 ,         1.046407562520580 ,         1.011233423271354 ,         0.934018801973269 , 
  38.74000 ,         1.715538128267782 ,         1.025152140977574 ,         1.176710412044691 ,         1.041761266573971 ,         1.018323944899056 ,         0.939891962916073 , 
  38.75000 ,         1.713177198666669 ,         1.017245074359031 ,         1.163929416223767 ,         1.059576487698178 ,         1.024127387475445 ,         0.943153572852849 , 
  38.76000 ,         1.792672291883755 ,         0.993030573861770 ,         1.165955975937763 ,         1.069123281438386 ,         1.025857364274517 ,         0.945409259444120 , 
  38.77000 ,         1.835970122112487 ,         0.986622041233572 ,         1.166920793189320 ,         1.069447068320040 ,         1.032191928911708 ,         0.945336206680598 , 
  38.78000 ,         1.822500137117203 ,         0.989336169825547 ,         1.172856924336187 ,         1.079807389748630 ,         1.039337057783037 ,         0.943870353197535 , 
  38.79000 ,         1.828923398615477 ,         0.951091706989349 ,         1.171147858664551 ,         1.082241860120743 ,         1.039318945968705 ,         0.946651008821918 , 
  38.80000 ,         1.795601084402476 ,         0.938643107850556 ,         1.160793549389080 ,         1.088031230856172 ,         1.046671234054202 ,         0.940402373769573 , 
  38.81000 ,         1.754222115070862 ,         0.932367215352915 ,         1.140244374796060 ,         1.090044936911957 ,         1.061554917105480 ,         0.942434685038463 , 
  38.82000 ,         1.746702163067526 ,         0.921594907060407 ,         1.147330064024600 ,         1.055620849023474 ,         1.064741229373035 ,         0.934724119578729 , 
  38.83000 ,         1.667917479207562 ,         0.929478242818311 ,         1.140126301109200 ,         1.072711574802022 ,         1.075283253734721 ,         0.933002820641251 , 
  38.84000 ,         1.679543304679561 ,         0.935150177348638 ,         1.123520469281436 ,         1.059536992928044 ,         1.077299980983111 ,         0.927381738774168 , 
  38.85000 ,         1.640510313584115 ,         0.923108180367437 ,         1.118996855954802 ,         1.068258477687911 ,         1.093065691112704 ,         0.923016429231331 , 
  38.86000 ,         1.520817822634790 ,         0.911812084566915 ,         1.093064884038554 ,         1.065278596034554 ,         1.088468225008189 ,         0.917830154369762 , 
  38.87000 ,         1.579428977115479 ,         0.943239531307764 ,         1.092456707186594 ,         1.065509625056142 ,         1.100533957570085 ,         0.922777163669589 , 
  38.88000 ,         1.477479620318418 ,         0.936250106625386 ,         1.081313907392637 ,         1.055846438738835 ,         1.117396638385501 ,         0.913805754754230 , 
  38.89000 ,         1.407864898045335 ,         0.940346806902029 ,         1.073249766027471 ,         1.044773830589639 ,         1.122395934343407 ,         0.909959504415114 , 
  38.90000 ,         1.353696145718200 ,         0.937667030085768 ,         1.056820111597740 ,         1.042726736365141 ,         1.128453809411486 ,         0.911676649786689 , 
  38.91000 ,         1.273971737229014 ,         0.937825403633621 ,         1.041459089610106 ,         1.043425659997126 ,         1.143789351027751 ,         0.918857146237881 , 
  38.92000 ,         1.217732952748472 ,         0.960290310485732 ,         1.018845712605506 ,         1.042843828228365 ,         1.143098813161382 ,         0.916556601681599 , 
  38.93000 ,         1.118423045428620 ,         0.958883287477773 ,         1.009047850544792 ,         1.018185293726398 ,         1.154070495640862 ,         0.924069628955853 , 
  38.94000 ,         1.100313803830338 ,         0.944874386987772 ,         1.007570720514460 ,         1.007936030542292 ,         1.164631200605531 ,         0.924291450107106 , 
  38.95000 ,         0.989481901697059 ,         0.974511880306070 ,         0.975835449270517 ,         1.007418543180774 ,         1.170799439749042 ,         0.929693096751341 , 
  38.96000 ,         0.908688305556137 ,         0.965253240239350 ,         0.950929539037310 ,         1.013379051602890 ,         1.174589115450048 ,         0.943630837787864 , 
  38.97000 ,         0.814846576818293 ,         0.962204686502533 ,         0.943739329317472 ,         0.996992507569697 ,         1.175240196248698 ,         0.950965895030638 , 
  38.98000 ,         0.780888963987002 ,         1.001448171835805 ,         0.923705608077529 ,         1.009240656245339 ,         1.177018313992721 ,         0.969720000665406 , 
  38.99000 ,         0.748423571524294 ,         0.991825200432876 ,         0.903920046279889 ,         0.994421363016669 ,         1.185045739399462 ,         0.983251031899560 , 
  39.00000 ,         0.693411784529283 ,         0.997234673837872 ,         0.896172819737622 ,         0.989495703028393 ,         1.183106543338467 ,         0.992739242264719 , 
  39.01000 ,         0.638456299824521 ,         0.987168463582725 ,         0.878377912493755 ,         0.982936961595576 ,         1.188517433137918 ,         1.016732102466062 , 
  39.02000 ,         0.580646543535102 ,         1.031866390414433 ,         0.856735607272697 ,         0.988890906106736 ,         1.191182650097965 ,         1.022464082075156 , 
  39.03000 ,         0.561440427632588 ,         1.002520245455340 ,         0.848933198420810 ,         0.998702159645662 ,         1.182208908873291 ,         1.041155637577077 , 
  39.04000 ,         0.504456051636098 ,         1.013636835744292 ,         0.846135983584503 ,         1.004051080440328 ,         1.183352406250376 ,         1.063905263440198 , 
  39.05000 ,         0.435905810268360 ,         1.018929831502292 ,         0.831808181073551 ,         0.992775482886190 ,         1.184335653414278 ,         1.073145616654419 , 
  39.06000 ,         0.389935963499197 ,         1.005973064120485 ,         0.828250853568476 ,         0.979423653197879 ,         1.178271933466935 ,         1.089059105225717 , 
  39.07000 ,         0.381752953375302 ,         1.016616824031282 ,         0.811451827819722 ,         0.984683116904831 ,         1.188305860215398 ,         1.106725217790792 , 
  39.08000 ,         0.364873530452919 ,         1.005669067160369 ,         0.805505469129847 ,         0.971983551115821 ,         1.172283160651233 ,         1.112007395400592 , 
  39.09000 ,         0.349461374922562 ,         1.004067057252869 ,         0.803643345986986 ,         0.987210258566252 ,         1.161974931508756 ,         1.132985316025521 , 
  39.10000 ,         0.297832297014437 ,         1.001288993673234 ,         0.802824710595791 ,         0.978824757158763 ,         1.154032214731809 ,         1.146842300323195 , 
  39.11000 ,         0.319408479549944 ,         0.992447775744468 ,         0.807303121356816 ,         0.985838700062171 ,         1.147738420457632 ,         1.161533734253386 , 
  39.12000 ,         0.282325690305737 ,         0.978095636703434 ,         0.801370613252439 ,         0.968413313350000 ,         1.141416976540155 ,         1.172986327567531 , 
  39.13000 ,         0.269881192152678 ,         0.982389245697853 ,         0.803945682655884 ,         0.980082955349363 ,         1.135712332493036 ,         1.175473230314793 , 
  39.14000 ,         0.253833511463356 ,         0.986949529258163 ,         0.811173438431776 ,         0.970000176195706 ,         1.130307157460424 ,         1.189516897491941 , 
  39.15000 ,         0.255149461748656 ,         0.962412204867805 ,         0.825531385268225 ,         0.970317862765470 ,         1.113771672217109 ,         1.194827253262174 , 
  39.16000 ,         0.258631336626137 ,         0.956592789413640 ,         0.827051360506450 ,         0.955418834324206 ,         1.105369020940023 ,         1.204850426739872 , 
  39.17000 ,         0.254166907193369 ,         0.942385183950982 ,         0.839897072048258 ,         0.976231984447258 ,         1.093928592039642 ,         1.213046765252870 , 
  39.18000 ,         0.272079593954644 ,         0.943076948011224 ,         0.841092206311713 ,         0.978800926527815 ,         1.072373392983205 ,         1.210183601774638 , 
  39.19000 ,         0.250300911843698 ,         0.935923438378092 ,         0.859282309031138 ,         0.968022546669286 ,         1.061107706562888 ,         1.213781344523746 , 
  39.20000 ,         0.273964913437530 ,         0.916971379679892 ,         0.876552542944125 ,         0.976405544289120 ,         1.061163439383856 ,         1.218501759531141 , 
  39.21000 ,         0.283192892719958 ,         0.901731567754295 ,         0.883221345281664 ,         0.965549050099107 ,         1.041391421495482 ,         1.220560016511891 , 
  39.22000 ,         0.292411426077369 ,         0.904512807204228 ,         0.902262103493657 ,         0.970773524443434 ,         1.018420921996220 ,         1.218294665013468 , 
  39.23000 ,         0.279304924703129 ,         0.918538876085549 ,         0.918628858342219 ,         0.971448443007405 ,         1.002784763892670 ,         1.224523539891281 , 
  39.24000 ,         0.309381215992352 ,         0.901792282777708 ,         0.933674736576920 ,         0.970188914976017 ,         0.999407002925295 ,         1.220504400269829 , 
  39.25000 ,         0.329359079151165 ,         0.909243200222172 ,         0.949649015199915 ,         0.983717544402505 ,         0.981380389364860 ,         1.221388233615300 , 
  39.26000 ,         0.385973225373658 ,         0.899436210245738 ,         0.967628407186754 ,         0.983036788972504 ,         0.970694360705347 ,         1.224910198972285 , 
  39.27000 ,         0.416667546111335 ,         0.901043568465762 ,         0.985544465209462 ,         0.991336503296570 ,         0.959435394297421 ,         1.227754926146703 , 
  39.28000 ,         0.441586351152655 ,         0.902200406867172 ,         0.987421187440230 ,         0.983875931165733 ,         0.941388951698885 ,         1.236363249069455 , 
  39.29000 ,         0.468632719731505 ,         0.906764841318157 ,         1.026793665782313 ,         0.996068798533454 ,         0.930896196909232 ,         1.236115234006567 , 
  39.30000 ,         0.512149313538897 ,         0.903613582255779 ,         1.024926261040465 ,         1.015466920603078 ,         0.916188677007850 ,         1.245382690428379 , 
  39.31000 ,         0.522642743110522 ,         0.930218051009468 ,         1.031887837027796 ,         1.028079140768845 ,         0.908396461855248 ,         1.237008534667901 , 
  39.32000 ,         0.545307062399471 ,         0.918996461928149 ,         1.058547776517238 ,         1.032885740811350 ,         0.896491797107540 ,         1.245336494528292 , 
  39.33000 ,         0.618082413747467 ,         0.935986621629457 ,         1.062888681520395 ,         1.039209249533691 ,         0.887598217134888 ,         1.252973195568673 , 
  39.34000 ,         0.637095854807525 ,         0.953138349074405 ,         1.059977176411509 ,         1.050894981290307 ,         0.881375585653669 ,         1.264897000075987 , 
  39.35000 ,         0.646073251419672 ,         0.950060375115058 ,         1.069142121275813 ,         1.058857178873645 ,         0.871626510013306 ,         1.266031692566013 , 
  39.36000 ,         0.685076094915275 ,         0.959768010321674 ,         1.084331363435510 ,         1.085448723976538 ,         0.868691952622457 ,         1.273422287793730 , 
  39.37000 ,         0.735475193357595 ,         0.980544247704034 ,         1.093474355138923 ,         1.097226779594829 ,         0.860779367153031 ,         1.283172812900890 , 
  39.38000 ,         0.748675020179826 ,         0.981742983284471 ,         1.102161430888538 ,         1.112564656061600 ,         0.856681036032342 ,         1.283994626241731 , 
  39.39000 ,         0.775427765444086 ,         0.972319299809838 ,         1.083885219101402 ,         1.133866750944023 ,         0.852229744284399 ,         1.293461798490605 , 
  39.40000 ,         0.767183942942814 ,         1.001977912457405 ,         1.088999765520279 ,         1.141007700256984 ,         0.850302970714554 ,         1.296061373609016 , 
  39.41000 ,         0.828851527653240 ,         0.998883784885892 ,         1.099904522927106 ,         1.149255783744239 ,         0.858520239553694 ,         1.303762678213054 , 
  39.42000 ,         0.804904185953265 ,         1.026003309663413 ,         1.104604449168592 ,         1.145865591561901 ,         0.856514032796731 ,         1.310843323431474 , 
  39.43000 ,         0.850813273284379 ,         1.007668609784986 ,         1.102485478441940 ,         1.163232406036155 ,         0.857961280526954 ,         1.310334386859977 , 
  39.44000 ,         0.806936910615703 ,         1.008760164848470 ,         1.095249486192596 ,         1.172569069916088 ,         0.851717279772775 ,         1.315122879285395 , 
  39.45000 ,         0.841408597643836 ,         1.020261313513560 ,         1.105639015442415 ,         1.192306948406152 ,         0.860417260045661 ,         1.321630364290312 , 
  39.46000 ,         0.869441824338404 ,         1.018854903807361 ,         1.105212106286145 ,         1.186499936425803 ,         0.861281913599549 ,         1.321027293170881 , 
  39.47000 ,         0.839844976344790 ,         1.021449896610709 ,         1.104341031289109 ,         1.195899067448627 ,         0.855823187024085 ,         1.323013622505047 , 
  39.48000 ,         0.843684197897939 ,         1.004762488840332 ,         1.101649348339879 ,         1.191739468039596 ,         0.859065708719451 ,         1.316579585833545 , 
  39.49000 ,         0.859596397611291 ,         1.008072139016878 ,         1.085640057747608 ,         1.204944578428472 ,         0.865279679578969 ,         1.309996493549770 , 
  39.50000 ,         0.831469241010763 ,         0.997266053799843 ,         1.103107969887091 ,         1.189379116584621 ,         0.866461421654283 ,         1.311862843377411 , 
  39.51000 ,         0.872210493770667 ,         1.000309756688165 ,         1.100864129622365 ,         1.185450450392333 ,         0.874661146220872 ,         1.303015234451485 , 
  39.52000 ,         0.818569240251316 ,         1.013280900952345 ,         1.080889116473535 ,         1.173722954703943 ,         0.881799546734659 ,         1.288668004403986 , 
  39.53000 ,         0.816737195225295 ,         0.949226573139988 ,         1.081627329397214 ,         1.177560273606348 ,         0.876302026750989 ,         1.294407928977936 , 
  39.54000 ,         0.753257420191365 ,         0.958401374232194 ,         1.058404622985257 ,         1.167176978582035 ,         0.879169393709948 ,         1.277909096693127 , 
  39.55000 ,         0.767749938779742 ,         0.931976891782097 ,         1.059463043977995 ,         1.138566430774547 ,         0.882376810693380 ,         1.270468118970980 , 
  39.56000 ,         0.700819395615469 ,         0.926550491349694 ,         1.058927488299283 ,         1.137592695711171 ,         0.887571836833455 ,         1.267923423907779 , 
  39.57000 ,         0.690559654031546 ,         0.914496263151407 ,         1.059984305016403 ,         1.130030827300341 ,         0.891722299151263 ,         1.255541901714725 , 
  39.58000 ,         0.652022864279190 ,         0.888575627946640 ,         1.055161458713198 ,         1.116818989601855 ,         0.888851871364600 ,         1.243979359757172 , 
  39.59000 ,         0.647452562575131 ,         0.883355720609465 ,         1.040271079661517 ,         1.091074194219473 ,         0.899480187403947 ,         1.231312878710108 , 
  39.60000 ,         0.638647979573118 ,         0.871871059502958 ,         1.035904331358193 ,         1.092775086176375 ,         0.895471539666248 ,         1.232258560144259 , 
  39.61000 ,         0.551473734833203 ,         0.851306685734033 ,         1.016404576419933 ,         1.056255791413082 ,         0.898340387150365 ,         1.215804080454034 , 
  39.62000 ,         0.537080269691570 ,         0.813207280883196 ,         1.009451541712515 ,         1.051091142122243 ,         0.904360071398770 ,         1.211165411070231 , 
  39.63000 ,         0.523406660148765 ,         0.825229604503418 ,         1.000741895107548 ,         1.016216603472795 ,         0.904565039555448 ,         1.212416947924197 , 
  39.64000 ,         0.490005547600477 ,         0.795906492874084 ,         0.999884521636909 ,         1.016805576518077 ,         0.907171241767178 ,         1.204126941882252 , 
  39.65000 ,         0.418584888488229 ,         0.777095093906389 ,         0.990219281132245 ,         0.996341261298477 ,         0.901935041972454 ,         1.196505789071717 , 
  39.66000 ,         0.409217498842129 ,         0.769747975984667 ,         0.982280472156116 ,         0.992405259670498 ,         0.909800199797730 ,         1.197058029906842 , 
  39.67000 ,         0.375924248353880 ,         0.751760499458614 ,         0.978485411884591 ,         0.972941585188361 ,         0.901300824726960 ,         1.190437786110098 , 
  39.68000 ,         0.381363779965014 ,         0.737573030162963 ,         0.955036578586278 ,         0.966250573499918 ,         0.902847525787215 ,         1.194455369992474 , 
  39.69000 ,         0.319987256450098 ,         0.716894526469931 ,         0.952489539460663 ,         0.955566340003452 ,         0.901260810423219 ,         1.191941541703248 , 
  39.70000 ,         0.282571608330543 ,         0.719872259655515 ,         0.931493440832167 ,         0.940455600051606 ,         0.894041280368581 ,         1.190297754369983 , 
  39.71000 ,         0.269783220197348 ,         0.713274516420201 ,         0.920617674911717 ,         0.923779197023404 ,         0.899112738047841 ,         1.189906907279113 , 
  39.72000 ,         0.266136361004093 ,         0.704752256761827 ,         0.914668189262252 ,         0.921031937999981 ,         0.892702284136501 ,         1.180749690363433 , 
  39.73000 ,         0.198624487387342 ,         0.710187820406595 ,         0.901881506334750 ,         0.916181767573326 ,         0.893579897624932 ,         1.185419278055140 , 
  39.74000 ,         0.229390543871380 ,         0.702289321814175 ,         0.894193452266206 ,         0.900331578440135 ,         0.890072138977997 ,         1.182137335461024 , 
  39.75000 ,         0.164068450069620 ,         0.695713331545214 ,         0.885811872250879 ,         0.904523738751875 ,         0.877891099721477 ,         1.185541354452717 , 
  39.76000 ,         0.169592287664050 ,         0.678106352689780 ,         0.880373187512246 ,         0.891279303118741 ,         0.873704689114298 ,         1.188733751362151 , 
  39.77000 ,         0.130282248773834 ,         0.688622235622451 ,         0.863163675764009 ,         0.883651610046991 ,         0.875049304306380 ,         1.184371145460184 , 
  39.78000 ,         0.112714503524991 ,         0.674624307200434 ,         0.844133618790425 ,         0.883076129713267 ,         0.864939420974483 ,         1.175232472895087 , 
  39.79000 ,         0.128751835377854 ,         0.663789183887592 ,         0.842616036761249 ,         0.881670177044001 ,         0.864395389348943 ,         1.176183440424883 , 
  39.80000 ,         0.092319038152597 ,         0.676918856454128 ,         0.831133613368125 ,         0.860551564446107 ,         0.866255936831957 ,         1.166948485814777 , 
  39.81000 ,         0.092971699489257 ,         0.671073921125466 ,         0.811099436568638 ,         0.869119369332611 ,         0.852451745575491 ,         1.162179010897021 , 
  39.82000 ,         0.071964480941624 ,         0.678160430232660 ,         0.794098353108881 ,         0.862132734969956 ,         0.854403540111541 ,         1.151650033903796 , 
  39.83000 ,         0.069135015692981 ,         0.680525987806163 ,         0.784534032248318 ,         0.851879568368438 ,         0.847078525611981 ,         1.138065362496517 , 
  39.84000 ,         0.065610398881572 ,         0.674862281049152 ,         0.776767794205637 ,         0.835049371935545 ,         0.843239765811885 ,         1.128376713743851 , 
  39.85000 ,         0.050927187512625 ,         0.673215560954566 ,         0.783005508006612 ,         0.842129879810653 ,         0.852267355064665 ,         1.117694798543351 , 
  39.86000 ,         0.044626093316162 ,         0.677497311223689 ,         0.758294945020725 ,         0.844235038789740 ,         0.840334613641502 ,         1.101042081161630 , 
  39.87000 ,         0.036937447611333 ,         0.679945232562387 ,         0.761747740362013 ,         0.830264963348600 ,         0.842461290390078 ,         1.086964978838561 , 
  39.88000 ,         0.039008676145007 ,         0.682216467848501 ,         0.751744208700707 ,         0.821315486021824 ,         0.840961317618291 ,         1.067350955959848 , 
  39.89000 ,         0.036204183297012 ,         0.690490361246387 ,         0.747929690515686 ,         0.800712952942700 ,         0.845772366168730 ,         1.049388261231885 , 
  39.90000 ,         0.032010726021204 ,         0.700843531393584 ,         0.746989428551869 ,         0.802051356735081 ,         0.845783401591494 ,         1.028931726693789 , 
  39.91000 ,         0.029212539916034 ,         0.693189228424233 ,         0.741050845161664 ,         0.790955600851556 ,         0.837991267799695 ,         1.009104155068282 , 
  39.92000 ,         0.017379706076297 ,         0.703356704907757 ,         0.725602728685417 ,         0.775134891002865 ,         0.845522700611870 ,         0.981518900658897 , 
  39.93000 ,         0.016676161996268 ,         0.697358878479362 ,         0.727975269644386 ,         0.758548233304211 ,         0.849593997953108 ,         0.965621434967508 , 
  39.94000 ,         0.015278828065231 ,         0.700655802923172 ,         0.725223463959878 ,         0.748011488773078 ,         0.846184469956418 ,         0.939788994736732 , 
  39.95000 ,         0.016659469142550 ,         0.708721583105989 ,         0.733493866648687 ,         0.742257441562216 ,         0.858016890884116 ,         0.920164519911989 , 
  39.96000 ,         0.015957334941867 ,         0.715478332991303 ,         0.738460364293448 ,         0.736899320657831 ,         0.854085999137164 ,         0.902575917068529 , 
  39.97000 ,         0.009014850726178 ,         0.732283258988000 ,         0.728079218024349 ,         0.733843521613684 ,         0.866379163539898 ,         0.873367839884110 , 
  39.98000 ,         0.010396548011527 ,         0.733823013813638 ,         0.733043272712774 ,         0.723729698452447 ,         0.870895001503119 ,         0.855765858198845 , 
  39.99000 ,         0.006234809452659 ,         0.740297027927487 ,         0.729472705961065 ,         0.719514329751958 ,         0.876575241484731 ,         0.833700102175736 , 
  40.00000 ,         0.009001333521013 ,         0.763815080028241 ,         0.741831053928844 ,         0.708292431434686 ,         0.883721064900096 ,         0.816578906448888 , 
  40.01000 ,         0.009688898736960 ,         0.778572219934318 ,         0.751105922175524 ,         0.698552297329958 ,         0.885442070623358 ,         0.791051002459377 , 
  40.02000 ,         0.004842028656791 ,         0.768239725278387 ,         0.759766175129002 ,         0.696992732185602 ,         0.886891043569131 ,         0.778658733370232 , 
  40.03000 ,         0.008296473872655 ,         0.785399526611327 ,         0.757096451681177 ,         0.675903355812851 ,         0.900199823284118 ,         0.760272445585552 , 
  40.04000 ,         0.004837192673441 ,         0.811957341613272 ,         0.778485695881874 ,         0.682432869937836 ,         0.902924636867153 ,         0.747195105775554 , 
  40.05000 ,         0.006906824854511 ,         0.835207795531764 ,         0.786255674375416 ,         0.673458590970181 ,         0.907837375642483 ,         0.730698901951942 , 
  40.06000 ,         0.011045403271754 ,         0.845577395780618 ,         0.787589028603909 ,         0.669411842817445 ,         0.917793191585691 ,         0.720561552109104 , 
  40.07000 ,         0.003449965908100 ,         0.859386507707624 ,         0.818288788827386 ,         0.668560268415862 ,         0.922833536986269 ,         0.706380519683404 , 
  40.08000 ,         0.006896489165994 ,         0.878785131976847 ,         0.827664906033913 ,         0.665166380060168 ,         0.929215709003181 ,         0.691448469241200 , 
  40.09000 ,         0.006893049091660 ,         0.895837892574804 ,         0.847931201387770 ,         0.671296818413994 ,         0.932381823149805 ,         0.686375363301999 , 
  40.10000 ,         0.004133766954375 ,         0.917179543002003 ,         0.855818939772996 ,         0.662694514873278 ,         0.936761110944734 ,         0.676915103797053 , 
  40.11000 ,         0.004820323662228 ,         0.955112702787223 ,         0.868475992679496 ,         0.652895624607163 ,         0.946257509988085 ,         0.669142697665120 , 
  40.12000 ,         0.004817921008739 ,         0.954894737071361 ,         0.895918221866170 ,         0.652527176621113 ,         0.952421250839196 ,         0.666421716673102 , 
  40.13000 ,         0.011006903202695 ,         0.992255125436675 ,         0.914389884420737 ,         0.655039727707243 ,         0.959148424397320 ,         0.660005732863146 , 
  40.14000 ,         0.007563475995048 ,         1.000527546117708 ,         0.931295956185759 ,         0.645559865895551 ,         0.960335836320157 ,         0.655261313088063 , 
  40.15000 ,         0.004810723816689 ,         1.041178083183479 ,         0.960383694797830 ,         0.651595359814083 ,         0.965978308879293 ,         0.648449060532186 , 
  40.16000 ,         0.004121424288161 ,         1.078954533438136 ,         0.969436269280859 ,         0.657796488991689 ,         0.973182042917755 ,         0.648512551467576 , 
  40.17000 ,         0.010298431381008 ,         1.077301742714992 ,         1.014695861944612 ,         0.652105257071606 ,         0.972686843936248 ,         0.647267139829070 , 
  40.18000 ,         0.008234644696727 ,         1.113821472781221 ,         1.031303470716105 ,         0.645819165850583 ,         0.982571100733523 ,         0.642044953697916 , 
  40.19000 ,         0.009602305240539 ,         1.131443055887434 ,         1.058525550467091 ,         0.654800056023359 ,         0.985768797924659 ,         0.640643085908681 , 
  40.20000 ,         0.012339679588023 ,         1.143219898498688 ,         1.094246795133723 ,         0.652117789339256 ,         0.994790263037550 ,         0.646986967705000 , 
  40.21000 ,         0.015074330008157 ,         1.177682031887259 ,         1.109633422844755 ,         0.647896416742630 ,         0.988728302971093 ,         0.651397344237422 , 
  40.22000 ,         0.015066835002714 ,         1.191221642402057 ,         1.129755804152349 ,         0.656006571737475 ,         0.992634764575095 ,         0.652132854215470 , 
  40.23000 ,         0.015059345585693 ,         1.199784907969210 ,         1.163377228726528 ,         0.665135357445347 ,         1.011232916967666 ,         0.660921307615260 , 
  40.24000 ,         0.015736037285700 ,         1.221937504011295 ,         1.196537487305573 ,         0.659245888134873 ,         1.010847971237227 ,         0.662356748766761 , 
  40.25000 ,         0.020515068401871 ,         1.264753966975339 ,         1.217996706909408 ,         0.659345750490962 ,         1.019395885875255 ,         0.672445476460073 , 
  40.26000 ,         0.033491301348768 ,         1.258486910375915 ,         1.251737387910220 ,         0.652567754341564 ,         1.019679834655312 ,         0.678551279909662 , 
  40.27000 ,         0.026643104724676 ,         1.269219440778377 ,         1.269390229911227 ,         0.658861777253957 ,         1.022140937147741 ,         0.689368986109375 , 
  40.28000 ,         0.025947060047482 ,         1.292573280786429 ,         1.289201870023680 ,         0.667283274510585 ,         1.034542998200753 ,         0.702448369048621 , 
  40.29000 ,         0.025251703036586 ,         1.306690322335790 ,         1.323411044616773 ,         0.670193848160212 ,         1.043786822899979 ,         0.714533620637461 , 
  40.30000 ,         0.035471269781189 ,         1.337079282304880 ,         1.340447347584584 ,         0.660695033412369 ,         1.049258918972176 ,         0.727395516071829 , 
  40.31000 ,         0.036817275520549 ,         1.356955233421727 ,         1.362793157896629 ,         0.665736453075859 ,         1.049665212475476 ,         0.737794338382860 , 
  40.32000 ,         0.042250721210531 ,         1.342141861679693 ,         1.375107646172587 ,         0.674435655613669 ,         1.064221984079877 ,         0.756370963001531 , 
  40.33000 ,         0.042910896649453 ,         1.356716543867127 ,         1.396349524800302 ,         0.686361494721358 ,         1.069260363683168 ,         0.780718639982779 , 
  40.34000 ,         0.062632467775524 ,         1.363107158734172 ,         1.413400349570225 ,         0.700615634777028 ,         1.081973753360643 ,         0.796638611443071 , 
  40.35000 ,         0.068725479673036 ,         1.360135081004355 ,         1.411296437468874 ,         0.696440875696558 ,         1.081543845875555 ,         0.823706344707424 , 
  40.36000 ,         0.080933464270947 ,         1.376378977464952 ,         1.426622336061727 ,         0.707020121438374 ,         1.094100141930660 ,         0.840492326170923 , 
  40.37000 ,         0.094488898331403 ,         1.390482313215001 ,         1.431863692250427 ,         0.709601429825133 ,         1.106303977462226 ,         0.864293012030456 , 
  40.38000 ,         0.100557060667957 ,         1.395144286818015 ,         1.434764108440990 ,         0.719271745605514 ,         1.111255313072044 ,         0.883335176302580 , 
  40.39000 ,         0.114768441010254 ,         1.395726854356956 ,         1.425480063361463 ,         0.739331166404446 ,         1.120021565639367 ,         0.910719836818428 , 
  40.40000 ,         0.135074643576825 ,         1.400890351819700 ,         1.439749765612531 ,         0.762891744799639 ,         1.122839791937977 ,         0.928044253419168 , 
  40.41000 ,         0.160109752480388 ,         1.395702492755412 ,         1.433270617940164 ,         0.762471813851252 ,         1.127255765278364 ,         0.952188725936892 , 
  40.42000 ,         0.172236258341456 ,         1.397385312508483 ,         1.405098648881058 ,         0.771969351793704 ,         1.132419493819807 ,         0.974571574481039 , 
  40.43000 ,         0.203328031504052 ,         1.391780375645237 ,         1.430243261604754 ,         0.800307604001262 ,         1.139611256573649 ,         0.993585723948161 , 
  40.44000 ,         0.223550234664300 ,         1.387450982944908 ,         1.407816070610348 ,         0.815873678405504 ,         1.148902136418898 ,         1.021281626033127 , 
  40.45000 ,         0.255262949068419 ,         1.409362940280940 ,         1.384310608409503 ,         0.831043400829843 ,         1.147572419943654 ,         1.042792734616498 , 
  40.46000 ,         0.299125884997243 ,         1.405451768479693 ,         1.347546884916171 ,         0.851062207583360 ,         1.150230389792849 ,         1.060116179104694 , 
  40.47000 ,         0.325358495857540 ,         1.431645023872105 ,         1.333352598863168 ,         0.878205825682000 ,         1.155570138532488 ,         1.082749191402210 , 
  40.48000 ,         0.374552104095137 ,         1.421557071972992 ,         1.317777743491758 ,         0.902575918713011 ,         1.152136470020082 ,         1.099116473109729 , 
  40.49000 ,         0.429103103717440 ,         1.435383669580797 ,         1.289716680927111 ,         0.927850992674058 ,         1.143606229420174 ,         1.118096556718862 , 
  40.50000 ,         0.468740963174466 ,         1.423783790161059 ,         1.282072387659556 ,         0.946093521853939 ,         1.147463440764511 ,         1.124150923030983 , 
  40.51000 ,         0.545469357440243 ,         1.443249136803911 ,         1.243297150038030 ,         0.986637952845192 ,         1.149945436444547 ,         1.139418316651746 , 
  40.52000 ,         0.612000670203213 ,         1.449790452056646 ,         1.236189060478692 ,         1.020816443146291 ,         1.141439025626221 ,         1.153784890855134 , 
  40.53000 ,         0.646094115599753 ,         1.459865840271518 ,         1.193427889807920 ,         1.047331712572224 ,         1.145702155048798 ,         1.163405673352027 , 
  40.54000 ,         0.756325690010274 ,         1.450466848021041 ,         1.180368586063829 ,         1.064425610411630 ,         1.129938447308131 ,         1.181895814576690 , 
  40.55000 ,         0.800420508398495 ,         1.458426130464723 ,         1.150772919482011 ,         1.107484184074096 ,         1.124517543483144 ,         1.189061132195675 , 
  40.56000 ,         0.911140576884147 ,         1.471680589954318 ,         1.120322425882401 ,         1.152730881361004 ,         1.120596003753324 ,         1.194051662096222 , 
  40.57000 ,         0.969923427671057 ,         1.494429209081655 ,         1.088177016983312 ,         1.184975846228242 ,         1.110893821760479 ,         1.205536657959428 , 
  40.58000 ,         1.072377555405684 ,         1.482003580529672 ,         1.080576803496341 ,         1.230602019842306 ,         1.095966161451112 ,         1.206750617383716 , 
  40.59000 ,         1.215076255056913 ,         1.499260871710719 ,         1.060459986989869 ,         1.268786391123693 ,         1.087199481569281 ,         1.216505163215184 , 
  40.60000 ,         1.260852404385161 ,         1.497598278289570 ,         1.039564742261592 ,         1.302312336525624 ,         1.077233631974825 ,         1.220642151050349 , 
  40.61000 ,         1.409363399696485 ,         1.490814930779993 ,         1.024903775917269 ,         1.343950262877874 ,         1.067046546187924 ,         1.227430488836893 , 
  40.62000 ,         1.564442360864370 ,         1.453991387318366 ,         1.006060653416374 ,         1.360158417390986 ,         1.051046764222345 ,         1.230833839987720 , 
  40.63000 ,         1.689168814893257 ,         1.485740409245851 ,         0.968109490875826 ,         1.392373062653867 ,         1.037390494799146 ,         1.233824738252385 , 
  40.64000 ,         1.740657989046064 ,         1.480062371032809 ,         0.974131238763833 ,         1.434994756913721 ,         1.031126049363739 ,         1.234831665182015 , 
  40.65000 ,         1.909423965552115 ,         1.457963866253079 ,         0.960117435979100 ,         1.475940140858545 ,         1.011427338669992 ,         1.247863537880574 , 
  40.66000 ,         2.101477717746481 ,         1.450378136271537 ,         0.954200550929091 ,         1.496657889103765 ,         1.007495560412358 ,         1.243627005179870 , 
  40.67000 ,         2.141301274732583 ,         1.437190244059256 ,         0.937740261481166 ,         1.519155130983059 ,         0.988267135085370 ,         1.245600460490043 , 
  40.68000 ,         2.277486990414352 ,         1.410877081804305 ,         0.934057531856445 ,         1.559914571881024 ,         0.978586770714993 ,         1.255762192672662 , 
  40.69000 ,         2.412869461230543 ,         1.401652330535962 ,         0.939286052746083 ,         1.575583349831196 ,         0.966835237396416 ,         1.259055241562189 , 
  40.70000 ,         2.556144189845056 ,         1.372456147458343 ,         0.929544977985583 ,         1.602564300341274 ,         0.956579028462792 ,         1.263389898973367 , 
  40.71000 ,         2.545529995959782 ,         1.350056727439673 ,         0.922988587689461 ,         1.621246249560454 ,         0.953435262199632 ,         1.260941452338205 , 
  40.72000 ,         2.840934372049154 ,         1.319327383444864 ,         0.922493550284247 ,         1.631056791478538 ,         0.946170787304353 ,         1.264080497064616 , 
  40.73000 ,         2.892296737107355 ,         1.286624613514075 ,         0.917992011601523 ,         1.627709942185878 ,         0.932694325236453 ,         1.267894554625006 , 
  40.74000 ,         2.894881940099357 ,         1.269389377353920 ,         0.914704597340018 ,         1.635546553804405 ,         0.928909510018768 ,         1.265832934458580 , 
  40.75000 ,         2.897464257428724 ,         1.249168694221300 ,         0.913296679001574 ,         1.646961248559748 ,         0.926441763147820 ,         1.270100755256720 , 
  40.76000 ,         3.154772754377414 ,         1.233218740779271 ,         0.911556617043738 ,         1.637651138904382 ,         0.924955732459775 ,         1.262996868196871 , 
  40.77000 ,         3.168554916338515 ,         1.172295336237885 ,         0.905402570291040 ,         1.618602358924713 ,         0.919097122625209 ,         1.260398691939083 , 
  40.78000 ,         3.272256954153460 ,         1.157814044445992 ,         0.919114824192508 ,         1.627842911957169 ,         0.917001796906992 ,         1.255034117582549 , 
  40.79000 ,         3.175436232548568 ,         1.127366422988843 ,         0.912921270620386 ,         1.613519784131541 ,         0.919746227924564 ,         1.250028384294108 , 
  40.80000 ,         3.306984464182271 ,         1.094619178398831 ,         0.909354175336497 ,         1.610940346565144 ,         0.917038887800746 ,         1.245256180776524 , 
  40.81000 ,         3.219553573665363 ,         1.057413811887976 ,         0.911735664649811 ,         1.604413635864153 ,         0.924270470983232 ,         1.226519366651455 , 
  40.82000 ,         3.262522694129190 ,         1.031464468026222 ,         0.925583738651844 ,         1.544661880810198 ,         0.930248225257917 ,         1.224630312020255 , 
  40.83000 ,         3.248962970007088 ,         1.014927121281106 ,         0.916491318472290 ,         1.525796477630655 ,         0.938410936587207 ,         1.206679649811738 , 
  40.84000 ,         3.161023482058195 ,         0.993341167770126 ,         0.915585901670434 ,         1.511474363814047 ,         0.942611357212825 ,         1.192700605371434 , 
  40.85000 ,         3.219890486840218 ,         0.949784706749647 ,         0.919162552377378 ,         1.468950554318523 ,         0.954203757482230 ,         1.175591975169550 , 
  40.86000 ,         3.017916472297777 ,         0.939698101216511 ,         0.921408452410946 ,         1.441605878642683 ,         0.959180102410193 ,         1.157857115115537 , 
  40.87000 ,         3.059550763186985 ,         0.916522157138308 ,         0.919548214011718 ,         1.397416483007214 ,         0.966410642715692 ,         1.139268960005007 , 
  40.88000 ,         2.937402498079620 ,         0.897263435150252 ,         0.907828736958680 ,         1.349168324658185 ,         0.984686128545479 ,         1.127452358766617 , 
  40.89000 ,         2.821999308919473 ,         0.880673827534068 ,         0.907384756658467 ,         1.308338579576968 ,         0.993822565673819 ,         1.102643719172486 , 
  40.90000 ,         2.717967254811545 ,         0.857312039803495 ,         0.916626840548880 ,         1.262043457590217 ,         0.998924574381407 ,         1.086334225793875 , 
  40.91000 ,         2.578291323447567 ,         0.840261501592107 ,         0.924329023563311 ,         1.215627951810974 ,         1.009658385800323 ,         1.070268090371098 , 
  40.92000 ,         2.440074837367661 ,         0.826204840879302 ,         0.902663937515229 ,         1.188982371861991 ,         1.029189476147884 ,         1.039599739846151 , 
  40.93000 ,         2.337042121752891 ,         0.804143525764436 ,         0.904950786215683 ,         1.141449000361658 ,         1.039484460987642 ,         1.021556970532238 , 
  40.94000 ,         2.214280393065160 ,         0.781525307388185 ,         0.900171077703169 ,         1.108255598969385 ,         1.054943493610233 ,         1.004523172346501 , 
  40.95000 ,         2.081728438198819 ,         0.784612102956481 ,         0.909476169862091 ,         1.067331767672986 ,         1.068560175738608 ,         0.983428399963925 , 
  40.96000 ,         1.957889989430511 ,         0.755669597522611 ,         0.915181503280387 ,         1.022114322897050 ,         1.073310834952036 ,         0.962715225778840 , 
  40.97000 ,         1.881693018183834 ,         0.737232936271954 ,         0.920509902244218 ,         0.988697348733561 ,         1.090885704338961 ,         0.942795605792837 , 
  40.98000 ,         1.699360168922608 ,         0.728544598817510 ,         0.914865653829186 ,         0.956384862148894 ,         1.096496728755096 ,         0.925719607741960 , 
  40.99000 ,         1.621385094549118 ,         0.740305048761701 ,         0.909309224055162 ,         0.929419937915979 ,         1.110220612887019 ,         0.908340777793422 , 
  41.00000 ,         1.473626999169768 ,         0.727504473930468 ,         0.934980412962728 ,         0.897867881482072 ,         1.122303959068338 ,         0.893594379660631 , 
  41.01000 ,         1.401107427806357 ,         0.726161636449475 ,         0.942964401929854 ,         0.872686710954729 ,         1.130495088743969 ,         0.879181324751640 , 
  41.02000 ,         1.214754572672558 ,         0.719717394174900 ,         0.941393643598581 ,         0.853044115565790 ,         1.142258167916261 ,         0.868701775284689 , 
  41.03000 ,         1.220743341532274 ,         0.708096946355109 ,         0.957386885473273 ,         0.829677718510412 ,         1.149958324996660 ,         0.862129419873922 , 
  41.04000 ,         1.112275541864405 ,         0.724607063161665 ,         0.950548310134121 ,         0.802962961402113 ,         1.162512114608281 ,         0.850630151333802 , 
  41.05000 ,         0.982217705966456 ,         0.720309420414658 ,         0.960234503460932 ,         0.786217937833090 ,         1.163219588278297 ,         0.843220176479424 , 
  41.06000 ,         0.879228399331386 ,         0.708376841912731 ,         0.970403990069226 ,         0.771583704140450 ,         1.176740101720986 ,         0.832439303949366 , 
  41.07000 ,         0.790132099811617 ,         0.711069629724482 ,         0.966154878489516 ,         0.751668167064137 ,         1.177018919621443 ,         0.827107966857819 , 
  41.08000 ,         0.717534481597116 ,         0.712692929170969 ,         1.001585900632845 ,         0.748594271314008 ,         1.184949441246838 ,         0.821350905548460 , 
  41.09000 ,         0.667973109656074 ,         0.717185273923466 ,         1.022628773476416 ,         0.734122460458827 ,         1.181717347004984 ,         0.817947180260952 , 
  41.10000 ,         0.601407965656339 ,         0.728969415296643 ,         1.021885263346002 ,         0.731346845913332 ,         1.186604313917839 ,         0.812025773694350 , 
  41.11000 ,         0.558506362974231 ,         0.748034710620855 ,         1.019503545793042 ,         0.722305397537829 ,         1.183558644380158 ,         0.810186570408994 , 
  41.12000 ,         0.489438212981610 ,         0.733502114368022 ,         1.041284712156658 ,         0.710078531885970 ,         1.183658733825317 ,         0.810171349161765 , 
  41.13000 ,         0.432225117113646 ,         0.751400445073136 ,         1.030218389938492 ,         0.713990051413868 ,         1.176411577632684 ,         0.811148609344599 , 
  41.14000 ,         0.388813516765635 ,         0.751689768208310 ,         1.057332211785337 ,         0.687051157466549 ,         1.182324057018734 ,         0.808749706393166 , 
  41.15000 ,         0.366380062189636 ,         0.784609445680216 ,         1.072847510230968 ,         0.699802275034981 ,         1.172589984192583 ,         0.810810118096288 , 
  41.16000 ,         0.340044766820249 ,         0.762076288717591 ,         1.070814049361841 ,         0.685893182304978 ,         1.164111788719885 ,         0.809241151807804 , 
  41.17000 ,         0.286936813050052 ,         0.799452367794634 ,         1.088840235625865 ,         0.688011077077017 ,         1.157142962194727 ,         0.813055721830179 , 
  41.18000 ,         0.266545259279373 ,         0.810170195254493 ,         1.099417532376901 ,         0.701069562167102 ,         1.148210667309323 ,         0.810731622539280 , 
  41.19000 ,         0.240949631463119 ,         0.815000701273455 ,         1.113739065485858 ,         0.690852872867153 ,         1.142215116528099 ,         0.815653681304521 , 
  41.20000 ,         0.223210776416739 ,         0.831737523965151 ,         1.115686759096167 ,         0.680401270217691 ,         1.126363919316759 ,         0.812820492246718 , 
  41.21000 ,         0.183309332080143 ,         0.860444871934908 ,         1.117428573025020 ,         0.694137317318604 ,         1.117245100606346 ,         0.815086412873707 , 
  41.22000 ,         0.189740699897867 ,         0.882440961251805 ,         1.124507060348310 ,         0.694778606649211 ,         1.099026954546948 ,         0.814222333324608 , 
  41.23000 ,         0.205941512090106 ,         0.917531349157778 ,         1.142372556977671 ,         0.700632901396739 ,         1.094603983341661 ,         0.814764253627054 , 
  41.24000 ,         0.184345527926414 ,         0.901534313251437 ,         1.138968747630158 ,         0.689504386254802 ,         1.079213193607633 ,         0.818328444722372 , 
  41.25000 ,         0.184907240945159 ,         0.942359569940138 ,         1.138538665141857 ,         0.694704317212973 ,         1.065637846006018 ,         0.813323288902044 , 
  41.26000 ,         0.156834671799941 ,         0.983145146978258 ,         1.141037313971870 ,         0.688917445785112 ,         1.051902671012957 ,         0.806268907613634 , 
  41.27000 ,         0.161962284334837 ,         1.011044681578162 ,         1.143004916254588 ,         0.704804247869746 ,         1.041300813635441 ,         0.803815077060885 , 
  41.28000 ,         0.173586268830535 ,         1.041111278084262 ,         1.155047583749248 ,         0.701659103503202 ,         1.020388198237920 ,         0.795634207257373 , 
  41.29000 ,         0.147509358929103 ,         1.076753338086009 ,         1.145065766973330 ,         0.713787715632981 ,         1.013284106074319 ,         0.799401627698661 , 
  41.30000 ,         0.153283491347346 ,         1.098477562462705 ,         1.158069767255582 ,         0.706581687074126 ,         0.996911011787107 ,         0.794366525537748 , 
  41.31000 ,         0.155806056615425 ,         1.113688708849009 ,         1.148745071587479 ,         0.718087393223905 ,         0.984225642404824 ,         0.790888178922402 , 
  41.32000 ,         0.162868306242066 ,         1.130507197411309 ,         1.147296908263953 ,         0.715752673522464 ,         0.971157025025444 ,         0.790900823788038 , 
  41.33000 ,         0.156952428393019 ,         1.172684337141025 ,         1.145647335659067 ,         0.728539771567081 ,         0.968001669999871 ,         0.781711865561023 , 
  41.34000 ,         0.187344256091745 ,         1.220087570922754 ,         1.129211021092783 ,         0.730780351887285 ,         0.950334530901378 ,         0.783106283276232 , 
  41.35000 ,         0.184013970560213 ,         1.222494221670714 ,         1.146969121517809 ,         0.746665842691289 ,         0.947252814451275 ,         0.774213268631778 , 
  41.36000 ,         0.182629753230279 ,         1.248941415264511 ,         1.136538306948801 ,         0.748207222620057 ,         0.938932266330401 ,         0.765521025134298 , 
  41.37000 ,         0.190956505431488 ,         1.279813155258410 ,         1.129718105438321 ,         0.753388144946011 ,         0.933674146498780 ,         0.763714765287407 , 
  41.38000 ,         0.190864222477899 ,         1.297957587520255 ,         1.134429003685377 ,         0.759898404407771 ,         0.929219636520183 ,         0.757441836290074 , 
  41.39000 ,         0.184951843496848 ,         1.302988970859129 ,         1.121634311381341 ,         0.768018996968335 ,         0.930053949017911 ,         0.748618453944190 , 
  41.40000 ,         0.186801622762834 ,         1.325709786458731 ,         1.131596075953666 ,         0.769142754278028 ,         0.918283085340895 ,         0.750135365975711 , 
  41.41000 ,         0.188003533625421 ,         1.331853211576654 ,         1.113484846059842 ,         0.770992154433805 ,         0.922372147466818 ,         0.747925784463118 , 
  41.42000 ,         0.219554433889212 ,         1.342349351315292 ,         1.101848455810547 ,         0.783454167400254 ,         0.914712606300289 ,         0.743821363341576 , 
  41.43000 ,         0.218803021897285 ,         1.379540144329530 ,         1.096274137736104 ,         0.789772412003144 ,         0.924144253068752 ,         0.745802040714789 , 
  41.44000 ,         0.215471808844157 ,         1.361214121740031 ,         1.078850896190699 ,         0.775521102415514 ,         0.921672195062942 ,         0.745996545524396 , 
  41.45000 ,         0.206985273133824 ,         1.365151702129121 ,         1.074219714832961 ,         0.792355423497687 ,         0.919937905667353 ,         0.740286698246733 , 
  41.46000 ,         0.217841986620682 ,         1.381008629678893 ,         1.077971413453414 ,         0.785769902553557 ,         0.933461774584757 ,         0.740040406379162 , 
  41.47000 ,         0.196478599028478 ,         1.372370804607519 ,         1.080229674576651 ,         0.787927496513793 ,         0.935699131367127 ,         0.743085685106422 , 
  41.48000 ,         0.216988086285415 ,         1.340722381803580 ,         1.057454737262957 ,         0.775796796626528 ,         0.931565831305547 ,         0.743834113478866 , 
  41.49000 ,         0.206586361596295 ,         1.352223579467338 ,         1.040574216218099 ,         0.770716759062814 ,         0.933852007513782 ,         0.750876665048528 , 
  41.50000 ,         0.195551375157239 ,         1.348275270820966 ,         1.036132820837247 ,         0.767691922004006 ,         0.944659081872093 ,         0.750665604697449 , 
  41.51000 ,         0.199957826047503 ,         1.337499252846679 ,         1.031333923936727 ,         0.756592835374272 ,         0.950141241555502 ,         0.759827683645338 , 
  41.52000 ,         0.202432085007200 ,         1.320307043324739 ,         1.028547784298489 ,         0.753537370400810 ,         0.955668217186274 ,         0.760174652553080 , 
  41.53000 ,         0.182422314674311 ,         1.310919512186389 ,         1.007257014783993 ,         0.747072370989052 ,         0.962323877526241 ,         0.771029350804610 , 
  41.54000 ,         0.180408426918280 ,         1.300016062121541 ,         1.011346528480503 ,         0.732186958624970 ,         0.969996242906818 ,         0.781833383492550 , 
  41.55000 ,         0.182246739791513 ,         1.285513315096297 ,         0.996020144362331 ,         0.720083179185041 ,         0.973159087654329 ,         0.783432370536426 , 
  41.56000 ,         0.184083262677955 ,         1.263086986162239 ,         0.984957701218935 ,         0.707429733553543 ,         0.975146207634347 ,         0.795683066041678 , 
  41.57000 ,         0.166685101227151 ,         1.253744427259025 ,         0.979515380913203 ,         0.698915437669516 ,         0.985675918007836 ,         0.802672906330023 , 
  41.58000 ,         0.179420699505168 ,         1.225427357914981 ,         0.961182318777683 ,         0.685002599182229 ,         0.987955251281970 ,         0.817916091700705 , 
  41.59000 ,         0.184458270020005 ,         1.198178154999737 ,         0.952473975012152 ,         0.666659728496780 ,         1.001250537950385 ,         0.825408726832681 , 
  41.60000 ,         0.157482365657659 ,         1.179197225778081 ,         0.950255636272714 ,         0.658297094046104 ,         1.002019561722307 ,         0.836635070247222 , 
  41.61000 ,         0.156766815719764 ,         1.163033809888313 ,         0.943480284811398 ,         0.653261718056722 ,         1.003767523254650 ,         0.848900305429449 , 
  41.62000 ,         0.159249720772417 ,         1.136333097921250 ,         0.927197922449040 ,         0.629364170070708 ,         1.010869980181686 ,         0.857995844364892 , 
  41.63000 ,         0.175793719926082 ,         1.112614434659436 ,         0.933065121625843 ,         0.609884348789008 ,         1.019663505248521 ,         0.874114295773358 , 
  41.64000 ,         0.162291494328962 ,         1.107607501650614 ,         0.913249060976633 ,         0.601844269446798 ,         1.016468288330664 ,         0.888320304742663 , 
  41.65000 ,         0.163490844820254 ,         1.079374859772779 ,         0.927219805950805 ,         0.598721355542922 ,         1.020929676782531 ,         0.896704974196634 , 
  41.66000 ,         0.162774036522109 ,         1.061621841140519 ,         0.912332516467546 ,         0.585348201924603 ,         1.024269588274386 ,         0.902957051128650 , 
  41.67000 ,         0.181836617151527 ,         1.049388687929732 ,         0.905992969667256 ,         0.592763446043299 ,         1.027815527868553 ,         0.916380785186548 , 
  41.68000 ,         0.165168729321644 ,         1.028717399563618 ,         0.910381019892778 ,         0.571115521826698 ,         1.035453286449563 ,         0.923504042124716 , 
  41.69000 ,         0.191223361630341 ,         1.008384526997331 ,         0.905442617319665 ,         0.576140053312082 ,         1.041908372583151 ,         0.938777231453870 , 
  41.70000 ,         0.184760603492298 ,         0.981620344243992 ,         0.908950494810061 ,         0.567541569305112 ,         1.039517309217656 ,         0.941024776299941 , 
  41.71000 ,         0.196771222546160 ,         0.982741712603110 ,         0.903460103518978 ,         0.554732463561564 ,         1.039018919051385 ,         0.947429158556977 , 
  41.72000 ,         0.218317728839624 ,         0.973280166506969 ,         0.904101133990185 ,         0.554784811661333 ,         1.042578541805552 ,         0.959963501104442 , 
  41.73000 ,         0.257656876686866 ,         0.976869467043662 ,         0.904940255635245 ,         0.574320359084120 ,         1.044315528321455 ,         0.955060084811757 , 
  41.74000 ,         0.279153524172050 ,         0.954940330126141 ,         0.910468121477433 ,         0.559976246523944 ,         1.042791820043897 ,         0.968711215109856 , 
  41.75000 ,         0.296816066318987 ,         0.962189341324745 ,         0.912256552866104 ,         0.571585436063155 ,         1.042769024211263 ,         0.966757575750157 , 
  41.76000 ,         0.313826384251446 ,         0.945052580712666 ,         0.905506644640495 ,         0.576910091494624 ,         1.044542770785801 ,         0.965947208080116 , 
  41.77000 ,         0.348599594915015 ,         0.943885788417432 ,         0.926662174552095 ,         0.586555329331048 ,         1.039220872306844 ,         0.971328481937893 , 
  41.78000 ,         0.418246222776670 ,         0.943830673819052 ,         0.922608962022246 ,         0.617174979152334 ,         1.043324802070151 ,         0.974572405861154 , 
  41.79000 ,         0.409799344985547 ,         0.949801964829119 ,         0.913127778092313 ,         0.619099919886738 ,         1.040109671682915 ,         0.967098304249586 , 
  41.80000 ,         0.471107192111186 ,         0.951646038976953 ,         0.922201839470004 ,         0.633545649418029 ,         1.044436877665407 ,         0.962781732195598 , 
  41.81000 ,         0.515244891635621 ,         0.952220725316754 ,         0.924652271705254 ,         0.654037796024552 ,         1.039392096416623 ,         0.966430757979291 , 
  41.82000 ,         0.604315595160603 ,         0.957862389237135 ,         0.922824437080614 ,         0.670551181553664 ,         1.039528531396302 ,         0.962375752565771 , 
  41.83000 ,         0.665442402607335 ,         0.961203375317088 ,         0.924599294536178 ,         0.696783410151638 ,         1.039892256001240 ,         0.952913045669953 , 
  41.84000 ,         0.748660426114908 ,         0.969603850685802 ,         0.928350003240861 ,         0.728765234106466 ,         1.037832888885729 ,         0.956304132370019 , 
  41.85000 ,         0.821045550769643 ,         0.974042771565026 ,         0.929092425300336 ,         0.751742158507548 ,         1.035508515500846 ,         0.954087901488419 , 
  41.86000 ,         0.864278184055737 ,         0.975395148831008 ,         0.916596413558745 ,         0.792795044198530 ,         1.035734979987423 ,         0.944464564130495 , 
  41.87000 ,         0.987094181552792 ,         0.996731304644136 ,         0.925598277236303 ,         0.812441073725229 ,         1.031685624053316 ,         0.943411156392845 , 
  41.88000 ,         1.057998250515270 ,         1.012914892228388 ,         0.921445416614810 ,         0.844937931185758 ,         1.025103584759977 ,         0.942062565358527 , 
  41.89000 ,         1.155350756928339 ,         1.013536186559471 ,         0.923491431528376 ,         0.871603240088459 ,         1.028658733608405 ,         0.942490795922536 , 
  41.90000 ,         1.284793148451477 ,         1.029065042650906 ,         0.910114399977476 ,         0.929124416478999 ,         1.028503024528195 ,         0.946813197393798 , 
  41.91000 ,         1.354822621830598 ,         1.015722755880097 ,         0.905540923128220 ,         0.965263812795159 ,         1.027696899600449 ,         0.951909932349829 , 
  41.92000 ,         1.484046109578019 ,         1.026586059339043 ,         0.901523337594124 ,         0.999319706646074 ,         1.020005884628456 ,         0.958203465265852 , 
  41.93000 ,         1.549502524477680 ,         1.041062162770511 ,         0.885536911927629 ,         1.041022779318791 ,         1.015728757451523 ,         0.962354334507786 , 
  41.94000 ,         1.708111895365017 ,         1.058279871750395 ,         0.881060113432426 ,         1.070601014432208 ,         1.022458019224994 ,         0.970850932784555 , 
  41.95000 ,         1.823761523778119 ,         1.067375789977839 ,         0.869229797706813 ,         1.114905646741819 ,         1.018822939608013 ,         0.981552528333444 , 
  41.96000 ,         1.936783785801952 ,         1.072294239434617 ,         0.869523422353825 ,         1.155077903118688 ,         1.019409046209366 ,         0.982844622784062 , 
  41.97000 ,         2.103157584569517 ,         1.082868292832705 ,         0.860343339815210 ,         1.196115844439029 ,         1.017292024881559 ,         0.994385044423876 , 
  41.98000 ,         2.220967754173592 ,         1.070015493510536 ,         0.855100873935643 ,         1.237703902348863 ,         1.013880344933274 ,         1.003134613954529 , 
  41.99000 ,         2.295938644160410 ,         1.089377018148087 ,         0.851394872150344 ,         1.278702418454213 ,         1.012337170803026 ,         1.019612120068056 , 
  42.00000 ,         2.390935058858445 ,         1.081792918015149 ,         0.845533426958067 ,         1.313499144250396 ,         1.016634128323380 ,         1.032629433624221 , 
  42.01000 ,         2.639008739710661 ,         1.099482351951290 ,         0.838461224077613 ,         1.361091983795823 ,         1.016846586043589 ,         1.044388571879651 , 
  42.02000 ,         2.589440027024283 ,         1.085704455236768 ,         0.828532967212398 ,         1.403188500226903 ,         1.015196017379522 ,         1.060391220177340 , 
  42.03000 ,         2.744365919895681 ,         1.090126613404631 ,         0.831744812902570 ,         1.429762278051228 ,         1.012645390082051 ,         1.078789092804628 , 
  42.04000 ,         2.865921504574434 ,         1.108021544077731 ,         0.818616440262505 ,         1.473509592472510 ,         1.018980600569398 ,         1.094652180103594 , 
  42.05000 ,         2.847015336569831 ,         1.100994212189114 ,         0.819284425502228 ,         1.497831434636279 ,         1.013513024608005 ,         1.112781068707429 , 
  42.06000 ,         2.912043783243396 ,         1.097887474730877 ,         0.812554152421141 ,         1.532110777570961 ,         1.020927715472781 ,         1.137693234509890 , 
  42.07000 ,         3.012689139505773 ,         1.114422694109202 ,         0.810876893238834 ,         1.547735400700283 ,         1.020990130772605 ,         1.154463824047444 , 
  42.08000 ,         3.051924726836091 ,         1.104430119730916 ,         0.798682381939667 ,         1.575466984986497 ,         1.028335338078304 ,         1.170338523880699 , 
  42.09000 ,         3.057978952003318 ,         1.087411687150259 ,         0.802602221106699 ,         1.589726941382706 ,         1.029615337773024 ,         1.183413231128508 , 
  42.10000 ,         3.074653042149500 ,         1.122601517320696 ,         0.800150482939953 ,         1.615575784688105 ,         1.037584063532097 ,         1.191455400055862 , 
  42.11000 ,         3.046328252925707 ,         1.118319846746722 ,         0.807775232878821 ,         1.620158068478176 ,         1.036173709260918 ,         1.201080982053275 , 
  42.12000 ,         3.094214507458961 ,         1.116696083342783 ,         0.808640645560573 ,         1.651587730980586 ,         1.036872140086218 ,         1.223371938571241 , 
  42.13000 ,         3.076517459754155 ,         1.127557068583056 ,         0.817385249723940 ,         1.655836124172308 ,         1.042494856154141 ,         1.226380205311122 , 
  42.14000 ,         3.048231062100972 ,         1.125228356402347 ,         0.812552280791063 ,         1.642650918238203 ,         1.041171560043820 ,         1.235643679648668 , 
  42.15000 ,         2.857218221801683 ,         1.100453046033287 ,         0.824794156863665 ,         1.660111132909544 ,         1.043434955427440 ,         1.247158683465317 , 
  42.16000 ,         2.930656408960003 ,         1.128290251875764 ,         0.826896049460256 ,         1.660414435021150 ,         1.054490159271890 ,         1.249995155184108 , 
  42.17000 ,         2.793456327952872 ,         1.150805575782994 ,         0.830786932280476 ,         1.652540609263155 ,         1.051926473072853 ,         1.257763990882327 , 
  42.18000 ,         2.715541349013591 ,         1.146134669921610 ,         0.845882412589005 ,         1.649811236920777 ,         1.052780152452188 ,         1.263598879344051 , 
  42.19000 ,         2.661350837523008 ,         1.132832365095081 ,         0.845286975259807 ,         1.634519715298750 ,         1.061150240214271 ,         1.264380879986238 , 
  42.20000 ,         2.445465983369328 ,         1.130351486080404 ,         0.858300394029476 ,         1.614421243981513 ,         1.055369274987048 ,         1.267592066638753 , 
  42.21000 ,         2.415082667818459 ,         1.150024560795633 ,         0.875731733339038 ,         1.597489510545597 ,         1.054189180729331 ,         1.263911657829007 , 
  42.22000 ,         2.388456910787770 ,         1.133786760214569 ,         0.873568947871229 ,         1.587876359601588 ,         1.057875331677180 ,         1.265167816461510 , 
  42.23000 ,         2.168658507099074 ,         1.131929785805758 ,         0.879522722022975 ,         1.557655590201728 ,         1.061266679193750 ,         1.271149694890377 , 
  42.24000 ,         2.016748236018616 ,         1.132790967699034 ,         0.903865516569997 ,         1.542093685627151 ,         1.059435088058983 ,         1.261088567535040 , 
  42.25000 ,         1.885462187655091 ,         1.132099642217361 ,         0.902855864875327 ,         1.503971062416698 ,         1.057149339549147 ,         1.261374125962989 , 
  42.26000 ,         1.824397730467558 ,         1.120087776972283 ,         0.919410229945335 ,         1.488216314263797 ,         1.058548859561440 ,         1.256861389129222 , 
  42.27000 ,         1.811133841502530 ,         1.117387735062563 ,         0.916727622273704 ,         1.458486675342118 ,         1.051489217913576 ,         1.249514165065192 , 
  42.28000 ,         1.670214679944193 ,         1.113140757704921 ,         0.940851451202329 ,         1.416932356378444 ,         1.049229481686649 ,         1.250685570517580 , 
  42.29000 ,         1.535003662323736 ,         1.091320703026167 ,         0.939051498932158 ,         1.402092353487038 ,         1.051801559858366 ,         1.241634759699187 , 
  42.30000 ,         1.344195920247593 ,         1.081285191258586 ,         0.946927515213571 ,         1.379371936239793 ,         1.046979868731539 ,         1.234198312483205 , 
  42.31000 ,         1.300858758281730 ,         1.087813740423269 ,         0.966206344608635 ,         1.324685143721238 ,         1.045392330957715 ,         1.233102474688128 , 
  42.32000 ,         1.222303643813648 ,         1.062015469874776 ,         0.965324509184684 ,         1.305463282535914 ,         1.039466488338392 ,         1.225493169706064 , 
  42.33000 ,         1.099306267246969 ,         1.047447823396947 ,         0.981446167587828 ,         1.292519545376709 ,         1.035275386874773 ,         1.224576096122386 , 
  42.34000 ,         1.050583796509795 ,         1.043245159695940 ,         0.988939247273412 ,         1.244941798864107 ,         1.029716962095662 ,         1.211744123382483 , 
  42.35000 ,         0.935195761995013 ,         1.005536196207154 ,         0.995884654740065 ,         1.213893673398662 ,         1.022841410057644 ,         1.207060382039963 , 
  42.36000 ,         0.906353543374385 ,         0.987465394028888 ,         0.997498258524688 ,         1.195878859958940 ,         1.016174821663022 ,         1.196004270765137 , 
  42.37000 ,         0.814592650535643 ,         0.995253255417695 ,         1.009369775782091 ,         1.156628996413961 ,         1.017170503223892 ,         1.186057698703672 , 
  42.38000 ,         0.786451172536600 ,         0.971729816419487 ,         1.010281344485007 ,         1.134841331664701 ,         0.997713546335647 ,         1.186972635491299 , 
  42.39000 ,         0.699765476884516 ,         0.950771661709722 ,         1.012155274302069 ,         1.105483026780830 ,         0.993919370561122 ,         1.169207539853395 , 
  42.40000 ,         0.646438567581688 ,         0.925673530341890 ,         1.016569325116246 ,         1.088746748593848 ,         0.980865765050217 ,         1.165931143817496 , 
  42.41000 ,         0.604864960955471 ,         0.917922615136345 ,         1.025290765346681 ,         1.075182885344027 ,         0.975745118404873 ,         1.155054548896876 , 
  42.42000 ,         0.631668931394420 ,         0.890015983379199 ,         1.005298641667313 ,         1.034465615960501 ,         0.971254472134466 ,         1.149325006811642 , 
  42.43000 ,         0.565526463236093 ,         0.878212136937769 ,         1.019132224077122 ,         1.036093402687508 ,         0.953412464552185 ,         1.138139314587751 , 
  42.44000 ,         0.575101293854020 ,         0.859730303191932 ,         1.031414954151294 ,         1.007772755239514 ,         0.941930192335205 ,         1.129933726933673 , 
  42.45000 ,         0.530565358563001 ,         0.850180266770347 ,         1.041918472102717 ,         0.987547818686825 ,         0.942754469415039 ,         1.118508086888038 , 
  42.46000 ,         0.561655091678229 ,         0.832727413687594 ,         1.035321136923552 ,         0.976482542800806 ,         0.933188936257159 ,         1.105844876125833 , 
  42.47000 ,         0.542350026674726 ,         0.816212221627833 ,         1.039900896984121 ,         0.971800037179409 ,         0.919352010286406 ,         1.096878744315092 , 
  42.48000 ,         0.548847874797212 ,         0.802782105460520 ,         1.035113892505900 ,         0.960905853505774 ,         0.908444146513570 ,         1.086530010530807 , 
  42.49000 ,         0.581725845391973 ,         0.804628707563528 ,         1.028643782915224 ,         0.944844272618450 ,         0.895101496941143 ,         1.082020427517299 , 
  42.50000 ,         0.605372623043372 ,         0.776879532585928 ,         1.040886704248777 ,         0.949613134373760 ,         0.887933514916010 ,         1.080380444426742 , 
  42.51000 ,         0.648614931286678 ,         0.751378709979427 ,         1.043998761387530 ,         0.938552855734119 ,         0.875743189730357 ,         1.066672313229974 , 
  42.52000 ,         0.674658958484155 ,         0.736548654039922 ,         1.038414112190019 ,         0.940600818595075 ,         0.870084480759644 ,         1.058175920919459 , 
  42.53000 ,         0.708028195767061 ,         0.730000956600230 ,         1.036547766272733 ,         0.941498349637266 ,         0.861158050336545 ,         1.056223722837627 , 
  42.54000 ,         0.749324497182349 ,         0.722234947345487 ,         1.052015780740844 ,         0.942356670808011 ,         0.852507750745283 ,         1.049930497596622 , 
  42.55000 ,         0.765493778090269 ,         0.727096708086141 ,         1.039168512103757 ,         0.945738191366620 ,         0.840433079557490 ,         1.042218478570718 , 
  42.56000 ,         0.775531601531784 ,         0.708253623480920 ,         1.042961564283971 ,         0.935355025526480 ,         0.835393711547497 ,         1.040237952956627 , 
  42.57000 ,         0.878482171471145 ,         0.681710112360307 ,         1.048661346476907 ,         0.953026304932358 ,         0.829537509777750 ,         1.042662664286538 , 
  42.58000 ,         0.895789856450720 ,         0.677647306141779 ,         1.042249359327958 ,         0.952769668261108 ,         0.817748136990580 ,         1.040349395763906 , 
  42.59000 ,         1.002862418822031 ,         0.665190336114217 ,         1.047943894028670 ,         0.962781513684884 ,         0.812363602548761 ,         1.038753915065081 , 
  42.60000 ,         1.031694203930345 ,         0.666404251695540 ,         1.047795348681033 ,         0.974577109873994 ,         0.810160384715457 ,         1.046650717537619 , 
  42.61000 ,         1.035481295022738 ,         0.658616748859851 ,         1.065799784619934 ,         0.973776494811085 ,         0.806300209193364 ,         1.043661566744245 , 
  42.62000 ,         1.141117540258144 ,         0.651293903422323 ,         1.057332921288095 ,         0.985098229318921 ,         0.807913581854166 ,         1.039579196863482 , 
  42.63000 ,         1.183255016492790 ,         0.664857033674626 ,         1.055503404234278 ,         1.009630173945210 ,         0.806524922812773 ,         1.049397768724458 , 
  42.64000 ,         1.243632597251394 ,         0.654186696337103 ,         1.060492311846508 ,         1.017458724300756 ,         0.804394862423238 ,         1.055360651738729 , 
  42.65000 ,         1.283246087689239 ,         0.642155953349474 ,         1.075068796114356 ,         1.023452704072751 ,         0.802961396439269 ,         1.064410606017269 , 
  42.66000 ,         1.335606135007955 ,         0.638811161314482 ,         1.063607267096268 ,         1.049682020816274 ,         0.797220349529660 ,         1.067830497525446 , 
  42.67000 ,         1.380615339752457 ,         0.658058832059181 ,         1.059572074597371 ,         1.044398387935813 ,         0.803406777975166 ,         1.071931593807914 , 
  42.68000 ,         1.462681415843610 ,         0.648931838131032 ,         1.069566779599987 ,         1.072645708775749 ,         0.806327837940139 ,         1.075458557652372 , 
  42.69000 ,         1.408501158266268 ,         0.658126269515761 ,         1.069749638868824 ,         1.074726809016992 ,         0.811772651799662 ,         1.083446355192599 , 
  42.70000 ,         1.539086128635137 ,         0.661008022972345 ,         1.073615869094057 ,         1.098148282218275 ,         0.814563460228962 ,         1.095660862621315 , 
  42.71000 ,         1.533506862759718 ,         0.664722083679410 ,         1.090839609455168 ,         1.126292466133820 ,         0.815586515016997 ,         1.094075536684134 , 
  42.72000 ,         1.459943594433078 ,         0.675185972103198 ,         1.076442818639691 ,         1.116773381032683 ,         0.826368670593770 ,         1.098457690538594 , 
  42.73000 ,         1.502947136206476 ,         0.695272325272748 ,         1.101233394436310 ,         1.137752825506325 ,         0.836059851594067 ,         1.111406122769157 , 
  42.74000 ,         1.502850397966933 ,         0.700026259827818 ,         1.099846326357156 ,         1.142754585298303 ,         0.842027200692013 ,         1.108204339693307 , 
  42.75000 ,         1.507603133431412 ,         0.715687152958368 ,         1.104484482956185 ,         1.142977767625624 ,         0.855196894566676 ,         1.116542049733792 , 
  42.76000 ,         1.456001632824588 ,         0.727167690217898 ,         1.115518104923894 ,         1.163157775494362 ,         0.859795699959885 ,         1.125241066306222 , 
  42.77000 ,         1.456532113912061 ,         0.735306466862154 ,         1.119425175073682 ,         1.165869169454402 ,         0.872859421694702 ,         1.127525431632340 , 
  42.78000 ,         1.440112320358841 ,         0.755922765888232 ,         1.118637058008876 ,         1.180041594997695 ,         0.888114664988006 ,         1.128095551075546 , 
  42.79000 ,         1.415236865967810 ,         0.796486716305419 ,         1.124845569105721 ,         1.180889312034437 ,         0.895867928462415 ,         1.135774477139728 , 
  42.80000 ,         1.374660273100678 ,         0.794753819352586 ,         1.140913596658350 ,         1.184306414342016 ,         0.909321441651535 ,         1.137851908302621 , 
  42.81000 ,         1.348024829657416 ,         0.825740770095081 ,         1.155644156097563 ,         1.193122873334675 ,         0.921647749637832 ,         1.140767901145836 , 
  42.82000 ,         1.323830967193538 ,         0.841744416326562 ,         1.148042709768677 ,         1.178593236139615 ,         0.935935578750184 ,         1.146305597020763 , 
  42.83000 ,         1.231415345354619 ,         0.855845743641817 ,         1.153168532857068 ,         1.173588950397432 ,         0.950861078306295 ,         1.147412315343379 , 
  42.84000 ,         1.223596732762134 ,         0.880950410397010 ,         1.154478910413212 ,         1.176889383380056 ,         0.968413506281501 ,         1.153082971861405 , 
  42.85000 ,         1.164499055922491 ,         0.903467240342974 ,         1.172606805178428 ,         1.180789975357676 ,         0.973863244638418 ,         1.146002074480458 , 
  42.86000 ,         1.071080499185297 ,         0.904251871320920 ,         1.168855795317288 ,         1.181671369983778 ,         0.989748716136413 ,         1.153985959417492 , 
  42.87000 ,         1.051291124405056 ,         0.944217967310762 ,         1.171739007315139 ,         1.160436422118697 ,         1.003443513740118 ,         1.148031834865602 , 
  42.88000 ,         0.980908124113539 ,         0.955150248004292 ,         1.171418497266580 ,         1.161175599164657 ,         1.021653770239570 ,         1.160083525469967 , 
  42.89000 ,         0.896136822627056 ,         0.969384565269540 ,         1.194359774814311 ,         1.138388863555640 ,         1.032827047398988 ,         1.165640336152330 , 
  42.90000 ,         0.884281818565611 ,         0.987743995261298 ,         1.188385372831516 ,         1.122583428453059 ,         1.044516513309950 ,         1.172574471101929 , 
  42.91000 ,         0.846565474519902 ,         1.017518150744469 ,         1.182942880773479 ,         1.109387351803999 ,         1.055179634518976 ,         1.164149743962386 , 
  42.92000 ,         0.755960903486901 ,         1.020126239092805 ,         1.185849768501801 ,         1.097782127448211 ,         1.068238309322679 ,         1.171810816758944 , 
  42.93000 ,         0.746591950467019 ,         1.027991593633181 ,         1.187964848720166 ,         1.092386652162794 ,         1.078044287172316 ,         1.174589912409465 , 
  42.94000 ,         0.645903842754003 ,         1.023532275471110 ,         1.185120893806603 ,         1.082715092690895 ,         1.088122659746510 ,         1.178333270575336 , 
  42.95000 ,         0.640198058371359 ,         1.062692743234635 ,         1.199996008802320 ,         1.046289920092732 ,         1.094428640183098 ,         1.184766156422853 , 
  42.96000 ,         0.605083723889863 ,         1.047641239205142 ,         1.172274679852595 ,         1.032371579258269 ,         1.111383628025137 ,         1.183473681066703 , 
  42.97000 ,         0.567001993017180 ,         1.040928658873735 ,         1.175891633269822 ,         1.009128547096052 ,         1.114457042326674 ,         1.189747931974839 , 
  42.98000 ,         0.529555356801734 ,         1.043143090302396 ,         1.164324607045035 ,         0.989205508306523 ,         1.117892932481180 ,         1.198480702662645 , 
  42.99000 ,         0.505930708611229 ,         1.053223050983329 ,         1.167641918289215 ,         0.968401729575166 ,         1.124772308297480 ,         1.185756365683582 , 
  43.00000 ,         0.437390587840286 ,         1.047565437007206 ,         1.153804914550262 ,         0.941438302937054 ,         1.130034908074951 ,         1.189679930230997 , 
  43.01000 ,         0.462340458693089 ,         1.045057124895649 ,         1.142975084735442 ,         0.921312180235727 ,         1.129462705720853 ,         1.193590360420977 , 
  43.02000 ,         0.438181212995951 ,         1.038510426087911 ,         1.150001206033943 ,         0.912914940088303 ,         1.141779696338258 ,         1.192614628301907 , 
  43.03000 ,         0.439772563592802 ,         1.041617770945059 ,         1.128749579888191 ,         0.889193198733813 ,         1.135125534147763 ,         1.185983585719720 , 
  43.04000 ,         0.404283163085847 ,         1.024911643104099 ,         1.112152480996329 ,         0.872782161432556 ,         1.135934393210953 ,         1.189703007310342 , 
  43.05000 ,         0.413659751944260 ,         1.026901367588506 ,         1.098260663669931 ,         0.856162109425096 ,         1.130082800024566 ,         1.180062327947564 , 
  43.06000 ,         0.389567778735072 ,         1.018881065472363 ,         1.090207221279877 ,         0.845233618087578 ,         1.135616962359426 ,         1.168609977362535 , 
  43.07000 ,         0.425817269378972 ,         1.019602430781556 ,         1.074285311184799 ,         0.822930692321019 ,         1.121558941239889 ,         1.163952170876737 , 
  43.08000 ,         0.449497283301223 ,         1.000400079219703 ,         1.050319349227758 ,         0.810087525922929 ,         1.121775165283756 ,         1.148936023703684 , 
  43.09000 ,         0.460625308929271 ,         0.990836662746983 ,         1.033610078334894 ,         0.797629107244833 ,         1.110029800997079 ,         1.133542127525568 , 
  43.10000 ,         0.448483825175901 ,         0.976660005590007 ,         1.025601101206360 ,         0.795879873267607 ,         1.112794900079592 ,         1.123017364262977 , 
  43.11000 ,         0.486426915030280 ,         0.987160504032038 ,         1.011191245468507 ,         0.783290399938465 ,         1.101939894234208 ,         1.114309206105383 , 
  43.12000 ,         0.493351345236579 ,         0.968753162362951 ,         0.986851649212662 ,         0.782405779243699 ,         1.094381239291967 ,         1.089726278682473 , 
  43.13000 ,         0.519327180144050 ,         0.976046252704794 ,         0.980736277410797 ,         0.788147485118272 ,         1.083553902364417 ,         1.082511674651972 , 
  43.14000 ,         0.582781684717322 ,         0.963241689053336 ,         0.962051123813873 ,         0.790460908676214 ,         1.073610807267964 ,         1.067685884943447 , 
  43.15000 ,         0.592626711600744 ,         0.952531412584178 ,         0.959002110865963 ,         0.802255023177890 ,         1.069775631020375 ,         1.046161301083975 , 
  43.16000 ,         0.645283188292738 ,         0.942574371470464 ,         0.934545502307374 ,         0.806455302603643 ,         1.055666197529257 ,         1.031663224093772 , 
  43.17000 ,         0.692540717197337 ,         0.952689327809770 ,         0.930880239773566 ,         0.808125168442021 ,         1.037863662261213 ,         1.008103731227143 , 
  43.18000 ,         0.733218422023209 ,         0.943186866012230 ,         0.907164688674177 ,         0.829884120591200 ,         1.033418706617522 ,         1.000051772248202 , 
  43.19000 ,         0.760198565718540 ,         0.949877016442258 ,         0.902141891661299 ,         0.847094309973770 ,         1.017303808172128 ,         0.978347343586112 , 
  43.20000 ,         0.858982906944658 ,         0.949585717015445 ,         0.879203435809760 ,         0.849781638763841 ,         1.011174850806397 ,         0.964899521215575 , 
  43.21000 ,         0.894186696023303 ,         0.937353306597753 ,         0.881540807530273 ,         0.878054844133367 ,         0.995010770335404 ,         0.943027268296972 , 
  43.22000 ,         0.980362775786117 ,         0.933509382387990 ,         0.862302603339097 ,         0.903595863027003 ,         0.983550585779977 ,         0.940181542840255 , 
  43.23000 ,         1.039782735824728 ,         0.952566068203170 ,         0.860014141389809 ,         0.932632947056017 ,         0.971776706334766 ,         0.929020531978233 , 
  43.24000 ,         1.056485295887801 ,         0.926942896665440 ,         0.854579875487482 ,         0.935201317199055 ,         0.954079029607174 ,         0.915981046988533 , 
  43.25000 ,         1.130621368101159 ,         0.937026889474618 ,         0.847929009923168 ,         0.966232633955754 ,         0.944791027503665 ,         0.902851726493365 , 
  43.26000 ,         1.130098718685713 ,         0.937555707552906 ,         0.844022131045655 ,         0.990612332834314 ,         0.940284386851723 ,         0.898142478765584 , 
  43.27000 ,         1.197031493510237 ,         0.953394460661576 ,         0.837714946582856 ,         1.016707545093408 ,         0.926018578213759 ,         0.891403480650561 , 
  43.28000 ,         1.305302931280366 ,         0.921903463585533 ,         0.839656663005027 ,         1.036864160127273 ,         0.914187050272643 ,         0.881482395524956 , 
  43.29000 ,         1.318887897278506 ,         0.954213324605409 ,         0.835758747098829 ,         1.051718511766939 ,         0.900971575950705 ,         0.886441862100280 , 
  43.30000 ,         1.360822964529024 ,         0.935898164543381 ,         0.833784739203533 ,         1.078118345730997 ,         0.888442196528298 ,         0.875294862198827 , 
  43.31000 ,         1.348972873243588 ,         0.948976429108641 ,         0.840893226042276 ,         1.088916122696273 ,         0.886094005466717 ,         0.877123985540103 , 
  43.32000 ,         1.376686756253289 ,         0.934222466454044 ,         0.829657439995483 ,         1.108485211677679 ,         0.873241574612341 ,         0.874855801820372 , 
  43.33000 ,         1.433288515682705 ,         0.925972829656272 ,         0.839416424080230 ,         1.126081503135439 ,         0.868717260991250 ,         0.870210884521642 , 
  43.34000 ,         1.447962007825748 ,         0.926061648691406 ,         0.846438483291620 ,         1.128916407577992 ,         0.857018042768351 ,         0.867367211141494 , 
  43.35000 ,         1.434324410462105 ,         0.919518084347829 ,         0.845495331043823 ,         1.145528820418898 ,         0.852081476963729 ,         0.869868676643922 , 
  43.36000 ,         1.496124166886476 ,         0.912759485824006 ,         0.841164729511794 ,         1.165329876147644 ,         0.848125330819926 ,         0.868905856153859 , 
  43.37000 ,         1.450671409577308 ,         0.907773978892012 ,         0.842801510410893 ,         1.156141822995192 ,         0.841338249435185 ,         0.866508178797205 , 
  43.38000 ,         1.411147540027776 ,         0.923618730438497 ,         0.859964025488350 ,         1.169259661217216 ,         0.837510104276889 ,         0.865336041050617 , 
  43.39000 ,         1.404612739644177 ,         0.908334872322263 ,         0.853499367640406 ,         1.162983453420301 ,         0.836029974800781 ,         0.863355782968869 , 
  43.40000 ,         1.408670899767798 ,         0.911371840997997 ,         0.861561061530738 ,         1.165609000256716 ,         0.834541930233000 ,         0.863546140564858 , 
  43.41000 ,         1.409197768193169 ,         0.902280465054012 ,         0.869762212424398 ,         1.166762253108206 ,         0.838098252872342 ,         0.859740344170469 , 
  43.42000 ,         1.312177447340596 ,         0.904729602490715 ,         0.865358402772031 ,         1.166335064800585 ,         0.833341757851544 ,         0.850649293175639 , 
  43.43000 ,         1.312160603811301 ,         0.901816735486471 ,         0.872448772106630 ,         1.153059662201012 ,         0.833967562590482 ,         0.852414314588445 , 
  43.44000 ,         1.272808682059149 ,         0.899420157248439 ,         0.885183252017842 ,         1.144970079421520 ,         0.839096775291992 ,         0.838216141978759 , 
  43.45000 ,         1.271636057999806 ,         0.905827969556968 ,         0.874799932378039 ,         1.125848294659092 ,         0.839865883426585 ,         0.839398262298888 , 
  43.46000 ,         1.150808453480637 ,         0.922421072454122 ,         0.882682401341322 ,         1.125990113680484 ,         0.844162651644113 ,         0.834365456206017 , 
  43.47000 ,         1.126241610337037 ,         0.926247248376484 ,         0.887882628190940 ,         1.101288118124663 ,         0.844617083507004 ,         0.826359994674676 , 
  43.48000 ,         1.126309628666039 ,         0.921865678769648 ,         0.891796083129208 ,         1.090892699330710 ,         0.853439951540351 ,         0.817052444513826 , 
  43.49000 ,         1.049059823422904 ,         0.938281800472119 ,         0.903503505097615 ,         1.088999950005623 ,         0.852132301956277 ,         0.802024100068013 , 
  43.50000 ,         0.961342457409367 ,         0.946559328877341 ,         0.905576398293507 ,         1.072435472813403 ,         0.860815353796475 ,         0.799697728968217 , 
  43.51000 ,         0.917595713500767 ,         0.940052815226272 ,         0.907281539744102 ,         1.066053980445107 ,         0.867094665931563 ,         0.788851416963670 , 
  43.52000 ,         0.875058936750461 ,         0.947809909516731 ,         0.905767890078937 ,         1.034270236447498 ,         0.873422953820165 ,         0.780628905265400 , 
  43.53000 ,         0.817944552827261 ,         0.971564946862545 ,         0.925486136948537 ,         1.025792507459206 ,         0.882988392356949 ,         0.768942424282704 , 
  43.54000 ,         0.743350685494212 ,         0.967831489004797 ,         0.915126347536236 ,         1.011551554381005 ,         0.887066247097413 ,         0.758216238216114 , 
  43.55000 ,         0.709714116491564 ,         0.992504525254097 ,         0.919853748926000 ,         1.001631507204863 ,         0.896954151211528 ,         0.745929980872203 , 
  43.56000 ,         0.681363081300012 ,         1.010221483649824 ,         0.932458805508740 ,         0.985443980854050 ,         0.898275704265821 ,         0.740132106708841 , 
  43.57000 ,         0.618606144920226 ,         1.012967562306871 ,         0.927836268542495 ,         0.983824501588046 ,         0.915444084713683 ,         0.729388073791627 , 
  43.58000 ,         0.582156262654398 ,         1.031898225085802 ,         0.937035337095650 ,         0.963467156385758 ,         0.915734936516001 ,         0.715700751012556 , 
  43.59000 ,         0.522417547430018 ,         1.016629794796502 ,         0.948667411568475 ,         0.962879384468706 ,         0.927859625604291 ,         0.707109423459747 , 
  43.60000 ,         0.486627873608364 ,         1.028911989048582 ,         0.946046838415422 ,         0.957338353446753 ,         0.933398520368228 ,         0.699554886493550 , 
  43.61000 ,         0.440385596766925 ,         1.048682765317005 ,         0.947688250979088 ,         0.940479558174867 ,         0.936174366639014 ,         0.686682600911125 , 
  43.62000 ,         0.476865675861105 ,         1.035756323745328 ,         0.958534943695171 ,         0.932733832264651 ,         0.943405448522761 ,         0.685694558715879 , 
  43.63000 ,         0.444637837214016 ,         1.037100295700756 ,         0.969589838741559 ,         0.926777442275518 ,         0.952221173225387 ,         0.678305496430545 , 
  43.64000 ,         0.392079284588710 ,         1.061493582423218 ,         0.966091501306678 ,         0.910210023152667 ,         0.958438247467107 ,         0.666369357173871 , 
  43.65000 ,         0.379107681324601 ,         1.066313035412810 ,         0.961178974631361 ,         0.907794275257719 ,         0.967075276519294 ,         0.666554669664062 , 
  43.66000 ,         0.366147919761135 ,         1.076721888646782 ,         0.974142352396242 ,         0.909993818041265 ,         0.966305406593815 ,         0.661654354705259 , 
  43.67000 ,         0.349133540484550 ,         1.065699633974886 ,         0.976528255498383 ,         0.889934714103245 ,         0.976609947518567 ,         0.664737045129095 , 
  43.68000 ,         0.352457629544806 ,         1.065864969082676 ,         0.979492526916630 ,         0.905132386581240 ,         0.978902799107723 ,         0.657056579212942 , 
  43.69000 ,         0.369127592861225 ,         1.053624219953531 ,         0.973820691622685 ,         0.887632881025371 ,         0.985074802833887 ,         0.657816856598062 , 
  43.70000 ,         0.353295335097999 ,         1.043570026148462 ,         0.987298026962081 ,         0.897270079810159 ,         0.985068176478858 ,         0.662465011040183 , 
  43.71000 ,         0.363571148595289 ,         1.037366482993577 ,         0.977024979563437 ,         0.872469281427731 ,         0.990135213116502 ,         0.663557211443924 , 
  43.72000 ,         0.356449732877483 ,         1.014432756046854 ,         0.986322492559768 ,         0.874062561443171 ,         0.989682321088669 ,         0.668841336932585 , 
  43.73000 ,         0.392205065405135 ,         1.023745016549556 ,         0.975407335390411 ,         0.872142116914096 ,         0.996770055902693 ,         0.672916644136640 , 
  43.74000 ,         0.412292961349727 ,         1.009379449793178 ,         0.994070467818904 ,         0.872865312660878 ,         0.992740432150926 ,         0.679241072560716 , 
  43.75000 ,         0.430047258481118 ,         0.978603502391588 ,         0.983342414812603 ,         0.874600653457099 ,         0.996075981012583 ,         0.692776542341628 , 
  43.76000 ,         0.437371674321978 ,         0.977650076911180 ,         1.002273928615319 ,         0.866426922958270 ,         0.997166558493132 ,         0.706145897052950 , 
  43.77000 ,         0.496155350365918 ,         0.979155066441831 ,         0.983492088735240 ,         0.866392486813213 ,         0.992699225645621 ,         0.713584734675458 , 
  43.78000 ,         0.543903174185519 ,         0.948218020458389 ,         0.996156351498783 ,         0.858880045580547 ,         0.998667062883341 ,         0.729253281182885 , 
  43.79000 ,         0.578319280562925 ,         0.914131550120567 ,         0.999384535972781 ,         0.868417750845301 ,         0.996477773854567 ,         0.742993673607831 , 
  43.80000 ,         0.584984971101129 ,         0.909166548743673 ,         0.992431623295148 ,         0.856435610763740 ,         0.996753683406781 ,         0.758165137536593 , 
  43.81000 ,         0.621082438334855 ,         0.899876878591114 ,         0.991221019730976 ,         0.861203529735691 ,         0.995559144917416 ,         0.769633914313790 , 
  43.82000 ,         0.682532730468929 ,         0.882518282200791 ,         0.998341144112573 ,         0.869789306405381 ,         0.995907133160193 ,         0.783796600943325 , 
  43.83000 ,         0.704135445795012 ,         0.867842611786051 ,         1.006355742324044 ,         0.864022057053543 ,         0.990118384710886 ,         0.808002272213919 , 
  43.84000 ,         0.708425648354295 ,         0.866942371948625 ,         0.984424880048877 ,         0.874435889791266 ,         0.992224623380280 ,         0.814235561353511 , 
  43.85000 ,         0.747857720487847 ,         0.843068420264902 ,         0.994238812724839 ,         0.868095438549717 ,         0.997290668551657 ,         0.835650340025086 , 
  43.86000 ,         0.786677862432251 ,         0.816336654463921 ,         0.994217419294639 ,         0.872558782077353 ,         0.999112559727051 ,         0.858494251754083 , 
  43.87000 ,         0.817403626088677 ,         0.813302217049323 ,         0.999520578344878 ,         0.878457057139402 ,         0.994249907956586 ,         0.866764443650018 , 
  43.88000 ,         0.902761834019484 ,         0.802359067903231 ,         1.004998604817659 ,         0.888737092334191 ,         1.004800819999020 ,         0.889303476133020 , 
  43.89000 ,         0.899474946867494 ,         0.782367794657843 ,         0.997243962831352 ,         0.903752341315913 ,         1.000209383352314 ,         0.905342885049883 , 
  43.90000 ,         0.968622045264713 ,         0.776262904673197 ,         0.997723820363541 ,         0.911568194824046 ,         0.997939389067977 ,         0.919086153391244 , 
  43.91000 ,         0.988866081116534 ,         0.754218675029396 ,         0.999890989850656 ,         0.898332547179333 ,         1.006606488004665 ,         0.939236035935569 , 
  43.92000 ,         0.990138808431912 ,         0.760767180463528 ,         0.989815749800971 ,         0.908261393189989 ,         1.004990531604356 ,         0.952987065873653 , 
  43.93000 ,         1.047094580626201 ,         0.756474168651413 ,         1.003106849134708 ,         0.924137031016621 ,         1.011655035943720 ,         0.965308256046383 , 
  43.94000 ,         1.048339444105886 ,         0.733751540312207 ,         1.007384201728734 ,         0.939280869614712 ,         1.012118082633974 ,         0.986036909237490 , 
  43.95000 ,         1.019758848037905 ,         0.745462071280803 ,         1.012338639884649 ,         0.940825039567030 ,         1.015269084408942 ,         0.998098651049473 , 
  43.96000 ,         1.082355944837612 ,         0.727494541312992 ,         1.019939894258059 ,         0.949032107750060 ,         1.021561206708533 ,         1.007399355967105 , 
  43.97000 ,         1.071549306823727 ,         0.729599013322626 ,         1.018544862502232 ,         0.955082784571362 ,         1.025573323446890 ,         1.011722330986526 , 
  43.98000 ,         1.085381084532186 ,         0.729410454433635 ,         1.028570405734277 ,         0.950102221786568 ,         1.031935373476561 ,         1.024364196056424 , 
  43.99000 ,         1.071720171327828 ,         0.730724804315468 ,         1.023737507407201 ,         0.956719215443491 ,         1.045098917072088 ,         1.037030243907210 , 
  44.00000 ,         1.075811000305184 ,         0.728175264834227 ,         1.032785713291649 ,         0.978136803435721 ,         1.051580217302965 ,         1.049371728962910 , 
  44.01000 ,         1.077610081456434 ,         0.724055022220628 ,         1.028527058571626 ,         0.961319423448944 ,         1.050619781181102 ,         1.054435959398840 , 
  44.02000 ,         1.048534535342124 ,         0.747381009447105 ,         1.026237454165274 ,         0.977069531570169 ,         1.059120289025845 ,         1.061407169146547 , 
  44.03000 ,         1.043486624648964 ,         0.746898695737238 ,         1.027307153093447 ,         0.965768015146084 ,         1.066336110140447 ,         1.069255915437718 , 
  44.04000 ,         0.959046268574504 ,         0.753413953692538 ,         1.030232177580518 ,         0.975254093393326 ,         1.076026422704623 ,         1.076356648210293 , 
  44.05000 ,         0.972313480181614 ,         0.762992029992780 ,         1.043431388505232 ,         0.970850442428845 ,         1.081158136410473 ,         1.082746067629942 , 
  44.06000 ,         1.010678576416619 ,         0.771633975232818 ,         1.037750323999207 ,         0.976080954341374 ,         1.086249413294890 ,         1.083663508552153 , 
  44.07000 ,         0.906402887940696 ,         0.784332266153843 ,         1.043268868384541 ,         0.978276244693702 ,         1.091460738419698 ,         1.086879524956027 , 
  44.08000 ,         0.890597234575756 ,         0.802863144005753 ,         1.046002745938787 ,         0.968103996147550 ,         1.101682890746110 ,         1.092168267601435 , 
  44.09000 ,         0.812686063553776 ,         0.806417096724118 ,         1.037763344216307 ,         0.967451182160944 ,         1.105190356764838 ,         1.097309624315624 , 
  44.10000 ,         0.810608597302825 ,         0.817871604762846 ,         1.027679952615339 ,         0.963060548007792 ,         1.102766632679976 ,         1.104342064445201 , 
  44.11000 ,         0.780632851177110 ,         0.819208982225432 ,         1.051840134128457 ,         0.947463941910074 ,         1.110923179859985 ,         1.106875177178485 , 
  44.12000 ,         0.717674579382440 ,         0.841176073217484 ,         1.028598127081782 ,         0.968839339742245 ,         1.113816647777434 ,         1.112047005116635 , 
  44.13000 ,         0.749206272079700 ,         0.863976481185304 ,         1.030763052100541 ,         0.950729675180865 ,         1.113107477220918 ,         1.120440610934682 , 
  44.14000 ,         0.702240357106113 ,         0.861594899680193 ,         1.027204214665744 ,         0.943795403019588 ,         1.114646643747707 ,         1.119799723291249 , 
  44.15000 ,         0.592797518532600 ,         0.878042249705705 ,         1.032422523887313 ,         0.937435673182845 ,         1.117587435840927 ,         1.123386464777915 , 
  44.16000 ,         0.606731590294357 ,         0.892131199539795 ,         1.032736132683852 ,         0.946562351688744 ,         1.116140422571577 ,         1.119211717197072 , 
  44.17000 ,         0.614406705242520 ,         0.916783387813354 ,         1.028719544718097 ,         0.934173596083273 ,         1.117400734339443 ,         1.125989367811525 , 
  44.18000 ,         0.606182387708596 ,         0.919277293719602 ,         1.023358469137265 ,         0.944357522424540 ,         1.117382721163343 ,         1.134028969140418 , 
  44.19000 ,         0.555983056824041 ,         0.927229396425297 ,         1.024703721885073 ,         0.923470837495237 ,         1.110742809090656 ,         1.132389981041618 , 
  44.20000 ,         0.568207114549603 ,         0.939001951901021 ,         1.032604433782602 ,         0.937619711540029 ,         1.102212640679771 ,         1.136511694765685 , 
  44.21000 ,         0.559447847562891 ,         0.957778115926439 ,         1.017789808794444 ,         0.930783481944491 ,         1.096550727430095 ,         1.140470146694032 , 
  44.22000 ,         0.554662365816610 ,         0.977528681737317 ,         1.011416059424147 ,         0.928167130540410 ,         1.091380710062896 ,         1.139494058476667 , 
  44.23000 ,         0.548748546263036 ,         0.983740782690585 ,         1.020550540695845 ,         0.922792317993413 ,         1.088108834534827 ,         1.140350375703831 , 
  44.24000 ,         0.576236847503149 ,         0.975017652086615 ,         1.016268398905664 ,         0.924780893524823 ,         1.084866338941802 ,         1.141524204319767 , 
  44.25000 ,         0.564094795292452 ,         0.989146164363119 ,         1.014536088072998 ,         0.928464953936725 ,         1.072096601051765 ,         1.142237149350572 , 
  44.26000 ,         0.611344992382705 ,         0.996899523887708 ,         0.999479784320406 ,         0.940487254701608 ,         1.066045201579005 ,         1.135729906278502 , 
  44.27000 ,         0.625200860982990 ,         1.018212523368544 ,         1.002066682869605 ,         0.945467915956475 ,         1.061191549554451 ,         1.135481847386276 , 
  44.28000 ,         0.670685595469964 ,         1.015139433834224 ,         1.008323810417749 ,         0.943381160350917 ,         1.049129265639186 ,         1.131826084994272 , 
  44.29000 ,         0.717258733152230 ,         1.020399382773852 ,         1.022870254393963 ,         0.950085436098693 ,         1.042248947528834 ,         1.128120560869193 , 
  44.30000 ,         0.786934898818923 ,         1.025654479405761 ,         1.015916583419659 ,         0.963910573696780 ,         1.034280985089101 ,         1.124118367895669 , 
  44.31000 ,         0.831720618550859 ,         1.059258840688331 ,         1.022969809290399 ,         0.970458276004178 ,         1.029467626622828 ,         1.127111218151520 , 
  44.32000 ,         0.874773823392363 ,         1.049968290762610 ,         1.025081511293114 ,         0.984578806462447 ,         1.021820849677068 ,         1.120495520257785 , 
  44.33000 ,         0.934136905272913 ,         1.037373972731032 ,         1.012745061415938 ,         0.993084213756678 ,         1.013203109838107 ,         1.130393036925377 , 
  44.34000 ,         1.067264543332692 ,         1.042893270101890 ,         1.026657494149000 ,         1.017500657385982 ,         1.009180262442662 ,         1.116174378158235 , 
  44.35000 ,         1.118601713479586 ,         1.053828703887364 ,         1.035347274520018 ,         1.031052542362273 ,         1.000707795477221 ,         1.115644684780810 , 
  44.36000 ,         1.215494650469649 ,         1.066161646283881 ,         1.038751087787011 ,         1.053529566052332 ,         0.997775997453758 ,         1.110954510169009 , 
  44.37000 ,         1.326931267276418 ,         1.045563314079552 ,         1.029912221682976 ,         1.079714349398821 ,         0.998856233848872 ,         1.112845425887752 , 
  44.38000 ,         1.465828967850170 ,         1.078067707408224 ,         1.045338266476996 ,         1.108582374141099 ,         0.990302885405204 ,         1.112607638358742 , 
  44.39000 ,         1.619219338953304 ,         1.065704950342357 ,         1.044234832805454 ,         1.128885427153078 ,         0.985192009578972 ,         1.106290851741903 , 
  44.40000 ,         1.770223484545412 ,         1.079625584681684 ,         1.045064078554845 ,         1.157845578730943 ,         0.992466664505108 ,         1.105335973385796 , 
  44.41000 ,         1.840765132781486 ,         1.083211920331858 ,         1.066605994412464 ,         1.181021877227060 ,         0.991115736044228 ,         1.108401670537281 , 
  44.42000 ,         1.958968016496029 ,         1.088689877897908 ,         1.060335654672614 ,         1.204493017308142 ,         0.989511507365128 ,         1.102445887185426 , 
  44.43000 ,         2.081554044921203 ,         1.078729325584839 ,         1.064523518962551 ,         1.234642437772672 ,         0.988171692875967 ,         1.104466388817195 , 
  44.44000 ,         2.248345744987915 ,         1.096124647132332 ,         1.072949800927289 ,         1.264133517048470 ,         0.998245105690684 ,         1.103645077557418 , 
  44.45000 ,         2.369569474680756 ,         1.080912814674829 ,         1.084627532556931 ,         1.300116214227127 ,         0.999092648870716 ,         1.109228777398771 , 
  44.46000 ,         2.487881626322346 ,         1.095138701922475 ,         1.092091201056710 ,         1.337957966307281 ,         1.008959230600674 ,         1.109456701679729 , 
  44.47000 ,         2.598804427897975 ,         1.090374642886381 ,         1.100703475962339 ,         1.356368354337407 ,         1.011061459410741 ,         1.116065426850734 , 
  44.48000 ,         2.669310404172322 ,         1.096323915999347 ,         1.098038781347108 ,         1.389215917946564 ,         1.013537916404874 ,         1.112842618941047 , 
  44.49000 ,         2.897589357897082 ,         1.088764863521209 ,         1.111432889210765 ,         1.420214776188715 ,         1.018626913663863 ,         1.119627310534497 , 
  44.50000 ,         2.937127272280158 ,         1.098905189443105 ,         1.117192303293135 ,         1.426814469912668 ,         1.027373902332782 ,         1.114089088466767 , 
  44.51000 ,         3.105245702000994 ,         1.091770948576300 ,         1.130984950890872 ,         1.449170581079700 ,         1.039232223995746 ,         1.120665936467184 , 
  44.52000 ,         3.160863797504891 ,         1.096870043258826 ,         1.132572991988379 ,         1.468047959356189 ,         1.046407313865636 ,         1.118022817677363 , 
  44.53000 ,         3.264479761450022 ,         1.103291358706731 ,         1.151199820035559 ,         1.482194211388297 ,         1.058935875468435 ,         1.114936746354810 , 
  44.54000 ,         3.300988553632087 ,         1.096722871893794 ,         1.142515641543232 ,         1.494861685454118 ,         1.064533556490444 ,         1.120945571693116 , 
  44.55000 ,         3.339697031397411 ,         1.091974313500115 ,         1.139002472432963 ,         1.493841793283112 ,         1.086749931600861 ,         1.117433363189466 , 
  44.56000 ,         3.406267794414515 ,         1.102154994986335 ,         1.149266663600729 ,         1.504225712324575 ,         1.090603743891947 ,         1.114089834796310 , 
  44.57000 ,         3.373508438024142 ,         1.098384008710291 ,         1.143418031915853 ,         1.498426953238343 ,         1.107132878543569 ,         1.114295797869222 , 
  44.58000 ,         3.437773856748427 ,         1.113778525341877 ,         1.154437294707304 ,         1.504966753649516 ,         1.116391556792098 ,         1.108892156529966 , 
  44.59000 ,         3.438460868124164 ,         1.108542845103391 ,         1.159108446105217 ,         1.476919516864627 ,         1.127975080199134 ,         1.098165056468030 , 
  44.60000 ,         3.483145720437081 ,         1.126285806388533 ,         1.151104751250538 ,         1.475213019988443 ,         1.141593142998725 ,         1.096854645265357 , 
  44.61000 ,         3.409770357886056 ,         1.136845272179275 ,         1.158278114428845 ,         1.472812033156293 ,         1.155485930028637 ,         1.082141073759007 , 
  44.62000 ,         3.317541194229240 ,         1.125415475566695 ,         1.146595266191544 ,         1.455006404551416 ,         1.172426611818156 ,         1.071248769658317 , 
  44.63000 ,         3.240967894397472 ,         1.130473184376671 ,         1.150426800853676 ,         1.430855065871099 ,         1.182138798468917 ,         1.062286740614222 , 
  44.64000 ,         3.243407654922040 ,         1.131426123367024 ,         1.146645232820827 ,         1.407941358603028 ,         1.191008241942161 ,         1.054479278879699 , 
  44.65000 ,         3.124146559706751 ,         1.124737217510933 ,         1.131231963671832 ,         1.371850152991117 ,         1.206242808703923 ,         1.035130559248266 , 
  44.66000 ,         3.067757949712429 ,         1.131246158669758 ,         1.126698400528663 ,         1.338533669055112 ,         1.219085586429353 ,         1.023150113541238 , 
  44.67000 ,         2.942019175322495 ,         1.142190780983620 ,         1.130947926048674 ,         1.325719977745753 ,         1.223857630024966 ,         1.010538337702181 , 
  44.68000 ,         2.744803555333766 ,         1.118579592846668 ,         1.119516078087191 ,         1.286626666562703 ,         1.237044975772802 ,         0.994972212257294 , 
  44.69000 ,         2.714730611809933 ,         1.142694127570180 ,         1.115374862627058 ,         1.260187768296374 ,         1.247715553114536 ,         0.981101368813972 , 
  44.70000 ,         2.590426488300037 ,         1.126450174292073 ,         1.102227302458252 ,         1.209653486556739 ,         1.253620251419628 ,         0.964947035262718 , 
  44.71000 ,         2.477871694267680 ,         1.126846929628665 ,         1.088225439202747 ,         1.185142865401597 ,         1.262281931929417 ,         0.950556278935652 , 
  44.72000 ,         2.341042981531100 ,         1.129805291252409 ,         1.080571927555396 ,         1.136625947123233 ,         1.264954683088759 ,         0.939389544422137 , 
  44.73000 ,         2.142320372853844 ,         1.115042039502308 ,         1.066834293970752 ,         1.104832933305747 ,         1.270678998290382 ,         0.925922673103480 , 
  44.74000 ,         2.060003193966069 ,         1.142286161189339 ,         1.060615225856288 ,         1.087008670862267 ,         1.270673148266265 ,         0.914854571997903 , 
  44.75000 ,         1.907500508078457 ,         1.139286211955938 ,         1.051946698408117 ,         1.053744661474026 ,         1.272888698238115 ,         0.901652545393869 , 
  44.76000 ,         1.842503499855425 ,         1.164075684313671 ,         1.042767399415476 ,         1.018021891726842 ,         1.274575089980552 ,         0.891494931324480 , 
  44.77000 ,         1.626117651415688 ,         1.142621249112536 ,         1.027930762141511 ,         0.983436380449138 ,         1.273496221970888 ,         0.884697198405483 , 
  44.78000 ,         1.483956991624962 ,         1.151503112358275 ,         1.005890523153080 ,         0.954924390436251 ,         1.272547677560744 ,         0.874538782736537 , 
  44.79000 ,         1.428071263513889 ,         1.133524662517478 ,         1.015519643908767 ,         0.921812821585676 ,         1.271004478362211 ,         0.864001061957250 , 
  44.80000 ,         1.252454485181474 ,         1.137365564881634 ,         0.992020954203208 ,         0.900460404300398 ,         1.256922115630763 ,         0.864900480859433 , 
  44.81000 ,         1.201687301902319 ,         1.147065151815850 ,         0.983405603640104 ,         0.878575214585264 ,         1.257628452772126 ,         0.861324753360039 , 
  44.82000 ,         1.117324240866095 ,         1.136212866359512 ,         0.985620886832613 ,         0.859225650182318 ,         1.243202453095950 ,         0.850668896024032 , 
  44.83000 ,         0.987282849068052 ,         1.143905819191704 ,         0.989797912160667 ,         0.837894991950553 ,         1.236024311573603 ,         0.853605523049625 , 
  44.84000 ,         0.871132359499436 ,         1.159925685193707 ,         0.969003887238897 ,         0.830909296726850 ,         1.230367701376348 ,         0.849376434921884 , 
  44.85000 ,         0.843206179038223 ,         1.128428517359202 ,         0.962238142098076 ,         0.802828939978301 ,         1.211334382896986 ,         0.849075163914366 , 
  44.86000 ,         0.776218623938297 ,         1.127306161113226 ,         0.960020037461275 ,         0.793490864595080 ,         1.208231081481261 ,         0.851156751728085 , 
  44.87000 ,         0.732401796444804 ,         1.135401620390156 ,         0.953745615092379 ,         0.777213946180322 ,         1.188828845727168 ,         0.849668279607261 , 
  44.88000 ,         0.657822869160420 ,         1.142183457918275 ,         0.947476688952733 ,         0.769339246018509 ,         1.183056753875201 ,         0.850226433055219 , 
  44.89000 ,         0.619045632893868 ,         1.124013140720705 ,         0.945817611625035 ,         0.762055619800190 ,         1.167410933479639 ,         0.848602088930487 , 
  44.90000 ,         0.563267466634459 ,         1.121451787838314 ,         0.943198241994848 ,         0.760136315338649 ,         1.161945223396974 ,         0.852525918097594 , 
  44.91000 ,         0.520721742330065 ,         1.118068677756168 ,         0.937319734364304 ,         0.753378074593438 ,         1.142151371733260 ,         0.856197274110747 , 
  44.92000 ,         0.507862003985565 ,         1.114619838747238 ,         0.920774402225991 ,         0.754415280920449 ,         1.126527143840684 ,         0.855430062963186 , 
  44.93000 ,         0.528490195111611 ,         1.118788498452138 ,         0.935902353570575 ,         0.752879009780625 ,         1.112563097984020 ,         0.862509512514626 , 
  44.94000 ,         0.466817263449942 ,         1.115616462445734 ,         0.932057441550391 ,         0.761183672379231 ,         1.094351523575668 ,         0.857703009991412 , 
  44.95000 ,         0.446870515707532 ,         1.112172984415048 ,         0.934110162358581 ,         0.761050645155894 ,         1.079257406935211 ,         0.861450867041948 , 
  44.96000 ,         0.472978799969195 ,         1.091262935212820 ,         0.930372044174632 ,         0.759547502210091 ,         1.066086268209825 ,         0.862592003586636 , 
  44.97000 ,         0.437160184609097 ,         1.088107038445888 ,         0.928725721140488 ,         0.773898155758100 ,         1.051822537690915 ,         0.865281342844697 , 
  44.98000 ,         0.432037640398698 ,         1.087486380014973 ,         0.928347040039217 ,         0.767872983018503 ,         1.045263119650437 ,         0.862500999154624 , 
  44.99000 ,         0.437866263457775 ,         1.089944912991534 ,         0.929918477018451 ,         0.773176038021300 ,         1.024803754226732 ,         0.863896454481458 , 
  45.00000 ,         0.454631455370217 ,         1.105531303777818 ,         0.915212510111254 ,         0.785449696247688 ,         1.015389744344926 ,         0.872881452518871 , 
  45.01000 ,         0.486146562869187 ,         1.100186857336835 ,         0.906363941277276 ,         0.806291026760897 ,         1.007351114831672 ,         0.870690749840640 , 
  45.02000 ,         0.461333454827358 ,         1.096008582477140 ,         0.918157429794141 ,         0.809827424961680 ,         0.994630692429733 ,         0.875667539062393 , 
  45.03000 ,         0.456757690102420 ,         1.089580171634871 ,         0.913003166886096 ,         0.809638519163306 ,         0.985652089261462 ,         0.875073770633011 , 
  45.04000 ,         0.478399621043023 ,         1.092714431226550 ,         0.910106128388353 ,         0.828495576596553 ,         0.979283956010281 ,         0.876767313472987 , 
  45.05000 ,         0.543692362457411 ,         1.073191952400874 ,         0.904516309831256 ,         0.842081757666530 ,         0.963052967140888 ,         0.878280151025423 , 
  45.06000 ,         0.535266565879589 ,         1.082605275255698 ,         0.905308455938166 ,         0.852586608916642 ,         0.957672230906827 ,         0.885605967505640 , 
  45.07000 ,         0.526302801401328 ,         1.088328746317462 ,         0.911962768697613 ,         0.851799268407888 ,         0.951333217895704 ,         0.883551280033882 , 
  45.08000 ,         0.576768239578603 ,         1.076602246822111 ,         0.902052170536597 ,         0.873772536861607 ,         0.945527848330920 ,         0.893270151765840 , 
  45.09000 ,         0.569428636943064 ,         1.061684708616213 ,         0.904206358303729 ,         0.880843436955467 ,         0.940979119711580 ,         0.896560620923722 , 
  45.10000 ,         0.574622808387802 ,         1.055971535319290 ,         0.906018130642260 ,         0.889916437018597 ,         0.938153434618450 ,         0.898707689404032 , 
  45.11000 ,         0.628266117988718 ,         1.041484474620812 ,         0.902690199530042 ,         0.903881128588187 ,         0.937754553656307 ,         0.902936891977800 , 
  45.12000 ,         0.633429496256386 ,         1.028846770927602 ,         0.891678538625089 ,         0.920826362846079 ,         0.930068978052677 ,         0.910350832087544 , 
  45.13000 ,         0.687543042101285 ,         1.027438974405906 ,         0.894479083303348 ,         0.927795547962133 ,         0.930982709759848 ,         0.918795003045385 , 
  45.14000 ,         0.681801435842927 ,         1.025080846971578 ,         0.898160573702373 ,         0.928675809417432 ,         0.923663563016573 ,         0.929261987386346 , 
  45.15000 ,         0.695085965374002 ,         1.018309091180247 ,         0.890595876275720 ,         0.937435377167566 ,         0.928909840747078 ,         0.933537746473339 , 
  45.16000 ,         0.693148507377711 ,         1.003598642147587 ,         0.891593502754999 ,         0.943097533206214 ,         0.926266206181698 ,         0.941926215440514 , 
  45.17000 ,         0.696642490136102 ,         0.999557088097660 ,         0.888925048062406 ,         0.951571289137583 ,         0.923404235999773 ,         0.950485330462391 , 
  45.18000 ,         0.706646179951227 ,         0.983985809717031 ,         0.891991548963012 ,         0.955593775701134 ,         0.930882190539149 ,         0.973300635625027 , 
  45.19000 ,         0.673241041742711 ,         0.972429143693641 ,         0.887867139357102 ,         0.970123523687673 ,         0.930521109467514 ,         0.972793635091644 , 
  45.20000 ,         0.664809298314168 ,         0.953019854638785 ,         0.891100677027652 ,         0.964813983707572 ,         0.929990800896713 ,         0.979200787700964 , 
  45.21000 ,         0.652590815604418 ,         0.943383982192267 ,         0.889486972867795 ,         0.963574188073716 ,         0.927927973075805 ,         1.002599552462020 , 
  45.22000 ,         0.664763141007073 ,         0.942018672718866 ,         0.880391282914828 ,         0.962064505006773 ,         0.931877242363751 ,         1.005423775690328 , 
  45.23000 ,         0.669884622730274 ,         0.920617509006844 ,         0.895402066205002 ,         0.967596078951752 ,         0.931524457252339 ,         1.025413904678257 , 
  45.24000 ,         0.638734389594672 ,         0.916624446593117 ,         0.883232982476065 ,         0.964834007248435 ,         0.926503177618627 ,         1.032547295425010 , 
  45.25000 ,         0.636828923924812 ,         0.895117970278769 ,         0.879697728705399 ,         0.968634648306198 ,         0.937870251877747 ,         1.043351805666642 , 
  45.26000 ,         0.623567816798907 ,         0.883635617235311 ,         0.886981953632920 ,         0.964184300422204 ,         0.934422187310135 ,         1.050800330915872 , 
  45.27000 ,         0.602209616496533 ,         0.869933415930920 ,         0.880339641350631 ,         0.970785957742082 ,         0.933435041503476 ,         1.062558392145623 , 
  45.28000 ,         0.549530246239344 ,         0.845098628434940 ,         0.873297851370649 ,         0.966102000624934 ,         0.933200092906234 ,         1.068632348927702 , 
  45.29000 ,         0.530383898159785 ,         0.835881242759202 ,         0.878110765200514 ,         0.977118910140856 ,         0.943041609657639 ,         1.081739091936408 , 
  45.30000 ,         0.508015196693922 ,         0.841450782090397 ,         0.873471665569577 ,         0.969770507982200 ,         0.931060330351548 ,         1.093585715492053 , 
  45.31000 ,         0.484047301337709 ,         0.821113126976579 ,         0.868060858544450 ,         0.972748903649818 ,         0.934005220719795 ,         1.106694963938469 , 
  45.32000 ,         0.490306403595023 ,         0.825200780197950 ,         0.851900633859065 ,         0.980073416206994 ,         0.927862054644302 ,         1.109931795376963 , 
  45.33000 ,         0.412991217299348 ,         0.808325173023561 ,         0.859881681057831 ,         0.966128524085315 ,         0.924327316100667 ,         1.119222710442631 , 
  45.34000 ,         0.434365671163576 ,         0.811269506486190 ,         0.865329439970800 ,         0.989785174690823 ,         0.929325622912084 ,         1.125718119588342 , 
  45.35000 ,         0.402392153481485 ,         0.783641211883789 ,         0.850470899355405 ,         0.965579565081074 ,         0.918840868037009 ,         1.131871017899299 , 
  45.36000 ,         0.414598873654911 ,         0.796150986438952 ,         0.862177203168736 ,         0.988643320635875 ,         0.922011358798479 ,         1.140845192050059 , 
  45.37000 ,         0.377280139450945 ,         0.778173925290492 ,         0.849082139802135 ,         0.971153254822416 ,         0.912152776523829 ,         1.143428596673167 , 
  45.38000 ,         0.357209154817710 ,         0.772989313748039 ,         0.841714418458826 ,         0.983333861238588 ,         0.909035769196190 ,         1.151641440938207 , 
  45.39000 ,         0.339844462090477 ,         0.763574582545059 ,         0.835058875550047 ,         0.996142193073747 ,         0.900846606418531 ,         1.153755480859429 , 
  45.40000 ,         0.327869949511101 ,         0.753899324480342 ,         0.837076168229265 ,         0.995804191942375 ,         0.903162454927596 ,         1.153121299889146 , 
  45.41000 ,         0.314294185662101 ,         0.767401636658297 ,         0.841240623225707 ,         1.002349971816173 ,         0.893992350327754 ,         1.161948290667878 , 
  45.42000 ,         0.321674064887778 ,         0.753504043899270 ,         0.829223648488881 ,         1.015300549129306 ,         0.892482746339177 ,         1.169290596051794 , 
  45.43000 ,         0.290399106629880 ,         0.750085862526671 ,         0.823859849989599 ,         1.017906572811598 ,         0.885765921097361 ,         1.173556602295116 , 
  45.44000 ,         0.304758042103400 ,         0.754182258682379 ,         0.830237632746035 ,         1.025171446428591 ,         0.877244079215934 ,         1.164161971847612 , 
  45.45000 ,         0.296579303343489 ,         0.747347665839335 ,         0.825179621350590 ,         1.029379566645406 ,         0.870799471243276 ,         1.177283745669270 , 
  45.46000 ,         0.307706389286605 ,         0.757137302384440 ,         0.833360302779369 ,         1.031037534572811 ,         0.863514456781759 ,         1.172117094534546 , 
  45.47000 ,         0.334362963502787 ,         0.764640943779612 ,         0.837213514083151 ,         1.054194447630283 ,         0.852216980394174 ,         1.172539311640497 , 
  45.48000 ,         0.324039495344197 ,         0.763233522091703 ,         0.835104678755338 ,         1.044424819704435 ,         0.848871336034295 ,         1.171881470378302 , 
  45.49000 ,         0.341028789265251 ,         0.771664632852749 ,         0.837615157150414 ,         1.068358341095977 ,         0.842224332554779 ,         1.172621067484372 , 
  45.50000 ,         0.361749039890959 ,         0.759351904741526 ,         0.845775676845653 ,         1.074812051214485 ,         0.835415861284796 ,         1.174706091977644 , 
  45.51000 ,         0.365869254295179 ,         0.771387716886600 ,         0.852123668012592 ,         1.077014244917167 ,         0.830869887089880 ,         1.173538002634981 , 
  45.52000 ,         0.425055956381904 ,         0.770981998871328 ,         0.857931338376494 ,         1.080350555804007 ,         0.822100658405543 ,         1.168101887679705 , 
  45.53000 ,         0.424334835467861 ,         0.774317550048485 ,         0.857120293839797 ,         1.093203308408976 ,         0.814808726394196 ,         1.166603481656821 , 
  45.54000 ,         0.487717354589442 ,         0.769436894432384 ,         0.882685612036943 ,         1.104174996644442 ,         0.811279157208892 ,         1.161458748775934 , 
  45.55000 ,         0.519006726907705 ,         0.777241941208877 ,         0.879094341576824 ,         1.104624656677279 ,         0.800018567437948 ,         1.163793826353678 , 
  45.56000 ,         0.528919657685772 ,         0.778702099458669 ,         0.898522950266394 ,         1.101671330394191 ,         0.798149637326404 ,         1.164425499542864 , 
  45.57000 ,         0.555895484512539 ,         0.773759033925022 ,         0.903730279044377 ,         1.122727492472781 ,         0.789296899554991 ,         1.161397105486422 , 
  45.58000 ,         0.616442647402976 ,         0.790683681173671 ,         0.925697152444727 ,         1.125001165824366 ,         0.786275996262390 ,         1.150605732426190 , 
  45.59000 ,         0.680134765287784 ,         0.784540248948242 ,         0.939982491054081 ,         1.136000954952656 ,         0.780367694121033 ,         1.154565076129999 , 
  45.60000 ,         0.707541428738880 ,         0.774539421708695 ,         0.949959614037216 ,         1.127477656046204 ,         0.773557095271016 ,         1.152502005806053 , 
  45.61000 ,         0.722675260544523 ,         0.794503429863567 ,         0.970545685437442 ,         1.149616839717542 ,         0.772477345041103 ,         1.152803840279311 , 
  45.62000 ,         0.840001229078989 ,         0.795685574883282 ,         0.993941568390954 ,         1.148480767894753 ,         0.767505875856432 ,         1.150842938651431 , 
  45.63000 ,         0.830055526291135 ,         0.805379997424628 ,         1.016285932830813 ,         1.152466917612953 ,         0.770320460622047 ,         1.145208920072366 , 
  45.64000 ,         0.867985294652312 ,         0.809281938710371 ,         1.028472159028130 ,         1.153723713495422 ,         0.774254384166871 ,         1.142986916230843 , 
  45.65000 ,         0.964891654546658 ,         0.814044267782132 ,         1.052808435467128 ,         1.134511898915139 ,         0.772885192814168 ,         1.144645919391610 , 
  45.66000 ,         0.977222368712556 ,         0.806049037814496 ,         1.068122913273672 ,         1.142151891653916 ,         0.775950894406199 ,         1.142409282673407 , 
  45.67000 ,         1.025129592046989 ,         0.825481620331620 ,         1.084121019672232 ,         1.168441912282315 ,         0.774972077770108 ,         1.145261966114996 , 
  45.68000 ,         1.063969090132204 ,         0.828173046142700 ,         1.096720384167898 ,         1.151305874227387 ,         0.783633609040968 ,         1.138024511068536 , 
  45.69000 ,         1.113918987883485 ,         0.839751099786627 ,         1.115179377400505 ,         1.136075308866875 ,         0.786516226765159 ,         1.139707220764602 , 
  45.70000 ,         1.195652554632817 ,         0.845086058606658 ,         1.128881141449851 ,         1.142938281067317 ,         0.791460060183893 ,         1.135768808326098 , 
  45.71000 ,         1.208385115496387 ,         0.828478167162398 ,         1.161625807741741 ,         1.141510357843038 ,         0.799622272600132 ,         1.135288486807649 , 
  45.72000 ,         1.263505952177411 ,         0.857066721021349 ,         1.165026422085563 ,         1.131239297735181 ,         0.814451882318637 ,         1.132001164264651 , 
  45.73000 ,         1.304804643563479 ,         0.854771535683992 ,         1.184647922809016 ,         1.120877781124504 ,         0.814377157254550 ,         1.130744604708089 , 
  45.74000 ,         1.275109984968686 ,         0.858038347962473 ,         1.194025592755925 ,         1.116548628604874 ,         0.823246524569140 ,         1.132004306630735 , 
  45.75000 ,         1.346008021011985 ,         0.870432634901380 ,         1.208522537937717 ,         1.116093654465748 ,         0.831016380550324 ,         1.121527242193118 , 
  45.76000 ,         1.292513000145102 ,         0.882485339435952 ,         1.211036535952574 ,         1.095137588308576 ,         0.838936433859020 ,         1.127435533276130 , 
  45.77000 ,         1.295121296475661 ,         0.878464011273227 ,         1.236982301975337 ,         1.093832793629173 ,         0.853236843818780 ,         1.113755067043085 , 
  45.78000 ,         1.296669979168541 ,         0.890766815591679 ,         1.237400056048169 ,         1.070096326571266 ,         0.861759573395644 ,         1.115300380255463 , 
  45.79000 ,         1.315653558071231 ,         0.900615056117435 ,         1.249441575542797 ,         1.068341070711908 ,         0.876037366343477 ,         1.102982651595862 , 
  45.80000 ,         1.312966522722960 ,         0.910454611568400 ,         1.273322697456712 ,         1.040047998741830 ,         0.888660410376027 ,         1.102476295606769 , 
  45.81000 ,         1.278606888282324 ,         0.916590094872083 ,         1.265673003574266 ,         1.029266667009886 ,         0.897609949009046 ,         1.101425865623465 , 
  45.82000 ,         1.244804804065853 ,         0.924369146045934 ,         1.277982888871127 ,         1.006654753987443 ,         0.912636438621008 ,         1.086071084217163 , 
  45.83000 ,         1.216306627066778 ,         0.942162928273215 ,         1.269612346276638 ,         0.991578681579077 ,         0.916614423395267 ,         1.087146572728974 , 
  45.84000 ,         1.207340443739459 ,         0.926726054577744 ,         1.273506917839591 ,         0.964488394875927 ,         0.930128289862027 ,         1.076959867845188 , 
  45.85000 ,         1.119333023680783 ,         0.948521434085428 ,         1.285763984387556 ,         0.945655909925228 ,         0.944074931078221 ,         1.078598115575874 , 
  45.86000 ,         1.091980004183895 ,         0.944683859142930 ,         1.283326717411006 ,         0.926181303596881 ,         0.947276521508146 ,         1.070728403463300 , 
  45.87000 ,         1.063597661341851 ,         0.962898130286589 ,         1.288394555668156 ,         0.903399845270931 ,         0.965818745770626 ,         1.061746567020982 , 
  45.88000 ,         0.968399349617228 ,         0.962741581677888 ,         1.291747366150426 ,         0.887414322485515 ,         0.971614738082754 ,         1.059663751638729 , 
  45.89000 ,         1.010589389237224 ,         0.976328778110689 ,         1.291842045260624 ,         0.855857684859609 ,         0.987039329045880 ,         1.053012377246833 , 
  45.90000 ,         0.931272277011523 ,         0.974128680499067 ,         1.270672644201600 ,         0.828535223865771 ,         0.985730145553593 ,         1.048092128389186 , 
  45.91000 ,         0.869369508841687 ,         0.985005114612649 ,         1.276130892550792 ,         0.807773838154029 ,         0.998991438236793 ,         1.042584747571470 , 
  45.92000 ,         0.866363967376531 ,         1.001388551740247 ,         1.269763047850329 ,         0.781743745123297 ,         1.001634827125152 ,         1.039741838349397 , 
  45.93000 ,         0.805593499827964 ,         1.000493035436604 ,         1.269341485448454 ,         0.764434183955072 ,         1.007377538231133 ,         1.032650802363610 , 
  45.94000 ,         0.754324599697101 ,         0.996186158020301 ,         1.250317958179215 ,         0.739495323467843 ,         1.005528273963401 ,         1.027411298841531 , 
  45.95000 ,         0.696803828427767 ,         0.995293495518765 ,         1.251282326689094 ,         0.723563614007447 ,         1.014428709839529 ,         1.023873340044122 , 
  45.96000 ,         0.659787503437754 ,         1.027181101337712 ,         1.241362915102730 ,         0.694599423581380 ,         1.016060626847387 ,         1.024681657918737 , 
  45.97000 ,         0.588727378990189 ,         1.007533776933900 ,         1.229813749054862 ,         0.688170143640413 ,         1.019280146333276 ,         1.023785378669159 , 
  45.98000 ,         0.573798845187318 ,         1.031658882614185 ,         1.216440451366859 ,         0.665567359126523 ,         1.018001684072912 ,         1.021718931157887 , 
  45.99000 ,         0.523789351883450 ,         1.022436814876494 ,         1.197775300419479 ,         0.650382690866781 ,         1.024049103975261 ,         1.014383553591286 , 
  46.00000 ,         0.486388765545531 ,         1.043131126753259 ,         1.193033369417689 ,         0.642148354081371 ,         1.012388241579011 ,         1.014147081470566 , 
  46.01000 ,         0.440123961994050 ,         1.052359419827331 ,         1.189243990349411 ,         0.636570492592762 ,         1.011089621295376 ,         1.002577265386566 , 
  46.02000 ,         0.416392907640232 ,         1.077534347519376 ,         1.165710515225540 ,         0.625145162294981 ,         1.005427362767449 ,         1.002280549218425 , 
  46.03000 ,         0.390590914138457 ,         1.080464926643713 ,         1.159877235994153 ,         0.626605604726470 ,         1.002948055129622 ,         1.000815687563731 , 
  46.04000 ,         0.361675382218197 ,         1.088684712659690 ,         1.162640011191301 ,         0.625516789567943 ,         0.994525636680286 ,         0.991969540341904 , 
  46.05000 ,         0.356816491987179 ,         1.120602306460467 ,         1.151131535963396 ,         0.631350996437051 ,         0.985914529241660 ,         0.986641026949083 , 
  46.06000 ,         0.306008319104944 ,         1.119528302254458 ,         1.127752928578524 ,         0.628563803076165 ,         0.977367920861395 ,         0.988113786802660 , 
  46.07000 ,         0.324666474230027 ,         1.161387307334102 ,         1.117965776264953 ,         0.642579937993253 ,         0.970109101442903 ,         0.977481953450136 , 
  46.08000 ,         0.304699253934756 ,         1.157491943243588 ,         1.097719497560539 ,         0.655116439592171 ,         0.967666329805264 ,         0.977424597328806 , 
  46.09000 ,         0.326992362573960 ,         1.187303010279013 ,         1.098677388883619 ,         0.667870166381623 ,         0.953214353987592 ,         0.965111504340413 , 
  46.10000 ,         0.312254320483177 ,         1.210050653458386 ,         1.082562010297841 ,         0.684750527294963 ,         0.946683812929822 ,         0.956026355333678 , 
  46.11000 ,         0.279291700192963 ,         1.239422052931876 ,         1.078900971979088 ,         0.703179383228364 ,         0.944140121302959 ,         0.948642462435384 , 
  46.12000 ,         0.308858516184446 ,         1.261150572725317 ,         1.079670152433550 ,         0.716741864391772 ,         0.936528488195348 ,         0.941386955052487 , 
  46.13000 ,         0.320178150145346 ,         1.287090132840376 ,         1.056099819031249 ,         0.742689662303610 ,         0.926491118160675 ,         0.935626282353084 , 
  46.14000 ,         0.313794708861666 ,         1.305006104722791 ,         1.057333353066324 ,         0.770761506074187 ,         0.926146479290046 ,         0.922568803297635 , 
  46.15000 ,         0.319380535683865 ,         1.324141817834266 ,         1.056972717442368 ,         0.803945568701781 ,         0.914837975788270 ,         0.914545383685140 , 
  46.16000 ,         0.336400137731534 ,         1.368412847746802 ,         1.040884158778861 ,         0.822932485308478 ,         0.909859684731957 ,         0.899014094897346 , 
  46.17000 ,         0.366397795891359 ,         1.385620317121773 ,         1.033839454577144 ,         0.856909596933506 ,         0.904520197051215 ,         0.891900911261872 , 
  46.18000 ,         0.389616096398599 ,         1.417812974794502 ,         1.014008358885387 ,         0.891279288519829 ,         0.898219325236929 ,         0.881912268202246 , 
  46.19000 ,         0.384774044210653 ,         1.418951649880076 ,         1.013796524380262 ,         0.911696394227874 ,         0.895477532166953 ,         0.868094510928531 , 
  46.20000 ,         0.398621531608541 ,         1.452204710610996 ,         1.004728684650042 ,         0.934398974320671 ,         0.895154801317462 ,         0.857159564590858 , 
  46.21000 ,         0.448255152209858 ,         1.471096625105386 ,         0.992847548141902 ,         0.967198689244477 ,         0.888330880074741 ,         0.848982093384445 , 
  46.22000 ,         0.487992588056222 ,         1.500862432421055 ,         0.990376030861179 ,         0.998284518605980 ,         0.889939857093962 ,         0.838340215742640 , 
  46.23000 ,         0.468601989565209 ,         1.499630039615210 ,         0.967722720430918 ,         1.027205107933802 ,         0.887238449649849 ,         0.824524380146195 , 
  46.24000 ,         0.542493470599653 ,         1.512323607748556 ,         0.975821140734202 ,         1.053930873965241 ,         0.886393268297422 ,         0.815748001695634 , 
  46.25000 ,         0.504450976773457 ,         1.552131951763813 ,         0.950960009987848 ,         1.081377937697053 ,         0.894426152766669 ,         0.809528257532289 , 
  46.26000 ,         0.561179128017164 ,         1.549001935810291 ,         0.954852239789813 ,         1.093949856910765 ,         0.889703821070800 ,         0.799948810628018 , 
  46.27000 ,         0.558349241187485 ,         1.561980708549048 ,         0.942343711797946 ,         1.133386863309443 ,         0.888551173834260 ,         0.794687116533728 , 
  46.28000 ,         0.563280431200440 ,         1.561435079601769 ,         0.940158488301836 ,         1.146410161342400 ,         0.897768597036249 ,         0.786471896823020 , 
  46.29000 ,         0.593541392246533 ,         1.589519876121894 ,         0.917520377365421 ,         1.158775823495245 ,         0.894189754259912 ,         0.781212342857367 , 
  46.30000 ,         0.611889787621113 ,         1.584440542755810 ,         0.913183492167657 ,         1.169580300346310 ,         0.901733168597573 ,         0.781343271484461 , 
  46.31000 ,         0.612142133625932 ,         1.605452517757548 ,         0.911626861026468 ,         1.193612588615544 ,         0.904862948737721 ,         0.776275971802137 , 
  46.32000 ,         0.674872871453428 ,         1.567775635769298 ,         0.897517665837380 ,         1.199874395592888 ,         0.909942400702987 ,         0.772778168592479 , 
  46.33000 ,         0.680775126783062 ,         1.597937674389963 ,         0.885485084827287 ,         1.217356507512283 ,         0.915098028647740 ,         0.774976868821929 , 
  46.34000 ,         0.650558734643922 ,         1.547334087930834 ,         0.887327806238406 ,         1.215089976027039 ,         0.924416683346067 ,         0.768475729716920 , 
  46.35000 ,         0.651309418017044 ,         1.552661317475904 ,         0.873053717104398 ,         1.239286343634865 ,         0.928731518946463 ,         0.776282313323907 , 
  46.36000 ,         0.640719229862210 ,         1.547416836722730 ,         0.875834321351269 ,         1.239331659974323 ,         0.938060246154107 ,         0.776720649253969 , 
  46.37000 ,         0.619833322133956 ,         1.531743131786355 ,         0.875585412968738 ,         1.218670627745087 ,         0.939603941875757 ,         0.776715750807382 , 
  46.38000 ,         0.639651749149615 ,         1.509194439947103 ,         0.872890304621540 ,         1.222394063290346 ,         0.953892902585258 ,         0.786584635720202 , 
  46.39000 ,         0.635257643502179 ,         1.492327796845526 ,         0.871677475575417 ,         1.210058990805989 ,         0.961597770306865 ,         0.789237802912155 , 
  46.40000 ,         0.627779824289167 ,         1.477791133508566 ,         0.866799273782870 ,         1.208894252828150 ,         0.967406457969990 ,         0.796632335686410 , 
  46.41000 ,         0.592533387846282 ,         1.467510262325454 ,         0.872662290932897 ,         1.198311337096246 ,         0.979703743199670 ,         0.810932026283819 , 
  46.42000 ,         0.629809636069373 ,         1.429410808719897 ,         0.881412159050148 ,         1.198180699477285 ,         0.984680052821472 ,         0.819579955366143 , 
  46.43000 ,         0.563244126235827 ,         1.387425483398882 ,         0.885689825556166 ,         1.172547335331039 ,         0.997922705808193 ,         0.830757784788898 , 
  46.44000 ,         0.543481455917001 ,         1.396010200034443 ,         0.896834297588936 ,         1.166648697135633 ,         1.011394653512604 ,         0.842680390112093 , 
  46.45000 ,         0.534518544854911 ,         1.355037886524601 ,         0.899914087105032 ,         1.162520070087005 ,         1.027181553438987 ,         0.856068868450612 , 
  46.46000 ,         0.524536808455857 ,         1.351246851724225 ,         0.902926986571396 ,         1.138891563565114 ,         1.035400438425639 ,         0.872845993902029 , 
  46.47000 ,         0.502764049190834 ,         1.301350873753776 ,         0.914209730263334 ,         1.113006739509709 ,         1.047636190703089 ,         0.892502379414979 , 
  46.48000 ,         0.507675774944939 ,         1.273484169296857 ,         0.940834745802317 ,         1.092849026140943 ,         1.049380890423199 ,         0.906508940564562 , 
  46.49000 ,         0.459274572808144 ,         1.266080574593879 ,         0.950169123529348 ,         1.073509462906535 ,         1.063313862125551 ,         0.917652124966272 , 
  46.50000 ,         0.444730898580108 ,         1.230311140801249 ,         0.967020713948883 ,         1.047301558040209 ,         1.072687532971760 ,         0.942659464590098 , 
  46.51000 ,         0.424053978705761 ,         1.200526005837732 ,         0.975343356366489 ,         1.030878807231110 ,         1.084661770525219 ,         0.960243155245230 , 
  46.52000 ,         0.364488697813173 ,         1.165967093197653 ,         0.997960584049394 ,         1.011526525751710 ,         1.098121387113310 ,         0.980147286778723 , 
  46.53000 ,         0.376101199576905 ,         1.161692174611521 ,         1.021389796844184 ,         0.990271899974428 ,         1.112840594479402 ,         0.996396337025362 , 
  46.54000 ,         0.356503259368502 ,         1.120466216003048 ,         1.019927949260406 ,         0.958837765557644 ,         1.116494235194535 ,         1.012279688427917 , 
  46.55000 ,         0.347147377084717 ,         1.091993231267775 ,         1.029044010643982 ,         0.953409084138135 ,         1.129219547017379 ,         1.038031050390399 , 
  46.56000 ,         0.315824644819456 ,         1.073829344541881 ,         1.059360436359922 ,         0.930417870508774 ,         1.140799947699769 ,         1.055048510080530 , 
  46.57000 ,         0.333567853283321 ,         1.039717717268819 ,         1.065897430103076 ,         0.911117859590295 ,         1.147788848907797 ,         1.074717119945105 , 
  46.58000 ,         0.309426240247943 ,         1.004167293279886 ,         1.083630096313857 ,         0.889951481208167 ,         1.158178332413196 ,         1.081507896955721 , 
  46.59000 ,         0.298575336051480 ,         0.993018184966088 ,         1.090182765480277 ,         0.877862526510335 ,         1.161572893907971 ,         1.099872109318486 , 
  46.60000 ,         0.303548867519247 ,         0.959750095832912 ,         1.081647923619265 ,         0.852965940652034 ,         1.168974022455225 ,         1.110528111303672 , 
  46.61000 ,         0.326876205789413 ,         0.938685453676851 ,         1.103589654998460 ,         0.837875250974831 ,         1.176846768786190 ,         1.123860059335635 , 
  46.62000 ,         0.306346849405726 ,         0.910438879192684 ,         1.107480815920473 ,         0.826779683421112 ,         1.179925983926777 ,         1.136097294443632 , 
  46.63000 ,         0.316405667376969 ,         0.885018750779059 ,         1.110476895407575 ,         0.810407390204961 ,         1.184085158304301 ,         1.147344715597359 , 
  46.64000 ,         0.312195670214346 ,         0.857455848718807 ,         1.114966347498789 ,         0.811778770134224 ,         1.185359977665900 ,         1.151698994667157 , 
  46.65000 ,         0.340060861654536 ,         0.840225227785647 ,         1.118624604607990 ,         0.791576925252920 ,         1.192885649808372 ,         1.155906258298456 , 
  46.66000 ,         0.339915116082288 ,         0.813086625913153 ,         1.123519957507391 ,         0.785831081893456 ,         1.189297412488416 ,         1.160849239646387 , 
  46.67000 ,         0.387581334895826 ,         0.788387229774975 ,         1.113056535327064 ,         0.788736917659149 ,         1.195193450848479 ,         1.165040818290352 , 
  46.68000 ,         0.414869920965087 ,         0.769365083211296 ,         1.113723641230494 ,         0.777626892299143 ,         1.191734184733044 ,         1.159401912629645 , 
  46.69000 ,         0.435020277824060 ,         0.754932970452851 ,         1.098540546789058 ,         0.777897314850252 ,         1.194169730598841 ,         1.166718921960593 , 
  46.70000 ,         0.442453748144652 ,         0.725591128020801 ,         1.098038381141131 ,         0.766356814919318 ,         1.187713367624668 ,         1.153940392984249 , 
  46.71000 ,         0.462574967518478 ,         0.700780765144281 ,         1.096330600157338 ,         0.769646549962825 ,         1.181984403486946 ,         1.153612969557095 , 
  46.72000 ,         0.538509290549321 ,         0.680813288982654 ,         1.086757173947290 ,         0.759864016600992 ,         1.180130294631310 ,         1.147932666809234 , 
  46.73000 ,         0.536756843474556 ,         0.670565555635628 ,         1.083438361571485 ,         0.762804783995002 ,         1.178293518545382 ,         1.137675281512602 , 
  46.74000 ,         0.597380935914047 ,         0.639851779193165 ,         1.059362287881531 ,         0.768658874033715 ,         1.176775152752795 ,         1.137370767747747 , 
  46.75000 ,         0.639704799494638 ,         0.634255650053618 ,         1.065023585806817 ,         0.768995374313260 ,         1.167329782506899 ,         1.127332391987784 , 
  46.76000 ,         0.699726236425439 ,         0.622267403410567 ,         1.029797134427899 ,         0.777533412516012 ,         1.160964136205332 ,         1.119297554218694 , 
  46.77000 ,         0.730321363975531 ,         0.625230044263379 ,         1.040942183353646 ,         0.787013699398562 ,         1.157286504318108 ,         1.110090372483524 , 
  46.78000 ,         0.792783873622006 ,         0.607433940205750 ,         1.028758575468786 ,         0.789145218391062 ,         1.146540263270427 ,         1.102726108217822 , 
  46.79000 ,         0.815722481437188 ,         0.610843052360338 ,         1.020949807043807 ,         0.802091262861683 ,         1.145765593837846 ,         1.095035954406036 , 
  46.80000 ,         0.848251899949178 ,         0.600528961368313 ,         1.022157449353637 ,         0.798176206392250 ,         1.130955113101218 ,         1.088363902151362 , 
  46.81000 ,         0.912100587707922 ,         0.608298791344841 ,         1.009649593883586 ,         0.808326393901353 ,         1.136626041588594 ,         1.080149053805162 , 
  46.82000 ,         0.990045380883053 ,         0.605069848015434 ,         0.998794824811863 ,         0.831481451198491 ,         1.126419836343830 ,         1.068600857601282 , 
  46.83000 ,         1.039128989153745 ,         0.611315492464597 ,         0.988359682683181 ,         0.835451877187569 ,         1.122939389667498 ,         1.064316311440370 , 
  46.84000 ,         1.062923018046004 ,         0.620585458042061 ,         0.984813324766198 ,         0.843647806365967 ,         1.114791010330998 ,         1.058796617077788 , 
  46.85000 ,         1.070040350868445 ,         0.620572929902242 ,         0.966790289889895 ,         0.850953374548240 ,         1.102501185804873 ,         1.047343003213674 , 
  46.86000 ,         1.098845898553021 ,         0.630966093607838 ,         0.954332275014554 ,         0.861090558932676 ,         1.098380793611456 ,         1.046722612559330 , 
  46.87000 ,         1.174527165863876 ,         0.650932133679175 ,         0.956824849026666 ,         0.864568488612230 ,         1.096493792342851 ,         1.046488764738647 , 
  46.88000 ,         1.177554772762440 ,         0.673968634924393 ,         0.955629049856334 ,         0.882220910394206 ,         1.092828232398265 ,         1.033314079847210 , 
  46.89000 ,         1.230463339253996 ,         0.690749971416798 ,         0.936200198334940 ,         0.891701716087656 ,         1.088646077980051 ,         1.032188431802543 , 
  46.90000 ,         1.267209546364884 ,         0.710601855615086 ,         0.950879341391198 ,         0.905235118362852 ,         1.085986241555101 ,         1.023225434891126 , 
  46.91000 ,         1.270696896724778 ,         0.735911722974423 ,         0.930493478356407 ,         0.904691887248188 ,         1.076154473036557 ,         1.021286760237829 , 
  46.92000 ,         1.229393590865987 ,         0.751827271696187 ,         0.933367893024433 ,         0.924121021459897 ,         1.078298451423698 ,         1.013515309569773 , 
  46.93000 ,         1.299795070364783 ,         0.787095331406074 ,         0.939729451632008 ,         0.926210878676879 ,         1.071260450704151 ,         1.004021269523261 , 
  46.94000 ,         1.219798543986776 ,         0.811020219064579 ,         0.943634343539646 ,         0.931787062751234 ,         1.066318121253073 ,         1.007120998745986 , 
  46.95000 ,         1.274563685792167 ,         0.843154536031973 ,         0.919547943066835 ,         0.938395000723462 ,         1.064827345836669 ,         0.997566908824581 , 
  46.96000 ,         1.224285870512531 ,         0.862639259500956 ,         0.941512005364915 ,         0.959974256387211 ,         1.062223100696917 ,         0.988350547818163 , 
  46.97000 ,         1.250881276071964 ,         0.892087750679183 ,         0.934708605077661 ,         0.953916236073145 ,         1.058781427353642 ,         0.986996045009814 , 
  46.98000 ,         1.204169735111556 ,         0.917746494136970 ,         0.935785197703278 ,         0.948490719345633 ,         1.059946378641631 ,         0.980497653803938 , 
  46.99000 ,         1.167532497922311 ,         0.939683036977330 ,         0.933035075826720 ,         0.967058839262627 ,         1.046677581533382 ,         0.978818204505452 , 
  47.00000 ,         1.131427848455658 ,         0.975329923884815 ,         0.932011182568167 ,         0.958560367731120 ,         1.050714564164509 ,         0.970588997962859 , 
  47.01000 ,         1.128941319044244 ,         1.006622632611386 ,         0.928669535315036 ,         0.971499874544984 ,         1.045685343244113 ,         0.969995956269170 , 
  47.02000 ,         1.070835492271563 ,         1.038452364668358 ,         0.929182797736459 ,         0.980294271864536 ,         1.045287584783832 ,         0.962474156191205 , 
  47.03000 ,         1.028807132345287 ,         1.053350243097438 ,         0.941654045184586 ,         0.968638945016671 ,         1.035936843408811 ,         0.950771622999081 , 
  47.04000 ,         1.004337750852265 ,         1.058973023565004 ,         0.932554637677567 ,         0.976707197699145 ,         1.037225306190803 ,         0.945892716139082 , 
  47.05000 ,         0.917332317812621 ,         1.086485794856084 ,         0.924588901886971 ,         0.983142028555862 ,         1.029222901346964 ,         0.946147525047512 , 
  47.06000 ,         0.916442261337619 ,         1.122291601152265 ,         0.949458194333407 ,         0.976533760596998 ,         1.034178766715353 ,         0.936373754978542 , 
  47.07000 ,         0.844048748576547 ,         1.147191256766436 ,         0.940960595782407 ,         0.985181899812169 ,         1.029012556279831 ,         0.933264838809030 , 
  47.08000 ,         0.802205459006205 ,         1.154326172943820 ,         0.953025083464226 ,         0.980546228689477 ,         1.025865526573171 ,         0.929596185712876 , 
  47.09000 ,         0.743910693307653 ,         1.164390100463499 ,         0.948123920903022 ,         0.976913614456986 ,         1.024625818090889 ,         0.925493410704284 , 
  47.10000 ,         0.728613078111044 ,         1.194795606155361 ,         0.949250751567476 ,         0.985612739058882 ,         1.021022760354160 ,         0.923493043260796 , 
  47.11000 ,         0.692362818543921 ,         1.209076634366038 ,         0.961639291455447 ,         0.987471862370838 ,         1.016876690979240 ,         0.920144944453671 , 
  47.12000 ,         0.673108183658463 ,         1.213303696878065 ,         0.956834010888110 ,         0.989079834734609 ,         1.010590044597398 ,         0.919302242030022 , 
  47.13000 ,         0.636912103997397 ,         1.210108059767959 ,         0.963472949801857 ,         0.983267350058236 ,         1.012226401771900 ,         0.917891277715414 , 
  47.14000 ,         0.575320881334920 ,         1.225485824463951 ,         0.951504211076930 ,         0.991013898984896 ,         1.004092914362947 ,         0.912002312933931 , 
  47.15000 ,         0.528731852386025 ,         1.233063974785740 ,         0.958295336605396 ,         0.978290968628949 ,         1.006150926331547 ,         0.912962560265395 , 
  47.16000 ,         0.502107170963964 ,         1.237895915914506 ,         0.972739245831415 ,         0.984787576384680 ,         1.008238235271622 ,         0.909866885231110 , 
  47.17000 ,         0.488948614608536 ,         1.233325578803813 ,         0.961217210286945 ,         0.987326419022724 ,         0.996654470653891 ,         0.907193865393843 , 
  47.18000 ,         0.478787367802128 ,         1.237717604264988 ,         0.966066741283180 ,         0.979162471652508 ,         0.999855903073400 ,         0.912618430815014 , 
  47.19000 ,         0.467142222057862 ,         1.237379650493522 ,         0.970228028294298 ,         0.968797747262970 ,         0.991542324967665 ,         0.906308458073621 , 
  47.20000 ,         0.451528674843440 ,         1.226039590117292 ,         0.961891585746808 ,         0.982031355935310 ,         0.990656026039182 ,         0.907035575896955 , 
  47.21000 ,         0.476687859155559 ,         1.218871967290746 ,         0.974004025042042 ,         0.982733775330279 ,         0.985692881077449 ,         0.907699862932895 , 
  47.22000 ,         0.469033122879835 ,         1.236739483038420 ,         0.966449208836481 ,         0.976821101251859 ,         0.985034770544875 ,         0.906942805121010 , 
  47.23000 ,         0.434565901891499 ,         1.223985903098969 ,         0.968026586884877 ,         0.982615585019806 ,         0.983539037561325 ,         0.908234974847841 , 
  47.24000 ,         0.445799978732778 ,         1.209877809765170 ,         0.964048659465907 ,         0.991662939885741 ,         0.975280535322064 ,         0.904390954210586 , 
  47.25000 ,         0.480843374152157 ,         1.212094991525710 ,         0.962896300135579 ,         0.975084860896789 ,         0.979310538768837 ,         0.905124693117911 , 
  47.26000 ,         0.480143890744889 ,         1.194593536025539 ,         0.958799732241602 ,         0.977462349895813 ,         0.973370214463328 ,         0.901099072592265 , 
  47.27000 ,         0.502252058501073 ,         1.195761502556725 ,         0.968589128366734 ,         0.980457498209152 ,         0.968713080009997 ,         0.903057443969206 , 
  47.28000 ,         0.539704984002011 ,         1.190857312611417 ,         0.962015461038479 ,         0.980538393799797 ,         0.972779205410650 ,         0.898431932232802 , 
  47.29000 ,         0.562759957269946 ,         1.191344500210880 ,         0.968884646943684 ,         0.976129686006248 ,         0.969349072524618 ,         0.897564358564981 , 
  47.30000 ,         0.568464163062842 ,         1.146831882973469 ,         0.974262404900820 ,         0.983485092215320 ,         0.967786407180824 ,         0.895761242574552 , 
  47.31000 ,         0.614750915808631 ,         1.150183124484949 ,         0.971282935972403 ,         0.990772321890249 ,         0.964361110418247 ,         0.896589091053928 , 
  47.32000 ,         0.657040420504966 ,         1.137142527468450 ,         0.976098358135343 ,         0.982499307262062 ,         0.962817161758889 ,         0.897702192562808 , 
  47.33000 ,         0.693359530282363 ,         1.101178077114812 ,         0.970122245784694 ,         0.984526023473334 ,         0.966768576515986 ,         0.898342905146399 , 
  47.34000 ,         0.762768770145117 ,         1.108189818841748 ,         0.964521851360591 ,         0.992853792474617 ,         0.958435272953325 ,         0.896866597211803 , 
  47.35000 ,         0.793082842918567 ,         1.088450611986838 ,         0.973070646989027 ,         0.992310935584754 ,         0.961636109504970 ,         0.900649335982640 , 
  47.36000 ,         0.840164662040490 ,         1.077001202574538 ,         0.966825288449666 ,         0.995349397346102 ,         0.964162729583521 ,         0.897243750081086 , 
  47.37000 ,         0.892637527931737 ,         1.067906511568776 ,         0.972187429307844 ,         1.002828644228897 ,         0.969209708018940 ,         0.898724113675118 , 
  47.38000 ,         0.896208824899843 ,         1.037413533063096 ,         0.973874498808770 ,         0.999413489276043 ,         0.965307524651421 ,         0.900079770918735 , 
  47.39000 ,         0.931841450913330 ,         1.027109783474281 ,         0.976731642566646 ,         0.997049387277865 ,         0.969663595563540 ,         0.896801819859763 , 
  47.40000 ,         1.014780636678489 ,         1.014164273318018 ,         0.980079379484004 ,         1.003408732677810 ,         0.968715180025331 ,         0.900275733387098 , 
  47.41000 ,         1.023224483240353 ,         1.002893071904291 ,         0.964571442052683 ,         0.996855258840854 ,         0.971387085625568 ,         0.905564141425067 , 
  47.42000 ,         1.110489092301869 ,         1.002223795925056 ,         0.969399334623099 ,         0.993571194024634 ,         0.969568691599797 ,         0.907814979459951 , 
  47.43000 ,         1.089337258408258 ,         0.982410336061109 ,         0.964866195088779 ,         0.982010206530161 ,         0.976947029003936 ,         0.913895848684957 , 
  47.44000 ,         1.109552958233294 ,         0.953322093051709 ,         0.975504537674774 ,         0.990272323276814 ,         0.979311857400300 ,         0.914402824746332 , 
  47.45000 ,         1.175020310588082 ,         0.936805608802716 ,         0.966974550508299 ,         0.985703281903507 ,         0.987471593981052 ,         0.920475631182263 , 
  47.46000 ,         1.205511417981482 ,         0.927065823732291 ,         0.962478643844354 ,         0.975973633453031 ,         0.990544533394974 ,         0.922669961513519 , 
  47.47000 ,         1.199595554199688 ,         0.926552365300650 ,         0.962534086457613 ,         0.961642993448602 ,         0.987799645997590 ,         0.934003746496691 , 
  47.48000 ,         1.246267625137906 ,         0.898887724696519 ,         0.965015834833593 ,         0.959917243898733 ,         0.997772745869910 ,         0.935092327494511 , 
  47.49000 ,         1.225111438149504 ,         0.886167215084886 ,         0.957640236035468 ,         0.946065782041323 ,         1.005296592036560 ,         0.934782992007243 , 
  47.50000 ,         1.272224276198243 ,         0.866337594487563 ,         0.946035743013393 ,         0.942046232305516 ,         1.011785948333606 ,         0.942314757064700 , 
  47.51000 ,         1.232914780044955 ,         0.868120229778867 ,         0.926250541984908 ,         0.926342568864390 ,         1.016766646861940 ,         0.939870520148223 , 
  47.52000 ,         1.239754983254805 ,         0.856041739773141 ,         0.928681716903401 ,         0.902005152908751 ,         1.022609285474218 ,         0.947884243571963 , 
  47.53000 ,         1.259339644891369 ,         0.847222217291842 ,         0.913487119751323 ,         0.903311380798248 ,         1.024891538907011 ,         0.948435572586393 , 
  47.54000 ,         1.211751584530323 ,         0.851400094409832 ,         0.908323497627301 ,         0.868618045221574 ,         1.033475328705536 ,         0.950648406962572 , 
  47.55000 ,         1.199972317332053 ,         0.847795876710406 ,         0.903317258175367 ,         0.854686285331265 ,         1.039571260648050 ,         0.951381686310643 , 
  47.56000 ,         1.109348496527371 ,         0.823256580176796 ,         0.893845918835519 ,         0.842755890118517 ,         1.047774144961013 ,         0.953912670692882 , 
  47.57000 ,         1.187703341585818 ,         0.843166562261407 ,         0.876518701645387 ,         0.819452885176468 ,         1.055465168757641 ,         0.954873280477979 , 
  47.58000 ,         1.102054305090564 ,         0.842445153735971 ,         0.867525208414431 ,         0.805100340611094 ,         1.060404592336427 ,         0.960696082273282 , 
  47.59000 ,         1.058545015556223 ,         0.827110583723951 ,         0.859517518696501 ,         0.781893737663193 ,         1.062358944931530 ,         0.961415928379059 , 
  47.60000 ,         1.033652506751608 ,         0.825540705339047 ,         0.848338268313169 ,         0.768974634206206 ,         1.064151123170071 ,         0.961340531701319 , 
  47.61000 ,         0.974568288356882 ,         0.852625064713430 ,         0.845110527384701 ,         0.746932791715850 ,         1.072570379352398 ,         0.965984609538292 , 
  47.62000 ,         0.934586864025755 ,         0.851228848513788 ,         0.835656471989574 ,         0.734100149794407 ,         1.074005435024893 ,         0.968464416483824 , 
  47.63000 ,         0.946402969641333 ,         0.862896825261216 ,         0.831337851105864 ,         0.717005242608817 ,         1.078888092528028 ,         0.967744954823277 , 
  47.64000 ,         0.869856631527328 ,         0.856982069991675 ,         0.825344818066386 ,         0.704287329503660 ,         1.083408082023029 ,         0.963250592430212 , 
  47.65000 ,         0.848510569953970 ,         0.880287022437151 ,         0.821216975930508 ,         0.676820140510294 ,         1.076366336596206 ,         0.965873024254856 , 
  47.66000 ,         0.845715911892681 ,         0.887355471280130 ,         0.812123822255075 ,         0.665257499320425 ,         1.082209405024219 ,         0.971564316673856 , 
  47.67000 ,         0.758094898600650 ,         0.892163128256713 ,         0.815591887091784 ,         0.661443893039506 ,         1.087537102928231 ,         0.967530802359957 , 
  47.68000 ,         0.744132081053996 ,         0.910306959665269 ,         0.821310809499921 ,         0.652181575458793 ,         1.084971802978317 ,         0.965655438066356 , 
  47.69000 ,         0.764765859827831 ,         0.919180367831285 ,         0.812989949078121 ,         0.635072286465309 ,         1.080170888005233 ,         0.970068350900641 , 
  47.70000 ,         0.723058074388704 ,         0.938514773322712 ,         0.813136016315916 ,         0.630819479124724 ,         1.075997753775977 ,         0.975101329296358 , 
  47.71000 ,         0.755364148874923 ,         0.964038362038662 ,         0.817753479953470 ,         0.637703528391345 ,         1.083600168866662 ,         0.978745939599110 , 
  47.72000 ,         0.685964636832072 ,         0.968377737315063 ,         0.818779066516579 ,         0.626064356044874 ,         1.081830997562389 ,         0.985466040768060 , 
  47.73000 ,         0.674978721525391 ,         0.979886256393130 ,         0.834210238189275 ,         0.640117383557559 ,         1.083892793904832 ,         0.979384763737097 , 
  47.74000 ,         0.690737021034542 ,         1.016358035788598 ,         0.824746565359989 ,         0.640456858745126 ,         1.080423469158874 ,         0.985415228965776 , 
  47.75000 ,         0.707453839301015 ,         1.024982056322453 ,         0.840344378482902 ,         0.654279402804789 ,         1.074899520623236 ,         0.996587939746798 , 
  47.76000 ,         0.726099338489008 ,         1.031413182407171 ,         0.848127739021024 ,         0.675861278070977 ,         1.066116906016183 ,         1.004154101890318 , 
  47.77000 ,         0.777256448822323 ,         1.061506074547164 ,         0.863156394427258 ,         0.683467423084121 ,         1.074515471113083 ,         1.005364649483395 , 
  47.78000 ,         0.773048905556932 ,         1.065368638441337 ,         0.883176831485887 ,         0.709143772003555 ,         1.066695572277578 ,         1.007878282176303 , 
  47.79000 ,         0.831419567101763 ,         1.075170052789416 ,         0.888567535450174 ,         0.724642302102769 ,         1.067128408967444 ,         1.017112567703364 , 
  47.80000 ,         0.877619503993123 ,         1.104842951539409 ,         0.908136176663050 ,         0.748219114419552 ,         1.065674332447175 ,         1.026255700892649 , 
  47.81000 ,         0.911179303334522 ,         1.119284416828810 ,         0.911542805716172 ,         0.774441824104069 ,         1.057769211700931 ,         1.029734090516221 , 
  47.82000 ,         0.974747920849496 ,         1.131896955057028 ,         0.921517091921395 ,         0.805517486902309 ,         1.061270727255666 ,         1.037615104331844 , 
  47.83000 ,         1.023735364136655 ,         1.142985521855979 ,         0.939261457995885 ,         0.840713611921235 ,         1.061091838036420 ,         1.042129852297548 , 
  47.84000 ,         1.153520149393334 ,         1.151462885173896 ,         0.940048732741022 ,         0.874549070460373 ,         1.055368981100496 ,         1.048637491558951 , 
  47.85000 ,         1.154489639288870 ,         1.166707100894924 ,         0.960854969329560 ,         0.902852267942404 ,         1.051177997675799 ,         1.062571385448276 , 
  47.86000 ,         1.233327106157884 ,         1.165252286474856 ,         0.978046532346528 ,         0.951445359468613 ,         1.050489385530532 ,         1.066714589555783 , 
  47.87000 ,         1.431995601186443 ,         1.196431841335634 ,         0.984617839725300 ,         0.973165984288735 ,         1.049514205197282 ,         1.074268644686478 , 
  47.88000 ,         1.537230066973313 ,         1.188139664700491 ,         0.986653068960571 ,         1.027246381008907 ,         1.051756405359521 ,         1.083115040950433 , 
  47.89000 ,         1.648656195172556 ,         1.211494209637495 ,         1.012748536241272 ,         1.059151711087087 ,         1.045814949546333 ,         1.090119867624558 , 
  47.90000 ,         1.645070791354481 ,         1.206823835967598 ,         1.015253000490671 ,         1.106541875304424 ,         1.046125238154958 ,         1.103961644297291 , 
  47.91000 ,         1.816689716010812 ,         1.210301952473861 ,         1.036216598609980 ,         1.148040269858188 ,         1.036563502364864 ,         1.105137325042228 , 
  47.92000 ,         1.961148209898310 ,         1.211726659947317 ,         1.042206745493930 ,         1.195866205482272 ,         1.042365048509028 ,         1.113382796377463 , 
  47.93000 ,         2.022057443725294 ,         1.216887479623256 ,         1.051205841056628 ,         1.238618689629903 ,         1.037627602349285 ,         1.129141314391840 , 
  47.94000 ,         2.155222414790972 ,         1.212764525343824 ,         1.051701298025096 ,         1.274857924427980 ,         1.039341367421372 ,         1.140081203999560 , 
  47.95000 ,         2.286348759884161 ,         1.207078911929359 ,         1.062646237371872 ,         1.307242188738826 ,         1.037620475787786 ,         1.148278912539556 , 
  47.96000 ,         2.357641849977966 ,         1.194353907555232 ,         1.067862448750234 ,         1.347335724225150 ,         1.038369348615966 ,         1.154309818294083 , 
  47.97000 ,         2.454873171871855 ,         1.209201967111718 ,         1.062241771835412 ,         1.376593360707559 ,         1.042419898649853 ,         1.159199693462987 , 
  47.98000 ,         2.574641584136699 ,         1.179462559349726 ,         1.074431619959476 ,         1.420985595805540 ,         1.038759599880199 ,         1.170567112521356 , 
  47.99000 ,         2.650535245779558 ,         1.190455916423405 ,         1.070436217000174 ,         1.446008883632187 ,         1.040160706649675 ,         1.172522111136342 , 
  48.00000 ,         2.763871002196649 ,         1.176436306671778 ,         1.074227654983464 ,         1.476510810378866 ,         1.039411799946443 ,         1.181049369898522 , 
  48.01000 ,         2.880476592924587 ,         1.167354834818219 ,         1.074290880153607 ,         1.487971874242173 ,         1.040210487459287 ,         1.186550401968215 , 
  48.02000 ,         2.862942058577116 ,         1.167889625212896 ,         1.081950917253846 ,         1.510803687020148 ,         1.042719987153042 ,         1.192324504179240 , 
  48.03000 ,         2.922260272615922 ,         1.158218769512153 ,         1.083391377773949 ,         1.516898003876987 ,         1.035232312373248 ,         1.199549422710511 , 
  48.04000 ,         2.946485928149589 ,         1.165237256409597 ,         1.076369839099612 ,         1.541378651013005 ,         1.042879543835509 ,         1.192697048338350 , 
  48.05000 ,         3.042667207411287 ,         1.140160482291459 ,         1.065845219123533 ,         1.535668832032628 ,         1.042063135309099 ,         1.196609192581140 , 
  48.06000 ,         3.050993956200677 ,         1.153715545888415 ,         1.080510396923609 ,         1.544023096880130 ,         1.049521116521329 ,         1.191509727525343 , 
  48.07000 ,         3.069861217204333 ,         1.156232087762049 ,         1.081169594115547 ,         1.550092932668087 ,         1.047099312568212 ,         1.194512461268399 , 
  48.08000 ,         2.997177361650075 ,         1.135862646990867 ,         1.073890709418374 ,         1.550676259094040 ,         1.049981043315308 ,         1.194008139408752 , 
  48.09000 ,         2.988745368911831 ,         1.139881327989374 ,         1.077515998975876 ,         1.542606263448111 ,         1.056692625798302 ,         1.181805020716762 , 
  48.10000 ,         2.907535960745559 ,         1.135935800869343 ,         1.073865749994567 ,         1.526881352738777 ,         1.059754839200229 ,         1.180326062662985 , 
  48.11000 ,         2.827829739582608 ,         1.133848201481678 ,         1.075094629962760 ,         1.532259640121670 ,         1.060982105846645 ,         1.168572340046129 , 
  48.12000 ,         2.836223442631961 ,         1.140733087566676 ,         1.078684719193475 ,         1.499955761912342 ,         1.064906991131812 ,         1.159429830855998 , 
  48.13000 ,         2.696831771177878 ,         1.140318895974863 ,         1.080627760057122 ,         1.498555382691999 ,         1.063253962985422 ,         1.147582264040968 , 
  48.14000 ,         2.643126218855683 ,         1.133809840761614 ,         1.072022164185905 ,         1.476092056840592 ,         1.065979341367995 ,         1.136117915237182 , 
  48.15000 ,         2.479081869471180 ,         1.129695340143322 ,         1.074384290337753 ,         1.443731889120402 ,         1.067485341900882 ,         1.126820778294625 , 
  48.16000 ,         2.470410044181659 ,         1.144749897938296 ,         1.065877806185494 ,         1.424175627993647 ,         1.072385798616270 ,         1.109620172741434 , 
  48.17000 ,         2.356228198030511 ,         1.146721595667635 ,         1.078356362616876 ,         1.408723667333135 ,         1.072418046869560 ,         1.093590082159614 , 
  48.18000 ,         2.205869594827386 ,         1.158057674566995 ,         1.073136229082444 ,         1.378131585626013 ,         1.070347273988377 ,         1.082987057101858 , 
  48.19000 ,         2.194458962777989 ,         1.146366279903372 ,         1.071677153520778 ,         1.361697565625962 ,         1.073078506391030 ,         1.062247837665092 , 
  48.20000 ,         1.995175412215098 ,         1.151136100642268 ,         1.072394862606412 ,         1.323669418957773 ,         1.073661517646732 ,         1.047687638408182 , 
  48.21000 ,         1.899015683541234 ,         1.148930704873419 ,         1.082376973745295 ,         1.308343871957837 ,         1.078690302202276 ,         1.032603184003884 , 
  48.22000 ,         1.807223708417335 ,         1.147620407246692 ,         1.077818595149898 ,         1.281506476865799 ,         1.070641873001721 ,         1.013913011208038 , 
  48.23000 ,         1.623588483464941 ,         1.141548444207988 ,         1.064363695424903 ,         1.265585794064955 ,         1.071433258801680 ,         0.998229790446569 , 
  48.24000 ,         1.511515538337318 ,         1.146609503648955 ,         1.067254937886245 ,         1.241108979037918 ,         1.070133660884949 ,         0.980677529664257 , 
  48.25000 ,         1.448074152730691 ,         1.149822271290020 ,         1.078382201563206 ,         1.207848739248811 ,         1.071876158577053 ,         0.967548970989946 , 
  48.26000 ,         1.322847675220452 ,         1.159751164382188 ,         1.075586705362296 ,         1.194178025401274 ,         1.065486078392318 ,         0.951547438620599 , 
  48.27000 ,         1.211989123756976 ,         1.156001787812533 ,         1.082362393720002 ,         1.172792045141944 ,         1.069977721610211 ,         0.935157898708964 , 
  48.28000 ,         1.135917689497998 ,         1.152611877298675 ,         1.074784880790182 ,         1.159325198371544 ,         1.056137591836668 ,         0.924915928830460 , 
  48.29000 ,         1.036155029701900 ,         1.140673189506769 ,         1.069885890366199 ,         1.137911772216470 ,         1.054430861338235 ,         0.914467089809769 , 
  48.30000 ,         0.954995431041786 ,         1.138894973891578 ,         1.076180362199905 ,         1.128417804971957 ,         1.047323627123128 ,         0.902483444891529 , 
  48.31000 ,         0.905707116348726 ,         1.147383288052628 ,         1.074815166767611 ,         1.103266854548613 ,         1.040733960992401 ,         0.892690246678325 , 
  48.32000 ,         0.779117189620683 ,         1.122056866111760 ,         1.070989577723864 ,         1.098777062752585 ,         1.036818681646655 ,         0.889384869671958 , 
  48.33000 ,         0.756028576754432 ,         1.111810217995284 ,         1.076326913165647 ,         1.083115281424617 ,         1.026170061226010 ,         0.882621269548887 , 
  48.34000 ,         0.683178473215891 ,         1.110461331637696 ,         1.071674004198435 ,         1.081215271910767 ,         1.011996634097082 ,         0.874781648199941 , 
  48.35000 ,         0.637875009436445 ,         1.090275775322973 ,         1.074962746911075 ,         1.072652464094579 ,         1.011481802725773 ,         0.870747074487601 , 
  48.36000 ,         0.582661083056447 ,         1.098884591398531 ,         1.076176204675751 ,         1.062497880469853 ,         0.997947736855330 ,         0.868617997218067 , 
  48.37000 ,         0.565847257364775 ,         1.062561711737703 ,         1.075287356124045 ,         1.047083776821292 ,         0.983107819258096 ,         0.869916171893770 , 
  48.38000 ,         0.515915118353673 ,         1.061235031870394 ,         1.080729760253139 ,         1.055200244935524 ,         0.973567918725835 ,         0.871065287699718 , 
  48.39000 ,         0.521379360466525 ,         1.067242733550239 ,         1.082057335387451 ,         1.038264071273855 ,         0.961426261146118 ,         0.870830978952985 , 
  48.40000 ,         0.495153032425260 ,         1.051609036988175 ,         1.089561310963463 ,         1.041529811578849 ,         0.943331258452368 ,         0.871490914295873 , 
  48.41000 ,         0.464221026132662 ,         1.049460975574856 ,         1.077617966276512 ,         1.032826782746910 ,         0.929092056247943 ,         0.874476948890113 , 
  48.42000 ,         0.438039877313951 ,         1.038336435180953 ,         1.076021095607909 ,         1.034821956661512 ,         0.917766195217752 ,         0.878471962695758 , 
  48.43000 ,         0.475646184360147 ,         1.018187493705405 ,         1.076993799517558 ,         1.035929757657766 ,         0.908272544852443 ,         0.879319590823693 , 
  48.44000 ,         0.448065420217395 ,         1.001714222517103 ,         1.072004780404211 ,         1.017678618745871 ,         0.893482403167633 ,         0.882460772869214 , 
  48.45000 ,         0.462510927073106 ,         1.004958372792138 ,         1.077491176980452 ,         1.033894802604556 ,         0.880695432229177 ,         0.888342495867168 , 
  48.46000 ,         0.459017777017895 ,         1.011030291234816 ,         1.074245483547661 ,         1.028986472260247 ,         0.868700283262718 ,         0.888867816631181 , 
  48.47000 ,         0.476747693782106 ,         0.996407395609881 ,         1.060657517546391 ,         1.034544853309810 ,         0.858785402773856 ,         0.893894557708199 , 
  48.48000 ,         0.469480545827757 ,         0.992520054526678 ,         1.063607940889779 ,         1.032085338979908 ,         0.842176392660745 ,         0.896074149851501 , 
  48.49000 ,         0.485306760455735 ,         0.993642033452512 ,         1.057691924471397 ,         1.022589639370473 ,         0.830417880144501 ,         0.900475209217571 , 
  48.50000 ,         0.490758382603512 ,         0.998000971916356 ,         1.044627728037035 ,         1.021726455144428 ,         0.818970712619657 ,         0.898654190409227 , 
  48.51000 ,         0.519744627569406 ,         1.000296555641391 ,         1.045609436441712 ,         1.025395183772998 ,         0.806341242644299 ,         0.902579622434982 , 
  48.52000 ,         0.524236301709991 ,         0.990178373730283 ,         1.037707876847616 ,         1.023590202654348 ,         0.795854470824206 ,         0.904567915067673 , 
  48.53000 ,         0.490622216902196 ,         0.993592308390857 ,         1.029018948573452 ,         1.019787442335000 ,         0.786434662426865 ,         0.898778271387646 , 
  48.54000 ,         0.565182112543711 ,         0.984190357169762 ,         1.016898743778599 ,         1.024774617643081 ,         0.773995626514142 ,         0.906989160744412 , 
  48.55000 ,         0.579989559659630 ,         0.996886431149170 ,         1.014041713910577 ,         1.020093063651758 ,         0.763843371274283 ,         0.908238563763491 , 
  48.56000 ,         0.606530117574191 ,         0.997356795774833 ,         1.019115065387657 ,         1.013594748670773 ,         0.761928501323804 ,         0.905243851408536 , 
  48.57000 ,         0.594539869494801 ,         1.002464193459984 ,         1.007835480788063 ,         1.002434842163110 ,         0.759406104040235 ,         0.905971804984266 , 
  48.58000 ,         0.601336538809061 ,         1.010559901577834 ,         0.991724125918417 ,         1.001670119607736 ,         0.752257457799781 ,         0.904762694369331 , 
  48.59000 ,         0.593581302060455 ,         1.016713269754538 ,         0.990641442801388 ,         0.996888123499949 ,         0.751896532487720 ,         0.902498725244931 , 
  48.60000 ,         0.624762812117394 ,         1.007734911286953 ,         0.991934087538301 ,         0.976426414508548 ,         0.748567689476384 ,         0.906722502322355 , 
  48.61000 ,         0.614191127259280 ,         1.021385779186520 ,         0.987745921643884 ,         0.984610499381635 ,         0.749871397631049 ,         0.908796282110568 , 
  48.62000 ,         0.612532537624018 ,         1.029987287347503 ,         0.983004588880167 ,         0.970409476448151 ,         0.748874629700596 ,         0.903428375625096 , 
  48.63000 ,         0.607127559175382 ,         1.038054614342400 ,         0.977857167309964 ,         0.969600513582752 ,         0.750821148997092 ,         0.911372073511859 , 
  48.64000 ,         0.605941403535913 ,         1.040554514167110 ,         0.968762867003586 ,         0.962850958023956 ,         0.751558745754466 ,         0.904968393744438 , 
  48.65000 ,         0.650159692383909 ,         1.035504520861269 ,         0.968335394974234 ,         0.946013947652018 ,         0.755133392716727 ,         0.908984626619129 , 
  48.66000 ,         0.588599537694417 ,         1.041395406218879 ,         0.966621508271510 ,         0.938665369656851 ,         0.761607388195440 ,         0.912259100651582 , 
  48.67000 ,         0.611274641795181 ,         1.041025970394682 ,         0.963213561420945 ,         0.922933508992017 ,         0.767929845699199 ,         0.920792352358911 , 
  48.68000 ,         0.535755901052023 ,         1.057778966507708 ,         0.956331295889655 ,         0.912152471588245 ,         0.767585158137648 ,         0.922137996194731 , 
  48.69000 ,         0.573387866235332 ,         1.051503156082133 ,         0.956376613685613 ,         0.904446926126199 ,         0.775060809203699 ,         0.929141274175403 , 
  48.70000 ,         0.529243426045909 ,         1.059362696243483 ,         0.957910748675658 ,         0.897097969745074 ,         0.785011814435787 ,         0.936372281245971 , 
  48.71000 ,         0.543967747920212 ,         1.053091209841672 ,         0.953811259282414 ,         0.890105165199269 ,         0.788454110588589 ,         0.949017981246154 , 
  48.72000 ,         0.547011601302308 ,         1.043557648516893 ,         0.969201176048912 ,         0.874862677829433 ,         0.797917293265911 ,         0.958677795333798 , 
  48.73000 ,         0.532790859950854 ,         1.057242283280322 ,         0.957198202693009 ,         0.864210568477638 ,         0.806315633471485 ,         0.967425676101928 , 
  48.74000 ,         0.482672754510342 ,         1.061530297057166 ,         0.970154748422509 ,         0.859658829802418 ,         0.814175083823348 ,         0.976865823405963 , 
  48.75000 ,         0.499256485845810 ,         1.052063007930217 ,         0.960724942855135 ,         0.857791168083120 ,         0.822676270816216 ,         0.987587365821395 , 
  48.76000 ,         0.499983661673794 ,         1.067299699034320 ,         0.964116910514385 ,         0.846838590060030 ,         0.830959274383909 ,         1.004554195826248 , 
  48.77000 ,         0.476024021908558 ,         1.063252285725794 ,         0.969223568090969 ,         0.844628239460305 ,         0.838944305367983 ,         1.022627804159417 , 
  48.78000 ,         0.465120392606396 ,         1.062758194367542 ,         0.974937039156950 ,         0.835901426302010 ,         0.848348576448243 ,         1.036263442273691 , 
  48.79000 ,         0.464464354819174 ,         1.059006652696424 ,         0.982594587308776 ,         0.837885784376324 ,         0.862602629661118 ,         1.051749397152375 , 
  48.80000 ,         0.481021379521319 ,         1.066655604999945 ,         0.989635196733990 ,         0.833442809718242 ,         0.865069442066786 ,         1.062396076947487 , 
  48.81000 ,         0.485009424661857 ,         1.068659908006740 ,         0.990886344943753 ,         0.832810706117301 ,         0.872496730169060 ,         1.077349853954361 , 
  48.82000 ,         0.486670045481729 ,         1.059797233713795 ,         1.001636212280269 ,         0.840429664860372 ,         0.882626909431899 ,         1.093591343695088 , 
  48.83000 ,         0.505056052828323 ,         1.064938797684009 ,         1.007934138547509 ,         0.834567956660142 ,         0.891449197660457 ,         1.111394836121917 , 
  48.84000 ,         0.513673665313816 ,         1.065373579585650 ,         1.007289209994050 ,         0.826533902924140 ,         0.897005831098056 ,         1.125693079841194 , 
  48.85000 ,         0.559888640751452 ,         1.059830663976344 ,         1.011084140527835 ,         0.841718987332031 ,         0.904073915243250 ,         1.143533957737111 , 
  48.86000 ,         0.592607927310362 ,         1.049013484483221 ,         1.020009572614077 ,         0.851989911156122 ,         0.912999639772868 ,         1.153507327969782 , 
  48.87000 ,         0.566388557144410 ,         1.053048995321419 ,         1.029913344799243 ,         0.857439679440311 ,         0.917083560438741 ,         1.168198143142790 , 
  48.88000 ,         0.642664514616944 ,         1.066470695251782 ,         1.038099097136253 ,         0.871492031185098 ,         0.921366924297280 ,         1.176798247882857 , 
  48.89000 ,         0.680871578706278 ,         1.067888439305149 ,         1.038949079743901 ,         0.878377638254414 ,         0.929303958683517 ,         1.189077439029354 , 
  48.90000 ,         0.713487694643101 ,         1.046892618186960 ,         1.047066357073642 ,         0.898345870073359 ,         0.930777128920773 ,         1.202099356956725 , 
  48.91000 ,         0.808597507852664 ,         1.050458933096682 ,         1.061776287963892 ,         0.914100726499678 ,         0.940686379813061 ,         1.216015046911840 , 
  48.92000 ,         0.828635659906197 ,         1.051823351265010 ,         1.060676790927415 ,         0.933922153146373 ,         0.936178912276006 ,         1.223944634113542 , 
  48.93000 ,         0.934726214459331 ,         1.043874009427447 ,         1.053996353952842 ,         0.946005398359057 ,         0.935825211864945 ,         1.225027825201569 , 
  48.94000 ,         1.014364838018868 ,         1.047668197953824 ,         1.071576078740464 ,         0.972475455600681 ,         0.939887597539328 ,         1.229037081974597 , 
  48.95000 ,         1.063422704632536 ,         1.036605958167889 ,         1.071889629971050 ,         0.992942053094526 ,         0.943563695851568 ,         1.236655130137859 , 
  48.96000 ,         1.160043801820496 ,         1.025032727873559 ,         1.074340366561497 ,         1.018822334014211 ,         0.941820671546508 ,         1.251408805434994 , 
  48.97000 ,         1.274603119931418 ,         1.039455244597931 ,         1.070465659395103 ,         1.044594773307332 ,         0.943825362094921 ,         1.246898750287204 , 
  48.98000 ,         1.308255284546437 ,         1.026100685584957 ,         1.069624533297100 ,         1.070634702176360 ,         0.943324561421544 ,         1.251808490671752 , 
  48.99000 ,         1.444817333997599 ,         1.026951234444460 ,         1.086815371186573 ,         1.104673636556871 ,         0.945341269717109 ,         1.250886381139535 , 
  49.00000 ,         1.518976836710948 ,         1.015804224185648 ,         1.079883175643191 ,         1.117921041067358 ,         0.942597915331024 ,         1.253526463880695 , 
  49.01000 ,         1.702386336433697 ,         1.017176989084927 ,         1.075435638264223 ,         1.152662219734452 ,         0.936238977094245 ,         1.245397536117330 , 
  49.02000 ,         1.748717731274452 ,         1.012151644950343 ,         1.070703490948723 ,         1.181323833856095 ,         0.937650760192069 ,         1.248217589016154 , 
  49.03000 ,         1.898702465345348 ,         1.010125841317678 ,         1.079483783316337 ,         1.204316557661100 ,         0.928915410476641 ,         1.253821940887925 , 
  49.04000 ,         1.960578252771296 ,         0.994569654072657 ,         1.077373681548137 ,         1.228960331290278 ,         0.925513513634570 ,         1.240807986820932 , 
  49.05000 ,         2.111274981341277 ,         0.990768163953855 ,         1.065192333825018 ,         1.265527463938386 ,         0.921992000013556 ,         1.242187169365488 , 
  49.06000 ,         2.198789418557358 ,         0.982654502814034 ,         1.053883864865897 ,         1.275799575232647 ,         0.916135887141812 ,         1.236027930225902 , 
  49.07000 ,         2.332702356733996 ,         0.967818423548316 ,         1.045718949736585 ,         1.307141498122541 ,         0.908048676895559 ,         1.229327240512553 , 
  49.08000 ,         2.394299861599653 ,         0.958743247980633 ,         1.039199035925041 ,         1.330811743569208 ,         0.906356440717795 ,         1.224651208083075 , 
  49.09000 ,         2.469638714231041 ,         0.967604632125425 ,         1.035557624018068 ,         1.344463592659843 ,         0.900427424918238 ,         1.217299552968992 , 
  49.10000 ,         2.564216553337586 ,         0.919648454725241 ,         1.023762310077489 ,         1.368558677940591 ,         0.890697622671429 ,         1.207052957358651 , 
  49.11000 ,         2.739103392734166 ,         0.925647446634821 ,         1.013957462944253 ,         1.378451600481493 ,         0.887241489444332 ,         1.205922652818446 , 
  49.12000 ,         2.679674550760221 ,         0.929460453971278 ,         1.007747724516963 ,         1.391521796733768 ,         0.881334444915151 ,         1.188442665496034 , 
  49.13000 ,         2.762576415244998 ,         0.905616977792040 ,         0.990785707822593 ,         1.384988701450030 ,         0.874951645221254 ,         1.187205912168064 , 
  49.14000 ,         2.806872290154669 ,         0.909377531566333 ,         0.986683510790109 ,         1.402031103170078 ,         0.867140251374707 ,         1.170249368540780 , 
  49.15000 ,         2.892406117615375 ,         0.907459743972003 ,         0.982842533821857 ,         1.412266472046384 ,         0.868851143999473 ,         1.160902129352181 , 
  49.16000 ,         2.883894850289594 ,         0.895744800105845 ,         0.970180092796319 ,         1.401635471020280 ,         0.864171400357999 ,         1.152930483260595 , 
  49.17000 ,         2.925795514648162 ,         0.865767408063958 ,         0.963828526330944 ,         1.382363918373507 ,         0.862774596481335 ,         1.136280343984174 , 
  49.18000 ,         2.865060188744232 ,         0.880702554421738 ,         0.958054599085876 ,         1.380628074765868 ,         0.860999540084176 ,         1.130608059194348 , 
  49.19000 ,         2.825893282410437 ,         0.875308082088165 ,         0.944959575216274 ,         1.371510584488086 ,         0.857988211005261 ,         1.113036011078208 , 
  49.20000 ,         2.793623042311878 ,         0.847606466966186 ,         0.943402702720430 ,         1.365718505848425 ,         0.858233012676159 ,         1.103523150225153 , 
  49.21000 ,         2.758176402565038 ,         0.854124289863813 ,         0.920431006126339 ,         1.330108725233486 ,         0.859220957467864 ,         1.084274930603847 , 
  49.22000 ,         2.688003610810407 ,         0.841487350177356 ,         0.918970952049879 ,         1.309418567387589 ,         0.859807891970159 ,         1.068536311178950 , 
  49.23000 ,         2.606002657351304 ,         0.834460243991371 ,         0.913597975977679 ,         1.277545834379695 ,         0.866093909602143 ,         1.057345809367250 , 
  49.24000 ,         2.561993079877791 ,         0.823840471378573 ,         0.906115998210300 ,         1.253837905431095 ,         0.870182925792382 ,         1.044279482698983 , 
  49.25000 ,         2.486047082869645 ,         0.814485294971026 ,         0.897069970365362 ,         1.220243530731511 ,         0.874653925998475 ,         1.030317332471103 , 
  49.26000 ,         2.367702769800994 ,         0.808447682149077 ,         0.891854874543604 ,         1.195864531666866 ,         0.876981115037738 ,         1.020404105380876 , 
  49.27000 ,         2.302393395451615 ,         0.781364775458394 ,         0.894088495711426 ,         1.152195010025619 ,         0.891977778277538 ,         1.006783692755893 , 
  49.28000 ,         2.145443417405651 ,         0.779622113618171 ,         0.887624182312789 ,         1.126238045276162 ,         0.889734043211258 ,         0.991677389731218 , 
  49.29000 ,         2.008684651986700 ,         0.760324760864092 ,         0.893790569962470 ,         1.095286036613236 ,         0.896597826463899 ,         0.986023908569053 , 
  49.30000 ,         1.923088060697524 ,         0.752210493521235 ,         0.889354157958866 ,         1.052564804731444 ,         0.910642193532406 ,         0.976942067454815 , 
  49.31000 ,         1.843028307333169 ,         0.738008677577973 ,         0.889563013975178 ,         1.028587491669871 ,         0.920581533501795 ,         0.964792000855546 , 
  49.32000 ,         1.689706437014071 ,         0.726550995592102 ,         0.888689942108816 ,         0.985813903751201 ,         0.929423936572548 ,         0.958892747032770 , 
  49.33000 ,         1.598424336935699 ,         0.716923590028337 ,         0.889837729439443 ,         0.952663864015668 ,         0.936630110920694 ,         0.948915067262761 , 
  49.34000 ,         1.497204391952768 ,         0.699169421789190 ,         0.893970958272558 ,         0.929694528110945 ,         0.943617049954806 ,         0.946767038298438 , 
  49.35000 ,         1.357855345211822 ,         0.698942960776537 ,         0.886927457060888 ,         0.892443033630634 ,         0.957016504166906 ,         0.936724015627439 , 
  49.36000 ,         1.264999367555219 ,         0.678084222453889 ,         0.896458034915569 ,         0.858234091948240 ,         0.966667887035114 ,         0.934603824839657 , 
  49.37000 ,         1.164946112703580 ,         0.668946329056377 ,         0.901378759171006 ,         0.837035144625707 ,         0.977468989440137 ,         0.931682755116347 , 
  49.38000 ,         1.070880218104573 ,         0.655215585292345 ,         0.906891746012032 ,         0.797622890494785 ,         0.986855648594299 ,         0.924767199376924 , 
  49.39000 ,         0.951911800776289 ,         0.648592099467384 ,         0.901330132450211 ,         0.790260509464834 ,         0.994559924603411 ,         0.919893775034529 , 
  49.40000 ,         0.905221250992773 ,         0.626482109513554 ,         0.899660087339483 ,         0.767724316993558 ,         0.999704286530823 ,         0.916847204089385 , 
  49.41000 ,         0.808651649382923 ,         0.622257897988964 ,         0.912994712587180 ,         0.749148592410232 ,         1.013579837255269 ,         0.914086641897690 , 
  49.42000 ,         0.747541331918610 ,         0.596320705991203 ,         0.922037573497761 ,         0.730786290688183 ,         1.016068509201684 ,         0.911363676673301 , 
  49.43000 ,         0.634790325873474 ,         0.608605224931193 ,         0.925688660475760 ,         0.718276589267369 ,         1.024208685828399 ,         0.906871661530225 , 
  49.44000 ,         0.591022686980286 ,         0.591532580019283 ,         0.924492734484691 ,         0.704247269028800 ,         1.029346572476329 ,         0.897822495806013 , 
  49.45000 ,         0.535964022045981 ,         0.573454320291378 ,         0.923099488519600 ,         0.706822375227799 ,         1.039201901949124 ,         0.893622599944480 , 
  49.46000 ,         0.445172961371648 ,         0.574807508871784 ,         0.934048049673472 ,         0.694960053443417 ,         1.040182797378415 ,         0.887713605512397 , 
  49.47000 ,         0.412399415451926 ,         0.564785752692875 ,         0.939413953845383 ,         0.690293697735736 ,         1.048908035747067 ,         0.887269872981092 , 
  49.48000 ,         0.395037520391774 ,         0.561672763099988 ,         0.949498473089421 ,         0.697311361882845 ,         1.058311965336511 ,         0.873951223923719 , 
  49.49000 ,         0.337432884639601 ,         0.550646592410368 ,         0.946598752452447 ,         0.681028668814342 ,         1.058329576708216 ,         0.869908817984779 , 
  49.50000 ,         0.298864648003842 ,         0.537538136755775 ,         0.958876251519133 ,         0.683438115731175 ,         1.067658348955856 ,         0.859751585384916 , 
  49.51000 ,         0.253096220072910 ,         0.543874399696853 ,         0.963573466420435 ,         0.687709885479360 ,         1.073406209467142 ,         0.853189900126918 , 
  49.52000 ,         0.231760584706902 ,         0.534901622403454 ,         0.964511429459438 ,         0.687827466308496 ,         1.078845804170016 ,         0.845496947912217 , 
  49.53000 ,         0.198249156903895 ,         0.529210092817204 ,         0.969033072890296 ,         0.693307558397962 ,         1.073901344882954 ,         0.840477357143141 , 
  49.54000 ,         0.182821178223718 ,         0.537911818520587 ,         0.993356614826987 ,         0.696131134489508 ,         1.080880843244352 ,         0.827837147644272 , 
  49.55000 ,         0.168759321003708 ,         0.533746475487330 ,         0.994422195506644 ,         0.703239042203956 ,         1.086797054455114 ,         0.815989671444067 , 
  49.56000 ,         0.126743941657557 ,         0.539563844156058 ,         0.998249492445672 ,         0.701968614594044 ,         1.087669372992329 ,         0.810825761104421 , 
  49.57000 ,         0.119478984008325 ,         0.534781169459904 ,         1.007174020383385 ,         0.722932390267353 ,         1.092795929088408 ,         0.799994926002440 , 
  49.58000 ,         0.102755549709255 ,         0.536649872001293 ,         1.004965050034754 ,         0.724584364232693 ,         1.093995917289010 ,         0.792721884722464 , 
  49.59000 ,         0.086045593693218 ,         0.545330843799164 ,         1.017427201604853 ,         0.735695457333145 ,         1.104268210226681 ,         0.787749381201056 , 
  49.60000 ,         0.090514089941280 ,         0.548488365912833 ,         1.013780323285111 ,         0.735426980772903 ,         1.102549427661603 ,         0.781218779384365 , 
  49.61000 ,         0.073372384813608 ,         0.552656107085319 ,         1.019335984112975 ,         0.744752212724626 ,         1.109961288783540 ,         0.773933771830422 , 
  49.62000 ,         0.059844136641616 ,         0.569812921349823 ,         1.047272391228280 ,         0.748951619849397 ,         1.112642548946060 ,         0.766492869957577 , 
  49.63000 ,         0.050824530783345 ,         0.557158296529811 ,         1.038557682406351 ,         0.771869450359009 ,         1.118772172777078 ,         0.760962416097981 , 
  49.64000 ,         0.045858528061449 ,         0.578345725833783 ,         1.050053514171735 ,         0.764589796906872 ,         1.118721883013748 ,         0.756166945322056 , 
  49.65000 ,         0.044042407899518 ,         0.573506303885426 ,         1.049742927569303 ,         0.777708029286888 ,         1.127610635030679 ,         0.756389032095731 , 
  49.66000 ,         0.042676978062699 ,         0.583663828925916 ,         1.054823282129966 ,         0.783543701839308 ,         1.138703197894646 ,         0.748798464765236 , 
  49.67000 ,         0.041312644146058 ,         0.588424522531426 ,         1.053612753999440 ,         0.788392314338943 ,         1.141030252881190 ,         0.749991481898152 , 
  49.68000 ,         0.034114098786685 ,         0.598231120499394 ,         1.060594987360701 ,         0.801681321487089 ,         1.151063276885669 ,         0.755903623546979 , 
  49.69000 ,         0.026023966119590 ,         0.606291107225797 ,         1.074750540445360 ,         0.814062190178431 ,         1.149092710901215 ,         0.754961426604038 , 
  49.70000 ,         0.030498580054321 ,         0.618717517425535 ,         1.061647722791649 ,         0.824554901009066 ,         1.160410702733182 ,         0.758322805399371 , 
  49.71000 ,         0.035417919768803 ,         0.634944669273003 ,         1.062705716100966 ,         0.825259947018026 ,         1.167558450100065 ,         0.760539582946829 , 
  49.72000 ,         0.029129605396176 ,         0.642195762041852 ,         1.058581063791423 ,         0.842965965387804 ,         1.175582644696401 ,         0.760800871705417 , 
  49.73000 ,         0.028221956348203 ,         0.668479593025485 ,         1.068934594660746 ,         0.837867327059836 ,         1.181752425122138 ,         0.769517276529033 , 
  49.74000 ,         0.038957508630432 ,         0.672744678490175 ,         1.071863234940311 ,         0.843603579487867 ,         1.191807302909330 ,         0.778555454894274 , 
  49.75000 ,         0.031332522099010 ,         0.683888245743207 ,         1.076048330371705 ,         0.865085340060426 ,         1.206414002676513 ,         0.778459309096512 , 
  49.76000 ,         0.039373626168846 ,         0.685235323608950 ,         1.067478289590452 ,         0.858473685907246 ,         1.206537380166538 ,         0.791331586169036 , 
  49.77000 ,         0.042935787846214 ,         0.707378285961128 ,         1.069369466044768 ,         0.867045747014236 ,         1.219777500194193 ,         0.796345654950410 , 
  49.78000 ,         0.046942152428093 ,         0.720953224374797 ,         1.076037077384444 ,         0.882819824979525 ,         1.226901611013838 ,         0.810827887044417 , 
  49.79000 ,         0.044688855490769 ,         0.746359747765198 ,         1.078705179943107 ,         0.886012421173849 ,         1.235116174160796 ,         0.816416511380648 , 
  49.80000 ,         0.054945219252334 ,         0.750638803261310 ,         1.080896424468556 ,         0.898946224332651 ,         1.244552491009395 ,         0.833991929317125 , 
  49.81000 ,         0.054476629791617 ,         0.752570081434813 ,         1.079290319636896 ,         0.911534673285763 ,         1.250073995871426 ,         0.847820459241571 , 
  49.82000 ,         0.056240164657457 ,         0.786804367062961 ,         1.078410736688160 ,         0.912340448887642 ,         1.264741153249828 ,         0.854482263620000 , 
  49.83000 ,         0.079864677345449 ,         0.804614315686305 ,         1.091279428504466 ,         0.921232360609024 ,         1.274899866406157 ,         0.869176708920959 , 
  49.84000 ,         0.091428433450453 ,         0.813657308664249 ,         1.093155144703181 ,         0.930758177239052 ,         1.281029425634905 ,         0.884263473886809 , 
  49.85000 ,         0.092729196039617 ,         0.843924846649016 ,         1.081376231459598 ,         0.937044129450819 ,         1.288386917149602 ,         0.891835860047490 , 
  49.86000 ,         0.119430082003530 ,         0.854894341654929 ,         1.076514015745900 ,         0.944355494498991 ,         1.294554686679816 ,         0.915632949707447 , 
  49.87000 ,         0.125618573314306 ,         0.862402687718072 ,         1.081622689109217 ,         0.952412627329143 ,         1.296910149835325 ,         0.928253603172784 , 
  49.88000 ,         0.135364311543420 ,         0.874580356612563 ,         1.078879166448139 ,         0.957624580635088 ,         1.300585537317928 ,         0.938915974871300 , 
  49.89000 ,         0.166021872858832 ,         0.878847688900169 ,         1.075442289351470 ,         0.964195394317545 ,         1.303012988232447 ,         0.957525866164410 , 
  49.90000 ,         0.185976759131349 ,         0.919817469878403 ,         1.070534281255782 ,         0.968647492162292 ,         1.308664062479064 ,         0.964636255992331 , 
  49.91000 ,         0.209473578621641 ,         0.903104640315435 ,         1.069938560019135 ,         0.973262723176504 ,         1.310509347515904 ,         0.985486184720940 , 
  49.92000 ,         0.241398274271483 ,         0.941364356850581 ,         1.071315983089960 ,         0.987348949843134 ,         1.311637578824608 ,         1.001623623347620 , 
  49.93000 ,         0.275074924051048 ,         0.934654820695260 ,         1.063665626654178 ,         0.988953233106387 ,         1.307939047194259 ,         1.012755657370497 , 
  49.94000 ,         0.295842550504829 ,         0.953103862502887 ,         1.073262135643362 ,         0.997385850871431 ,         1.302404073574256 ,         1.028369361228356 , 
  49.95000 ,         0.344567427844256 ,         0.959826760584845 ,         1.045774354337556 ,         0.994433363558571 ,         1.301958960352962 ,         1.046169818725989 , 
  49.96000 ,         0.379493848196992 ,         0.971703984988613 ,         1.049711053784661 ,         1.006379957959829 ,         1.300785903680050 ,         1.061639588486760 , 
  49.97000 ,         0.419272708904371 ,         0.993055175349427 ,         1.042885404046593 ,         1.014906160443120 ,         1.296265323200938 ,         1.079668819943528 , 
  49.98000 ,         0.481194571642665 ,         0.984619445500619 ,         1.032239968201201 ,         1.026335910380931 ,         1.286121384118141 ,         1.092811998021600 , 
  49.99000 ,         0.503611388670933 ,         0.989656226922776 ,         1.034874855130905 ,         1.029361064068762 ,         1.279435040105817 ,         1.115136534825697 , 
  50.00000 ,         0.567222494941511 ,         0.987044691148710 ,         1.027066004878714 ,         1.044182386806148 ,         1.268073248304363 ,         1.123996518876348 , 
  50.01000 ,         0.640970890834097 ,         0.993294472241955 ,         1.018820351705890 ,         1.060819005878114 ,         1.258859133074857 ,         1.151343132100677 , 
  50.02000 ,         0.716874213517401 ,         1.008284245494634 ,         1.009750981647985 ,         1.064269287725397 ,         1.245874746637325 ,         1.163730603482869 , 
  50.03000 ,         0.794487249928490 ,         0.986137934730181 ,         1.001518676755259 ,         1.070925658303678 ,         1.239117945196617 ,         1.174987720017413 , 
  50.04000 ,         0.857880293812644 ,         1.001947994004878 ,         1.001339646710400 ,         1.071216629126096 ,         1.214406373563800 ,         1.199073256527986 , 
  50.05000 ,         0.917242297004729 ,         1.011664298166981 ,         0.987588899158690 ,         1.087428556125333 ,         1.201848893892060 ,         1.208952656860063 , 
  50.06000 ,         1.011039117363869 ,         1.005789406161991 ,         0.980867092982547 ,         1.102743283042998 ,         1.190896986146120 ,         1.220654559643083 , 
  50.07000 ,         1.093271425710367 ,         0.990197230056793 ,         0.981883903987199 ,         1.107053318430392 ,         1.175879924960057 ,         1.242932009230680 , 
  50.08000 ,         1.160419230155279 ,         1.009237851578711 ,         0.972270746773374 ,         1.130160868044264 ,         1.163152421623336 ,         1.249455012826833 , 
  50.09000 ,         1.239435223145208 ,         1.000445442408712 ,         0.960098668801696 ,         1.132772924929671 ,         1.145757300430424 ,         1.268053283494371 , 
  50.10000 ,         1.278664265676639 ,         0.995797865515950 ,         0.958308550339592 ,         1.145755126221382 ,         1.131169051608064 ,         1.285078000612991 , 
  50.11000 ,         1.433014879672549 ,         1.017074369262667 ,         0.956271609686044 ,         1.165923936697866 ,         1.114407040743659 ,         1.294243955604813 , 
  50.12000 ,         1.471253137984482 ,         0.985355912332682 ,         0.961265024244432 ,         1.173397146357902 ,         1.101503486339392 ,         1.303953772708013 , 
  50.13000 ,         1.567211755731143 ,         1.002596718838692 ,         0.946030513942138 ,         1.196514375956058 ,         1.086660767128701 ,         1.313449092751469 , 
  50.14000 ,         1.686008622225566 ,         1.005556958923409 ,         0.938244408728701 ,         1.212672497984051 ,         1.066204354802603 ,         1.323583970829424 , 
  50.15000 ,         1.825413915193309 ,         1.025473840388519 ,         0.939081633796510 ,         1.223724407523338 ,         1.059667314125701 ,         1.335837429605655 , 
  50.16000 ,         1.806633030552879 ,         1.012625959545207 ,         0.936340516566098 ,         1.239170608392260 ,         1.045340360822774 ,         1.343643412472146 , 
  50.17000 ,         1.890420642484673 ,         0.996487155898789 ,         0.935829741511730 ,         1.266460790726272 ,         1.032468969059004 ,         1.342715825955718 , 
  50.18000 ,         1.941583614921294 ,         1.008189180510343 ,         0.922780180001257 ,         1.266891008195302 ,         1.020659554538312 ,         1.341046424203955 , 
  50.19000 ,         2.052077827649594 ,         1.013119971221452 ,         0.925875877980992 ,         1.279580034193419 ,         1.012474024091285 ,         1.344511464331188 , 
  50.20000 ,         2.060492338617808 ,         1.000571914378948 ,         0.924847611983617 ,         1.306876168044824 ,         1.003779756289200 ,         1.341537346372730 , 
  50.21000 ,         2.180079188751299 ,         1.021870921899325 ,         0.928132130939738 ,         1.302263338221161 ,         0.995744632740138 ,         1.335077408100729 , 
  50.22000 ,         2.177893258129023 ,         1.021079644719829 ,         0.940281693697823 ,         1.310447773762285 ,         0.979918812891850 ,         1.327476291982264 , 
  50.23000 ,         2.175708895257771 ,         1.024460306003691 ,         0.927063852052255 ,         1.315442160398470 ,         0.978931786109232 ,         1.315414717047118 , 
  50.24000 ,         2.200300148063288 ,         1.035409545039157 ,         0.927737266947840 ,         1.317606927134797 ,         0.969173948745785 ,         1.306777976363702 , 
  50.25000 ,         2.256461235164901 ,         1.037081517523048 ,         0.921335322772525 ,         1.324184729804018 ,         0.967005848088089 ,         1.295625226882277 , 
  50.26000 ,         2.147236720056415 ,         1.028884261693699 ,         0.929685302212947 ,         1.316777787923689 ,         0.956150236000918 ,         1.276573291151544 , 
  50.27000 ,         2.214333767565664 ,         1.039654034801420 ,         0.930055253987439 ,         1.321268102102943 ,         0.960955260253181 ,         1.252597615999183 , 
  50.28000 ,         2.091627683111312 ,         1.059015241923083 ,         0.933218495268329 ,         1.308006799475526 ,         0.953746398951703 ,         1.235631902232942 , 
  50.29000 ,         2.132410356734606 ,         1.075951712968236 ,         0.929288269549131 ,         1.304338206341799 ,         0.949595831459925 ,         1.209774918387797 , 
  50.30000 ,         2.038295755148385 ,         1.066000218240331 ,         0.930834499461090 ,         1.301849208813221 ,         0.942137079306368 ,         1.188679733498004 , 
  50.31000 ,         2.071626007845934 ,         1.085108773864579 ,         0.939683516922510 ,         1.284206783650955 ,         0.943219298423594 ,         1.158211227375385 , 
  50.32000 ,         1.965359342565974 ,         1.095014045994432 ,         0.937642009367273 ,         1.266140754111333 ,         0.944266401352144 ,         1.131116640496084 , 
  50.33000 ,         1.910346969362667 ,         1.111307611985013 ,         0.942052969781865 ,         1.251423777348924 ,         0.938827509869079 ,         1.104180165609937 , 
  50.34000 ,         1.844448730476247 ,         1.112997371818254 ,         0.947116116741203 ,         1.237702041258489 ,         0.938529692032265 ,         1.076315509696538 , 
  50.35000 ,         1.768114612989100 ,         1.136863609908835 ,         0.949443897935107 ,         1.235380500187067 ,         0.938204724009548 ,         1.044553529532384 , 
  50.36000 ,         1.679609746458058 ,         1.138159478386598 ,         0.951715152012052 ,         1.217853575426765 ,         0.935054198699698 ,         1.019498817454490 , 
  50.37000 ,         1.623487572601827 ,         1.177443313480588 ,         0.954721385024370 ,         1.195537252773134 ,         0.933543561659338 ,         0.991816689675039 , 
  50.38000 ,         1.551696439398928 ,         1.197326946645902 ,         0.963181191734493 ,         1.161889997370600 ,         0.929462893578777 ,         0.965895569296381 , 
  50.39000 ,         1.446366321910357 ,         1.214467769845394 ,         0.968770926700365 ,         1.160147224723873 ,         0.930798356880226 ,         0.942687793463049 , 
  50.40000 ,         1.329780120863304 ,         1.222872166738471 ,         0.965933264244671 ,         1.144013239843227 ,         0.926592391019106 ,         0.917849217565373 , 
  50.41000 ,         1.276936972236284 ,         1.236446865955490 ,         0.968819797388898 ,         1.120208108624490 ,         0.928152580952771 ,         0.902730461733403 , 
  50.42000 ,         1.157023893478171 ,         1.265917055580942 ,         0.973583311496639 ,         1.115542081101353 ,         0.925728062418458 ,         0.876497349436777 , 
  50.43000 ,         1.119973186243177 ,         1.271949322124386 ,         0.970774113396702 ,         1.103229129710224 ,         0.926912853112820 ,         0.857363759757652 , 
  50.44000 ,         1.006748888476320 ,         1.285161548757267 ,         0.990610207386721 ,         1.089810026225827 ,         0.926109913655945 ,         0.846790881555376 , 
  50.45000 ,         0.955858220457547 ,         1.320235639765618 ,         0.985293517433158 ,         1.073980271721967 ,         0.926715372134882 ,         0.827969744411015 , 
  50.46000 ,         0.905878010574728 ,         1.351964192295064 ,         0.984331962919471 ,         1.066239520792042 ,         0.919175751544080 ,         0.815594779453568 , 
  50.47000 ,         0.831146465641279 ,         1.369369255401135 ,         0.996582016069485 ,         1.055242863559473 ,         0.926545095977755 ,         0.806736159317827 , 
  50.48000 ,         0.787341680208779 ,         1.378445728775240 ,         0.995399219046390 ,         1.049499070140250 ,         0.921422903324123 ,         0.799066484702501 , 
  50.49000 ,         0.687075738582558 ,         1.380670222312959 ,         1.007879484170738 ,         1.040446048471833 ,         0.928004485031085 ,         0.794668985319598 , 
  50.50000 ,         0.668123986984535 ,         1.413844623627790 ,         0.999117953390926 ,         1.027273210807333 ,         0.925668570434574 ,         0.790166303365203 , 
  50.51000 ,         0.584485588980991 ,         1.425986339907096 ,         1.009931172787919 ,         1.030964620571178 ,         0.923191948123021 ,         0.787410865207350 , 
  50.52000 ,         0.571666280173288 ,         1.430576418284824 ,         1.003264555195917 ,         1.027029725157563 ,         0.928449032979332 ,         0.788082606744679 , 
  50.53000 ,         0.543670738967128 ,         1.428654323137782 ,         1.023016508220069 ,         1.025538524317632 ,         0.929010392067358 ,         0.793065588872914 , 
  50.54000 ,         0.499215812820005 ,         1.453787143871464 ,         1.011172255094040 ,         1.019955157100647 ,         0.923736297000484 ,         0.791823343637357 , 
  50.55000 ,         0.472138096477101 ,         1.436628650081667 ,         1.003699909986703 ,         1.025838157508615 ,         0.928790258488141 ,         0.794111403230146 , 
  50.56000 ,         0.479752200244128 ,         1.438064804390313 ,         1.016006381614568 ,         1.027815999913260 ,         0.927867624862400 ,         0.792287247811701 , 
  50.57000 ,         0.452703516519787 ,         1.433001573883148 ,         1.004882674169579 ,         1.018664138877030 ,         0.930810685813179 ,         0.801470691888836 , 
  50.58000 ,         0.465082626250829 ,         1.437252547976259 ,         1.010493769419283 ,         1.027057466303914 ,         0.936491664506205 ,         0.801147044905191 , 
  50.59000 ,         0.445419781759387 ,         1.410712408895862 ,         1.015992133393587 ,         1.023323812260011 ,         0.936858699134221 ,         0.804834371207483 , 
  50.60000 ,         0.430964790020786 ,         1.405611566649119 ,         1.008613379054670 ,         1.039821547207531 ,         0.933669153756910 ,         0.810411763463409 , 
  50.61000 ,         0.431227023287463 ,         1.382727071285967 ,         1.022163754046236 ,         1.033787852592727 ,         0.934807301829998 ,         0.811916250685012 , 
  50.62000 ,         0.444459627414676 ,         1.388774203024675 ,         1.018490261240670 ,         1.028380352658093 ,         0.936944295735403 ,         0.820215546007500 , 
  50.63000 ,         0.443851890155253 ,         1.365103871997699 ,         1.014900624927174 ,         1.035537360813166 ,         0.939248350015275 ,         0.820593871529425 , 
  50.64000 ,         0.447564721019725 ,         1.337996029525306 ,         1.002889504876669 ,         1.034426401241958 ,         0.942583290808284 ,         0.821856109409909 , 
  50.65000 ,         0.452570110549861 ,         1.333149334476373 ,         1.009187082751064 ,         1.037634655301133 ,         0.940409543139382 ,         0.826032218116560 , 
  50.66000 ,         0.449801431144588 ,         1.297657703646377 ,         1.001639151431980 ,         1.031316549120263 ,         0.946317784195777 ,         0.824809075251593 , 
  50.67000 ,         0.476376961124616 ,         1.276757138448910 ,         1.007069094333979 ,         1.038272001038076 ,         0.941103398743466 ,         0.824301506837289 , 
  50.68000 ,         0.484384267062424 ,         1.250319585171149 ,         0.998503387562618 ,         1.042310401920167 ,         0.940617472744620 ,         0.826651840008289 , 
  50.69000 ,         0.516099041875653 ,         1.213447152029066 ,         1.002043800759512 ,         1.037587589201136 ,         0.942840083393137 ,         0.819541672464667 , 
  50.70000 ,         0.508137645933062 ,         1.207419520849426 ,         1.018537991307302 ,         1.044990025250595 ,         0.941235827958256 ,         0.828174932369169 , 
  50.71000 ,         0.539817966351195 ,         1.181309548072608 ,         1.006854210682874 ,         1.022202187579331 ,         0.950692732065705 ,         0.827720432967245 , 
  50.72000 ,         0.522809754340961 ,         1.152959155526637 ,         1.008987297208587 ,         1.031192715625561 ,         0.945008776509017 ,         0.821782162124157 , 
  50.73000 ,         0.535518083258024 ,         1.116936179078256 ,         1.012141015578959 ,         1.018894182726154 ,         0.943721477509970 ,         0.821807976969229 , 
  50.74000 ,         0.554671020807890 ,         1.098476686087930 ,         1.003888925218004 ,         1.024732119609301 ,         0.943631922593873 ,         0.823212047900926 , 
  50.75000 ,         0.588003493366797 ,         1.087881737499123 ,         1.022688409435183 ,         1.023441157140664 ,         0.946976776379485 ,         0.822786846898508 , 
  50.76000 ,         0.592071557146921 ,         1.057462589584755 ,         1.022527357908512 ,         1.016212142951652 ,         0.951272921916543 ,         0.821911790007683 , 
  50.77000 ,         0.566479982951045 ,         1.023736350069439 ,         1.024972032885057 ,         1.007994825505264 ,         0.946593477770517 ,         0.819566627458503 , 
  50.78000 ,         0.574419929107480 ,         1.016244233218104 ,         1.026770252861435 ,         1.004483017392138 ,         0.946482500990111 ,         0.820304525724776 , 
  50.79000 ,         0.569469650068328 ,         0.985244766940424 ,         1.020917144624286 ,         0.993485113026914 ,         0.948445045492287 ,         0.810935947768869 , 
  50.80000 ,         0.567957585804315 ,         0.982764099246054 ,         1.038116352624469 ,         0.989149865753113 ,         0.951680441689634 ,         0.822221099687280 , 
  50.81000 ,         0.556576763616047 ,         0.963549383657966 ,         1.034140653985522 ,         0.983798779211653 ,         0.951621014555314 ,         0.824049822567085 , 
  50.82000 ,         0.585526849834655 ,         0.935448848188223 ,         1.026548675831912 ,         0.976521519156478 ,         0.950817587504511 ,         0.822217499732332 , 
  50.83000 ,         0.544561565887969 ,         0.919430029649825 ,         1.033219813545510 ,         0.966489582292506 ,         0.950014718974119 ,         0.827675961676944 , 
  50.84000 ,         0.532774622143892 ,         0.919872032138825 ,         1.035144015198216 ,         0.950464782465068 ,         0.957074906057888 ,         0.826767738129317 , 
  50.85000 ,         0.508571816582740 ,         0.886091059958027 ,         1.028765377499773 ,         0.941388069290555 ,         0.957234076686449 ,         0.833766432240953 , 
  50.86000 ,         0.481818305174989 ,         0.890346692596138 ,         1.036150265278813 ,         0.919443164691983 ,         0.958925498032711 ,         0.836476729309212 , 
  50.87000 ,         0.520159203981956 ,         0.880792215878500 ,         1.029267700595366 ,         0.914479481198113 ,         0.960789437077320 ,         0.840081195875488 , 
  50.88000 ,         0.507972262476351 ,         0.876594509814656 ,         1.024663930890323 ,         0.901174675632672 ,         0.962839063329556 ,         0.847487474502951 , 
  50.89000 ,         0.513333762456381 ,         0.843525010703063 ,         1.019823074746676 ,         0.883896572229581 ,         0.964653063349346 ,         0.856311566530915 , 
  50.90000 ,         0.490896355975646 ,         0.839986523754059 ,         1.021426819960432 ,         0.869090733883495 ,         0.965463352549010 ,         0.863144281400667 , 
  50.91000 ,         0.460355137403543 ,         0.833405226696897 ,         1.014827681322446 ,         0.852960702589387 ,         0.969044625570048 ,         0.876730490397233 , 
  50.92000 ,         0.476838034867936 ,         0.822449473446611 ,         0.992130749967156 ,         0.833104624427362 ,         0.971541473259989 ,         0.880131493793538 , 
  50.93000 ,         0.492880846124052 ,         0.810060775372643 ,         0.999829511025583 ,         0.827011562704141 ,         0.969131234755942 ,         0.883876782724492 , 
  50.94000 ,         0.435904493255340 ,         0.811930822770169 ,         0.985614854760804 ,         0.806353934970808 ,         0.972219650572864 ,         0.894169905055487 , 
  50.95000 ,         0.456645188353146 ,         0.788673185118330 ,         0.981973867361043 ,         0.801022876836058 ,         0.970204317748846 ,         0.904741616024797 , 
  50.96000 ,         0.453053159007893 ,         0.782924491590617 ,         0.975162796466259 ,         0.783857687245353 ,         0.973909648015613 ,         0.914725046455599 , 
  50.97000 ,         0.482725948487644 ,         0.774674934780359 ,         0.969263171855684 ,         0.774301802973886 ,         0.974480354078324 ,         0.914279534944795 , 
  50.98000 ,         0.471027323582323 ,         0.772452840494676 ,         0.959398469995646 ,         0.759451633825661 ,         0.974737496101558 ,         0.931324655390167 , 
  50.99000 ,         0.495982600408706 ,         0.769859590453977 ,         0.961925017545234 ,         0.750392060336990 ,         0.979894533203835 ,         0.937683814687523 , 
  51.00000 ,         0.513251443625192 ,         0.764340012933948 ,         0.947678326847158 ,         0.751881419800307 ,         0.975763403248848 ,         0.943159424743664 , 
  51.01000 ,         0.521139816386035 ,         0.756642643950190 ,         0.956221311377440 ,         0.745519459552245 ,         0.976611598566257 ,         0.953966072435512 , 
  51.02000 ,         0.567751651131556 ,         0.752090057350712 ,         0.939700270779820 ,         0.747807447913298 ,         0.977053403093420 ,         0.956637858104502 , 
  51.03000 ,         0.600713019821946 ,         0.765781470027977 ,         0.938906579449927 ,         0.746078550955382 ,         0.975793049737993 ,         0.962943608925805 , 
  51.04000 ,         0.651935016448848 ,         0.747088610663088 ,         0.937661591254177 ,         0.748497309124919 ,         0.973284385847930 ,         0.963682643973658 , 
  51.05000 ,         0.683987297066415 ,         0.748602629045343 ,         0.938888405210261 ,         0.752773931315364 ,         0.971528181253071 ,         0.973487630567810 , 
  51.06000 ,         0.746184761200490 ,         0.755267733450296 ,         0.938334773561165 ,         0.762677526601454 ,         0.969507693672892 ,         0.975662602500064 , 
  51.07000 ,         0.801112406567114 ,         0.739786529738839 ,         0.937277091524787 ,         0.765670828400124 ,         0.967083856983205 ,         0.981287036248628 , 
  51.08000 ,         0.840711325449596 ,         0.741779134121436 ,         0.944844887351875 ,         0.784080076443616 ,         0.964296951794885 ,         0.985626551789523 , 
  51.09000 ,         0.900227650215429 ,         0.757670383824054 ,         0.937577972336579 ,         0.795975685772164 ,         0.964284248469723 ,         0.988961192470575 , 
  51.10000 ,         0.986850567048282 ,         0.754563084047880 ,         0.943309922403686 ,         0.819714949999020 ,         0.960811034136593 ,         0.992346181300774 , 
  51.11000 ,         1.052624563160986 ,         0.750185847768489 ,         0.952483155031901 ,         0.848206739049948 ,         0.957877219763047 ,         0.988737366511138 , 
  51.12000 ,         1.135728458336392 ,         0.760914750525021 ,         0.964192763131330 ,         0.857784460390593 ,         0.959006153255459 ,         0.998068015883828 , 
  51.13000 ,         1.213682005736040 ,         0.771317374542706 ,         0.951340868628510 ,         0.883193090155246 ,         0.952645290738812 ,         0.995730948970985 , 
  51.14000 ,         1.289032863965925 ,         0.769691986140679 ,         0.971010707336803 ,         0.917662834742091 ,         0.950876187680089 ,         1.005058034461765 , 
  51.15000 ,         1.443508049542660 ,         0.780400509036997 ,         0.972086648719409 ,         0.938608398450425 ,         0.947070588587585 ,         1.007463764171634 , 
  51.16000 ,         1.452255839097992 ,         0.788878408661872 ,         0.991362491153420 ,         0.962659168772530 ,         0.947355139281890 ,         1.007539524919240 , 
  51.17000 ,         1.576928650305785 ,         0.787353663036699 ,         0.990261053930788 ,         1.000653678018026 ,         0.944961906191758 ,         1.012851128044078 , 
  51.18000 ,         1.672320781860021 ,         0.779327283933946 ,         1.004095613602569 ,         1.044143128532354 ,         0.945623598404757 ,         1.017960248309283 , 
  51.19000 ,         1.753686559504231 ,         0.799421907715179 ,         1.013189450301806 ,         1.062733843670152 ,         0.943497003630331 ,         1.021645026770003 , 
  51.20000 ,         1.843018308894269 ,         0.808565645377657 ,         1.020744131896627 ,         1.095731648792849 ,         0.947830063424622 ,         1.029572796046878 , 
  51.21000 ,         1.946643408871926 ,         0.803338926301232 ,         1.028556866265391 ,         1.126855388010592 ,         0.944905431530169 ,         1.029117930887224 , 
  51.22000 ,         2.020205306774491 ,         0.801547282174191 ,         1.033961683452622 ,         1.153573546567980 ,         0.944529909806021 ,         1.036436002112609 , 
  51.23000 ,         2.124946422191276 ,         0.817433203530673 ,         1.037198843390294 ,         1.176287013058952 ,         0.950387458281280 ,         1.040859405518808 , 
  51.24000 ,         2.156607561970802 ,         0.808938812804397 ,         1.041514655215624 ,         1.200433129687793 ,         0.950543981851577 ,         1.045694638322799 , 
  51.25000 ,         2.240967516439841 ,         0.830714384270331 ,         1.046275171277772 ,         1.230359918210995 ,         0.957350085699583 ,         1.053340145096776 , 
  51.26000 ,         2.272136743038677 ,         0.828914610653932 ,         1.055801525637730 ,         1.244768548558615 ,         0.959157186415537 ,         1.054628881303609 , 
  51.27000 ,         2.329833493577716 ,         0.818160142801690 ,         1.056838476798023 ,         1.263011671830503 ,         0.968252753673680 ,         1.067309135418876 , 
  51.28000 ,         2.322605469080389 ,         0.816050570217434 ,         1.068485934720355 ,         1.285953721872710 ,         0.970152788925408 ,         1.068413524450992 , 
  51.29000 ,         2.384448527068942 ,         0.826839743347577 ,         1.063963294879325 ,         1.293243265729925 ,         0.975788814067764 ,         1.068931334656394 , 
  51.30000 ,         2.391517394048166 ,         0.818519034158142 ,         1.075730287064924 ,         1.295685900229889 ,         0.972869465334250 ,         1.081143668333906 , 
  51.31000 ,         2.385956461450052 ,         0.821250842870804 ,         1.062792114276858 ,         1.294970505388863 ,         0.986975139086767 ,         1.084397749562145 , 
  51.32000 ,         2.381661600041586 ,         0.831446813878877 ,         1.071500594234534 ,         1.299014055541933 ,         0.998552480441756 ,         1.087806952493826 , 
  51.33000 ,         2.369380864760974 ,         0.827653959125800 ,         1.071135699498586 ,         1.284605983043987 ,         1.007657000753797 ,         1.090628692582398 , 
  51.34000 ,         2.290700225064787 ,         0.815720451705410 ,         1.063205392305586 ,         1.278510197863281 ,         1.010278921222452 ,         1.096744973869250 , 
  51.35000 ,         2.341066211054543 ,         0.821389885608692 ,         1.062029812453898 ,         1.270633433018970 ,         1.016253344484354 ,         1.092168886661295 , 
  51.36000 ,         2.272537135237065 ,         0.823117486217472 ,         1.060382584690581 ,         1.268091260895659 ,         1.024690448652434 ,         1.096980312707633 , 
  51.37000 ,         2.184749463304948 ,         0.833450013840536 ,         1.060756948417433 ,         1.233487128530524 ,         1.037745499540146 ,         1.098422780644737 , 
  51.38000 ,         2.121789765772168 ,         0.822791546581696 ,         1.050062466286204 ,         1.226292507774327 ,         1.041426695909665 ,         1.099109970019317 , 
  51.39000 ,         2.054264464155922 ,         0.823729846524029 ,         1.059459525373655 ,         1.204788143977090 ,         1.052590303278382 ,         1.096139073890019 , 
  51.40000 ,         1.993081514691540 ,         0.824457688422660 ,         1.048406793501547 ,         1.176826994190435 ,         1.057258614477603 ,         1.098510327923380 , 
  51.41000 ,         1.867394113784492 ,         0.834144620972197 ,         1.056644315253506 ,         1.157139879513850 ,         1.065414098917779 ,         1.092260509104376 , 
  51.42000 ,         1.830214408219393 ,         0.830939548603499 ,         1.055264420123751 ,         1.132570866624776 ,         1.070394433492981 ,         1.087835522032846 , 
  51.43000 ,         1.682489133529025 ,         0.860249531771702 ,         1.047864661532757 ,         1.109827130089254 ,         1.072595984797966 ,         1.088309111857974 , 
  51.44000 ,         1.639548424485446 ,         0.843429596814589 ,         1.037382816335243 ,         1.074383605919998 ,         1.073807921782188 ,         1.083025409852364 , 
  51.45000 ,         1.527167207783807 ,         0.853146164173004 ,         1.034494654368350 ,         1.045114514027850 ,         1.086338402755366 ,         1.079857934206989 , 
  51.46000 ,         1.426587124873140 ,         0.881471868653286 ,         1.028078796973735 ,         1.033099044920503 ,         1.081170533723276 ,         1.076150285776508 , 
  51.47000 ,         1.323994127815351 ,         0.889545486143155 ,         1.018191630669117 ,         0.999921891737047 ,         1.083847688176069 ,         1.071118985944427 , 
  51.48000 ,         1.266209832908372 ,         0.898448822508524 ,         1.015679829446867 ,         0.972988618094683 ,         1.083531161075768 ,         1.067358664241617 , 
  51.49000 ,         1.149133260576516 ,         0.918000775210558 ,         1.022963651898217 ,         0.961328322467295 ,         1.091807180872756 ,         1.060245191204422 , 
  51.50000 ,         1.087284495044945 ,         0.927721422779418 ,         1.019616385864277 ,         0.927669209732210 ,         1.086298973778907 ,         1.056348264574617 , 
  51.51000 ,         1.068490514370515 ,         0.952413780101268 ,         1.014601472943807 ,         0.909928860274304 ,         1.083972196610899 ,         1.051991072994226 , 
  51.52000 ,         0.977086898295840 ,         0.941870449323729 ,         1.016111941008639 ,         0.893845647429169 ,         1.085847031538043 ,         1.046476345900148 , 
  51.53000 ,         0.899105127640258 ,         0.988285508630098 ,         1.014100882074525 ,         0.880278158320180 ,         1.079930084357815 ,         1.036311229883910 , 
  51.54000 ,         0.822434967721327 ,         0.991342757745230 ,         1.017591236843081 ,         0.867607375145929 ,         1.076428753668923 ,         1.035270512859086 , 
  51.55000 ,         0.790431935694726 ,         1.016597191556745 ,         1.011828960932005 ,         0.854790021176199 ,         1.074428272822385 ,         1.026895788029034 , 
  51.56000 ,         0.725531777235808 ,         1.042613334389338 ,         1.011097917586662 ,         0.844535032914671 ,         1.067187545755722 ,         1.024661267421368 , 
  51.57000 ,         0.677344741182150 ,         1.046843379207100 ,         1.011695185764760 ,         0.828091437501517 ,         1.059203827234322 ,         1.023573973363329 , 
  51.58000 ,         0.663340608917596 ,         1.065384148095211 ,         1.017002549226025 ,         0.822877564844498 ,         1.055051983086568 ,         1.014562648798921 , 
  51.59000 ,         0.616879918586362 ,         1.099779929078943 ,         1.027951089030995 ,         0.819852975469409 ,         1.045218887865412 ,         1.007698009720119 , 
  51.60000 ,         0.575864321161143 ,         1.125723208743840 ,         1.029607126237897 ,         0.820055342462766 ,         1.034990250988636 ,         1.002834532368885 , 
  51.61000 ,         0.588950805528285 ,         1.128354460838662 ,         1.035681013552807 ,         0.825690520656555 ,         1.023554179567155 ,         0.996025096628663 , 
  51.62000 ,         0.518042662535607 ,         1.162321844663809 ,         1.040632750128584 ,         0.815548202431782 ,         1.023891729595951 ,         0.998309215487489 , 
  51.63000 ,         0.541531408512385 ,         1.170599311973289 ,         1.054048495108598 ,         0.825310698516117 ,         1.012384240539629 ,         0.993182058376219 , 
  51.64000 ,         0.510994386398054 ,         1.181622588221678 ,         1.052264151583715 ,         0.831015006944599 ,         1.001677524891642 ,         0.991414794646529 , 
  51.65000 ,         0.509135410495305 ,         1.199541299523399 ,         1.058631014879282 ,         0.830978757260281 ,         0.995676898945536 ,         0.984366960368694 , 
  51.66000 ,         0.533015336209633 ,         1.217757390008534 ,         1.060711934884074 ,         0.834626672046713 ,         0.984634529334975 ,         0.983810773643549 , 
  51.67000 ,         0.554801937519268 ,         1.223717960915723 ,         1.079467382359152 ,         0.842473174007849 ,         0.978054972290682 ,         0.980330770253346 , 
  51.68000 ,         0.539654461039846 ,         1.240458620860614 ,         1.081434770744433 ,         0.851091290424534 ,         0.964065888214522 ,         0.968965710136915 , 
  51.69000 ,         0.553543411870000 ,         1.258430153577117 ,         1.101100469426238 ,         0.855297133209620 ,         0.961580837232647 ,         0.970113335751289 , 
  51.70000 ,         0.555816169103662 ,         1.266077528373059 ,         1.097384626937421 ,         0.878073493099260 ,         0.947692991349916 ,         0.970677140121226 , 
  51.71000 ,         0.544000295310715 ,         1.269057810005118 ,         1.122311348013219 ,         0.873383566271887 ,         0.940923968511232 ,         0.972852394069025 , 
  51.72000 ,         0.578165097521198 ,         1.280940097418248 ,         1.130781800018514 ,         0.875634353462888 ,         0.933383562478370 ,         0.967189240189808 , 
  51.73000 ,         0.587877545810836 ,         1.282411396367810 ,         1.129439034975484 ,         0.888103917467664 ,         0.927828345381664 ,         0.963723289282460 , 
  51.74000 ,         0.597582442974200 ,         1.265776038533215 ,         1.132080416661087 ,         0.896839232500321 ,         0.923092096922880 ,         0.971019740050962 , 
  51.75000 ,         0.596524158882747 ,         1.271026683888517 ,         1.141726349345668 ,         0.897552712188565 ,         0.913001012506372 ,         0.962480819591231 , 
  51.76000 ,         0.636404979986829 ,         1.257871603961946 ,         1.147436318082977 ,         0.892838143219013 ,         0.902290917806009 ,         0.970062724123848 , 
  51.77000 ,         0.652693495885985 ,         1.262914378280972 ,         1.136865788729527 ,         0.888075479776786 ,         0.894850688346138 ,         0.968247704725654 , 
  51.78000 ,         0.609468708728328 ,         1.245743710662589 ,         1.133456848562980 ,         0.890495763320772 ,         0.885485723935463 ,         0.970055963507839 , 
  51.79000 ,         0.640211337872991 ,         1.218311849982981 ,         1.138337062695460 ,         0.879619400269528 ,         0.877128255345949 ,         0.967074076071109 , 
  51.80000 ,         0.668452903718539 ,         1.212938553365744 ,         1.131343120939940 ,         0.874170420258232 ,         0.855610168907106 ,         0.964468591325909 , 
  51.81000 ,         0.671083933737549 ,         1.192143876138322 ,         1.122419865033901 ,         0.854770460957148 ,         0.839473998291621 ,         0.967997818242702 , 
  51.82000 ,         0.662573723531793 ,         1.177347299831167 ,         1.123662738327696 ,         0.834482931766011 ,         0.827366246379384 ,         0.962705747912210 , 
