r(A) ,   X_ray-calc  ,   X_ray_exp_renorm
   2.34000000000000       ,   -1.50361079900804       ,   -1.38588371562507     
   2.35000000000000       ,   -1.28180764826045       ,   -1.18224555861233     
   2.36000000000000       ,  -0.988852907197614       ,  -0.909710684556695     
   2.37000000000000       ,  -0.624685823797892       ,  -0.566137187152393     
   2.38000000000000       ,  -0.192381441729940       ,  -0.152813778536319     
   2.39000000000000       ,   0.301801672133304       ,   0.325411067044403     
   2.40000000000000       ,   0.848534106111033       ,   0.860192138915427     
   2.41000000000000       ,    1.43568864378610       ,    1.43994326348510     
   2.42000000000000       ,    2.04876485404048       ,    2.05027550836738     
   2.43000000000000       ,    2.67144792469240       ,    2.67459710687649     
   2.44000000000000       ,    3.28627670193647       ,    3.29484510337955     
   2.45000000000000       ,    3.87538938475451       ,    3.89231107248657     
   2.46000000000000       ,    4.42131042146428       ,    4.44851770273395     
   2.47000000000000       ,    4.90773917070714       ,    4.94609988127135     
   2.48000000000000       ,    5.32030002181098       ,    5.36964335391163     
   2.49000000000000       ,    5.64721500110515       ,    5.70643609894107     
   2.50000000000000       ,    5.87986337776687       ,    5.94709212618381     
   2.51000000000000       ,    6.01319825743793       ,    6.08601423377468     
   2.52000000000000       ,    6.04599733080541       ,    6.12167093428380     
   2.53000000000000       ,    5.98093344390982       ,    6.05667280430834     
   2.54000000000000       ,    5.82446001450510       ,    5.89764434629526     
   2.55000000000000       ,    5.58651601899866       ,    5.65489846439603     
   2.56000000000000       ,    5.28006477878168       ,    5.34193122687364     
   2.57000000000000       ,    4.92048955240990       ,    4.97476412430947     
   2.58000000000000       ,    4.52487649905480       ,    4.57116900695619     
   2.59000000000000       ,    4.11122149417530       ,    4.14981686052654     
   2.60000000000000       ,    3.69760121789066       ,    3.72939523948773     
   2.61000000000000       ,    3.30135067916969       ,    3.32774033739138     
   2.62000000000000       ,    2.93828878847902       ,    2.96102829592641     
   2.63000000000000       ,    2.62203078213877       ,    2.64306654424883     
   2.64000000000000       ,    2.36342139594814       ,    2.38471996107401     
   2.65000000000000       ,    2.17011596526807       ,    2.19349882914559     
   2.66000000000000       ,    2.04632847776668       ,    2.07332636941333     
   2.67000000000000       ,    1.99275648754900       ,    2.02449363618436     
   2.68000000000000       ,    2.00668323236951       ,    2.04379929965234     
   2.69000000000000       ,    2.08224781872032       ,    2.12486191917594     
   2.70000000000000       ,    2.21086548371152       ,    2.25858327207169     
   2.71000000000000       ,    2.38177219920560       ,    2.43373364155532     
   2.72000000000000       ,    2.58266167618405       ,    2.63762408968167     
   2.73000000000000       ,    2.80037848735131       ,    2.85682694328713     
   2.74000000000000       ,    3.02162877445229       ,    3.07790417495074     
   2.75000000000000       ,    3.23366994207654       ,    3.28810410627005     
   2.76000000000000       ,    3.42494283306300       ,    3.47598980424228     
   2.77000000000000       ,    3.58561397900209       ,    3.63196746555304     
   2.78000000000000       ,    3.70800135581616       ,    3.74868966076342     
   2.79000000000000       ,    3.78686428504143       ,    3.82131612495319     
   2.80000000000000       ,    3.81954626782884       ,    3.84762335507434     
   2.81000000000000       ,    3.80596813468080       ,    3.82796309560241     
   2.82000000000000       ,    3.74847743494466       ,    3.76507834893154     
   2.83000000000000       ,    3.65156798307303       ,    3.66379334879110     
   2.84000000000000       ,    3.52149047119686       ,    3.53060055275341     
   2.85000000000000       ,    3.36578066397936       ,    3.37317279228533     
   2.86000000000000       ,    3.19273561500911       ,    3.19983201297236     
   2.87000000000000       ,    3.01087039202194       ,    3.01900740193365     
   2.88000000000000       ,    2.82838789349840       ,    2.83871510949857     
   2.89000000000000       ,    2.65269252144388       ,    2.66608931908523     
   2.90000000000000       ,    2.48997489706739       ,    2.50699030161875     
   2.91000000000000       ,    2.34488972196653       ,    2.36570960058390     
   2.92000000000000       ,    2.22034263618149       ,    2.24478599623563     
   2.93000000000000       ,    2.11739490752603       ,    2.14493880775022     
   2.94000000000000       ,    2.03528744249714       ,    2.06511784914659     
   2.95000000000000       ,    1.97157838624020       ,    2.00266239449304     
   2.96000000000000       ,    1.92238190844645       ,    1.95355523692889     
   2.97000000000000       ,    1.88269004131392       ,    1.91275269820296     
   2.98000000000000       ,    1.84675496643271       ,    1.87456754181156     
   2.99000000000000       ,    1.80850617704219       ,    1.83307935663956     
   3.00000000000000       ,    1.76197561097843       ,    1.78254620534955     
   3.01000000000000       ,    1.70170419475787       ,    1.71779216834351     
   3.02000000000000       ,    1.62310519415081       ,    1.63454775829051     
   3.03000000000000       ,    1.52276316775507       ,    1.52972384180536     
   3.04000000000000       ,    1.39865191918580       ,    1.40160441923435     
   3.05000000000000       ,    1.25026032476572       ,    1.24994905978454     
   3.06000000000000       ,    1.07862091489687       ,    1.07600161154805     
   3.07000000000000       ,   0.886242223706817       ,   0.882407636279685     
   3.08000000000000       ,   0.676951809906071       ,   0.673048499864252     
   3.09000000000000       ,   0.455662134475494       ,   0.452804856572359     
   3.10000000000000       ,   0.228075847572815       ,   0.227266125442306     
   3.11000000000000       ,   3.502432845707778E-004  ,   2.405264517952507E-003
   3.12000000000000       ,  -0.221257478682198       ,  -0.215760424770450     
   3.13000000000000       ,  -0.430742027999457       ,  -0.421501629445372     
   3.14000000000000       ,  -0.622677711898086       ,  -0.609682843706847     
   3.15000000000000       ,  -0.792502995586665       ,  -0.776024376635984     
   3.16000000000000       ,  -0.936746247097474       ,  -0.917306581813896     
   3.17000000000000       ,   -1.05318115799744       ,   -1.03150640903593     
   3.18000000000000       ,   -1.14090508436929       ,   -1.11786090062511     
   3.19000000000000       ,   -1.20033855877561       ,   -1.17685693158885     
   3.20000000000000       ,   -1.23314915655160       ,   -1.21015102369771     
   3.21000000000000       ,   -1.24210744632997       ,   -1.22042716763531     
   3.22000000000000       ,   -1.23088663721996       ,   -1.21120402064917     
   3.23000000000000       ,   -1.20382052712432       ,   -1.18660541696908     
   3.24000000000000       ,   -1.16563629677092       ,   -1.15110970421169     
   3.25000000000000       ,   -1.12117949435484       ,   -1.10929393937744     
   3.26000000000000       ,   -1.07514820589844       ,   -1.06558845185849     
   3.27000000000000       ,   -1.03185197226646       ,   -1.02405578506098     
   3.28000000000000       ,  -0.995008630597368       ,  -0.988205700614672     
   3.29000000000000       ,  -0.967589119898761       ,  -0.960854957507415     
   3.30000000000000       ,  -0.951716636132869       ,  -0.944037186755529     
   3.31000000000000       ,  -0.948622616835640       ,  -0.938964614518917     
   3.32000000000000       ,  -0.958658153248115       ,  -0.946039890344029     
   3.33000000000000       ,  -0.981355832956972       ,  -0.964913086596488     
   3.34000000000000       ,   -1.01553394413067       ,  -0.994576255541366     
   3.35000000000000       ,   -1.05943261630726       ,   -1.03348592553301     
   3.36000000000000       ,   -1.11086996961294       ,   -1.07970269914460     
   3.37000000000000       ,   -1.16740576796743       ,   -1.13103673742407     
   3.38000000000000       ,   -1.22650042875033       ,   -1.18518836905803     
   3.39000000000000       ,   -1.28565847187353       ,   -1.23987428584249     
   3.40000000000000       ,   -1.34254747493323       ,   -1.29293165865688     
   3.41000000000000       ,   -1.39508616685748       ,   -1.34239486999439     
   3.42000000000000       ,   -1.44149823106341       ,   -1.38654221774900     
   3.43000000000000       ,   -1.48033146898436       ,   -1.42391269108770     
   3.44000000000000       ,   -1.51044495868724       ,   -1.45329554154231     
   3.45000000000000       ,   -1.53096950530380       ,   -1.47369767265151     
   3.46000000000000       ,   -1.54124882164731       ,   -1.48429567820402     
   3.47000000000000       ,   -1.54077034146831       ,   -1.48438053983875     
   3.48000000000000       ,   -1.52909524929253       ,   -1.47330346481990     
   3.49000000000000       ,   -1.50579716397890       ,   -1.45043107319575     
   3.50000000000000       ,   -1.47041795457841       ,   -1.41511715475098     
   3.51000000000000       ,   -1.42244747407882       ,   -1.36669658820629     
   3.52000000000000       ,   -1.36133170151798       ,   -1.30450487389351     
   3.53000000000000       ,   -1.28651106348817       ,   -1.22792424137387     
   3.54000000000000       ,   -1.19748777260701       ,   -1.13645464703553     
   3.55000000000000       ,   -1.09391810101157       ,   -1.02980537898545     
   3.56000000000000       ,  -0.975722830469608       ,  -0.908000641858967     
   3.57000000000000       ,  -0.843206901179628       ,  -0.771490591203944     
   3.58000000000000       ,  -0.697177701952784       ,  -0.621257985378368     
   3.59000000000000       ,  -0.539050644379004       ,  -0.458910041170659     
   3.60000000000000       ,  -0.370930727495516       ,  -0.286745286674492     
   3.61000000000000       ,  -0.195659751023423       ,  -0.107786215164948     
   3.62000000000000       ,  -1.682063447825192E-002  ,   7.422968637341845E-002
   3.63000000000000       ,   0.161307155218269       ,   0.254905529018676     
   3.64000000000000       ,   0.333843930724441       ,   0.429289283419518     
   3.65000000000000       ,   0.495457208352332       ,   0.592025488177480     
   3.66000000000000       ,   0.640555899643359       ,   0.737549798449879     
   3.67000000000000       ,   0.763523368859871       ,   0.860318502008310     
   3.68000000000000       ,   0.858978234209828       ,   0.955062209453009     
   3.69000000000000       ,   0.922049155466011       ,    1.01705056164116     
   3.70000000000000       ,   0.948648001562276       ,    1.04235317096011     
   3.71000000000000       ,   0.935724881892249       ,    1.02808126060769     
   3.72000000000000       ,   0.881488648964563       ,   0.972594670796238     
   3.73000000000000       ,   0.785577666411195       ,   0.875660086002584     
   3.74000000000000       ,   0.649167844703673       ,   0.738548463488445     
   3.75000000000000       ,   0.475008069285623       ,   0.564062609257616     
   3.76000000000000       ,   0.267377012378700       ,   0.356489496095429     
   3.77000000000000       ,   3.195970882010665E-002  ,   0.121476044752739     
   3.78000000000000       ,  -0.224353072131003       ,  -0.134168546119114     
   3.79000000000000       ,  -0.493734995479690       ,  -0.402736493524562     
   3.80000000000000       ,  -0.767751881692757       ,  -0.675939664891432     
   3.81000000000000       ,   -1.03773124889092       ,  -0.945267358318937     
   3.82000000000000       ,   -1.29515502473699       ,   -1.20236588588305     
   3.83000000000000       ,   -1.53205487694739       ,   -1.43942042114875     
   3.84000000000000       ,   -1.74138886838447       ,   -1.64951885525463     
   3.85000000000000       ,   -1.91737862461591       ,   -1.82697783531742     
   3.86000000000000       ,   -2.05578790306491       ,   -1.96761273321348     
   3.87000000000000       ,   -2.15412629372670       ,   -2.06893594223866     
   3.88000000000000       ,   -2.21176561230486       ,   -2.13027148881653     
   3.89000000000000       ,   -2.22996115662135       ,   -2.15277828373556     
   3.90000000000000       ,   -2.21177512647672       ,   -2.13937918311968     
   3.91000000000000       ,   -2.16190486258588       ,   -2.09459811155283     
   3.92000000000000       ,   -2.08642383279947       ,   -2.02431252988073     
   3.93000000000000       ,   -1.99244817738287       ,   -1.93543322002428     
   3.94000000000000       ,   -1.88774583481125       ,   -1.83552743806068     
   3.95000000000000       ,   -1.78030855899279       ,   -1.73240471799330     
   3.96000000000000       ,   -1.67790931502840       ,   -1.63368680306068     
   3.97000000000000       ,   -1.58766847542729       ,   -1.54638420934243     
   3.98000000000000       ,   -1.51565187650137       ,   -1.47650172496660     
   3.99000000000000       ,   -1.46652215550744       ,   -1.42869372526573     
   4.00000000000000       ,   -1.44326196730148       ,   -1.40598761782709     
   4.01000000000000       ,   -1.44698383746015       ,   -1.40959016511840     
   4.02000000000000       ,   -1.47683676799149       ,   -1.43878706676616     
   4.03000000000000       ,   -1.53001453774918       ,   -1.49094126414440     
   4.04000000000000       ,   -1.60186522713480       ,   -1.56159023265722     
   4.05000000000000       ,   -1.68609615141430       ,   -1.64463734208042     
   4.06000000000000       ,   -1.77506340776325       ,   -1.73262747980454     
   4.07000000000000       ,   -1.86013090220443       ,   -1.81709281345017     
   4.08000000000000       ,   -1.93208025770969       ,   -1.88895105077507     
   4.09000000000000       ,   -1.98155059406615       ,   -1.93893602057619     
   4.10000000000000       ,   -1.99948593037579       ,   -1.95803897460611     
   4.11000000000000       ,   -1.97756793969829       ,   -1.93793875867918     
   4.12000000000000       ,   -1.90861295893350       ,   -1.87139991493074     
   4.13000000000000       ,   -1.78691443400374       ,   -1.75261978431959     
   4.14000000000000       ,   -1.60851520780889       ,   -1.57750864589682     
   4.15000000000000       ,   -1.37139803235362       ,   -1.34389067221604     
   4.16000000000000       ,   -1.07558716516988       ,   -1.05161777361508     
   4.17000000000000       ,  -0.723158629405364       ,  -0.702592997015716     
   4.18000000000000       ,  -0.318161406152401       ,  -0.300704775699884     
   4.19000000000000       ,   0.133543773874166       ,   0.148322261552533     
   4.20000000000000       ,   0.624517499755916       ,   0.637150257418560     
   4.21000000000000       ,    1.14603292188946       ,    1.15711190767996     
   4.22000000000000       ,    1.68840919795465       ,    1.69853961767579     
   4.23000000000000       ,    2.24136985920243       ,    2.25112303998517     
   4.24000000000000       ,    2.79440848996919       ,    2.80427741993072     
   4.25000000000000       ,    3.33714475540484       ,    3.34750556007092     
   4.26000000000000       ,    3.85965533511516       ,    3.87073749838510     
   4.27000000000000       ,    4.35276659070183       ,    4.36463406176397     
   4.28000000000000       ,    4.80829864135364       ,    4.82084314974685     
   4.29000000000000       ,    5.21925374557424       ,    5.23220073597808     
   4.30000000000000       ,    5.57994527763254       ,    5.59287194170768     
   4.31000000000000       ,    5.88606693390664       ,    5.89843092763096     
   4.32000000000000       ,    6.13470491037683       ,    6.14588156705098     
   4.33000000000000       ,    6.32429848728657       ,    6.33362372534010     
   4.34000000000000       ,    6.45455660508394       ,    6.46137232991747     
   4.35000000000000       ,    6.52633952439033       ,    6.53003816279123     
   4.36000000000000       ,    6.54151548567488       ,    6.54158038006896     
   4.37000000000000       ,    6.50280242265491       ,    6.49884114235947     
   4.38000000000000       ,    6.41360428327114       ,    6.40537245500896     
   4.39000000000000       ,    6.27785045916290       ,    6.26526443767970     
   4.40000000000000       ,    6.09984533658005       ,    6.08298287403750     
   4.41000000000000       ,    5.88413319862448       ,    5.86322216581011     
   4.42000000000000       ,    5.63538178217405       ,    5.61077787898794     
   4.43000000000000       ,    5.35828587477991       ,    5.33044107657837     
   4.44000000000000       ,    5.05749056887734       ,    5.02691472968729     
   4.45000000000000       ,    4.73753229448766       ,    4.70475081877073     
   4.46000000000000       ,    4.40279462106966       ,    4.36830538740153     
   4.47000000000000       ,    4.05747511473809       ,    4.02170786865760     
   4.48000000000000       ,    3.70555928270090       ,    3.66884051094422     
   4.49000000000000       ,    3.35079781976016       ,    3.31332369067742     
   4.50000000000000       ,    2.99668394503325       ,    2.95850328309523     
   4.51000000000000       ,    2.64642850416927       ,    2.60743700686551     
   4.52000000000000       ,    2.30293161413653       ,    2.26287767432052     
   4.53000000000000       ,    1.96875083079964       ,    1.92725245978544     
   4.54000000000000       ,    1.64606700563953       ,    1.60263852659656     
   4.55000000000000       ,    1.33665005316306       ,    1.29073651168857     
   4.56000000000000       ,    1.04182767415336       ,   0.992844346521165     
   4.57000000000000       ,   0.762460592310914       ,   0.709834603206355     
   4.58000000000000       ,   0.498928010456320       ,   0.442138927617636     
   4.59000000000000       ,   0.251126755685987       ,   0.189743118689267     
   4.60000000000000       ,   1.848697152366184E-002  ,  -4.780397148657677E-002
   4.61000000000000       ,  -0.199993728478722       ,  -0.271365283203542     
   4.62000000000000       ,  -0.405696936601850       ,  -0.482172748692634     
   4.63000000000000       ,  -0.600311621189135       ,  -0.681766715678739     
   4.64000000000000       ,  -0.785745890150927       ,  -0.871918845798670     
   4.65000000000000       ,  -0.964025824865087       ,   -1.05454112681334     
   4.66000000000000       ,   -1.13718607001905       ,   -1.23158491794059     
   4.67000000000000       ,   -1.30715780011998       ,   -1.40493501144695     
   4.68000000000000       ,   -1.47566026051882       ,   -1.57630444643938     
   4.69000000000000       ,   -1.64410224038493       ,   -1.74713618008568     
   4.70000000000000       ,   -1.81349954789767       ,   -1.91851766253041     
   4.71000000000000       ,   -1.98441382769179       ,   -2.09111386143948     
   4.72000000000000       ,   -2.15691692421926       ,   -2.26512336041459     
   4.73000000000000       ,   -2.33058352015325       ,   -2.44026086470426     
   4.74000000000000       ,   -2.50451306085349       ,   -2.61576786885760     
   4.75000000000000       ,   -2.67738012899800       ,   -2.79045147882763     
   4.76000000000000       ,   -2.84751058469915       ,   -2.96274955633116     
   4.77000000000000       ,   -3.01297906589773       ,   -3.13081859446127     
   4.78000000000000       ,   -3.17172197556668       ,   -3.29263916750159     
   4.79000000000000       ,   -3.32165897511222       ,   -3.44613254067834     
   4.80000000000000       ,   -3.46081534297752       ,   -3.58928117385589     
   4.81000000000000       ,   -3.58743739975538       ,   -3.72024547685008     
   4.82000000000000       ,   -3.70009356779185       ,   -3.83746931072867     
   4.83000000000000       ,   -3.79775450964372       ,   -3.93976738124887     
   4.84000000000000       ,   -3.87984712519841       ,   -4.02638880309275     
   4.85000000000000       ,   -3.94627889810817       ,   -4.09705265780319     
   4.86000000000000       ,   -3.99743105703330       ,   -4.15195322488306     
   4.87000000000000       ,   -4.03412112422726       ,   -4.19173461103511     
   4.88000000000000       ,   -4.05753751987222       ,   -4.21743659793154     
   4.89000000000000       ,   -4.06915083016928       ,   -4.23041552895224     
   4.90000000000000       ,   -4.07060799368364       ,   -4.23224581864537     
   4.91000000000000       ,   -4.06361689494884       ,   -4.22460906773805     
   4.92000000000000       ,   -4.04982958441666       ,   -4.20917869689062     
   4.93000000000000       ,   -4.03073251036005       ,   -4.18750840033587     
   4.94000000000000       ,   -4.00755173007943       ,   -4.16093252882383     
   4.95000000000000       ,   -3.98118008353338       ,   -4.13048574237501     
   4.96000000000000       ,   -3.95213182050594       ,   -4.09684796997991     
   4.97000000000000       ,   -3.92052826689059       ,   -4.06031895638304     
   4.98000000000000       ,   -3.88611592106965       ,   -4.02082457943448     
   4.99000000000000       ,   -3.84831603435630       ,   -3.97795482507258     
   5.00000000000000       ,   -3.80630240926242       ,   -3.93103096744830     
   5.01000000000000       ,   -3.75910200710309       ,   -3.87919728191612     
   5.02000000000000       ,   -3.70571114428517       ,   -3.82153067668571     
   5.03000000000000       ,   -3.64521870719972       ,   -3.75716010718778     
   5.04000000000000       ,   -3.57692703277510       ,   -3.68538665218885     
   5.05000000000000       ,   -3.50046095293182       ,   -3.60579476465615     
   5.06000000000000       ,   -3.41585601235646       ,   -3.51834550504499     
   5.07000000000000       ,   -3.32361802209665       ,   -3.42344351759311     
   5.08000000000000       ,   -3.22474784478702       ,   -3.32197107400897     
   5.09000000000000       ,   -3.12072751890047       ,   -3.21528459370576     
   5.10000000000000       ,   -3.01346638314225       ,   -3.10517152816949     
   5.11000000000000       ,   -2.90520859607628       ,   -2.99376821231990     
   5.12000000000000       ,   -2.79840618290378       ,   -2.88344206135934     
   5.13000000000000       ,   -2.69556429956054       ,   -2.77664414290707     
   5.14000000000000       ,   -2.59906761031022       ,   -2.67574050037392     
   5.15000000000000       ,   -2.51099837446062       ,   -2.58283247968982     
   5.16000000000000       ,   -2.43295790610442       ,   -2.49957757994050     
   5.17000000000000       ,   -2.36590342159462       ,   -2.42702290820004     
   5.18000000000000       ,   -2.31001188105102       ,   -2.36546311286957     
   5.19000000000000       ,   -2.26458126872652       ,   -2.31433368966505     
   5.20000000000000       ,   -2.22797789697447       ,   -2.27214884146457     
   5.21000000000000       ,   -2.19763585975706       ,   -2.23649071700234     
   5.22000000000000       ,   -2.17011184375942       ,   -2.20405398641024     
   5.23000000000000       ,   -2.14119529923118       ,   -2.17074650156482     
   5.24000000000000       ,   -2.10607067059027       ,   -2.13184342874645     
   5.25000000000000       ,   -2.05952518954074       ,   -2.08218893587534     
   5.26000000000000       ,   -1.99619283838420       ,   -2.01643647220873     
   5.27000000000000       ,   -1.91082267976516       ,   -1.92931608748091     
   5.28000000000000       ,   -1.79855797520626       ,   -1.81591526727469     
   5.29000000000000       ,   -1.65521149503058       ,   -1.67195854293641     
   5.30000000000000       ,   -1.47752222831144       ,   -1.49407075376833     
   5.31000000000000       ,   -1.26337935536903       ,   -1.28000933210130     
   5.32000000000000       ,   -1.01200081779584       ,   -1.02885233046019     
   5.33000000000000       ,  -0.724056033080418       ,  -0.741131044175541     
   5.34000000000000       ,  -0.401725128645195       ,  -0.418898883833445     
   5.35000000000000       ,  -4.869035207203309E-002  ,  -6.573145999397283E-002
   5.36000000000000       ,   0.329941138591471       ,   0.313343533717393     
   5.37000000000000       ,   0.727780293330553       ,   0.711984324782443     
   5.38000000000000       ,    1.13735872751473       ,    1.12273502370231     
   5.39000000000000       ,    1.55038143685732       ,    1.53727832293159     
   5.40000000000000       ,    1.95801770267896       ,    1.94672893593343     
   5.41000000000000       ,    2.35121630483695       ,    2.34195367777390     
   5.42000000000000       ,    2.72103001968404       ,    2.71390277973301     
   5.43000000000000       ,    3.05893407342344       ,    3.05393658412712     
   5.44000000000000       ,    3.35712375486304       ,    3.35413219953880     
   5.45000000000000       ,    3.60877772347758       ,    3.60755597558668     
   5.46000000000000       ,    3.80827558969124       ,    3.80848969461334     
   5.47000000000000       ,    3.95136096445804       ,    3.95260104512142     
   5.48000000000000       ,    4.03524421239158       ,    4.03705207245639     
   5.49000000000000       ,    4.05864241293160       ,    4.06054270496582     
   5.50000000000000       ,    4.02175734326576       ,    4.02328992456674     
   5.51000000000000       ,    3.92619545286312       ,    3.92694648514638     
   5.52000000000000       ,    3.77483662421682       ,    3.77446608894660     
   5.53000000000000       ,    3.57166085393016       ,    3.56992444278989     
   5.54000000000000       ,    3.32154372228329       ,    3.31830749972529     
   5.55000000000000       ,    3.03003256771341       ,    3.02527935632228     
   5.56000000000000       ,    2.70311560920932       ,    2.69694267700273     
   5.57000000000000       ,    2.34699587368527       ,    2.33960415842879     
   5.58000000000000       ,    1.96788073960815       ,    1.95955647992619     
   5.59000000000000       ,    1.57179629401139       ,    1.56288650354727     
   5.60000000000000       ,    1.16443364093510       ,    1.15531731833952     
   5.61000000000000       ,   0.751031941732608       ,   0.742089222454354     
   5.62000000000000       ,   0.336300470947491       ,   0.327882074020236     
   5.63000000000000       ,  -7.562050279538909E-002  ,  -8.322120881220542E-002
   5.64000000000000       ,  -0.481162499930435       ,  -0.487732690204389     
   5.65000000000000       ,  -0.877299753585618       ,  -0.882723838191522     
   5.66000000000000       ,   -1.26149431745087       ,   -1.26576286028311     
   5.67000000000000       ,   -1.63162247214805       ,   -1.63483265237353     
   5.68000000000000       ,   -1.98589007785324       ,   -1.98823764408250     
   5.69000000000000       ,   -2.32274451468698       ,   -2.32450782062275     
   5.70000000000000       ,   -2.64079034006189       ,   -2.64230764492273     
   5.71000000000000       ,   -2.93871483995547       ,   -2.94035656358300     
   5.72000000000000       ,   -3.21522835183652       ,   -3.21736635577976     
   5.73000000000000       ,   -3.46902270275084       ,   -3.47199889678948     
   5.74000000000000       ,   -3.69874945940923       ,   -3.70284609126940     
   5.75000000000000       ,   -3.90301805198298       ,   -3.90843192227896     
   5.76000000000000       ,   -4.08041232616581       ,   -4.08723488952034     
   5.77000000000000       ,   -4.22952279979450       ,   -4.23772768742024     
   5.78000000000000       ,   -4.34899092952561       ,   -4.35842988962180     
   5.79000000000000       ,   -4.43756108116677       ,   -4.44796872086874     
   5.80000000000000       ,   -4.49413566577866       ,   -4.50514273697985     
   5.81000000000000       ,   -4.51782904378225       ,   -4.52898339183781     
   5.82000000000000       ,   -4.50801627372202       ,   -4.51881000832984     
   5.83000000000000       ,   -4.46437352921035       ,   -4.47427452140779     
   5.84000000000000       ,   -4.38690794625895       ,   -4.39539343752825     
   5.85000000000000       ,   -4.27597570125215       ,   -4.28256565316373     
   5.86000000000000       ,   -4.13228816080596       ,   -4.13657598768054     
   5.87000000000000       ,   -3.95690689621283       ,   -3.95858540766467     
   5.88000000000000       ,   -3.75122913607693       ,   -3.75010985734050     
   5.89000000000000       ,   -3.51696577800820       ,   -3.51299028862545     
   5.90000000000000       ,   -3.25611435366991       ,   -3.24935685490978     
   5.91000000000000       ,   -2.97092932683168       ,   -2.96159027366233     
   5.92000000000000       ,   -2.66389181405146       ,   -2.65228308321825     
   5.93000000000000       ,   -2.33768029056083       ,   -2.32420295637177     
   5.94000000000000       ,   -1.99514314054828       ,   -1.98025945111841     
   5.95000000000000       ,   -1.63927310917461       ,   -1.62347466079673     
   5.96000000000000       ,   -1.27318290166838       ,   -1.25695726889421     
   5.97000000000000       ,  -0.900080444038351       ,  -0.883878619833364     
   5.98000000000000       ,  -0.523241756602586       ,  -0.507448684337624     
   5.99000000000000       ,  -0.145979069315712       ,  -0.130889312437791     
   6.00000000000000       ,   0.228398219054283       ,   0.242598005209255     
   6.01000000000000       ,   0.596631838162643       ,   0.609872466477079     
   6.02000000000000       ,   0.955573676753473       ,   0.967904433428219     
   6.03000000000000       ,    1.30225610371362       ,    1.31383722863221     
   6.04000000000000       ,    1.63397297707563       ,    1.64506026025125     
   6.05000000000000       ,    1.94836942262753       ,    1.95929211734179     
   6.06000000000000       ,    2.24353709413733       ,    2.25467081624415     
   6.07000000000000       ,    2.51811031922163       ,    2.52984694669074     
   6.08000000000000       ,    2.77135740813908       ,    2.78407419113959     
   6.09000000000000       ,    3.00326057173662       ,    3.01729069822455     
   6.10000000000000       ,    3.21457745957165       ,    3.23018419308309     
   6.11000000000000       ,    3.40687736713131       ,    3.42423359279027     
   6.12000000000000       ,    3.58254571920727       ,    3.60172032235281     
   6.13000000000000       ,    3.74475152653137       ,    3.76570351676542     
   6.14000000000000       ,    3.89737410798252       ,    3.91995482783503     
   6.15000000000000       ,    4.04488740555009       ,    4.06885056962108     
   6.16000000000000       ,    4.19220259204440       ,    4.21722133284674     
   6.17000000000000       ,    4.34447224947079       ,    4.37016184167869     
   6.18000000000000       ,    4.50686202277074       ,    4.53280655456689     
   6.19000000000000       ,    4.68429815917796       ,    4.71007914661574     
   6.20000000000000       ,    4.88120155478075       ,    4.90642637155208     
   6.21000000000000       ,    5.10122068286648       ,    5.12554871155535     
   6.22000000000000       ,    5.34697692943301       ,    5.37014152763532     
   6.23000000000000       ,    5.61983629703531       ,    5.64166099779268     
   6.24000000000000       ,    5.91972108596786       ,    5.94012889186524     
   6.25000000000000       ,    6.24497399528696       ,    6.26398914616325     
   6.26000000000000       ,    6.59228512928618       ,    6.61002728593833     
   6.27000000000000       ,    6.95668972258137       ,    6.97336107139396     
   6.28000000000000       ,    7.33164113188400       ,    7.34750743650746     
   6.29000000000000       ,    7.70915994991719       ,    7.72452701774605     
   6.30000000000000       ,    8.08005617499802       ,    8.09524353613107     
   6.31000000000000       ,    8.43421743861746       ,    8.44953122947984     
   6.32000000000000       ,    8.76095258161014       ,    8.77665967085589     
   6.33000000000000       ,    9.04937660056309       ,    9.06568188868718     
   6.34000000000000       ,    9.28882036383014       ,    9.30584893873727     
   6.35000000000000       ,    9.46924669208983       ,    9.48703214984285     
   6.36000000000000       ,    9.58165353884857       ,    9.60013331016425     
   6.37000000000000       ,    9.61844516562272       ,    9.63746315955896     
   6.38000000000000       ,    9.57375339986939       ,    9.59306972604487     
   6.39000000000000       ,    9.44369324519251       ,    9.46300024569546     
   6.40000000000000       ,    9.22654017764616       ,    9.24548352880409     
   6.41000000000000       ,    8.92282024977969       ,    8.94102351695805     
   6.42000000000000       ,    8.53530843092865       ,    8.55239920422853     
   6.43000000000000       ,    8.06893520027895       ,    8.08457082406674     
   6.44000000000000       ,    7.53060602123094       ,    7.54449696408292     
   6.45000000000000       ,    6.92894270048369       ,    6.94087179159248     
   6.46000000000000       ,    6.27395952393428       ,    6.28379559375531     
   6.47000000000000       ,    5.57669024206242       ,    5.58439512568184     
   6.48000000000000       ,    4.84878426899046       ,    4.85441262906323     
   6.49000000000000       ,    4.10209173311142       ,    4.10578369825050     
   6.50000000000000       ,    3.34825720454575       ,    3.35022435878265     
   6.51000000000000       ,    2.59834102182174       ,    2.59884678123603     
   6.52000000000000       ,    1.86248520810134       ,    1.86182104489089     
   6.53000000000000       ,    1.14963812825019       ,    1.14809741899084     
   6.54000000000000       ,   0.467348467964546       ,   0.465199928143619     
   6.55000000000000       ,  -0.178364966371535       ,  -0.180902259052961     
   6.56000000000000       ,  -0.783065475746918       ,  -0.785843574440399     
   6.57000000000000       ,   -1.34387492392869       ,   -1.34683337512149     
   6.58000000000000       ,   -1.85938071521421       ,   -1.86255651379575     
   6.59000000000000       ,   -2.32948318995489       ,   -2.33301351531721     
   6.60000000000000       ,   -2.75519623217433       ,   -2.75931368021856     
   6.61000000000000       ,   -3.13841592080816       ,   -3.14343649577038     
   6.62000000000000       ,   -3.48167312731780       ,   -3.48797778880368     
   6.63000000000000       ,   -3.78788602528882       ,   -3.79589706090393     
   6.64000000000000       ,   -4.06012755368949       ,   -4.07028143137155     
   6.65000000000000       ,   -4.30142104817745       ,   -4.31413966663520     
   6.66000000000000       ,   -4.51457466348437       ,   -4.53023704458655     
   6.67000000000000       ,   -4.70206203999012       ,   -4.72097848420841     
   6.68000000000000       ,   -4.86595313834094       ,   -4.88834369490833     
   6.69000000000000       ,   -5.00789551569022       ,   -5.03387431514571     
   6.70000000000000       ,   -5.12914278753215       ,   -5.15870936772948     
   6.71000000000000       ,   -5.23062383939446       ,   -5.26366209698758     
   6.72000000000000       ,   -5.31304372478105       ,   -5.34932857878505     
   6.73000000000000       ,   -5.37700527139992       ,   -5.41621657314416     
   6.74000000000000       ,   -5.42313932817195       ,   -5.46488203278637     
   6.75000000000000       ,   -5.45223137498466       ,   -5.49606054104967     
   6.76000000000000       ,   -5.46533287985031       ,   -5.51078171842211     
   6.77000000000000       ,   -5.46384725946936       ,   -5.51045623630942     
   6.78000000000000       ,   -5.44958246089569       ,   -5.49692738204767     
   6.79000000000000       ,   -5.42476487069867       ,   -5.47248195682660     
   6.80000000000000       ,   -5.39201227692361       ,   -5.43981845053573     
   6.81000000000000       ,   -5.35426674179919       ,   -5.40197369775910     
   6.82000000000000       ,   -5.31469126837550       ,   -5.36221234687681     
   6.83000000000000       ,   -5.27653685146046       ,   -5.32388625147708     
   6.84000000000000       ,   -5.24298870657248       ,   -5.29027312924766     
   6.85000000000000       ,   -5.21700202177880       ,   -5.26440537754050     
   6.86000000000000       ,   -5.20113837518208       ,   -5.24890068640985     
   6.87000000000000       ,   -5.19741395827943       ,   -5.24580600534516     
   6.88000000000000       ,   -5.20716995198597       ,   -5.25646551467581     
   6.89000000000000       ,   -5.23097388291968       ,   -5.28142159996136     
   6.90000000000000       ,   -5.26855865835148       ,   -5.32035555302499     
   6.91000000000000       ,   -5.31880339697539       ,   -5.37207199507970     
   6.92000000000000       ,   -5.37975732810580       ,   -5.43452803497643     
   6.93000000000000       ,   -5.44870513015848       ,   -5.50490515496143     
   6.94000000000000       ,   -5.52226932910123       ,   -5.57971897474985     
   6.95000000000000       ,   -5.59654297562365       ,   -5.65495958534907     
   6.96000000000000       ,   -5.66724393665253       ,   -5.72625324150284     
   6.97000000000000       ,   -5.72988090492858       ,   -5.78903498954565     
   6.98000000000000       ,   -5.77992073445951       ,   -5.83872136909242     
   6.99000000000000       ,   -5.81294698089616       ,   -5.87087268919068     
   7.00000000000000       ,   -5.82480053939809       ,   -5.88133551082080     
   7.01000000000000       ,   -5.81169494921292       ,   -5.86635778022616     
   7.02000000000000       ,   -5.77030114604851       ,   -5.82267141370081     
   7.03000000000000       ,   -5.69779902263718       ,   -5.74753985602012     
   7.04000000000000       ,   -5.59189590903124       ,   -5.63877101580801     
   7.05000000000000       ,   -5.45081479751034       ,   -5.49469880288781     
   7.06000000000000       ,   -5.27325760397183       ,   -5.31413903881919     
   7.07000000000000       ,   -5.05835078593056       ,   -5.09632758444903     
   7.08000000000000       ,   -4.80558206466120       ,   -4.84084996227261     
   7.09000000000000       ,   -4.51473770584522       ,   -4.54757242671263     
   7.10000000000000       ,   -4.18584973124393       ,   -4.21658428646055     
   7.11000000000000       ,   -3.81916155268410       ,   -3.84816030409636     
   7.12000000000000       ,   -3.41511888740360       ,   -3.44275024491016     
   7.13000000000000       ,   -2.97439053568823       ,   -3.00100023318147     
   7.14000000000000       ,   -2.49792083317734       ,   -2.52380766542991     
   7.15000000000000       ,   -1.98701252694647       ,   -2.01240823219901     
   7.16000000000000       ,   -1.44343568943704       ,   -1.46849034540926     
   7.17000000000000       ,  -0.869555312512982       ,  -0.894329200772756     
   7.18000000000000       ,  -0.268467646157116       ,  -0.292930061747558     
   7.19000000000000       ,   0.355866627189153       ,   0.331831652210443     
   7.20000000000000       ,   0.998505486435041       ,   0.975087078345300     
   7.21000000000000       ,    1.65343832805788       ,    1.63088127689319     
   7.22000000000000       ,    2.31354109835227       ,    2.29212434697818     
   7.23000000000000       ,    2.97058486187181       ,    2.95059763144477     
   7.24000000000000       ,    3.61530630516086       ,    3.59702366612648     
   7.25000000000000       ,    4.23754533584333       ,    4.22120505672622     
   7.26000000000000       ,    4.82645100721175       ,    4.81223340248870     
   7.27000000000000       ,    5.37075271124367       ,    5.35876497353044     
   7.28000000000000       ,    5.85908920429801       ,    5.84935536293359     
   7.29000000000000       ,    6.28038384100873       ,    6.27284106459140     
   7.30000000000000       ,    6.62425067195980       ,    6.61875215795250     
   7.31000000000000       ,    6.88141306767643       ,    6.87773727279013     
   7.32000000000000       ,    7.04411448530339       ,    7.04197998181952     
   7.33000000000000       ,    7.10650006187207       ,    7.10558489150127     
   7.34000000000000       ,    7.06494800090571       ,    7.06491206913767     
   7.35000000000000       ,    6.91833124573644       ,    6.91884007951239     
   7.36000000000000       ,    6.66819265515666       ,    6.66894075066155     
   7.37000000000000       ,    6.31882069154683       ,    6.31955271342522     
   7.38000000000000       ,    5.87721730606930       ,    5.87774556132406     
   7.39000000000000       ,    5.35295500923741       ,    5.35317189610790     
   7.40000000000000       ,    4.75792575372708       ,    4.75781025726854     
   7.41000000000000       ,    4.10598990894647       ,    4.10560765336658     
   7.42000000000000       ,    3.41253894592772       ,    3.41203578674701     
   7.43000000000000       ,    2.69399016191385       ,    2.69357977408792     
   7.44000000000000       ,    1.96723557445054       ,    1.96718193124848     
   7.45000000000000       ,    1.24906977279662       ,    1.24966578264998     
   7.46000000000000       ,   0.555622862727326       ,   0.557166710575948     
   7.47000000000000       ,  -9.817541248453864E-002  ,  -9.540450660414840E-002
   7.48000000000000       ,  -0.699075757088539       ,  -0.694840608018927     
   7.49000000000000       ,   -1.23591179993084       ,   -1.23003748762518     
   7.50000000000000       ,   -1.69990714069070       ,   -1.69229693890779     
   7.51000000000000       ,   -2.08487409866345       ,   -2.07551995204532     
   7.52000000000000       ,   -2.38729693989860       ,   -2.37628373325017     
   7.53000000000000       ,   -2.60629836747175       ,   -2.59380167827994     
   7.54000000000000       ,   -2.74349409418603       ,   -2.72977158733798     
   7.55000000000000       ,   -2.80274603505731       ,   -2.78812311338008     
   7.56000000000000       ,   -2.78982973600352       ,   -2.77468046880344     
   7.57000000000000       ,   -2.71203581137962       ,   -2.69676049626410     
   7.58000000000000       ,   -2.57772816804790       ,   -2.56272911523367     
   7.59000000000000       ,   -2.39588348810121       ,   -2.38154073473044     
   7.60000000000000       ,   -2.17563674473537       ,   -2.16228540147983     
   7.61000000000000       ,   -1.92585643699779       ,   -1.91376724147816     
   7.62000000000000       ,   -1.65477083174391       ,   -1.64413524295297     
   7.63000000000000       ,   -1.36966295357836       ,   -1.36058378661156     
   7.64000000000000       ,   -1.07664759000153       ,   -1.06913578576575     
   7.65000000000000       ,  -0.780538455127857       ,  -0.774516135039689     
   7.66000000000000       ,  -0.484808191282973       ,  -0.480117694738965     
   7.67000000000000       ,  -0.191638408958530       ,  -0.188056584382371     
   7.68000000000000       ,   9.794820698918055E-002  ,   0.100691557649071     
   7.69000000000000       ,   0.383886266028436       ,   0.386087177820384     
   7.70000000000000       ,   0.666812765984281       ,   0.668770710335684     
   7.71000000000000       ,   0.947777812366671       ,   0.949773748796681     
   7.72000000000000       ,    1.22794131961287       ,    1.23021779284967     
   7.73000000000000       ,    1.50827625566860       ,    1.51102096530819     
   7.74000000000000       ,    1.78929796143725       ,    1.79263196266616     
   7.75000000000000       ,    2.07083690288417       ,    2.07480824576180     
   7.76000000000000       ,    2.35186905356608       ,    2.35645226107011     
   7.77000000000000       ,    2.63041417242819       ,    2.63551552399999     
   7.78000000000000       ,    2.90350779086540       ,    2.90897595036991     
   7.79000000000000       ,    3.16724803447957       ,    3.17288917053369     
   7.80000000000000       ,    3.41691376644614       ,    3.42250998731410     
   7.81000000000000       ,    3.64714622853567       ,    3.65247591665407     
   7.82000000000000       ,    3.85218262335493       ,    3.85704112284342     
   7.83000000000000       ,    4.02612713649072       ,    4.03034622973344     
   7.84000000000000       ,    4.16324289588789       ,    4.16670760303192     
   7.85000000000000       ,    4.25824740247161       ,    4.26090884266339     
   7.86000000000000       ,    4.30659406963570       ,    4.30847741939109     
   7.87000000000000       ,    4.30472364311790       ,    4.30593059316995     
   7.88000000000000       ,    4.25027133885828       ,    4.25097685896620     
   7.89000000000000       ,    4.14221838294282       ,    4.14266202435337     
   7.90000000000000       ,    3.98098007021434       ,    3.98145243689427     
   7.91000000000000       ,    3.76842625271891       ,    3.76925162581052     
   7.92000000000000       ,    3.50783408729268       ,    3.50935046684084     
   7.93000000000000       ,    3.20377667524517       ,    3.20631468898546     
   7.94000000000000       ,    2.86195469344221       ,    2.86581690118073     
   7.95000000000000       ,    2.48898105079869       ,    2.49442313940462     
   7.96000000000000       ,    2.09213085245680       ,    2.09934607372181     
   7.97000000000000       ,    1.67907040864641       ,    1.68817837121637     
   7.98000000000000       ,    1.25757963189731       ,    1.26862023726669     
   7.99000000000000       ,   0.835281924358336       ,   0.848214859432974     
   8.00000000000000       ,   0.419394617818884       ,   0.434104410697511     
   8.01000000000000       ,   1.651129053504569E-002  ,   3.281753177565382E-002
   8.02000000000000       ,  -0.367575016470637       ,  -0.349903058156386     
   8.03000000000000       ,  -0.728001360668192       ,  -0.709226814437974     
   8.04000000000000       ,   -1.06091383052894       ,   -1.04131231137129     
   8.05000000000000       ,   -1.36349539083816       ,   -1.34333455602035     
   8.06000000000000       ,   -1.63394498323304       ,   -1.61346504286489     
   8.07000000000000       ,   -1.87141271856921       ,   -1.85080930615473     
   8.08000000000000       ,   -2.07589805334257       ,   -2.05530867998331     
   8.09000000000000       ,   -2.24811936241545       ,   -2.22761440753659     
   8.10000000000000       ,   -2.38936424696610       ,   -2.36894309935474     
   8.11000000000000       ,   -2.50133023304611       ,   -2.48092281382584     
   8.12000000000000       ,   -2.58596524528775       ,   -2.56543874745565     
   8.13000000000000       ,   -2.64531644104098       ,   -2.62448673756835     
   8.14000000000000       ,   -2.68139475143825       ,   -2.66004158370606     
   8.15000000000000       ,   -2.69606090880146       ,   -2.67394569408746     
   8.16000000000000       ,   -2.69093696914270       ,   -2.66782187974257     
   8.17000000000000       ,   -2.66734549323156       ,   -2.64301237385450     
   8.18000000000000       ,   -2.62627675395641       ,   -2.60054446414645     
   8.19000000000000       ,   -2.56838270260555       ,   -2.54112159514839     
   8.20000000000000       ,   -2.49399504346351       ,   -2.46513750845126     
   8.21000000000000       ,   -2.40316370104259       ,   -2.37271000198599     
   8.22000000000000       ,   -2.29571125571650       ,   -2.26373023665119     
   8.23000000000000       ,   -2.17129858114374       ,   -2.13792320589033     
   8.24000000000000       ,   -2.02949692296082       ,   -1.99491499130406     
   8.25000000000000       ,   -1.86986197102654       ,   -1.83430271331600     
   8.26000000000000       ,   -1.69200603610568       ,   -1.65572359146495     
   8.27000000000000       ,   -1.49566517233001       ,   -1.45892018410319     
   8.28000000000000       ,   -1.28075890879626       ,   -1.24379960747718     
   8.29000000000000       ,   -1.04744108754297       ,   -1.01048526644924     
   8.30000000000000       ,  -0.796141078197541       ,  -0.759360298296291     
   8.31000000000000       ,  -0.527595291690186       ,  -0.491102484627620     
   8.32000000000000       ,  -0.242869403337164       ,  -0.206710788469471     
   8.33000000000000       ,   5.662800441655139E-002  ,   9.247609346981872E-002
   8.34000000000000       ,   0.369139560448063       ,   0.404768707752967     
   8.35000000000000       ,   0.692560231262454       ,   0.728122976994368     
   8.36000000000000       ,    1.02444490857441       ,    1.06014331023541     
   8.37000000000000       ,    1.36202221218616       ,    1.39809277460239     
   8.38000000000000       ,    1.70221460100652       ,    1.73891068791042     
   8.39000000000000       ,    2.04166520350789       ,    2.07923822798463     
   8.40000000000000       ,    2.37677202109391       ,    2.41545280090054     
   8.41000000000000       ,    2.70373027593863       ,    2.74371192634407     
   8.42000000000000       ,    3.01858363373813       ,    3.06000725624922     
   8.43000000000000       ,    3.31728481259913       ,    3.36022903129835     
   8.44000000000000       ,    3.59576569140047       ,    3.64024080495092     
   8.45000000000000       ,    3.85001647267867       ,    3.89596365029144     
   8.46000000000000       ,    4.07617277243980       ,    4.12346835126006     
   8.47000000000000       ,    4.27060875344932       ,    4.31907332013558     
   8.48000000000000       ,    4.43003365182747       ,    4.47944524003864     
   8.49000000000000       ,    4.55158833769009       ,    4.60169877143405     
   8.50000000000000       ,    4.63293796820461       ,    4.68349115055680     
   8.51000000000000       ,    4.67235639960425       ,    4.72310720392724     
   8.52000000000000       ,    4.66879787646330       ,    4.71953025322186     
   8.53000000000000       ,    4.62195164929220       ,    4.67249461892141     
   8.54000000000000       ,    4.53227560330101       ,    4.58251595998488     
   8.55000000000000       ,    4.40100570833310       ,    4.45089649953923     
   8.56000000000000       ,    4.23013909638127       ,    4.27970325089434     
   8.57000000000000       ,    4.02238979119341       ,    4.07171862159475     
   8.58000000000000       ,    3.78111748783906       ,    3.83036416602868     
   8.59000000000000       ,    3.51023122759345       ,    3.55959969682345     
   8.60000000000000       ,    3.21407124454252       ,    3.26380136193648     
   8.61000000000000       ,    2.89727358110371       ,    2.94762355675903     
   8.62000000000000       ,    2.56462318967430       ,    2.61585058248949     
   8.63000000000000       ,    2.22090207612606       ,    2.27324470851835     
   8.64000000000000       ,    1.87073953284044       ,    1.92439768932973     
   8.65000000000000       ,    1.51847161008525       ,    1.57359278838812     
   8.66000000000000       ,    1.16801666470054       ,    1.22468395980869     
   8.67000000000000       ,   0.822773110487134       ,   0.880998046187618     
   8.68000000000000       ,   0.485544408006074       ,   0.545264706066023     
   8.69000000000000       ,   0.158494930134619       ,   0.219577348744732     
   8.70000000000000       ,  -0.156861297454030       ,  -9.461329114257465E-002
   8.71000000000000       ,  -0.459638759313852       ,  -0.396473065838351     
   8.72000000000000       ,  -0.749527107322615       ,  -0.685727708159187     
   8.73000000000000       ,   -1.02670963963200       ,  -0.962579072581284     
   8.74000000000000       ,   -1.29175848559281       ,   -1.22759936278898     
   8.75000000000000       ,   -1.54551266081939       ,   -1.48160957062682     
   8.76000000000000       ,   -1.78894608169992       ,   -1.72554917826770     
   8.77000000000000       ,   -2.02303314231478       ,   -1.96034459390362     
   8.78000000000000       ,   -2.24861952807628       ,   -2.18678377751480     
   8.79000000000000       ,   -2.46630556641107       ,   -2.40540407043831     
   8.80000000000000       ,   -2.67634862038283       ,   -2.61639940043964     
   8.81000000000000       ,   -2.87858986745087       ,   -2.81955184736568     
   8.82000000000000       ,   -3.07240934651733       ,   -3.01419109876966     
   8.83000000000000       ,   -3.25671149380817       ,   -3.19918369160546     
   8.84000000000000       ,   -3.42994162544304       ,   -3.37295222644994     
   8.85000000000000       ,   -3.59013207012163       ,   -3.53352305912309     
   8.86000000000000       ,   -3.73497501527608       ,   -3.67859942173164     
   8.87000000000000       ,   -3.86191770124819       ,   -3.80565559156802     
   8.88000000000000       ,   -3.96827446214461       ,   -3.91204668655148     
   8.89000000000000       ,   -4.05134933018073       ,   -3.99512797412408     
   8.90000000000000       ,   -4.10856252966915       ,   -4.05237726724256     
   8.91000000000000       ,   -4.13757419848260       ,   -4.08151405182844     
   8.92000000000000       ,   -4.13639907381545       ,   -4.08060942544645     
   8.93000000000000       ,   -4.10350662587791       ,   -4.04818168494215     
   8.94000000000000       ,   -4.03790215705118       ,   -3.98327341977099     
   8.95000000000000       ,   -3.93918562772159       ,   -3.88550717163876     
   8.96000000000000       ,   -3.80758633536627       ,   -3.75511802466471     
   8.97000000000000       ,   -3.64397296783782       ,   -3.59296280548293     
   8.98000000000000       ,   -3.44983988453682       ,   -3.40050681467975     
   8.99000000000000       ,   -3.22727166780421       ,   -3.17979010391618     
   9.00000000000000       ,   -2.97888896261240       ,   -2.93337619521372     
   9.01000000000000       ,   -2.70777933470445       ,   -2.66428676625295     
   9.02000000000000       ,   -2.41741729592926       ,   -2.37592617453538     
   9.03000000000000       ,   -2.11157776319624       ,   -2.07199976150758     
   9.04000000000000       ,   -1.79424704883045       ,   -1.75642968343934     
   9.05000000000000       ,   -1.46953505990935       ,   -1.43327159559376     
   9.06000000000000       ,   -1.14159176397532       ,   -1.10663492157755     
   9.07000000000000       ,  -0.814530222233423       ,  -0.780608732713630     
   9.08000000000000       ,  -0.492357669827024       ,  -0.459194510089793     
   9.09000000000000       ,  -0.178915308189415       ,  -0.146246331686111     
   9.10000000000000       ,   0.122173265473456       ,   0.154581619758041     
   9.11000000000000       ,   0.407545673700125       ,   0.439880844399460     
   9.12000000000000       ,   0.674137531749099       ,   0.706528564666945     
   9.13000000000000       ,   0.919213717047797       ,   0.951723120159363     
   9.14000000000000       ,    1.14039548898389       ,    1.17301577493172     
   9.15000000000000       ,    1.33568462735559       ,    1.36833976831967     
   9.16000000000000       ,    1.50348540109721       ,    1.53603706809926     
   9.17000000000000       ,    1.64262469554499       ,    1.67488281137776     
   9.18000000000000       ,    1.75237007234485       ,    1.78410689923138     
   9.19000000000000       ,    1.83244497348314       ,    1.86341170552734     
   9.20000000000000       ,    1.88303977339305       ,    1.91298442795136     
   9.21000000000000       ,    1.90481698995235       ,    1.93350230381441     
   9.22000000000000       ,    1.89890873638857       ,    1.92612877828480     
   9.23000000000000       ,    1.86690446784281       ,    1.89249877764953     
   9.24000000000000       ,    1.81082726775412       ,    1.83469151742691     
   9.25000000000000       ,    1.73309733041695       ,    1.75518975852091     
   9.26000000000000       ,    1.63648190763843       ,    1.65682508952411     
   9.27000000000000       ,    1.52403176156981       ,    1.54270961810399     
   9.28000000000000       ,    1.39900504886419       ,    1.41615534333555     
   9.29000000000000       ,    1.26478048773973       ,    1.28058338793081     
   9.30000000000000       ,    1.12476255669477       ,    1.13942612342871     
   9.31000000000000       ,   0.982282267484209       ,   0.996025951693169     
   9.32000000000000       ,   0.840497675859207       ,   0.853535047534635     
   9.33000000000000       ,   0.702298681840431       ,   0.714820666081935     
   9.34000000000000       ,   0.570220782288117       ,   0.582380636564037     
   9.35000000000000       ,   0.446372246570132       ,   0.458273382501895     
   9.36000000000000       ,   0.332378687127563       ,   0.344066229383640     
   9.37000000000000       ,   0.229348209260333       ,   0.240804909047156     
   9.38000000000000       ,   0.137859289086427       ,   0.149006090440811     
   9.39000000000000       ,   5.797230567479204E-002  ,   6.867352263640625E-002
   9.40000000000000       ,  -1.073568097822165E-002  ,  -6.629544155379171E-004
   9.41000000000000       ,  -6.911467317122587E-002  ,  -5.988760623286665E-002
   9.42000000000000       ,  -0.118367058287516       ,  -0.110221522746615     
   9.43000000000000       ,  -0.159958703466093       ,  -0.153132240058588     
   9.44000000000000       ,  -0.195520909353273       ,  -0.190235457421390     
   9.45000000000000       ,  -0.226748898709716       ,  -0.223194540319848     
   9.46000000000000       ,  -0.255302750288448       ,  -0.253623644221898     
   9.47000000000000       ,  -0.282716544996468       ,  -0.283000064979590     
   9.48000000000000       ,  -0.310320971595900       ,  -0.312590828860107     
   9.49000000000000       ,  -0.339183771045169       ,  -0.343397611014478     
   9.50000000000000       ,  -0.370071234836919       ,  -0.376122872677041     
   9.51000000000000       ,  -0.403432587801469       ,  -0.411158711438057     
   9.52000000000000       ,  -0.439407571051610       ,  -0.448598417515737     
   9.53000000000000       ,  -0.477855997949122       ,  -0.488269222927910     
   9.54000000000000       ,  -0.518406590730899       ,  -0.529783322639012     
   9.55000000000000       ,  -0.560521119548280       ,  -0.572603034704549     
   9.56000000000000       ,  -0.603568849935886       ,  -0.616115035526180     
   9.57000000000000       ,  -0.646905632292609       ,  -0.659708023525633     
   9.58000000000000       ,  -0.689951687881111       ,  -0.702847973373006     
   9.59000000000000       ,  -0.732262283161105       ,  -0.745145360013024     
   9.60000000000000       ,  -0.773586031901015       ,  -0.786409345288042     
   9.61000000000000       ,  -0.813906487278493       ,  -0.826684890033406     
   9.62000000000000       ,  -0.853463921819391       ,  -0.866270015483110     
   9.63000000000000       ,  -0.892755656199806       ,  -0.905711902570976     
   9.64000000000000       ,  -0.932514885948971       ,  -0.945782083515490     
   9.65000000000000       ,  -0.973669554925922       ,  -0.987432535616793     
   9.66000000000000       ,   -1.01728432066463       ,   -1.03173592033267     
   9.67000000000000       ,   -1.06448993963523       ,   -1.07981441643260     
   9.68000000000000       ,   -1.11640537420991       ,   -1.13276248407288     
   9.69000000000000       ,   -1.17405851250907       ,   -1.19156939810826     
   9.70000000000000       ,   -1.23831154872836       ,   -1.25704746164335     
   9.71000000000000       ,   -1.30979677688600       ,   -1.32977144267724     
   9.72000000000000       ,   -1.38886781938530       ,   -1.41003398721106     
   9.73000000000000       ,   -1.47557018948038       ,   -1.49782060164506     
   9.74000000000000       ,   -1.56963364900727       ,   -1.59280634373609     
   9.75000000000000       ,   -1.67048716934795       ,   -1.69437471563405     
   9.76000000000000       ,   -1.77729555204654       ,   -1.80165753143633     
   9.77000000000000       ,   -1.88901504304842       ,   -1.91359286024134     
   9.78000000000000       ,   -2.00446370928865       ,   -2.02899664816533     
   9.79000000000000       ,   -2.12240105816233       ,   -2.14664241406418     
   9.80000000000000       ,   -2.24161047212025       ,   -2.26534259080421     
   9.81000000000000       ,   -2.36097758041034       ,   -2.38402471878014     
   9.82000000000000       ,   -2.47955774515445       ,   -2.50179583212230     
   9.83000000000000       ,   -2.59662641191275       ,   -2.61798901738018     
   9.84000000000000       ,   -2.71170714136026       ,   -2.73218724035042     
   9.85000000000000       ,   -2.82457363852084       ,   -2.84422106544371     
   9.86000000000000       ,   -2.93522393641724       ,   -2.95413873878022     
   9.87000000000000       ,   -3.04382695231759       ,   -3.06214915100500     
   9.88000000000000       ,   -3.15064377800975       ,   -3.16854030093910     
   9.89000000000000       ,   -3.25592814160316       ,   -3.27357790037421     
   9.90000000000000       ,   -3.35981233805309       ,   -3.37739054860321     
   9.91000000000000       ,   -3.46218642996172       ,   -3.47984932894740     
   9.92000000000000       ,   -3.56257955031791       ,   -3.58045062558601     
   9.93000000000000       ,   -3.66005260451124       ,   -3.67821134336512     
   9.94000000000000       ,   -3.75311151566081       ,   -3.77158548733312     
   9.95000000000000       ,   -3.83964937079601       ,   -3.85841021352993     
   9.96000000000000       ,   -3.91692443379127       ,   -3.93588803034244     
   9.97000000000000       ,   -3.98157906378549       ,   -4.00060988300637     
   9.98000000000000       ,   -4.02970222261839       ,   -4.04862150143143     
   9.99000000000000       ,   -4.05693561078020       ,   -4.07553277235157     
   10.0000000000000       ,   -4.05862070088659       ,   -4.07666717134239     
   10.0100000000000       ,   -4.02998121614287       ,   -4.04724563053262     
   10.0200000000000       ,   -3.96633310575387       ,   -3.98259679639941     
   10.0300000000000       ,   -3.86331196698707       ,   -3.87838361065636     
   10.0400000000000       ,   -3.71710630075415       ,   -3.73083466615350     
   10.0500000000000       ,   -3.52468407922942       ,   -3.53696795804537     
   10.0600000000000       ,   -3.28399992606201       ,   -3.29479453857759     
   10.0700000000000       ,   -2.99417079316039       ,   -3.00349021792982     
   10.0800000000000       ,   -2.65560934606347       ,   -2.66352481324272     
   10.0900000000000       ,   -2.27010627826032       ,   -2.27674046672479     
   10.1000000000000       ,   -1.84085535493788       ,   -1.84637312237268     
   10.1100000000000       ,   -1.37241799199530       ,   -1.37701422374873     
   10.1200000000000       ,  -0.870627431038928       ,  -0.874512899170744     
   10.1300000000000       ,  -0.342435881342775       ,  -0.345822145250487     
   10.1400000000000       ,   0.204288834958353       ,   0.201204390566810     
   10.1500000000000       ,   0.761007771839069       ,   0.758055681373565     
   10.1600000000000       ,    1.31878480766306       ,    1.31583506514267     
   10.1700000000000       ,    1.86857672471325       ,    1.86554729909721     
   10.1800000000000       ,    2.40152520306614       ,    2.39838693116536     
   10.1900000000000       ,    2.90923644600840       ,    2.90601397195887     
   10.2000000000000       ,    3.38403491904894       ,    3.38080363827307     
   10.2100000000000       ,    3.81917923630799       ,    3.81605849240693     
   10.2200000000000       ,    4.20903047356569       ,    4.20617352753369     
   10.2300000000000       ,    4.54916598980579       ,    4.54674751272340     
   10.2400000000000       ,    4.83643502683630       ,    4.83463704312028     
   10.2500000000000       ,    5.06895573322461       ,    5.06795304907868     
   10.2600000000000       ,    5.24605661606103       ,    5.24600279951406     
   10.2700000000000       ,    5.36816855483199       ,    5.36918348776264     
   10.2800000000000       ,    5.43667622317615       ,    5.43883612577306     
   10.2900000000000       ,    5.45373989039784       ,    5.45707053372776     
   10.3000000000000       ,    5.42209998649089       ,    5.42657357305843     
   10.3100000000000       ,    5.34487742879269       ,    5.35041335163091     
   10.3200000000000       ,    5.22538249283823       ,    5.23185190058017     
   10.3300000000000       ,    5.06694398508474       ,    5.07417780433544     
   10.3400000000000       ,    4.87276871313954       ,    4.88056853037901     
   10.3500000000000       ,    4.64583886914734       ,    4.65398987034453     
   10.3600000000000       ,    4.38885210257883       ,    4.39713712429534     
   10.3700000000000       ,    4.10420594737984       ,    4.11241961856278     
   10.3800000000000       ,    3.79402508982028       ,    3.80198704374332     
   10.3900000000000       ,    3.46022692569338       ,    3.46779313612615     
   10.4000000000000       ,    3.10461815732916       ,    3.11168959608966     
   10.4100000000000       ,    2.72901299821539       ,    2.73554101191205     
   10.4200000000000       ,    2.33536202798231       ,    2.34135007496038     
   10.4300000000000       ,    1.92587997212582       ,    1.93138162835166     
   10.4400000000000       ,    1.50316071867126       ,    1.50827413378701     
   10.4500000000000       ,    1.07026872492117       ,    1.07512796701772     
   10.4600000000000       ,   0.630797555970364       ,   0.635561507026477     
   10.4700000000000       ,   0.188888528492734       ,   0.193728165777403     
   10.4800000000000       ,  -0.250794837909643       ,  -0.245709828247121     
   10.4900000000000       ,  -0.683137812612468       ,  -0.677652102754200     
   10.5000000000000       ,   -1.10268897470374       ,   -1.09667338805114     
   10.5100000000000       ,   -1.50381327228036       ,   -1.49717444862971     
   10.5200000000000       ,   -1.88087584588518       ,   -1.87356308916235     
   10.5300000000000       ,   -2.22844653292443       ,   -2.22045536490330     
   10.5400000000000       ,   -2.54151328989865       ,   -2.53288547998153     
   10.5500000000000       ,   -2.81569183099872       ,   -2.80651193393152     
   10.5600000000000       ,   -3.04741865046165       ,   -3.03780734142649     
   10.5700000000000       ,   -3.23411528563444       ,   -3.22422001656691     
   10.5800000000000       ,   -3.37431314889102       ,   -3.36429684398349     
   10.5900000000000       ,   -3.46773042016944       ,   -3.45775906828702     
   10.6000000000000       ,   -3.51529521435161       ,   -3.50552529152983     
   10.6100000000000       ,   -3.51911234960045       ,   -3.50967901073766     
   10.6200000000000       ,   -3.48237434977955       ,   -3.47338126506264     
   10.6300000000000       ,   -3.40922060939963       ,   -3.40073219301677     
   10.6400000000000       ,   -3.30455172707606       ,   -3.29658832321110     
   10.6500000000000       ,   -3.17380868098872       ,   -3.16634504877194     
   10.6600000000000       ,   -3.02272861108604       ,   -3.01569580284651     
   10.6700000000000       ,   -2.85709035804755       ,   -2.85038083231397     
   10.6800000000000       ,   -2.68246350321053       ,   -2.67593907419738     
   10.6900000000000       ,   -2.50397442150017       ,   -2.49747643798334     
   10.7000000000000       ,   -2.32610181746536       ,   -2.31946280131405     
   10.7100000000000       ,   -2.15251242995127       ,   -2.14556829996672     
   10.7200000000000       ,   -1.98594517692342       ,   -1.97854714451438     
   10.7300000000000       ,   -1.82814912032174       ,   -1.82017437251185     
   10.7400000000000       ,   -1.67987744219482       ,   -1.67123782204274     
   10.7500000000000       ,   -1.54093633559984       ,   -1.53158438300275     
   10.7600000000000       ,   -1.41028452931968       ,   -1.40021644475671     
   10.7700000000000       ,   -1.28617627863700       ,   -1.27543160367175     
   10.7800000000000       ,   -1.16633823915224       ,   -1.15499629314255     
   10.7900000000000       ,   -1.04816883974924       ,   -1.03634219390273     
   10.8000000000000       ,  -0.928947687278796       ,  -0.916773176998737     
   10.8100000000000       ,  -0.806042226413597       ,  -0.793670184548845     
   10.8200000000000       ,  -0.677099351475486       ,  -0.664681875254583     
   10.8300000000000       ,  -0.540210881911639       ,  -0.527890015509400     
   10.8400000000000       ,  -0.394043682747085       ,  -0.381940400666784     
   10.8500000000000       ,  -0.237927609225915       ,  -0.226132422957691     
   10.8600000000000       ,  -7.189722315051020E-002  ,  -6.046310976086065E-002
   10.8700000000000       ,   0.103313811577902       ,   0.114375635764124     
   10.8800000000000       ,   0.286323783031785       ,   0.297044934469811     
   10.8900000000000       ,   0.475194781651650       ,   0.485647554575876     
   10.9000000000000       ,   0.667558263946551       ,   0.677850416798713     
   10.9100000000000       ,   0.860765314868806       ,   0.871032194690112     
   10.9200000000000       ,    1.05205127247252       ,    1.06244587175983     
   10.9300000000000       ,    1.23870373777490       ,    1.24938543150258     
   10.9400000000000       ,    1.41822305987564       ,    1.42934586752046     
   10.9500000000000       ,    1.58846514268395       ,    1.60016639404836     
   10.9600000000000       ,    1.74775780289462       ,    1.76014805490267     
   10.9700000000000       ,    1.89498381819650       ,    1.90813877511172     
   10.9800000000000       ,    2.02962610747435       ,    2.04358114632157     
   10.9900000000000       ,    2.15177302575692       ,    2.16652073342382     
   11.0000000000000       ,    2.26208436838731       ,    2.27757527154029     
   11.0100000000000       ,    2.36172119260194       ,    2.37786762298442     
   11.0200000000000       ,    2.45224482127425       ,    2.46892762493250     
   11.0300000000000       ,    2.53549225358253       ,    2.55256984049017     
   11.0400000000000       ,    2.61343655972230       ,    2.63075561590009     
   11.0500000000000       ,    2.68804160542574       ,    2.70544866591007     
   11.0600000000000       ,    2.76112060017911       ,    2.77847361723434     
   11.0700000000000       ,    2.83420749477842       ,    2.85138653627824     
   11.0800000000000       ,    2.90844921325617       ,    2.92536549108550     
   11.0900000000000       ,    2.98452517153894       ,    3.00112772431539     
   11.1000000000000       ,    3.06259862109868       ,    3.07887815018883     
   11.1100000000000       ,    3.14230219352396       ,    3.15829176321937     
   11.1200000000000       ,    3.22275775796517       ,    3.23853030401517     
   11.1300000000000       ,    3.30262848795442       ,    3.31829131607424     
   11.1400000000000       ,    3.38019901097447       ,    3.39588569081010     
   11.1500000000000       ,    3.45347781148309       ,    3.46933806518476     
   11.1600000000000       ,    3.52031478022133       ,    3.53650311387140     
   11.1700000000000       ,    3.57852602366787       ,    3.59518994325427     
   11.1800000000000       ,    3.62601780704105       ,    3.64328649152724     
   11.1900000000000       ,    3.66090180540980       ,    3.67887607543721     
   11.2000000000000       ,    3.68159464738047       ,    3.70033897177519     
   11.2100000000000       ,    3.68689598847277       ,    3.70643311917057     
   11.2200000000000       ,    3.67604095256663       ,    3.69634958307126     
   11.2300000000000       ,    3.64872461424294       ,    3.66974023180841     
   11.2400000000000       ,    3.60509813377583       ,    3.62671699785864     
   11.2500000000000       ,    3.54573806688371       ,    3.56782401369911     
   11.2600000000000       ,    3.47159212462686       ,    3.49398568716153     
   11.2700000000000       ,    3.38390613968681       ,    3.40643529992300     
   11.2800000000000       ,    3.28413810895770       ,    3.30662987720743     
   11.2900000000000       ,    3.17386586086747       ,    3.19615781509731     
   11.3000000000000       ,    3.05469510187622       ,    3.07664602239248     
   11.3100000000000       ,    2.92817432574702       ,    2.94967312749372     
   11.3200000000000       ,    2.79572234963033       ,    2.81669464073905     
   11.3300000000000       ,    2.65857313113487       ,    2.67898490294849     
   11.3400000000000       ,    2.51774110457299       ,    2.53759927210255     
   11.3500000000000       ,    2.37400865640028       ,    2.39335840325298     
   11.3600000000000       ,    2.22793565587236       ,    2.24685477668904     
   11.3700000000000       ,    2.07988928782545       ,    2.09847994645333     
   11.3800000000000       ,    1.93009091707088       ,    1.94846943332752     
   11.3900000000000       ,    1.77867545320192       ,    1.79696088065134     
   11.4000000000000       ,    1.62575776688319       ,    1.64406011734599     
   11.4100000000000       ,    1.47150019569869       ,    1.48990919619746     
   11.4200000000000       ,    1.31617510273974       ,    1.33475033485552     
   11.4300000000000       ,    1.16021681725876       ,    1.17897998991289     
   11.4400000000000       ,    1.00425806648634       ,    1.02318801811753     
   11.4500000000000       ,   0.849147145440633       ,   0.868177971733715     
   11.4600000000000       ,   0.695943487310157       ,   0.714965960699771     
   11.4700000000000       ,   0.545890892127673       ,   0.564757096158542     
   11.4800000000000       ,   0.400369335424880       ,   0.418900198628472     
   11.4900000000000       ,   0.260827896424272       ,   0.278823094297737     
   11.5000000000000       ,   0.128702805521554       ,   0.145952321495568     
   11.5100000000000       ,   5.325812619579895E-003  ,   2.162232281884470E-002
   11.5200000000000       ,  -0.108171061877533       ,  -9.301988026834879E-002
   11.5300000000000       ,  -0.210947873057321       ,  -0.197108008905166     
   11.5400000000000       ,  -0.302539650490249       ,  -0.290141233033637     
   11.5500000000000       ,  -0.382923721675878       ,  -0.372054004904380     
   11.5600000000000       ,  -0.452566160912403       ,  -0.443265539707893     
   11.5700000000000       ,  -0.512443255714945       ,  -0.504704615164619     
   11.5800000000000       ,  -0.564035359466520       ,  -0.557806815362420     
   11.5900000000000       ,  -0.609292166000742       ,  -0.604483005825465     
   11.6000000000000       ,  -0.650570191981976       ,  -0.647059589871714     
   11.6100000000000       ,  -0.690544973689910       ,  -0.688192847298358     
   11.6200000000000       ,  -0.732102065687011       ,  -0.730761282716609     
   11.6300000000000       ,  -0.778212268739388       ,  -0.777741308048992     
   11.6400000000000       ,  -0.831797528043207       ,  -0.832072662414128     
   11.6500000000000       ,  -0.895594566378707       ,  -0.896520664221146     
   11.6600000000000       ,  -0.972023511722053       ,  -0.973542651264786     
   11.6700000000000       ,   -1.06306853421860       ,   -1.06516577924959     
   11.6800000000000       ,   -1.17017684057072       ,   -1.17288273044395     
   11.6900000000000       ,   -1.29418132897333       ,   -1.29757087268678     
   11.7000000000000       ,   -1.43525085266230       ,   -1.43943907018744     
   11.7100000000000       ,   -1.59287046201150       ,   -1.59800476733137     
   11.7200000000000       ,   -1.76585229437309       ,   -1.77210224558856     
   11.7300000000000       ,   -1.95237606468704       ,   -1.95992120024628     
   11.7400000000000       ,   -2.15005648521600       ,   -2.15907310764819     
   11.7500000000000       ,   -2.35603350934363       ,   -2.36668135837714     
   11.7600000000000       ,   -2.56708013841182       ,   -2.57948990804750     
   11.7700000000000       ,   -2.77972171929735       ,   -2.79398431721900     
   11.7800000000000       ,   -2.99036023796496       ,   -3.00651856453178     
   11.7900000000000       ,   -3.19539709902266       ,   -3.21344094565140     
   11.8000000000000       ,   -3.39134826522938       ,   -3.41121271097894     
   11.8100000000000       ,   -3.57494638016535       ,   -3.59651381670215     
   11.8200000000000       ,   -3.74322555493462       ,   -3.76633121171655     
   11.8300000000000       ,   -3.89358578979455       ,   -3.91802638191901     
   11.8400000000000       ,   -4.02383543410744       ,   -4.04938033284106     
   11.8500000000000       ,   -4.13221156534456       ,   -4.15861571196049     
   11.8600000000000       ,   -4.21737959119429       ,   -4.24439725134681     
   11.8700000000000       ,   -4.27841465463222       ,   -4.30581305200363     
   11.8800000000000       ,   -4.31476846808518       ,   -4.34234034665185     
   11.8900000000000       ,   -4.32622595434057       ,   -4.35380019752278     
   11.9000000000000       ,   -4.31285648433693       ,   -4.34030606077462     
   11.9100000000000       ,   -4.27496455480462       ,   -4.30221125426168     
   11.9200000000000       ,   -4.21304444606703       ,   -4.24006010095444     
   11.9300000000000       ,   -4.12774277057364       ,   -4.15454691198073     
   11.9400000000000       ,   -4.01983191641294       ,   -4.04648606999376     
   11.9500000000000       ,   -3.89019627613445       ,   -3.91679534415606     
   11.9600000000000       ,   -3.73983191234517       ,   -3.76649329625452     
   11.9700000000000       ,   -3.56985903835540       ,   -3.59671031635502     
   11.9800000000000       ,   -3.38154547701274       ,   -3.40871155184205     
   11.9900000000000       ,   -3.17633819163352       ,   -3.20392885784729     
   12.0000000000000       ,   -2.95589913698705       ,   -2.98399798216604     
   12.0100000000000       ,   -2.72214111725797       ,   -2.75079657044732     
   12.0200000000000       ,   -2.47725910356711       ,   -2.50647828429411     
   12.0300000000000       ,   -2.22375257502868       ,   -2.25349838923937     
   12.0400000000000       ,   -1.96443489951088       ,   -1.99462658982363     
   12.0500000000000       ,   -1.70242653460962       ,   -1.73294363884564     
   12.0600000000000       ,   -1.44112985541435       ,   -1.47181927788861     
   12.0700000000000       ,   -1.18418463458134       ,   -1.21487030726008     
   12.0800000000000       ,  -0.935404529351830       ,  -0.965898951204226     
   12.0900000000000       ,  -0.698696278477026       ,  -0.728813084830029     
   12.1000000000000       ,  -0.477964586366540       ,  -0.507531225647964     
   12.1100000000000       ,  -0.277006783067414       ,  -0.305876371289432     
   12.1200000000000       ,  -9.940221791523252E-002  ,  -0.127463701988440     
   12.1300000000000       ,   5.159809162546139E-002  ,   2.441220670512015E-002
   12.1400000000000       ,   0.173175819934910       ,   0.146884746971649     
   12.1500000000000       ,   0.263038121414356       ,   0.237611417920134     
   12.1600000000000       ,   0.319493787624464       ,   0.294853437760162     
   12.1700000000000       ,   0.341508573077842       ,   0.317534377589541     
   12.1800000000000       ,   0.328736634547313       ,   0.305274521814807     
   12.1900000000000       ,   0.281526389088859       ,   0.258399049232875     
   12.2000000000000       ,   0.200900585139776       ,   0.177919661982114     
   12.2100000000000       ,   8.851190295301835E-002  ,   6.549086759620068E-002
   12.2200000000000       ,  -5.342314435976659E-002  ,  -7.665636148192879E-002
   12.2300000000000       ,  -0.222207946440584       ,  -0.245799467699888     
   12.2400000000000       ,  -0.414762064625325       ,  -0.438822537921735     
   12.2500000000000       ,  -0.627724213303934       ,  -0.652321916180148     
   12.2600000000000       ,  -0.857555790273145       ,  -0.882712842067102     
   12.2700000000000       ,   -1.10063885346859       ,   -1.12633078371794     
   12.2800000000000       ,   -1.35336290793372       ,   -1.37952158332340     
   12.2900000000000       ,   -1.61219571483387       ,   -1.63871538159951     
   12.3000000000000       ,   -1.87373451423933       ,   -1.90048048607477     
   12.3100000000000       ,   -2.13473549321379       ,   -2.16155482297082     
   12.3200000000000       ,   -2.39212094010944       ,   -2.41885427092058     
   12.3300000000000       ,   -2.64296520174466       ,   -2.66945891003159     
   12.3400000000000       ,   -2.88446219277483       ,   -2.91057991794205     
   12.3500000000000       ,   -3.11387868696346       ,   -3.13951139162939     
   12.3600000000000       ,   -3.32849884652848       ,   -3.35357266323291     
   12.3700000000000       ,   -3.52556633055364       ,   -3.55004761770110     
   12.3800000000000       ,   -3.70223079867091       ,   -3.72612803771475     
   12.3900000000000       ,   -3.85550564830283       ,   -3.87886805042789     
   12.4000000000000       ,   -3.98224337677676       ,   -4.00515631320686     
   12.4100000000000       ,   -4.07913405680575       ,   -4.10171166424759     
   12.4200000000000       ,   -4.14273109727255       ,   -4.16510662143328     
   12.4300000000000       ,   -4.16950679992278       ,   -4.19182140992771     
   12.4400000000000       ,   -4.15593830858930       ,   -4.17832923093988     
   12.4500000000000       ,   -4.09862249103219       ,   -4.12121136490332     
   12.4600000000000       ,   -3.99441621613105       ,   -4.01729855831665     
   12.4700000000000       ,   -3.84059651725700       ,   -3.86383310581980     
   12.4800000000000       ,   -3.63503338943393       ,   -3.65864423580635     
   12.4900000000000       ,   -3.37636656620430       ,   -3.40032795623103     
   12.5000000000000       ,   -3.06417665746047       ,   -3.08842151645100     
   12.5100000000000       ,   -2.69914057413302       ,   -2.72356216585031     
   12.5200000000000       ,   -2.28316126387776       ,   -2.30761998644299     
   12.5300000000000       ,   -1.81946244714446       ,   -1.84379525816718     
   12.5400000000000       ,   -1.31264025639673       ,   -1.33667206216838     
   12.5500000000000       ,  -0.768665392321198       ,  -0.792221586174967     
   12.5600000000000       ,  -0.194831540020550       ,  -0.217750784047115     
   12.5700000000000       ,   0.400351769158924       ,   0.378205450117173     
   12.5800000000000       ,    1.00732103224511       ,   0.986047732955442     
   12.5900000000000       ,    1.61567188232446       ,    1.59532765721664     
   12.6000000000000       ,    2.21441732864251       ,    2.19500900630602     
   12.6100000000000       ,    2.79228265785478       ,    2.77376603660807     
   12.6200000000000       ,    3.33802650901852       ,    3.32030809957748     
   12.6300000000000       ,    3.84077608326721       ,    3.82371831076772     
   12.6400000000000       ,    4.29036344803613       ,    4.27379297701008     
   12.6500000000000       ,    4.67764950254857       ,    4.66136812286505     
   12.6600000000000       ,    4.99482241148567       ,    4.97861973706515     
   12.6700000000000       ,    5.23565817952681       ,    5.21932527831458     
   12.6800000000000       ,    5.39573249021186       ,    5.37907549316557     
   12.6900000000000       ,    5.47257489737569       ,    5.45542763129152     
   12.7000000000000       ,    5.46575883890400       ,    5.44799359311733     
   12.7100000000000       ,    5.37692362250653       ,    5.35845928829792     
   12.7200000000000       ,    5.20972737901708       ,    5.19053438380584     
   12.7300000000000       ,    4.96973285078711       ,    4.94983453386437     
   12.7400000000000       ,    4.66423064197751       ,    4.64370096860749     
   12.7500000000000       ,    4.30200707290532       ,    4.28096484127686     
   12.7600000000000       ,    3.89306593588657       ,    3.87166587826091     
   12.7700000000000       ,    3.44831514984501       ,    3.42673654773513     
   12.7800000000000       ,    2.97923048538163       ,    2.95766409317564     
   12.7900000000000       ,    2.49750913962852       ,    2.47614332935272     
   12.8000000000000       ,    2.01472596964828       ,    1.99373306321372     
   12.8100000000000       ,    1.54200466272563       ,    1.52152840330788     
   12.8200000000000       ,    1.08971507774530       ,    1.06986011008913     
   12.8300000000000       ,   0.667206504438811       ,   0.648030590831941     
   12.8400000000000       ,   0.282584746708314       ,   0.264094251454971     
   12.8500000000000       ,  -5.746115343388624E-002  ,  -7.531220906013410E-002
   12.8600000000000       ,  -0.347778961763926       ,  -0.365086223381088     
   12.8700000000000       ,  -0.584818729351001       ,  -0.601721415210826     
   12.8800000000000       ,  -0.766644531108619       ,  -0.783316361035491     
   12.8900000000000       ,  -0.892895281676603       ,  -0.909533076392548     
   12.9000000000000       ,  -0.964699169349466       ,  -0.981509926411534     
   12.9100000000000       ,  -0.984547648521382       ,   -1.00173500224650     
   12.9200000000000       ,  -0.956135965601429       ,  -0.973886974752195     
   12.9300000000000       ,  -0.884177844609089       ,  -0.902651021061858     
   12.9400000000000       ,  -0.774202230885218       ,  -0.793517627596183     
   12.9500000000000       ,  -0.632339909088438       ,  -0.652571933598390     
   12.9600000000000       ,  -0.465107416808068       ,  -0.486280838512746     
   12.9700000000000       ,  -0.279195023096403       ,  -0.301284413006110     
   12.9800000000000       ,  -8.126469634279915E-002  ,  -0.104197293672895     
   12.9900000000000       ,   0.122236983380409       ,   9.857522514178009E-002
   13.0000000000000       ,   0.325247038316693       ,   0.301002694974943     
   13.0100000000000       ,   0.522232524182058       ,   0.497573889271433     
   13.0200000000000       ,   0.708313229684605       ,   0.683418240475667     
   13.0300000000000       ,   0.879359554639956       ,   0.854403327811026     
   13.0400000000000       ,    1.03206520660049       ,    1.00720807180112     
   13.0500000000000       ,    1.16399494282138       ,    1.13937181466486     
   13.0600000000000       ,    1.27360802921639       ,    1.24931985075185     
   13.0700000000000       ,    1.36025840411348       ,    1.33636623586128     
   13.0800000000000       ,    1.42417274579750       ,    1.40069487595234     
   13.0900000000000       ,    1.46640777992836       ,    1.44332000806754     
   13.1000000000000       ,    1.48878826048989       ,    1.46602727546911     
   13.1100000000000       ,    1.49382715042195       ,    1.47129669996524     
   13.1200000000000       ,    1.48462964629799       ,    1.46220899720324     
   13.1300000000000       ,    1.46478285923916       ,    1.44233688731429     
   13.1400000000000       ,    1.43823319619832       ,    1.41562333526344     
   13.1500000000000       ,    1.40915378519963       ,    1.38624901224726     
   13.1600000000000       ,    1.38180464667885       ,    1.35849168883088     
   13.1700000000000       ,    1.36038871088155       ,    1.33658072790708     
   13.1800000000000       ,    1.34890718839895       ,    1.32455030670874     
   13.1900000000000       ,    1.35101817962350       ,    1.32609542037529     
   13.2000000000000       ,    1.36990271671492       ,    1.34443505930443     
   13.2100000000000       ,    1.40814262496124       ,    1.38218716285288     
   13.2200000000000       ,    1.46761462826516       ,    1.44125999081713     
   13.2300000000000       ,    1.54940497146726       ,    1.52276438716148     
   13.2400000000000       ,    1.65374846592112       ,    1.62695101446865     
   13.2500000000000       ,    1.77999527263861       ,    1.75317600334337     
   13.2600000000000       ,    1.92660792285157       ,    1.89989759511553     
   13.2700000000000       ,    2.09119005837149       ,    2.06470528190678     
   13.2800000000000       ,    2.27054718891348       ,    2.24438170490804     
   13.2900000000000       ,    2.46077846038893       ,    2.43499621365955     
   13.3000000000000       ,    2.65739706903510       ,    2.63202758223397     
   13.3100000000000       ,    2.85547561187704       ,    2.83051199671754     
   13.3200000000000       ,    3.04981140973685       ,    3.02521115027412     
   13.3300000000000       ,    3.23510575002249       ,    3.21079418425285     
   13.3400000000000       ,    3.40615014301651       ,    3.38202636700205     
   13.3500000000000       ,    3.55801212767016       ,    3.53395686602917     
   13.3600000000000       ,    3.68621294711840       ,    3.66209778833684     
   13.3700000000000       ,    3.78688956858855       ,    3.76258686383912     
   13.3800000000000       ,    3.85693405501952       ,    3.83232673222316     
   13.3900000000000       ,    3.89410419273851       ,    3.86909474672631     
   13.4000000000000       ,    3.89710050541305       ,    3.87161848932798     
   13.4100000000000       ,    3.86560628330965       ,    3.83961374082803     
   13.4200000000000       ,    3.80028895511039       ,    3.77378338896398     
   13.4300000000000       ,    3.70276293992811       ,    3.67577759782906     
   13.4400000000000       ,    3.57551594365694       ,    3.54811740416848     
   13.4500000000000       ,    3.42180240709781       ,    3.39408565022790     
   13.4600000000000       ,    3.24550937677493       ,    3.21759071206011     
   13.4700000000000       ,    3.05100136491505       ,    3.02300974957376     
   13.4800000000000       ,    2.84295171862268       ,    2.81501911818467     
   13.4900000000000       ,    2.62616857448264       ,    2.59842008933272     
   13.5000000000000       ,    2.40542360063833       ,    2.37796809897641     
   13.5100000000000       ,    2.18529141544944       ,    2.15821337510073     
   13.5200000000000       ,    1.97000683721195       ,    1.94336000844446     
   13.5300000000000       ,    1.76334600492066       ,    1.73714937072192     
   13.5400000000000       ,    1.56853597989910       ,    1.54277231915921     
   13.5500000000000       ,    1.38819577528646       ,    1.36281294075083     
   13.5600000000000       ,    1.22430996169113       ,    1.19922478274874     
   13.5700000000000       ,    1.07823416771438       ,    1.05333869302528     
   13.5800000000000       ,   0.950730040204965       ,   0.925899661267149     
   13.5900000000000       ,   0.842025653011041       ,   0.817128509860742     
   13.6000000000000       ,   0.751896045728222       ,   0.726803020364951     
   13.6100000000000       ,   0.679757610105656       ,   0.654352168956129     
   13.6200000000000       ,   0.624769474940303       ,   0.598956631946595     
   13.6300000000000       ,   0.585934899738331       ,   0.559648635671673     
   13.6400000000000       ,   0.562195976362340       ,   0.535404562959913     
   13.6500000000000       ,   0.552515633318776       ,   0.525224464449261     
   13.6600000000000       ,   0.555941991548690       ,   0.528193706486490     
   13.6700000000000       ,   0.571651464148044       ,   0.543523346690628     
   13.6800000000000       ,   0.598968538617592       ,   0.570567375588169     
   13.6900000000000       ,   0.637361830411921       ,   0.608816599360251     
   13.7000000000000       ,   0.686417646415800       ,   0.657870561390779     
   13.7100000000000       ,   0.745793843044569       ,   0.717390407512002     
   13.7200000000000       ,   0.815158109742875       ,   0.787036898284332     
   13.7300000000000       ,   0.894115871775886       ,   0.866398781867347     
   13.7400000000000       ,   0.982133721755336       ,   0.954917402319988     
   13.7500000000000       ,    1.07846461497128       ,    1.05181369214887     
   13.7600000000000       ,    1.18208098174509       ,    1.15602357082734     
   13.7700000000000       ,    1.29162142881078       ,    1.26614725427344     
   13.7800000000000       ,    1.40535585430946       ,    1.38041710963021     
   13.7900000000000       ,    1.52117264320067       ,    1.49668752267021     
   13.8000000000000       ,    1.63659021664127       ,    1.61244885728382     
   13.8100000000000       ,    1.74879366918765       ,    1.72486606641045     
   13.8200000000000       ,    1.85469563899759       ,    1.83084095742214     
   13.8300000000000       ,    1.95101901819315       ,    1.92709561961753     
   13.8400000000000       ,    2.03439771875218       ,    2.01027317953523     
   13.8500000000000       ,    2.10149054919720       ,    2.07705094304845     
   13.8600000000000       ,    2.14910239905822       ,    2.12426017784714     
   13.8700000000000       ,    2.17430642210703       ,    2.14900633257540     
   13.8800000000000       ,    2.17456078364046       ,    2.14878340395723     
   13.8900000000000       ,    2.14781379553426       ,    2.12157645164852     
   13.9000000000000       ,    2.09259188533695       ,    2.06594690006597     
   13.9100000000000       ,    2.00806578989923       ,    1.98109621342997     
   13.9200000000000       ,    1.89409156815432       ,    1.86690472276950     
   13.9300000000000       ,    1.75122441475073       ,    1.72394374563668     
   13.9400000000000       ,    1.58070473932662       ,    1.55346058568101     
   13.9500000000000       ,    1.38441746399248       ,    1.35733744145070     
   13.9600000000000       ,    1.16482689426339       ,    1.13802660539984     
   13.9700000000000       ,   0.924890753655290       ,   0.898465516248409     
   13.9800000000000       ,   0.667957969144897       ,   0.641976174165741     
   13.9900000000000       ,   0.397655499927362       ,   0.372154088677197     
   14.0000000000000       ,   0.117769881241580       ,   9.275227285457126E-002
   14.0100000000000       ,  -0.167870804338582       ,  -0.192434185970086     
   14.0200000000000       ,  -0.455509104974513       ,  -0.479677748450488     
   14.0300000000000       ,  -0.741559693494477       ,  -0.765417593899191     
   14.0400000000000       ,   -1.02269618627910       ,   -1.04634451988237     
   14.0500000000000       ,   -1.29592032962949       ,   -1.31946875455372     
   14.0600000000000       ,   -1.55861174824693       ,   -1.58216897722842     
   14.0700000000000       ,   -1.80855764396467       ,   -1.83222198848546     
   14.0800000000000       ,   -2.04396299069488       ,   -2.06781357740142     
   14.0900000000000       ,   -2.26344282185556       ,   -2.28753213231996     
   14.1000000000000       ,   -2.46599908738350       ,   -2.49034737468909     
   14.1100000000000       ,   -2.65098522061754       ,   -2.67557721824179     
   14.1200000000000       ,   -2.81806196921553       ,   -2.84284613946246     
   14.1300000000000       ,   -2.96714819539252       ,   -2.99203857860611     
   14.1400000000000       ,   -3.09837024421010       ,   -3.12325077985850     
   14.1500000000000       ,   -3.21201313705118       ,   -3.23674414745070     
   14.1600000000000       ,   -3.30847630887148       ,   -3.33290267899772     
   14.1700000000000       ,   -3.38823592268476       ,   -3.41219638664798     
   14.1800000000000       ,   -3.45181502171058       ,   -3.47515188694196     
   14.1900000000000       ,   -3.49976198127147       ,   -3.52233059096181     
   14.2000000000000       ,   -3.53263696073590       ,   -3.55431421566031     
   14.2100000000000       ,   -3.55100538724576       ,   -3.57169671811962     
   14.2200000000000       ,   -3.55543697515380       ,   -3.57508127080370     
   14.2300000000000       ,   -3.54650843311001       ,   -3.56508057950460     
   14.2400000000000       ,   -3.52480785494702       ,   -3.54231871443528     
   14.2500000000000       ,   -3.49093883539119       ,   -3.50743268150568     
   14.2600000000000       ,   -3.44552258573796       ,   -3.46107219300054     
   14.2700000000000       ,   -3.38919672180416       ,   -3.40389647868340     
   14.2800000000000       ,   -3.32260991802023       ,   -3.33656747228114     
   14.2900000000000       ,   -3.24641221936951       ,   -3.25973926835688     
   14.3000000000000       ,   -3.16124142332392       ,   -3.17404431987563     
   14.3100000000000       ,   -3.06770653181371       ,   -3.08007738550348     
   14.3200000000000       ,   -2.96636977623275       ,   -2.97837868910881     
   14.3300000000000       ,   -2.85772909093548       ,   -2.86941808010518     
   14.3400000000000       ,   -2.74220311731364       ,   -2.75358215025449     
   14.3500000000000       ,   -2.62012083902570       ,   -2.63116625088621     
   14.3600000000000       ,   -2.49171777170142       ,   -2.50237315875426     
   14.3700000000000       ,   -2.35714026527805       ,   -2.36731976805909     
   14.3800000000000       ,   -2.21645894679643       ,   -2.22605266358907     
   14.3900000000000       ,   -2.06969167211619       ,   -2.07857279095212     
   14.4000000000000       ,   -1.91683561354175       ,   -1.92486872983815     
   14.4100000000000       ,   -1.75790734117986       ,   -1.76495734718266     
   14.4200000000000       ,   -1.59298901692848       ,   -1.59892991393051     
   14.4300000000000       ,   -1.42227816861277       ,   -1.42700116570059     
   14.4400000000000       ,   -1.24613800039583       ,   -1.24955832292297     
   14.4500000000000       ,   -1.06514486795004       ,   -1.06720680026963     
   14.4600000000000       ,  -0.880129434745065       ,  -0.880809257123206     
   14.4700000000000       ,  -0.692208146519478       ,  -0.691514785283711     
   14.4800000000000       ,  -0.502802015988804       ,  -0.500775396842547     
   14.4900000000000       ,  -0.313640284290454       ,  -0.310347548552388     
   14.5000000000000       ,  -0.126747289303674       ,  -0.122277188984280     
   14.5100000000000       ,   5.558822006007740E-002  ,   6.113230147858355E-002
   14.5200000000000       ,   0.230861084872695       ,   0.237368942899301     
   14.5300000000000       ,   0.396413785331442       ,   0.403776438606425     
   14.5400000000000       ,   0.549514278507696       ,   0.557631639965965     
   14.5500000000000       ,   0.687444472670913       ,   0.696232077734196     
   14.5600000000000       ,   0.807595451685396       ,   0.816989752788256     
   14.5700000000000       ,   0.907565035360973       ,   0.917526887764653     
   14.5800000000000       ,   0.985252976990355       ,   0.995769083850480     
   14.5900000000000       ,    1.03894907862262       ,    1.05003132265426     
   14.6000000000000       ,    1.06740975234728       ,    1.07909250499966     
   14.6100000000000       ,    1.06991905957940       ,    1.08225471396087     
   14.6200000000000       ,    1.04633099157310       ,    1.05938410070024     
   14.6300000000000       ,   0.997090670503165       ,    1.01093117759235     
   14.6400000000000       ,   0.923233197430353       ,   0.937929312032798     
   14.6500000000000       ,   0.826359989473842       ,   0.841971287312065     
   14.6600000000000       ,   0.708593567941280       ,   0.725164871646750     
   14.6700000000000       ,   0.572512816874554       ,   0.590069351158050     
   14.6800000000000       ,   0.421071666965185       ,   0.439615880036917     
   14.6900000000000       ,   0.257504921060164       ,   0.277015232198938     
   14.7000000000000       ,   8.522548417294001E-002  ,   0.105657065348169     
   14.7100000000000       ,  -9.228243324394579E-002  ,  -7.099489422544834E-002
   14.7200000000000       ,  -0.271569515828822       ,  -0.249507279770098     
   14.7300000000000       ,  -0.449322517176325       ,  -0.426576835414577     
   14.7400000000000       ,  -0.622456395566540       ,  -0.599121593405510     
   14.7500000000000       ,  -0.788194012089312       ,  -0.764360156524317     
   14.7600000000000       ,  -0.944130752372506       ,  -0.919876484147848     
   14.7700000000000       ,   -1.08828229057890       ,   -1.06366839340675     
   14.7800000000000       ,   -1.21911461279687       ,   -1.19417884128674     
   14.7900000000000       ,   -1.33555630062879       ,   -1.31030989686133     
   14.8000000000000       ,   -1.43699389263024       ,   -1.41142009615306     
   14.8100000000000       ,   -1.52325184635923       ,   -1.49730655303536     
   14.8200000000000       ,   -1.59455918218174       ,   -1.56817374498639     
   14.8300000000000       ,   -1.65150527861159       ,   -1.62459128037081     
   14.8400000000000       ,   -1.69498749786814       ,   -1.66744317438204     
   14.8500000000000       ,   -1.72615335272351       ,   -1.69787121620904     
   14.8600000000000       ,   -1.74633979716166       ,   -1.71721491428761     
   14.8700000000000       ,   -1.75701196011923       ,   -1.72695028345743     
   14.8800000000000       ,   -1.75970327806947       ,   -1.72862941893224     
   14.8900000000000       ,   -1.75595855811350       ,   -1.72382242353918     
   14.9000000000000       ,   -1.74728106014291       ,   -1.71406285486923     
   14.9100000000000       ,   -1.73508426467269       ,   -1.70079747469063     
   14.9200000000000       ,   -1.72064862763055       ,   -1.68534074689445     
   14.9300000000000       ,   -1.70508334288870       ,   -1.66883426831053     
   14.9400000000000       ,   -1.68929295632034       ,   -1.65221114621356     
   14.9500000000000       ,   -1.67394860955358       ,   -1.63616526460485     
   14.9600000000000       ,   -1.65946373404131       ,   -1.62112540547913     
   14.9700000000000       ,   -1.64597415246463       ,   -1.60723429849130     
   14.9800000000000       ,   -1.63332275131372       ,   -1.59433284133431     
   14.9900000000000       ,   -1.62104913488732       ,   -1.58194993566778     
   15.0000000000000       ,   -1.60838492144360       ,   -1.56929858736169     
   15.0100000000000       ,   -1.59425555980534       ,   -1.55527909158012     
   15.0200000000000       ,   -1.57728969406868       ,   -1.53849023092767     
   15.0300000000000       ,   -1.55583715473803       ,   -1.51724943117179     
   15.0400000000000       ,   -1.52799658382340       ,   -1.48962272372105     
   15.0500000000000       ,   -1.49165349630271       ,   -1.45346514603986     
   15.0600000000000       ,   -1.44452923938415       ,   -1.40647187000924     
   15.0700000000000       ,   -1.38424084474608       ,   -1.34623989448422     
   15.0800000000000       ,   -1.30837119965979       ,   -1.27033959332543     
   15.0900000000000       ,   -1.21454832339659       ,   -1.17639480499304     
   15.1000000000000       ,   -1.10053186680751       ,   -1.06216952307907     
   15.1100000000000       ,  -0.964304302314348       ,  -0.925658642695959     
   15.1200000000000       ,  -0.804163687998645       ,  -0.765179681243962     
   15.1300000000000       ,  -0.618814421023835       ,  -0.579461968243863     
   15.1400000000000       ,  -0.407452085441452       ,  -0.367729527486935     
   15.1500000000000       ,  -0.169838382471648       ,  -0.129773787782131     
   15.1600000000000       ,   9.363776853862055E-002  ,   0.133987622328664     
   15.1700000000000       ,   0.381916542519821       ,   0.422469406228654     
   15.1800000000000       ,   0.693243967121347       ,   0.733897322661573     
   15.1900000000000       ,    1.02517140384327       ,    1.06580922926316     
   15.2000000000000       ,    1.37457910100874       ,    1.41507967706668     
   15.2100000000000       ,    1.73772411443029       ,    1.77796827253576     
   15.2200000000000       ,    2.11031176813382       ,    2.15019094518747     
   15.2300000000000       ,    2.48758869598701       ,    2.52701217503596     
   15.2400000000000       ,    2.86445443042170       ,    2.90335520625000     
   15.2500000000000       ,    3.23558755010420       ,    3.27392636154033     
   15.2600000000000       ,    3.59558162234439       ,    3.63334883064424     
   15.2700000000000       ,    3.93908562684968       ,    3.97630078182884     
   15.2800000000000       ,    4.26094326112791       ,    4.29765237171218     
   15.2900000000000       ,    4.55632552533548       ,    4.59259622582367     
   15.3000000000000       ,    4.82085126994892       ,    4.85676623446097     
   15.3100000000000       ,    5.05069095049971       ,    5.08634004368862     
   15.3200000000000       ,    5.24264964050008       ,    5.27812139236385     
   15.3300000000000       ,    5.39422636256931       ,    5.42959941145897     
   15.3400000000000       ,    5.50364795252452       ,    5.53898310875859     
   15.3500000000000       ,    5.56987690703892       ,    5.60521044900475     
   15.3600000000000       ,    5.59259391295912       ,    5.62793264093518     
   15.3700000000000       ,    5.57215694572308       ,    5.60747539206510     
   15.3800000000000       ,    5.50953988971174       ,    5.54477992668021     
   15.3900000000000       ,    5.40625451698988       ,    5.44132742686143     
   15.4000000000000       ,    5.26426031645689       ,    5.29905120565382     
   15.4100000000000       ,    5.08586706090987       ,    5.12024132423396     
   15.4200000000000       ,    4.87363511896772       ,    4.90744650470824     
   15.4300000000000       ,    4.63027836308034       ,    4.66337806642305     
   15.4400000000000       ,    4.35857411130858       ,    4.39082024144736     
   15.4500000000000       ,    4.06128390164352       ,    4.09255063363439     
   15.4600000000000       ,    3.74108807851425       ,    3.77127381708078     
   15.4700000000000       ,    3.40053622658230       ,    3.42957017493945     
   15.4800000000000       ,    3.04201447761011       ,    3.06986111541511     
   15.4900000000000       ,    2.66772970466191       ,    2.69439082757270     
   15.5000000000000       ,    2.27970966453315       ,    2.30522381291576     
   15.5100000000000       ,    1.87981730849526       ,    1.90425660191239     
   15.5200000000000       ,    1.46977679826436       ,    1.49324138174231     
   15.5300000000000       ,    1.05120827169181       ,    1.07381875555197     
   15.5400000000000       ,   0.625668120475298       ,   0.647556544801713     
   15.5500000000000       ,   0.194691475163782       ,   0.215991441703905     
   15.5600000000000       ,  -0.240166268411423       ,  -0.219329588317197     
   15.5700000000000       ,  -0.677291724778372       ,  -0.656810982826531     
   15.5800000000000       ,   -1.11498196753968       ,   -1.09477574577030     
   15.5900000000000       ,   -1.55142094119803       ,   -1.53143997552721     
   15.6000000000000       ,   -1.98466498338085       ,   -1.96489603615767     
   15.6100000000000       ,   -2.41263794843540       ,   -2.39310502859739     
   15.6200000000000       ,   -2.83313579972425       ,   -2.81389861759264     
   15.6300000000000       ,   -3.24383998802895       ,   -3.22498972942249     
   15.6400000000000       ,   -3.64233849032218       ,   -3.62399118724828     
   15.6500000000000       ,   -4.02615306980030       ,   -4.00844101860181     
   15.6600000000000       ,   -4.39277114609802       ,   -4.37583296602770     
   15.6700000000000       ,   -4.73968063390372       ,   -4.72365065935338     
   15.6800000000000       ,   -5.06440620733552       ,   -5.04940395805478     
   15.6900000000000       ,   -5.36454565506054       ,   -5.35066612689232     
   15.7000000000000       ,   -5.63780527798574       ,   -5.62511074197041     
   15.7100000000000       ,   -5.88203361290453       ,   -5.87054750692475     
   15.7200000000000       ,   -6.09525310494070       ,   -6.08495645679655     
   15.7300000000000       ,   -6.27568966300480       ,   -6.26652030732467     
   15.7400000000000       ,   -6.42180028359565       ,   -6.41365493995110     
   15.7500000000000       ,   -6.53229909342755       ,   -6.52503817340522     
   15.7600000000000       ,   -6.60618222341862       ,   -6.59963704449871     
   15.7700000000000       ,   -6.64275187840850       ,   -6.63673379587113     
   15.7800000000000       ,   -6.64163981207582       ,   -6.63595064866326     
   15.7900000000000       ,   -6.60283016877094       ,   -6.59727323476703     
   15.8000000000000       ,   -6.52668133656327       ,   -6.52107229637078     
   15.8100000000000       ,   -6.41394609942823       ,   -6.40812295702207     
   15.8200000000000       ,   -6.26578901695317       ,   -6.25962056032213     
   15.8300000000000       ,   -6.08379963523077       ,   -6.07719179393622     
   15.8400000000000       ,   -5.86999987988885       ,   -5.86289960168180     
   15.8500000000000       ,   -5.62684383471589       ,   -5.61924026557775     
   15.8600000000000       ,   -5.35720809358989       ,   -5.34913103753899     
   15.8700000000000       ,   -5.06437100682478       ,   -5.05588683338576     
   15.8800000000000       ,   -4.75197943222401       ,   -4.74318477672831     
   15.8900000000000       ,   -4.42400204094917       ,   -4.41501579308344     
   15.9000000000000       ,   -4.08466880180310       ,   -4.07562299036188     
   15.9100000000000       ,   -3.73839694669268       ,   -3.72942719546383     
   15.9200000000000       ,   -3.38970446744010       ,   -3.38094071408844     
   15.9300000000000       ,   -3.04311296522751       ,   -3.03467110118125     
   15.9400000000000       ,   -2.70304242006633       ,   -2.69501742773297     
   15.9500000000000       ,   -2.37370111912320       ,   -2.36616215975326     
   15.9600000000000       ,   -2.05897453230774       ,   -2.05196228298448     
   15.9700000000000       ,   -1.76231730977936       ,   -1.75584367313321     
   15.9800000000000       ,   -1.48665276621519       ,   -1.48070289474697     
   15.9900000000000       ,   -1.23428418914744       ,   -1.22882059112324     
   16.0000000000000       ,   -1.00682205459414       ,   -1.00179039338721     
   16.0100000000000       ,  -0.805130757371936       ,  -0.800466832356148     
   16.0200000000000       ,  -0.629297784303324       ,  -0.624935098024708     
   16.0300000000000       ,  -0.478627407051328       ,  -0.474504686421815     
   16.0400000000000       ,  -0.351659989417668       ,  -0.347728040576613     
   16.0500000000000       ,  -0.246216941811118       ,  -0.242444277887763     
   16.0600000000000       ,  -0.159470268676987       ,  -0.155847052173914     
   16.0700000000000       ,  -8.803460022060092E-002  ,  -8.457457911867992E-002
   16.0800000000000       ,  -2.807863332183964E-002  ,  -2.481891166280371E-002
   16.0900000000000       ,   2.454792144226410E-002  ,   2.754926423671954E-002
   16.1000000000000       ,   7.417643697756197E-002  ,   7.684469174254530E-002
   16.1100000000000       ,   0.125175496204984       ,   0.127425290895711     
   16.1200000000000       ,   0.181806236324255       ,   0.183548649635120     
   16.1300000000000       ,   0.248082064955535       ,   0.249232318189550     
   16.1400000000000       ,   0.327637638198025       ,   0.328122746797859     
   16.1500000000000       ,   0.423611516870848       ,   0.423377280805809     
   16.1600000000000       ,   0.538546265008449       ,   0.537563023149946     
   16.1700000000000       ,   0.674308964054547       ,   0.672575628401325     
   16.1800000000000       ,   0.832034233094802       ,   0.829580247459511     
   16.1900000000000       ,    1.01209091871702       ,    1.00897594358708     
   16.2000000000000       ,    1.21407269623848       ,    1.21038399512719     
   16.2100000000000       ,    1.43681195232151       ,    1.43265963188824     
   16.2200000000000       ,    1.67841553664106       ,    1.67392595973439     
   16.2300000000000       ,    1.93632030836833       ,    1.93162814318848     
   16.2400000000000       ,    2.20736588322316       ,    2.20260536193282     
   16.2500000000000       ,    2.48788161980639       ,    2.48317764756645     
   16.2600000000000       ,    2.77378467054549       ,    2.76924444569890     
   16.2700000000000       ,    3.06068585402338       ,    3.05639163015654     
   16.2800000000000       ,    3.34400016471883       ,    3.34000370748794     
   16.2900000000000       ,    3.61905890010170       ,    3.61537807151841     
   16.3000000000000       ,    3.88122062663382       ,    3.87783837566841     
   16.3100000000000       ,    4.12597849718099       ,    4.12284435934452     
   16.3200000000000       ,    4.34906174547395       ,    4.34609576850896     
   16.3300000000000       ,    4.54652949469466       ,    4.54362832644101     
   16.3400000000000       ,    4.71485530835755       ,    4.71190001982364     
   16.3500000000000       ,    4.85100117014981       ,    4.84786625410559     
   16.3600000000000       ,    4.95247980014396       ,    4.94904269327714     
   16.3700000000000       ,    5.01740439966547       ,    5.01355483167190     
   16.3800000000000       ,    5.04452507425824       ,    5.04017355384601     
   16.3900000000000       ,    5.03325132682746       ,    5.02833613238679     
   16.4000000000000       ,    4.98366015752324       ,    4.97815230523922     
   16.4100000000000       ,    4.89648947074138       ,    4.89039527776625     
   16.4200000000000       ,    4.77311668907782       ,    4.76647772360015     
   16.4300000000000       ,    4.61552272216653       ,    4.60841312314880     
   16.4400000000000       ,    4.42624174278393       ,    4.41876308580858     
   16.4500000000000       ,    4.20829758439786       ,    4.20057165220353     
   16.4600000000000       ,    3.96512798679889       ,    3.95728796021241     
   16.4700000000000       ,    3.70049836504442       ,    3.69267907039875     
   16.4800000000000       ,    3.41840723974043       ,    3.41073516343508     
   16.4900000000000       ,    3.12298591563381       ,    3.11556971948913     
   16.5000000000000       ,    2.81839539821674       ,    2.81131763870559     
   16.5100000000000       ,    2.50872386030919       ,    2.50203453255490     
   16.5200000000000       ,    2.19788817893807       ,    2.19160057828118     
   16.5300000000000       ,    1.88954312752827       ,    1.88363235661602     
   16.5400000000000       ,    1.58700170621765       ,    1.58140596582358     
   16.5500000000000       ,    1.29316980969067       ,    1.28779441056566     
   16.5600000000000       ,    1.01049796395849       ,    1.00522179955932     
   16.5700000000000       ,   0.740952219791430       ,   0.735636260140100     
   16.5800000000000       ,   0.486005492502011       ,   0.480502710854910     
   16.5900000000000       ,   0.246649719023691       ,   0.240815756404959     
   16.6000000000000       ,   2.342820804653812E-002  ,   1.713202392320051E-002
   16.6100000000000       ,  -0.183513459917953       ,  -0.190379705191922     
   16.6200000000000       ,  -0.374360610088984       ,  -0.381873143619413     
   16.6300000000000       ,  -0.549550246044079       ,  -0.557747341455915     
   16.6400000000000       ,  -0.709683672327396       ,  -0.718561833350431     
   16.6500000000000       ,  -0.855435754971806       ,  -0.864948698328222     
   16.6600000000000       ,  -0.987465894360107       ,  -0.997526407717295     
   16.6700000000000       ,   -1.10633579576005       ,   -1.11682034195489     
   16.6800000000000       ,   -1.21243884483762       ,   -1.22319458832047     
   16.6900000000000       ,   -1.30594533239363       ,   -1.31679909205503     
   16.7000000000000       ,   -1.38676694624679       ,   -1.39753544294025     
   16.7100000000000       ,   -1.45454289758160       ,   -1.46504357457986     
   16.7200000000000       ,   -1.50864882861847       ,   -1.51871048542941     
   16.7300000000000       ,   -1.54822832516638       ,   -1.55770082225416     
   16.7400000000000       ,   -1.57224550729519       ,   -1.58100786995048     
   16.7500000000000       ,   -1.57955587414438       ,   -1.58752224275042     
   16.7600000000000       ,   -1.56899141427472       ,   -1.57611444672163     
   16.7700000000000       ,   -1.53945503483474       ,   -1.54572655315481     
   16.7800000000000       ,   -1.49001867454621       ,   -1.49546754827308     
   16.7900000000000       ,   -1.42001909574605       ,   -1.42470655432187     
   16.8000000000000       ,   -1.32914532987085       ,   -1.33315808099573     
   16.8100000000000       ,   -1.21751208866334       ,   -1.22095377531141     
   16.8200000000000       ,   -1.08571413810917       ,   -1.08869578268457     
   16.8300000000000       ,  -0.934857630302097       ,  -0.937487781718473     
   16.8400000000000       ,  -0.766565646810701       ,  -0.768940960389339     
   16.8500000000000       ,  -0.582956655437241       ,  -0.585153595617811     
   16.8600000000000       ,  -0.386596137315757       ,  -0.388664402447364     
   16.8700000000000       ,  -0.180423211862706       ,  -0.182381345740419     
   16.8800000000000       ,   3.234442055988963E-002  ,   3.051093403616475E-002
   16.8900000000000       ,   0.248322574784622       ,   0.246660626754232     
   16.9000000000000       ,   0.464083998975191       ,   0.462669669595472     
   16.9100000000000       ,   0.676286642491595       ,   0.675219791005588     
   16.9200000000000       ,   0.881799912745786       ,   0.881196987159427     
   16.9300000000000       ,    1.07782206635758       ,    1.07780770814812     
   16.9400000000000       ,    1.26198228442631       ,    1.26268039142134     
   16.9500000000000       ,    1.43242176464887       ,    1.43394671225269     
   16.9600000000000       ,    1.58784928130074       ,    1.59029798591255     
   16.9700000000000       ,    1.72756805420801       ,    1.73101349429596     
   16.9800000000000       ,    1.85147234953462       ,    1.85595904463264     
   16.9900000000000       ,    1.96001391633042       ,    1.96555571096771     
   17.0000000000000       ,    2.05414004492654       ,    2.06072036480690     
   17.0100000000000       ,    2.13520661771501       ,    2.14278117296072     
   17.0200000000000       ,    2.20487091668378       ,    2.21337263625476     
   17.0300000000000       ,    2.26497007381419       ,    2.27431588080028     
   17.0400000000000       ,    2.31739183501753       ,    2.32749072767239     
   17.0500000000000       ,    2.36394471099822       ,    2.37470651022654     
   17.0600000000000       ,    2.40623458760751       ,    2.41757865617858     
   17.0700000000000       ,    2.44555446647500       ,    2.45741770290951     
   17.0800000000000       ,    2.48279323050609       ,    2.49513669176448     
   17.0900000000000       ,    2.51836822691520       ,    2.53118183506394     
   17.1000000000000       ,    2.55218510052728       ,    2.56549003205226     
   17.1100000000000       ,    2.58362677451786       ,    2.59747530623438     
   17.1200000000000       ,    2.61157185643727       ,    2.62604463590704     
   17.1300000000000       ,    2.63444113987443       ,    2.64964204630014     
   17.1400000000000       ,    2.65026936986347       ,    2.66631831862112     
   17.1500000000000       ,    2.65679812861494       ,    2.67382233466823     
   17.1600000000000       ,    2.65158464980208       ,    2.66970898979153     
   17.1700000000000       ,    2.63212063957910       ,    2.65145782970658     
   17.1800000000000       ,    2.59595480546691       ,    2.61659613620683     
   17.1900000000000       ,    2.54081278275602       ,    2.56282011968741     
   17.2000000000000       ,    2.46470849218305       ,    2.48810816678255     
   17.2100000000000       ,    2.36604163098371       ,    2.39082071201376     
   17.2200000000000       ,    2.24367694171497       ,    2.26978220646579     
   17.2300000000000       ,    2.09700205384322       ,    2.12434178144361     
   17.2400000000000       ,    1.92596197559406       ,    1.95441047640146     
   17.2500000000000       ,    1.73106964584023       ,    1.76047423699633     
   17.2600000000000       ,    1.51339325547894       ,    1.54358320830608     
   17.2700000000000       ,    1.27452223740379       ,    1.30531907130453     
   17.2800000000000       ,    1.01651483621471       ,    1.04774322762163     
   17.2900000000000       ,   0.741830949550803       ,   0.773329471496620     
   17.3000000000000       ,   0.453254445624275       ,   0.484885358015458     
   17.3100000000000       ,   0.153809388296036       ,   0.185466761092118     
   17.3200000000000       ,  -0.153325456663051       ,  -0.121709889594098     
   17.3300000000000       ,  -0.464899782457532       ,  -0.433353480162794     
   17.3400000000000       ,  -0.777669067070758       ,  -0.746178495741133     
   17.3500000000000       ,   -1.08846328815734       ,   -1.05697672522978     
   17.3600000000000       ,   -1.39424509434810       ,   -1.36267823672807     
   17.3700000000000       ,   -1.69215639469320       ,   -1.66040037921613     
   17.3800000000000       ,   -1.97955320753640       ,   -1.94748447301539     
   17.3900000000000       ,   -2.25402941286017       ,   -2.22152069498680     
   17.4000000000000       ,   -2.51343072432800       ,   -2.48036238771487     
   17.4100000000000       ,   -2.75586069704829       ,   -2.72213157952847     
   17.4200000000000       ,   -2.97968088709639       ,   -2.94521786250391     
   17.4300000000000       ,   -3.18350736774918       ,   -3.14827292284613     
   17.4400000000000       ,   -3.36620569029939       ,   -3.33020295302993     
   17.4500000000000       ,   -3.52688607493394       ,   -3.49016091464711     
   17.4600000000000       ,   -3.66490016392341       ,   -3.62754019634783     
   17.4700000000000       ,   -3.77984011053808       ,   -3.74197066566796     
   17.4800000000000       ,   -3.87154016521624       ,   -3.83331749838572     
   17.4900000000000       ,   -3.94008031123570       ,   -3.90168254018616     
   17.5000000000000       ,   -3.98579095008903       ,   -3.94740736880522     
   17.5100000000000       ,   -4.00925719130427       ,   -3.97107673232086     
   17.5200000000000       ,   -4.01132100303794       ,   -3.97352068471477     
   17.5300000000000       ,   -3.99307935687936       ,   -3.95581355581930     
   17.5400000000000       ,   -3.95587656733619       ,   -3.91926789815873     
   17.5500000000000       ,   -3.90128928262030       ,   -3.86542175172572     
   17.5600000000000       ,   -3.83110301265242       ,   -3.79601794768929     
   17.5700000000000       ,   -3.74727965263449       ,   -3.71297470705790     
   17.5800000000000       ,   -3.65191613420075       ,   -3.61834744131869     
   17.5900000000000       ,   -3.54719506027810       ,   -3.51428237999450     
   17.6000000000000       ,   -3.43532889841070       ,   -3.40296337946969     
   17.6100000000000       ,   -3.31849996336801       ,   -3.28655395054108     
   17.6200000000000       ,   -3.19879895936627       ,   -3.16713712302730     
   17.6300000000000       ,   -3.07816522827668       ,   -3.04665619451421     
   17.6400000000000       ,   -2.95833202643832       ,   -2.92685964675512     
   17.6500000000000       ,   -2.84078010623984       ,   -2.80925353007955     
   17.6600000000000       ,   -2.72670260186104       ,   -2.69506440112360     
   17.6700000000000       ,   -2.61698372002347       ,   -2.58521545627808     
   17.6800000000000       ,   -2.51219304069273       ,   -2.48031785274581     
   17.6900000000000       ,   -2.41259637831362       ,   -2.38067838653525     
   17.7000000000000       ,   -2.31818319235818       ,   -2.28632375072203     
   17.7100000000000       ,   -2.22870952658558       ,   -2.19704058652119     
   17.7200000000000       ,   -2.14375446429002       ,   -2.11242952901281     
   17.7300000000000       ,   -2.06278717746304       ,   -2.03197050557421     
   17.7400000000000       ,   -1.98524088307078       ,   -1.95509573252356     
   17.7500000000000       ,   -1.91058945353284       ,   -1.88126623163363     
   17.7600000000000       ,   -1.83842210344274       ,   -1.81004729969998     
   17.7700000000000       ,   -1.76851151851637       ,   -1.74117824381828     
   17.7800000000000       ,   -1.70087101705890       ,   -1.67463185854408     
   17.7900000000000       ,   -1.63579683271904       ,   -1.61065956697576     
   17.8000000000000       ,   -1.57389235635385       ,   -1.54981885631323     
   17.8100000000000       ,   -1.51607213474011       ,   -1.49298057290461     
   17.8200000000000       ,   -1.46354454109522       ,   -1.44131475057335     
   17.8300000000000       ,   -1.41777324278168       ,   -1.39625486566427     
   17.8400000000000       ,   -1.38041882433891       ,   -1.35944167130479     
   17.8500000000000       ,   -1.35326310596070       ,   -1.33264898681594     
   17.8600000000000       ,   -1.33811975773737       ,   -1.31769493204174     
   17.8700000000000       ,   -1.33673568400644       ,   -1.31634303229050     
   17.8800000000000       ,   -1.35068828616828       ,   -1.33019831923652     
   17.8900000000000       ,   -1.38128406638300       ,   -1.36060397176601     
   17.9000000000000       ,   -1.42946408511931       ,   -1.40854415007085     
   17.9100000000000       ,   -1.49572152685792       ,   -1.47455846625534     
   17.9200000000000       ,   -1.58003607285769       ,   -1.55867301422846     
   17.9300000000000       ,   -1.68182895772126       ,   -1.66035207806736     
   17.9400000000000       ,   -1.79994154314694       ,   -1.77847359556172     
   17.9500000000000       ,   -1.93263903620651       ,   -1.91133023066580     
   17.9600000000000       ,   -2.07763967860864       ,   -2.05665657417565     
   17.9700000000000       ,   -2.23216841085961       ,   -2.21168162171211     
   17.9800000000000       ,   -2.39303274517062       ,   -2.37320434965810     
   17.9900000000000       ,   -2.55671743412629       ,   -2.53768899808632     
   18.0000000000000       ,   -2.71949356178449       ,   -2.70137564292776     
   18.0100000000000       ,   -2.87753696214383       ,   -2.86040085467021     
   18.0200000000000       ,   -3.02705042489438       ,   -3.01092274048326     
   18.0300000000000       ,   -3.16438400208840       ,   -3.14924447694351     
   18.0400000000000       ,   -3.28614788671052       ,   -3.27193056955449     
   18.0500000000000       ,   -3.38931278282642       ,   -3.37591051284089     
   18.0600000000000       ,   -3.47129339855147       ,   -3.45856524327072     
   18.0700000000000       ,   -3.53001162474205       ,   -3.51779273334990     
   18.0800000000000       ,   -3.56393705968515       ,   -3.55205021275296     
   18.0900000000000       ,   -3.57210374049429       ,   -3.56037175569230     
   18.1000000000000       ,   -3.55410317818949       ,   -3.54236127176148     
   18.1100000000000       ,   -3.51005499767544       ,   -3.49816220779380     
   18.1200000000000       ,   -3.44055759135771       ,   -3.42840644130294     
   18.1300000000000       ,   -3.34662214803308       ,   -3.33414585907420     
   18.1400000000000       ,   -3.22959416888890       ,   -3.21677091495150     
   18.1500000000000       ,   -3.09106709417244       ,   -3.07792100934295     
   18.1600000000000       ,   -2.93279291552466       ,   -2.91939180492504     
   18.1700000000000       ,   -2.75659463309862       ,   -2.74304457995179     
   18.1800000000000       ,   -2.56428514114792       ,   -2.55072243003167     
   18.1900000000000       ,   -2.35759661242581       ,   -2.34417758401823     
   18.2000000000000       ,   -2.13812373444849       ,   -2.12501333612227     
   18.2100000000000       ,   -1.90728327344798       ,   -1.89464316194647     
   18.2200000000000       ,   -1.66629145604125       ,   -1.65426853650129     
   18.2300000000000       ,   -1.41615961992183       ,   -1.40487586778238     
   18.2400000000000       ,   -1.15770755008159       ,   -1.14725186191276     
   18.2500000000000       ,  -0.891592941060094       ,  -0.882015604710491     
   18.2600000000000       ,  -0.618354558602525       ,  -0.609664734033775     
   18.2700000000000       ,  -0.338465958657459       ,  -0.330632333370473     
   18.2800000000000       ,  -5.239609135887018E-002  ,  -4.535063547270107E-002
   18.2900000000000       ,   0.239327204691111       ,   0.245682690989709     
   18.3000000000000       ,   0.536054915625412       ,   0.541839978016499     
   18.3100000000000       ,   0.836959755000086       ,   0.842304869147554     
   18.3200000000000       ,    1.14098791485451       ,    1.14602328053154     
   18.3300000000000       ,    1.44682281526801       ,    1.45166721865505     
   18.3400000000000       ,    1.75286333852057       ,    1.75761393237698     
   18.3500000000000       ,    2.05721825184621       ,    2.06194203075024     
   18.3600000000000       ,    2.35771766444244       ,    2.36244528131203     
   18.3700000000000       ,    2.65194147420477       ,    2.65666386481403     
   18.3800000000000       ,    2.93726388213415       ,    2.94193194993252     
   18.3900000000000       ,    3.21091223017072       ,    3.21543961061767     
   18.4000000000000       ,    3.47003769006530       ,    3.47430637954150     
   18.4100000000000       ,    3.71179473005965       ,    3.71566314690638     
   18.4200000000000       ,    3.93342583893906       ,    3.93673869975369     
   18.4300000000000       ,    4.13234771200471       ,    4.13494696892640     
   18.4400000000000       ,    4.30623501086048       ,    4.30797101560781     
   18.4500000000000       ,    4.45309790024815       ,    4.45383994417232     
   18.4600000000000       ,    4.57134983382430       ,    4.57099526147100     
   18.4700000000000       ,    4.65986249226127       ,    4.65834369524388     
   18.4800000000000       ,    4.71800534997408       ,    4.71529411007441     
   18.4900000000000       ,    4.74566803383931       ,    4.74177688688169     
   18.5000000000000       ,    4.74326440663310       ,    4.73824492645186     
   18.5100000000000       ,    4.71171812453221       ,    4.70565626196942     
   18.5200000000000       ,    4.65243024517717       ,    4.64543908258719     
   18.5300000000000       ,    4.56723026358243       ,    4.55944074359768     
   18.5400000000000       ,    4.45831269200812       ,    4.44986303519195     
   18.5500000000000       ,    4.32816194391285       ,    4.31918657144026     
   18.5600000000000       ,    4.17946880246567       ,    4.17008761928734     
   18.5700000000000       ,    4.01504212716728       ,    4.00535099509587     
   18.5800000000000       ,    3.83771966045878       ,    3.82778280110151     
   18.5900000000000       ,    3.65028182923014       ,    3.64012675034602     
   18.6000000000000       ,    3.45537229078979       ,    3.44498763748783     
   18.6100000000000       ,    3.25542865370496       ,    3.24476516245394     
   18.6200000000000       ,    3.05262632320720       ,    3.04160081885810     
   18.6300000000000       ,    2.84883779815036       ,    2.83733994018411     
   18.6400000000000       ,    2.64560900804001       ,    2.63351027992145     
   18.6500000000000       ,    2.44415345645282       ,    2.43131771758279     
   18.6600000000000       ,    2.24536406778214       ,    2.23165886454507     
   18.6700000000000       ,    2.04984175738582       ,    2.03514952777146     
   18.6800000000000       ,    1.85793890201211       ,    1.84216721221458     
   18.6900000000000       ,    1.66981511867275       ,    1.65290513989456     
   18.7000000000000       ,    1.48550210454988       ,    1.46743466889110     
   18.7100000000000       ,    1.30497378262800       ,    1.28577253868702     
   18.7200000000000       ,    1.12821766627457       ,    1.10794907425211     
   18.7300000000000       ,   0.955303222235125       ,   0.934073368327515     
   18.7400000000000       ,   0.786443088006629       ,   0.764391540445554     
   18.7500000000000       ,   0.622043289081689       ,   0.599334444795050     
   18.7600000000000       ,   0.462739096622904       ,   0.439551660762089     
   18.7700000000000       ,   0.309413848850755       ,   0.285929234427466     
   18.7800000000000       ,   0.163198901992611       ,   0.139589422290588     
   18.7900000000000       ,   2.545384226292493E-002  ,   1.871587735706487E-003
   18.8000000000000       ,  -0.102272865313337       ,  -0.125705623032466     
   18.8100000000000       ,  -0.218301542287948       ,  -0.241499690401870     
   18.8200000000000       ,  -0.320894978808212       ,  -0.343815088557844     
   18.8300000000000       ,  -0.408344864601557       ,  -0.430986556320252     
   18.8400000000000       ,  -0.479066861845380       ,  -0.501470905352081     
   18.8500000000000       ,  -0.531699551539842       ,  -0.553942847140169     
   18.8600000000000       ,  -0.565202041986704       ,  -0.587389866962907     
   18.8700000000000       ,  -0.578944833817291       ,  -0.601200950271726     
   18.8800000000000       ,  -0.572788609745074       ,  -0.595243995657709     
   18.8900000000000       ,  -0.547145964972212       ,  -0.569927038346615     
   18.9000000000000       ,  -0.503021708399201       ,  -0.526238955792901     
   18.9100000000000       ,  -0.442028224173316       ,  -0.465766116200180     
   18.9200000000000       ,  -0.366373453256513       ,  -0.390682432650813     
   18.9300000000000       ,  -0.278820289451275       ,  -0.303711459107445     
   18.9400000000000       ,  -0.182617527807943       ,  -0.208060458728236     
   18.9500000000000       ,  -8.140389252855634E-002  ,  -0.107327730573583     
   18.9600000000000       ,   2.091196076933280E-002  ,  -5.385833418896117E-003
   18.9700000000000       ,   0.120291295188572       ,   9.375537161182858E-002
   18.9800000000000       ,   0.212719698130790       ,   0.186100790022628     
   18.9900000000000       ,   0.294369835535748       ,   0.267831253215522     
   19.0000000000000       ,   0.361765702137450       ,   0.335467044278868     
   19.0100000000000       ,   0.411941171336042       ,   0.386026655766913     
   19.0200000000000       ,   0.442585630731624       ,   0.417173555104795     
   19.0300000000000       ,   0.452169806591590       ,   0.427343978464146     
   19.0400000000000       ,   0.440045524897163       ,   0.415849352171969     
   19.0500000000000       ,   0.406514104479069       ,   0.382947833463089     
   19.0600000000000       ,   0.352859290363615       ,   0.329880635293729     
   19.0700000000000       ,   0.281342060776019       ,   0.258870204185585     
   19.0800000000000       ,   0.195156216400441       ,   0.173078894581935     
   19.0900000000000       ,   9.834531476705770E-002  ,   7.652845749625915E-002
   19.1000000000000       ,  -4.316829063910441E-003  ,  -2.601764113702641E-002
   19.1100000000000       ,  -0.107478267840264       ,  -0.129205414737145     
   19.1200000000000       ,  -0.205388423902385       ,  -0.227269895419285     
   19.1300000000000       ,  -0.292098486856774       ,  -0.314236544814873     
   19.1400000000000       ,  -0.361675263074877       ,  -0.384137022944992     
   19.1500000000000       ,  -0.408420381030286       ,  -0.431231078134163     
   19.1600000000000       ,  -0.427086445762150       ,  -0.450225948869739     
   19.1700000000000       ,  -0.413081779993639       ,  -0.436484666607166     
   19.1800000000000       ,  -0.362655786064959       ,  -0.386215017989069     
   19.1900000000000       ,  -0.273057693208874       ,  -0.296631649468145     
   19.2000000000000       ,  -0.142662485158275       ,  -0.166084843952297     
   19.2100000000000       ,   2.894091321927323E-002  ,   5.849180040176722E-003
   19.2200000000000       ,   0.240902632263900       ,   0.218320061435888     
   19.2300000000000       ,   0.491107869535520       ,   0.469199117603722     
   19.2400000000000       ,   0.776216081163704       ,   0.755119381439160     
   19.2500000000000       ,    1.09174185917171       ,    1.07155830427244     
   19.2600000000000       ,    1.43217442610921       ,    1.41295992121596     
   19.2700000000000       ,    1.79113124943191       ,    1.77289177858588     
   19.2800000000000       ,    2.16154005236065       ,    2.14423064447869     
   19.2900000000000       ,    2.53584252196670       ,    2.51937001436203     
   19.3000000000000       ,    2.90621232351613       ,    2.89044172110164     
   19.3100000000000       ,    3.26477964396969       ,    3.24954358566074     
   19.3200000000000       ,    3.60385441465035       ,    3.58896500776420     
   19.3300000000000       ,    3.91614059750104       ,    3.90140268664237     
   19.3400000000000       ,    4.19493444236279       ,    4.18015925768441     
   19.3500000000000       ,    4.43430040403566       ,    4.41931849562644     
   19.3600000000000       ,    4.62921940756650       ,    4.61389182231259     
   19.3700000000000       ,    4.77570532060660       ,    4.75993211252233     
   19.3800000000000       ,    4.87088677987667       ,    4.85461215507666     
   19.3900000000000       ,    4.91305286906734       ,    4.89626653649148     
   19.4000000000000       ,    4.90166250181904       ,    4.88439710967486     
   19.4100000000000       ,    4.83731867176174       ,    4.81964353303022     
   19.4200000000000       ,    4.72170994210831       ,    4.70372156432930     
   19.4300000000000       ,    4.55752261622710       ,    4.53933282548848     
   19.4400000000000       ,    4.34832792177480       ,    4.33005058517953     
   19.4500000000000       ,    4.09844922688999       ,    4.08018671293851     
   19.4600000000000       ,    3.81281476958557       ,    3.79464532904287     
   19.4700000000000       ,    3.49680161255060       ,    3.47876880778461     
   19.4800000000000       ,    3.15607653640157       ,    3.13818169699994     
   19.4900000000000       ,    2.79643936553580       ,    2.77863781218496     
   19.5000000000000       ,    2.42367380097120       ,    2.40587527531635     
   19.5100000000000       ,    2.04341024005702       ,    2.02548362882208     
   19.5200000000000       ,    1.66100432576112       ,    1.64278640043249     
   19.5300000000000       ,    1.28143412489852       ,    1.26274166367415     
   19.5400000000000       ,   0.909217924542565       ,   0.889862270864256     
   19.5500000000000       ,   0.548353699474458       ,   0.528156568661820     
   19.5600000000000       ,   0.202280381001734       ,   0.181089575897828     
   19.5700000000000       ,  -0.126139813187472       ,  -0.148436159212186     
   19.5800000000000       ,  -0.434619512729627       ,  -0.458081473994029     
   19.5900000000000       ,  -0.721426984672314       ,  -0.746055284074135     
   19.6000000000000       ,  -0.985352301223913       ,   -1.01108548505179     
   19.6100000000000       ,   -1.22566197827559       ,   -1.25237878276500     
   19.6200000000000       ,   -1.44204538354371       ,   -1.46957232182241     
   19.6300000000000       ,   -1.63455625108062       ,   -1.66267999744033     
   19.6400000000000       ,   -1.80355251495855       ,   -1.83203622567663     
   19.6500000000000       ,   -1.94963740245627       ,   -1.97823972573686     
   19.6600000000000       ,   -2.07360432614302       ,   -2.10209955281397     
   19.6700000000000       ,   -2.17638761064815       ,   -2.20458523142682     
   19.6800000000000       ,   -2.25902051396512       ,   -2.28678239993008     
   19.6900000000000       ,   -2.32260138826458       ,   -2.34985491024682     
   19.7000000000000       ,   -2.36826820621585       ,   -2.39501385642945     
   19.7100000000000       ,   -2.39718109028771       ,   -2.42349355402587     
   19.7200000000000       ,   -2.41051195689592       ,   -2.43653408030492     
   19.7300000000000       ,   -2.40943995331204       ,   -2.43536963154359     
   19.7400000000000       ,   -2.39515104634867       ,   -2.42122167292311     
   19.7500000000000       ,   -2.36883993474867       ,   -2.39529566042721     
   19.7600000000000       ,   -2.33171241104080       ,   -2.35878000950807     
   19.7700000000000       ,   -2.28498639420646       ,   -2.31284597462499     
   19.7800000000000       ,   -2.22989008418516       ,   -2.25864718479121     
   19.7900000000000       ,   -2.16765603719094       ,   -2.19731774605312     
   19.8000000000000       ,   -2.09951040372025       ,   -2.12996806102739     
   19.8100000000000       ,   -2.02665707947212       ,   -2.05767781295207     
   19.8200000000000       ,   -1.95025705899092       ,   -1.98148589858818     
   19.8300000000000       ,   -1.87140381581162       ,   -1.90237744972933     
   19.8400000000000       ,   -1.79109602382696       ,   -1.82126843459203     
   19.8500000000000       ,   -1.71020934686363       ,   -1.73898865523631     
   19.8600000000000       ,   -1.62946932541809       ,   -1.65626423358642     
   19.8700000000000       ,   -1.54942755566425       ,   -1.57370088692173     
   19.8800000000000       ,   -1.47044336864865       ,   -1.49176941756843     
   19.8900000000000       ,   -1.39267306880992       ,   -1.41079486902896     
   19.9000000000000       ,   -1.31606848259215       ,   -1.33095072533638     
   19.9100000000000       ,   -1.24038611243065       ,   -1.25225935134210     
   19.9200000000000       ,   -1.16520761135457       ,   -1.17459959455352     
   19.9300000000000       ,   -1.08997162053076       ,   -1.09772210590634     
   19.9400000000000       ,   -1.01401628536911       ,   -1.02127250524672     
   19.9500000000000       ,  -0.936631029702271       ,  -0.944822040212792     
   19.9600000000000       ,  -0.857115469084203       ,  -0.867904891572480     
   19.9700000000000       ,  -0.774842730277525       ,  -0.790060793457323     
   19.9800000000000       ,  -0.689323958186797       ,  -0.710881193869613     
   19.9900000000000       ,  -0.600270471446935       ,  -0.630056809062437     
   20.0000000000000       ,  -0.507649902480655       ,  -0.547424151959315     
