       Q,      F(Q)_RMC,  F(Q)_Expt
      0.8000000 ,      -1.1212491 ,      -0.5520175
      0.8100000 ,      -1.1464931 ,      -0.7521847
      0.8200000 ,      -1.1727443 ,      -0.9286213
      0.8300000 ,      -1.1917017 ,      -1.0595768
      0.8400000 ,      -1.1966077 ,      -1.1311900
      0.8500000 ,      -1.1844285 ,      -1.1406651
      0.8600000 ,      -1.1571381 ,      -1.0971527
      0.8700000 ,      -1.1216244 ,      -1.0199762
      0.8800000 ,      -1.0880644 ,      -0.9344310
      0.8900000 ,      -1.0670150 ,      -0.8659466
      0.9000000 ,      -1.0658376 ,      -0.8338251
      0.9100000 ,      -1.0853285 ,      -0.8459425
      0.9200000 ,      -1.1174822 ,      -0.8956748
      0.9300000 ,      -1.1451408 ,      -0.9618938
      0.9400000 ,      -1.1439122 ,      -1.0122603
      0.9500000 ,      -1.0862319 ,      -1.0093344
      0.9600000 ,      -0.9469291 ,      -0.9183892
      0.9700000 ,      -0.7092347 ,      -0.7153914
      0.9800000 ,      -0.3699654 ,      -0.3934943
      0.9900000 ,       0.0573241 ,       0.0333815
      1.0000000 ,       0.5420940 ,       0.5307668
      1.0100000 ,       1.0398038 ,       1.0478145
      1.0200000 ,       1.4978043 ,       1.5247852
      1.0300000 ,       1.8632001 ,       1.9025329
      1.0400000 ,       2.0912935 ,       2.1322567
      1.0500000 ,       2.1530518 ,       2.1837016
      1.0600000 ,       2.0401714 ,       2.0502769
      1.0700000 ,       1.7667506 ,       1.7501464
      1.0800000 ,       1.3672164 ,       1.3231174
      1.0900000 ,       0.8908687 ,       0.8239467
      1.1000000 ,       0.3940467 ,       0.3133518
      1.1100000 ,      -0.0686395 ,      -0.1515974
      1.1200000 ,      -0.4524218 ,      -0.5259672
      1.1300000 ,      -0.7284113 ,      -0.7828740
      1.1400000 ,      -0.8865848 ,      -0.9159250
      1.1500000 ,      -0.9353688 ,      -0.9379837
      1.1600000 ,      -0.8981293 ,      -0.8767678
      1.1700000 ,      -0.8074481 ,      -0.7683444
      1.1800000 ,      -0.6984260 ,      -0.6499059
      1.1900000 ,      -0.6023428 ,      -0.5532306
      1.2000000 ,      -0.5418232 ,      -0.4999702
      1.2100000 ,      -0.5282538 ,      -0.4994412
      1.2200000 ,      -0.5616775 ,      -0.5490359
      1.2300000 ,      -0.6328698 ,      -0.6368348
      1.2400000 ,      -0.7268900 ,      -0.7456089
      1.2500000 ,      -0.8271808 ,      -0.8572132
      1.2600000 ,      -0.9192856 ,      -0.9564184
      1.2700000 ,      -0.9934549 ,      -1.0334682
      1.2800000 ,      -1.0457491 ,      -1.0850150
      1.2900000 ,      -1.0776328 ,      -1.1134900
      1.3000000 ,      -1.0943961 ,      -1.1252984
      1.3100000 ,      -1.1029655 ,      -1.1284432
      1.3200000 ,      -1.1097323 ,      -1.1302249
      1.3300000 ,      -1.1189343 ,      -1.1355543
      1.3400000 ,      -1.1319189 ,      -1.1461926
      1.3500000 ,      -1.1473478 ,      -1.1609614
      1.3600000 ,      -1.1621507 ,      -1.1767176
      1.3700000 ,      -1.1728660 ,      -1.1897218
      1.3800000 ,      -1.1769402 ,      -1.1969749
      1.3900000 ,      -1.1736175 ,      -1.1971600
      1.4000000 ,      -1.1642014 ,      -1.1909739
      1.4100000 ,      -1.1516621 ,      -1.1808240
      1.4200000 ,      -1.1397523 ,      -1.1700397
      1.4300000 ,      -1.1319184 ,      -1.1618685
      1.4400000 ,      -1.1303325 ,      -1.1585606
      1.4500000 ,      -1.1353191 ,      -1.1607962
      1.4600000 ,      -1.1453218 ,      -1.1675915
      1.4700000 ,      -1.1574003 ,      -1.1766806
      1.4800000 ,      -1.1680982 ,      -1.1852327
      1.4900000 ,      -1.1744265 ,      -1.1906847
      1.5000000 ,      -1.1746880 ,      -1.1914503
      1.5100000 ,      -1.1689185 ,      -1.1873150
      1.5200000 ,      -1.1588372 ,      -1.1794261
      1.5300000 ,      -1.1473320 ,      -1.1699018
      1.5400000 ,      -1.1376323 ,      -1.1611864
      1.5500000 ,      -1.1323948 ,      -1.1553374
      1.5600000 ,      -1.1329480 ,      -1.1534382
      1.5700000 ,      -1.1388822 ,      -1.1552814
      1.5800000 ,      -1.1480806 ,      -1.1593856
      1.5900000 ,      -1.1571662 ,      -1.1633192
      1.6000000 ,      -1.1622380 ,      -1.1642251
      1.6100000 ,      -1.1597086 ,      -1.1594062
      1.6200000 ,      -1.1470440 ,      -1.1468314
      1.6300000 ,      -1.1232520 ,      -1.1254673
      1.6400000 ,      -1.0890408 ,      -1.0954019
      1.6500000 ,      -1.0466580 ,      -1.0577876
      1.6600000 ,      -0.9994943 ,      -1.0146718
      1.6700000 ,      -0.9515724 ,      -0.9687889
      1.6800000 ,      -0.9070399 ,      -0.9233666
      1.6900000 ,      -0.8697489 ,      -0.8819522
      1.7000000 ,      -0.8429505 ,      -0.8482245
      1.7100000 ,      -0.8290812 ,      -0.8257321
      1.7200000 ,      -0.8295967 ,      -0.8175110
      1.7300000 ,      -0.8448104 ,      -0.8255802
      1.7400000 ,      -0.8737341 ,      -0.8503822
      1.7500000 ,      -0.9139655 ,      -0.8903041
      1.7600000 ,      -0.9617113 ,      -0.9414547
      1.7700000 ,      -1.0120414 ,      -0.9978600
      1.7800000 ,      -1.0594385 ,      -1.0521690
      1.7900000 ,      -1.0986292 ,      -1.0968383
      1.8000000 ,      -1.1255785 ,      -1.1256110
      1.8100000 ,      -1.1384322 ,      -1.1349783
      1.8200000 ,      -1.1381327 ,      -1.1252353
      1.8300000 ,      -1.1284446 ,      -1.1007652
      1.8400000 ,      -1.1152200 ,      -1.0693112
      1.8500000 ,      -1.1049040 ,      -1.0402180
      1.8600000 ,      -1.1024897 ,      -1.0218867
      1.8700000 ,      -1.1093303 ,      -1.0189442
      1.8800000 ,      -1.1213528 ,      -1.0297943
      1.8900000 ,      -1.1282296 ,      -1.0452461
      1.9000000 ,      -1.1139422 ,      -1.0487721
      1.9100000 ,      -1.0589129 ,      -1.0186480
      1.9200000 ,      -0.9435310 ,      -0.9318134
      1.9300000 ,      -0.7525382 ,      -0.7688644
      1.9400000 ,      -0.4794445 ,      -0.5192346
      1.9500000 ,      -0.1300059 ,      -0.1854430
      1.9600000 ,       0.2761417 ,       0.2146539
      1.9700000 ,       0.7063157 ,       0.6483638
      1.9800000 ,       1.1182588 ,       1.0716610
      1.9900000 ,       1.4658745 ,       1.4353160
      2.0000000 ,       1.7063349 ,       1.6926869
      2.0100000 ,       1.8072966 ,       1.8077648
      2.0200000 ,       1.7528276 ,       1.7619032
      2.0300000 ,       1.5468076 ,       1.5578150
      2.0400000 ,       1.2129975 ,       1.2198971
      2.0500000 ,       0.7916022 ,       0.7906428
      2.0600000 ,       0.3328582 ,       0.3236930
      2.0700000 ,      -0.1112024 ,      -0.1252090
      2.0800000 ,      -0.4952522 ,      -0.5076286
      2.0900000 ,      -0.7877851 ,      -0.7903612
      2.1000000 ,      -0.9754587 ,      -0.9602867
      2.1100000 ,      -1.0638345 ,      -1.0251980
      2.1200000 ,      -1.0744346 ,      -1.0104795
      2.1300000 ,      -1.0388104 ,      -0.9523985
      2.1400000 ,      -0.9909520 ,      -0.8894918
      2.1500000 ,      -0.9597131 ,      -0.8539442
      2.1600000 ,      -0.9629037 ,      -0.8648464
      2.1700000 ,      -1.0043115 ,      -0.9247938
      2.1800000 ,      -1.0742340 ,      -1.0205243
      2.1900000 ,      -1.1532920 ,      -1.1273695
      2.2000000 ,      -1.2185255 ,      -1.2164063
      2.2100000 ,      -1.2502368 ,      -1.2625573
      2.2200000 ,      -1.2378527 ,      -1.2516466
      2.2300000 ,      -1.1832981 ,      -1.1846340
      2.2400000 ,      -1.1009462 ,      -1.0778916
      2.2500000 ,      -1.0140258 ,      -0.9593069
      2.2600000 ,      -0.9482261 ,      -0.8609976
      2.2700000 ,      -0.9239630 ,      -0.8102699
      2.2800000 ,      -0.9491625 ,      -0.8209510
      2.2900000 ,      -1.0144063 ,      -0.8872462
      2.3000000 ,      -1.0918314 ,      -0.9818000
      2.3100000 ,      -1.1383921 ,      -1.0587639
      2.3200000 ,      -1.1031371 ,      -1.0615786
      2.3300000 ,      -0.9372294 ,      -0.9341103
      2.3400000 ,      -0.6047614 ,      -0.6329619
      2.3500000 ,      -0.0921389 ,      -0.1384189
      2.3600000 ,       0.5860052 ,       0.5383445
      2.3700000 ,       1.3857742 ,       1.3534889
      2.3800000 ,       2.2383204 ,       2.2347971
      2.3900000 ,       3.0589185 ,       3.0914511
      2.4000000 ,       3.7592627 ,       3.8276115
      2.4100000 ,       4.2608027 ,       4.3573394
      2.4200000 ,       4.5067221 ,       4.6181235
      2.4300000 ,       4.4704313 ,       4.5805476
      2.4400000 ,       4.1591298 ,       4.2524031
      2.4500000 ,       3.6119448 ,       3.6766364
      2.4600000 ,       2.8931744 ,       2.9237094
      2.4700000 ,       2.0820383 ,       2.0799767
      2.4800000 ,       1.2609081 ,       1.2343575
      2.4900000 ,       0.5041314 ,       0.4657620
      2.5000000 ,      -0.1307071 ,      -0.1665799
      2.5100000 ,      -0.6078643 ,      -0.6284682
      2.5200000 ,      -0.9144447 ,      -0.9113005
      2.5300000 ,      -1.0577392 ,      -1.0283793
      2.5400000 ,      -1.0599627 ,      -1.0082655
      2.5500000 ,      -0.9518184 ,      -0.8869277
      2.5600000 ,      -0.7663408 ,      -0.7004559
      2.5700000 ,      -0.5341739 ,      -0.4797444
      2.5800000 ,      -0.2809210 ,      -0.2478981
      2.5900000 ,      -0.0266065 ,      -0.0203713
      2.6000000 ,       0.2132442 ,       0.1928287
      2.6100000 ,       0.4257413 ,       0.3839807
      2.6200000 ,       0.5989050 ,       0.5447568
      2.6300000 ,       0.7208275 ,       0.6646134
      2.6400000 ,       0.7801048 ,       0.7310163
      2.6500000 ,       0.7674703 ,       0.7314605
      2.6600000 ,       0.6781435 ,       0.6566894
      2.6700000 ,       0.5141447 ,       0.5041436
      2.6800000 ,       0.2857709 ,       0.2805568
      2.6900000 ,       0.0116040 ,       0.0028058
      2.7000000 ,      -0.2832236 ,      -0.3034561
      2.7100000 ,      -0.5703438 ,      -0.6072926
      2.7200000 ,      -0.8224668 ,      -0.8774696
      2.7300000 ,      -1.0178322 ,      -1.0878952
      2.7400000 ,      -1.1438481 ,      -1.2223243
      2.7500000 ,      -1.1991123 ,      -1.2772639
      2.7600000 ,      -1.1933377 ,      -1.2623964
      2.7700000 ,      -1.1451491 ,      -1.1983790
      2.7800000 ,      -1.0781702 ,      -1.1124484
      2.7900000 ,      -1.0161803 ,      -1.0327364
      2.8000000 ,      -0.9783050 ,      -0.9824675
      2.8100000 ,      -0.9751868 ,      -0.9752173
      2.8200000 ,      -1.0068573 ,      -1.0121627
      2.8300000 ,      -1.0626766 ,      -1.0818191
      2.8400000 ,      -1.1232865 ,      -1.1622399
      2.8500000 ,      -1.1641453 ,      -1.2251646
      2.8600000 ,      -1.1599448 ,      -1.2412593
      2.8700000 ,      -1.0891027 ,      -1.1854391
      2.8800000 ,      -0.9375818 ,      -1.0413384
      2.8900000 ,      -0.7014764 ,      -0.8042366
      2.9000000 ,      -0.3880740 ,      -0.4820998
      2.9100000 ,      -0.0153714 ,      -0.0947621
      2.9200000 ,       0.3897513 ,       0.3284347
      2.9300000 ,       0.7943612 ,       0.7520495
      2.9400000 ,       1.1629231 ,       1.1384659
      2.9500000 ,       1.4610143 ,       1.4518707
      2.9600000 ,       1.6590036 ,       1.6619536
      2.9700000 ,       1.7354503 ,       1.7471207
      2.9800000 ,       1.6799908 ,       1.6970900
      2.9900000 ,       1.4954624 ,       1.5147363
      3.0000000 ,       1.1989676 ,       1.2170029
      3.0100000 ,       0.8215634 ,       0.8346217
      3.0200000 ,       0.4062998 ,       0.4103645
      3.0300000 ,       0.0044740 ,      -0.0043842
      3.0400000 ,      -0.3297894 ,      -0.3547373
      3.0500000 ,      -0.5461983 ,      -0.5887959
      3.0600000 ,      -0.6054211 ,      -0.6648453
      3.0700000 ,      -0.4856382 ,      -0.5582469
      3.0800000 ,      -0.1873553 ,      -0.2668184
      3.0900000 ,       0.2645871 ,       0.1864868
      3.1000000 ,       0.8225306 ,       0.7544943
      3.1100000 ,       1.4212224 ,       1.3706751
      3.1200000 ,       1.9862557 ,       1.9576063
      3.1300000 ,       2.4445804 ,       2.4379289
      3.1400000 ,       2.7354283 ,       2.7460902
      3.1500000 ,       2.8197707 ,       2.8388302
      3.1600000 ,       2.6865489 ,       2.7024272
      3.1700000 ,       2.3544155 ,       2.3551918
      3.1800000 ,       1.8684981 ,       1.8445212
      3.1900000 ,       1.2926357 ,       1.2388531
      3.2000000 ,       0.6984269 ,       0.6158811
      3.2100000 ,       0.1531013 ,       0.0491944
      3.2200000 ,      -0.2914838 ,      -0.4041006
      3.2300000 ,      -0.6065917 ,      -0.7123404
      3.2400000 ,      -0.7895776 ,      -0.8730436
      3.2500000 ,      -0.8615107 ,      -0.9106601
      3.2600000 ,      -0.8599652 ,      -0.8687919
      3.2700000 ,      -0.8285118 ,      -0.7985158
      3.2800000 ,      -0.8051543 ,      -0.7452925
      3.2900000 ,      -0.8122192 ,      -0.7372936
      3.3000000 ,      -0.8499343 ,      -0.7777294
      3.3100000 ,      -0.8951922 ,      -0.8429504
      3.3200000 ,      -0.9059091 ,      -0.8868897
      3.3300000 ,      -0.8302024 ,      -0.8510577
      3.3400000 ,      -0.6185564 ,      -0.6780867
      3.3500000 ,      -0.2364592 ,      -0.3260073
      3.3600000 ,       0.3251748 ,       0.2197872
      3.3700000 ,       1.0440981 ,       0.9395250
      3.3800000 ,       1.8667578 ,       1.7786465
      3.3900000 ,       2.7145019 ,       2.6543310
      3.4000000 ,       3.4949547 ,       3.4678679
      3.4100000 ,       4.1165044 ,       4.1205807
      3.4200000 ,       4.5032028 ,       4.5302773
      3.4300000 ,       4.6072835 ,       4.6450838
      3.4400000 ,       4.4169652 ,       4.4520435
      3.4500000 ,       3.9581314 ,       3.9789112
      3.4600000 ,       3.2896702 ,       3.2889189
      3.4700000 ,       2.4934620 ,       2.4696588
      3.4800000 ,       1.6609889 ,       1.6183249
      3.4900000 ,       0.8791052 ,       0.8261730
      3.5000000 ,       0.2175467 ,       0.1650793
      3.5100000 ,      -0.2796996 ,      -0.3214804
      3.5200000 ,      -0.5979101 ,      -0.6217044
      3.5300000 ,      -0.7498218 ,      -0.7528704
      3.5400000 ,      -0.7693433 ,      -0.7539119
      3.5500000 ,      -0.7024083 ,      -0.6750720
      3.5600000 ,      -0.5970084 ,      -0.5669553
      3.5700000 ,      -0.4944048 ,      -0.4712001
      3.5800000 ,      -0.4230760 ,      -0.4144355
      3.5900000 ,      -0.3962289 ,      -0.4063276
      3.6000000 ,      -0.4128671 ,      -0.4415571
      3.6100000 ,      -0.4616564 ,      -0.5047388
      3.6200000 ,      -0.5263164 ,      -0.5767516
      3.6300000 ,      -0.5910831 ,      -0.6408072
      3.6400000 ,      -0.6449573 ,      -0.6868401
      3.6500000 ,      -0.6838926 ,      -0.7133603
      3.6600000 ,      -0.7106749 ,      -0.7266245
      3.6700000 ,      -0.7328403 ,      -0.7376592
      3.6800000 ,      -0.7594335 ,      -0.7581668
      3.6900000 ,      -0.7976245 ,      -0.7965371
      3.7000000 ,      -0.8501457 ,      -0.8550645
      3.7100000 ,      -0.9142141 ,      -0.9290714
      3.7200000 ,      -0.9821603 ,      -1.0080909
      3.7300000 ,      -1.0435112 ,      -1.0787027
      3.7400000 ,      -1.0878964 ,      -1.1281945
      3.7500000 ,      -1.1079517 ,      -1.1480344
      3.7600000 ,      -1.1014236 ,      -1.1362220
      3.7700000 ,      -1.0719170 ,      -1.0979115
      3.7800000 ,      -1.0281009 ,      -1.0441690
      3.7900000 ,      -0.9815983 ,      -0.9892158
      3.8000000 ,      -0.9441266 ,      -0.9468964
      3.8100000 ,      -0.9246376 ,      -0.9272919
      3.8200000 ,      -0.9271903 ,      -0.9343447
      3.8300000 ,      -0.9500905 ,      -0.9650776
      3.8400000 ,      -0.9864881 ,      -1.0105727
      3.8500000 ,      -1.0262523 ,      -1.0584177
      3.8600000 ,      -1.0586161 ,      -1.0959595
      3.8700000 ,      -1.0748987 ,      -1.1135143
      3.8800000 ,      -1.0706085 ,      -1.1067130
      3.8900000 ,      -1.0464061 ,      -1.0774024
      3.9000000 ,      -1.0077108 ,      -1.0329099
      3.9100000 ,      -0.9630934 ,      -0.9839063
      3.9200000 ,      -0.9219084 ,      -0.9414626
      3.9300000 ,      -0.8918115 ,      -0.9140957
      3.9400000 ,      -0.8768270 ,      -0.9055895
      3.9500000 ,      -0.8764752 ,      -0.9141636
      3.9600000 ,      -0.8861805 ,      -0.9331969
      3.9700000 ,      -0.8988368 ,      -0.9533013
      3.9800000 ,      -0.9070907 ,      -0.9651748
      3.9900000 ,      -0.9057061 ,      -0.9624539
      4.0000000 ,      -0.8933369 ,      -0.9437712
      4.0100000 ,      -0.8731830 ,      -0.9134235
      4.0200000 ,      -0.8522871 ,      -0.8804102
      4.0300000 ,      -0.8395897 ,      -0.8560275
      4.0400000 ,      -0.8431979 ,      -0.8505895
      4.0500000 ,      -0.8675544 ,      -0.8701018
      4.0600000 ,      -0.9112609 ,      -0.9137582
      4.0700000 ,      -0.9661877 ,      -0.9729680
      4.0800000 ,      -1.0182155 ,      -1.0322708
      4.0900000 ,      -1.0495741 ,      -1.0720509
      4.1000000 ,      -1.0423544 ,      -1.0725247
      4.1100000 ,      -0.9824641 ,      -1.0181508
      4.1200000 ,      -0.8631568 ,      -0.9014770
      4.1300000 ,      -0.6873144 ,      -0.7255325
      4.1400000 ,      -0.4679057 ,      -0.5041681
      4.1500000 ,      -0.2264219 ,      -0.2601879
      4.1600000 ,       0.0104819 ,      -0.0215874
      4.1700000 ,       0.2155208 ,       0.1833719
      4.1800000 ,       0.3656151 ,       0.3312739
      4.1900000 ,       0.4460750 ,       0.4078239
      4.2000000 ,       0.4533096 ,       0.4104466
      4.2100000 ,       0.3955311 ,       0.3487074
      4.2200000 ,       0.2913214 ,       0.2425072
      4.2300000 ,       0.1663461 ,       0.1184355
      4.2400000 ,       0.0488510 ,       0.0050113
      4.2500000 ,      -0.0352153 ,      -0.0722770
      4.2600000 ,      -0.0665716 ,      -0.0952324
      4.2700000 ,      -0.0357168 ,      -0.0557934
      4.2800000 ,       0.0556927 ,       0.0429452
      4.2900000 ,       0.1953463 ,       0.1875839
      4.3000000 ,       0.3624689 ,       0.3568577
      4.3100000 ,       0.5312323 ,       0.5251359
      4.3200000 ,       0.6747676 ,       0.6663413
      4.3300000 ,       0.7691209 ,       0.7576599
      4.3400000 ,       0.7965806 ,       0.7825396
      4.3500000 ,       0.7479688 ,       0.7326594
      4.3600000 ,       0.6236913 ,       0.6087496
      4.3700000 ,       0.4335337 ,       0.4203133
      4.3800000 ,       0.1953519 ,       0.1844136
      4.3900000 ,      -0.0670993 ,      -0.0762553
      4.4000000 ,      -0.3269053 ,      -0.3357867
      4.4100000 ,      -0.5569965 ,      -0.5677567
      4.4200000 ,      -0.7331356 ,      -0.7479954
      4.4300000 ,      -0.8366150 ,      -0.8572243
      4.4400000 ,      -0.8564173 ,      -0.8833290
      4.4500000 ,      -0.7906042 ,      -0.8230075
      4.4600000 ,      -0.6467379 ,      -0.6825309
      4.4700000 ,      -0.4412020 ,      -0.4773939
      4.4800000 ,      -0.1973948 ,      -0.2307449
      4.4900000 ,       0.0570866 ,       0.0293526
      4.5000000 ,       0.2939869 ,       0.2735608
      4.5100000 ,       0.4882138 ,       0.4753454
      4.5200000 ,       0.6213839 ,       0.6148680
      4.5300000 ,       0.6845086 ,       0.6820213
      4.5400000 ,       0.6793152 ,       0.6780137
      4.5500000 ,       0.6178829 ,       0.6151161
      4.5600000 ,       0.5205503 ,       0.5145002
      4.5700000 ,       0.4123627 ,       0.4024551
      4.5800000 ,       0.3186174 ,       0.3056012
      4.5900000 ,       0.2602721 ,       0.2459522
      4.6000000 ,       0.2500514 ,       0.2367472
      4.6100000 ,       0.2899912 ,       0.2798668
      4.6200000 ,       0.3709228 ,       0.3653624
      4.6300000 ,       0.4740391 ,       0.4732322
      4.6400000 ,       0.5742926 ,       0.5771368
      4.6500000 ,       0.6450157 ,       0.6493623
      4.6600000 ,       0.6629085 ,       0.6660880
      4.6700000 ,       0.6124599 ,       0.6119517
      4.6800000 ,       0.4889711 ,       0.4830449
      4.6900000 ,       0.2996218 ,       0.2877848
      4.7000000 ,       0.0623941 ,       0.0455295
      4.7100000 ,      -0.1969158 ,      -0.2167564
      4.7200000 ,      -0.4490133 ,      -0.4691113
      4.7300000 ,      -0.6659261 ,      -0.6835630
      4.7400000 ,      -0.8254391 ,      -0.8385616
      4.7500000 ,      -0.9143609 ,      -0.9220751
      4.7600000 ,      -0.9300940 ,      -0.9328641
      4.7700000 ,      -0.8803217 ,      -0.8798246
      4.7800000 ,      -0.7809851 ,      -0.7796591
      4.7900000 ,      -0.6530237 ,      -0.6534266
      4.8000000 ,      -0.5185433 ,      -0.5226825
      4.8100000 ,      -0.3971215 ,      -0.4059255
      4.8200000 ,      -0.3028750 ,      -0.3159375
      4.8300000 ,      -0.2427156 ,      -0.2583748
      4.8400000 ,      -0.2159733 ,      -0.2317033
      4.8500000 ,      -0.2153116 ,      -0.2283262
      4.8600000 ,      -0.2286578 ,      -0.2365722
      4.8700000 ,      -0.2417409 ,      -0.2431279
      4.8800000 ,      -0.2407944 ,      -0.2354984
      4.8900000 ,      -0.2150140 ,      -0.2041499
      4.9000000 ,      -0.1584503 ,      -0.1440960
      4.9100000 ,      -0.0711281 ,      -0.0557948
      4.9200000 ,       0.0407086 ,       0.0546873
      4.9300000 ,       0.1652309 ,       0.1762360
      4.9400000 ,       0.2864720 ,       0.2939255
      4.9500000 ,       0.3864524 ,       0.3908570
      4.9600000 ,       0.4477888 ,       0.4504794
      4.9700000 ,       0.4565195 ,       0.4592003
      4.9800000 ,       0.4048127 ,       0.4090092
      4.9900000 ,       0.2931640 ,       0.2997399
      5.0000000 ,       0.1316734 ,       0.1405449
      5.0100000 ,      -0.0599625 ,      -0.0498357
      5.0200000 ,      -0.2539757 ,      -0.2443181
      5.0300000 ,      -0.4175957 ,      -0.4103304
      5.0400000 ,      -0.5174120 ,      -0.5140883
      5.0500000 ,      -0.5244999 ,      -0.5257851
      5.0600000 ,      -0.4195379 ,      -0.4249108
      5.0700000 ,      -0.1970200 ,      -0.2047540
      5.0800000 ,       0.1323008 ,       0.1248503
      5.0900000 ,       0.5413921 ,       0.5372550
      5.1000000 ,       0.9896167 ,       0.9915545
      5.1100000 ,       1.4279001 ,       1.4377842
      5.1200000 ,       1.8056890 ,       1.8240604
      5.1300000 ,       2.0785940 ,       2.1045084
      5.1400000 ,       2.2153896 ,       2.2465865
      5.1500000 ,       2.2030700 ,       2.2364252
      5.1600000 ,       2.0489540 ,       2.0811108
      5.1700000 ,       1.7793476 ,       1.8073794
      5.1800000 ,       1.4349168 ,       1.4568722
      5.1900000 ,       1.0635709 ,       1.0787820
      5.2000000 ,       0.7121672 ,       0.7212618
      5.2100000 ,       0.4186106 ,       0.4232415
      5.2200000 ,       0.2058681 ,       0.2082376
      5.2300000 ,       0.0790500 ,       0.0813531
      5.2400000 ,       0.0260936 ,       0.0300166
      5.2500000 ,       0.0218491 ,       0.0282397
      5.2600000 ,       0.0346640 ,       0.0434394
      5.2700000 ,       0.0340406 ,       0.0443399
      5.2800000 ,      -0.0022743 ,       0.0082494
      5.2900000 ,      -0.0832780 ,      -0.0738420
      5.3000000 ,      -0.2028335 ,      -0.1954137
      5.3100000 ,      -0.3412880 ,      -0.3361664
      5.3200000 ,      -0.4701920 ,      -0.4669386
      5.3300000 ,      -0.5590417 ,      -0.5566541
      5.3400000 ,      -0.5825309 ,      -0.5797343
      5.3500000 ,      -0.5266947 ,      -0.5223141
      5.3600000 ,      -0.3925807 ,      -0.3858824
      5.3700000 ,      -0.1966392 ,      -0.1875476
      5.3800000 ,       0.0322455 ,       0.0431138
      5.3900000 ,       0.2584186 ,       0.2699108
      5.4000000 ,       0.4465578 ,       0.4572910
      5.4100000 ,       0.5686590 ,       0.5773935
      5.4200000 ,       0.6093917 ,       0.6153741
      5.4300000 ,       0.5686944 ,       0.5718797
      5.4400000 ,       0.4611071 ,       0.4622032
      5.4500000 ,       0.3120698 ,       0.3123903
      5.4600000 ,       0.1520798 ,       0.1532428
      5.4700000 ,       0.0100513 ,       0.0135981
      5.4800000 ,      -0.0926391 ,      -0.0856109
      5.4900000 ,      -0.1461349 ,      -0.1352353
      5.5000000 ,      -0.1533105 ,      -0.1389564
      5.5100000 ,      -0.1280604 ,      -0.1113886
      5.5200000 ,      -0.0911833 ,      -0.0738042
      5.5300000 ,      -0.0649100 ,      -0.0485620
      5.5400000 ,      -0.0673909 ,      -0.0535820
      5.5500000 ,      -0.1084234 ,      -0.0981400
      5.5600000 ,      -0.1873588 ,      -0.1809057
      5.5700000 ,      -0.2935891 ,      -0.2905868
      5.5800000 ,      -0.4093910 ,      -0.4089175
      5.5900000 ,      -0.5143599 ,      -0.5151916
      5.6000000 ,      -0.5903191 ,      -0.5912027
      5.6100000 ,      -0.6255162 ,      -0.6254053
      5.6200000 ,      -0.6171331 ,      -0.6153367
      5.6300000 ,      -0.5715742 ,      -0.5677949
      5.6400000 ,      -0.5025533 ,      -0.4968221
      5.6500000 ,      -0.4275261 ,      -0.4200727
      5.6600000 ,      -0.3634049 ,      -0.3545113
      5.6700000 ,      -0.3226292 ,      -0.3125186
      5.6800000 ,      -0.3105455 ,      -0.2993398
      5.6900000 ,      -0.3246961 ,      -0.3124502
      5.7000000 ,      -0.3561213 ,      -0.3429161
      5.7100000 ,      -0.3922729 ,      -0.3783276
      5.7200000 ,      -0.4207412 ,      -0.4064971
      5.7300000 ,      -0.4328056 ,      -0.4189411
      5.7400000 ,      -0.4258814 ,      -0.4132374
      5.7500000 ,      -0.4042291 ,      -0.3936525
      5.7600000 ,      -0.3777391 ,      -0.3698799
      5.7700000 ,      -0.3591038 ,      -0.3542182
      5.7800000 ,      -0.3600977 ,      -0.3579164
      5.7900000 ,      -0.3879217 ,      -0.3876297
      5.8000000 ,      -0.4425629 ,      -0.4429099
      5.8100000 ,      -0.5158776 ,      -0.5154055
      5.8200000 ,      -0.5926882 ,      -0.5900305
      5.8300000 ,      -0.6536937 ,      -0.6478775
      5.8400000 ,      -0.6795478 ,      -0.6702248
      5.8500000 ,      -0.6551699 ,      -0.6427150
      5.8600000 ,      -0.5732872 ,      -0.5587330
      5.8700000 ,      -0.4363801 ,      -0.4211943
      5.8800000 ,      -0.2565746 ,      -0.2423261
      5.8900000 ,      -0.0535002 ,      -0.0414886
      5.9000000 ,       0.1493982 ,       0.1584635
      5.9100000 ,       0.3292597 ,       0.3354525
      5.9200000 ,       0.4679333 ,       0.4721276
      5.9300000 ,       0.5549357 ,       0.5586368
      5.9400000 ,       0.5886395 ,       0.5936645
      5.9500000 ,       0.5755207 ,       0.5835979
      5.9600000 ,       0.5277533 ,       0.5401319
      5.9700000 ,       0.4598169 ,       0.4769742
      5.9800000 ,       0.3849875 ,       0.4065010
      5.9900000 ,       0.3125735 ,       0.3371853
      6.0000000 ,       0.2465355 ,       0.2723948
      6.0100000 ,       0.1857595 ,       0.2107862
      6.0200000 ,       0.1258221 ,       0.1481107
      6.0300000 ,       0.0617086 ,       0.0798825
      6.0400000 ,      -0.0092929 ,       0.0041475
      6.0500000 ,      -0.0853360 ,      -0.0764293
      6.0600000 ,      -0.1590438 ,      -0.1537658
      6.0700000 ,      -0.2181355 ,      -0.2151260
      6.0800000 ,      -0.2475554 ,      -0.2453211
      6.0900000 ,      -0.2326231 ,      -0.2298524
      6.1000000 ,      -0.1624519 ,      -0.1582500
      6.1100000 ,      -0.0328036 ,      -0.0267987
      6.1200000 ,       0.1523356 ,       0.1600303
      6.1300000 ,       0.3808724 ,       0.3898195
      6.1400000 ,       0.6344349 ,       0.6441046
      6.1500000 ,       0.8915211 ,       0.9015284
      6.1600000 ,       1.1312682 ,       1.1415492
      6.1700000 ,       1.3369913 ,       1.3478714
      6.1800000 ,       1.4987030 ,       1.5108385
      6.1900000 ,       1.6140656 ,       1.6282735
      6.2000000 ,       1.6876019 ,       1.7046215
      6.2100000 ,       1.7284025 ,       1.7486503
      6.2200000 ,       1.7469202 ,       1.7703008
      6.2300000 ,       1.7516492 ,       1.7774718
      6.2400000 ,       1.7465066 ,       1.7735332
      6.2500000 ,       1.7295556 ,       1.7561729
      6.2600000 ,       1.6933808 ,       1.7178622
      6.2700000 ,       1.6270298 ,       1.6478313
      6.2800000 ,       1.5190532 ,       1.5350810
      6.2900000 ,       1.3609158 ,       1.3717104
      6.3000000 ,       1.1499565 ,       1.1557567
      6.3100000 ,       0.8911761 ,       0.8928537
      6.3200000 ,       0.5974037 ,       0.5962870
      6.3300000 ,       0.2877601 ,       0.2853856
      6.3400000 ,      -0.0152714 ,      -0.0174259
      6.3500000 ,      -0.2895480 ,      -0.2902964
      6.3600000 ,      -0.5169525 ,      -0.5155576
      6.3700000 ,      -0.6862858 ,      -0.6825180
      6.3800000 ,      -0.7947771 ,      -0.7888727
      6.3900000 ,      -0.8479388 ,      -0.8404768
      6.4000000 ,      -0.8578578 ,      -0.8495897
      6.4100000 ,      -0.8403542 ,      -0.8320249
      6.4200000 ,      -0.8116625 ,      -0.8038578
      6.4300000 ,      -0.7853623 ,      -0.7784105
      6.4400000 ,      -0.7701928 ,      -0.7641312
      6.4500000 ,      -0.7691492 ,      -0.7637539
      6.4600000 ,      -0.7799497 ,      -0.7748141
      6.4700000 ,      -0.7966441 ,      -0.7912849
      6.4800000 ,      -0.8118891 ,      -0.8058566
      6.4900000 ,      -0.8192939 ,      -0.8122655
      6.5000000 ,      -0.8152608 ,      -0.8071055
      6.5100000 ,      -0.7999083 ,      -0.7907123
      6.5200000 ,      -0.7769074 ,      -0.7669641
      6.5300000 ,      -0.7523449 ,      -0.7421122
      6.5400000 ,      -0.7329582 ,      -0.7229929
      6.5500000 ,      -0.7242298 ,      -0.7151096
      6.5600000 ,      -0.7288456 ,      -0.7210882
      6.5700000 ,      -0.7459091 ,      -0.7398987
      6.5800000 ,      -0.7711035 ,      -0.7670333
      6.5900000 ,      -0.7977479 ,      -0.7955860
      6.6000000 ,      -0.8184688 ,      -0.8179533
      6.6100000 ,      -0.8270601 ,      -0.8277262
      6.6200000 ,      -0.8200632 ,      -0.8213005
      6.6300000 ,      -0.7976727 ,      -0.7988074
      6.6400000 ,      -0.7637469 ,      -0.7641374
      6.6500000 ,      -0.7249246 ,      -0.7240565
      6.6600000 ,      -0.6890677 ,      -0.6866310
      6.6700000 ,      -0.6634136 ,      -0.6593483
      6.6800000 ,      -0.6528863 ,      -0.6473852
      6.6900000 ,      -0.6589728 ,      -0.6524399
      6.7000000 ,      -0.6794273 ,      -0.6723971
      6.7100000 ,      -0.7088631 ,      -0.7018959
      6.7200000 ,      -0.7400733 ,      -0.7336460
      6.7300000 ,      -0.7657442 ,      -0.7601588
      6.7400000 ,      -0.7801349 ,      -0.7754627
      6.7500000 ,      -0.7803047 ,      -0.7763787
      6.7600000 ,      -0.7665864 ,      -0.7630418
      6.7700000 ,      -0.7421906 ,      -0.7385455
      6.7800000 ,      -0.7120438 ,      -0.7078017
      6.7900000 ,      -0.6811556 ,      -0.6759083
      6.8000000 ,      -0.6529354 ,      -0.6464439
      6.8100000 ,      -0.6279006 ,      -0.6201384
      6.8200000 ,      -0.6031330 ,      -0.5942843
      6.8300000 ,      -0.5726683 ,      -0.5630841
      6.8400000 ,      -0.5287804 ,      -0.5189038
      6.8500000 ,      -0.4639015 ,      -0.4541802
      6.8600000 ,      -0.3727528 ,      -0.3635586
      6.8700000 ,      -0.2541880 ,      -0.2457578
      6.8800000 ,      -0.1122923 ,      -0.1047007
      6.8900000 ,       0.0435766 ,       0.0504113
      6.9000000 ,       0.1998930 ,       0.2061765
      6.9100000 ,       0.3410551 ,       0.3470684
      6.9200000 ,       0.4520797 ,       0.4581268
      6.9300000 ,       0.5213716 ,       0.5277332
      6.9400000 ,       0.5430005 ,       0.5499009
      6.9500000 ,       0.5180061 ,       0.5255929
      6.9600000 ,       0.4544350 ,       0.4627709
      6.9700000 ,       0.3660721 ,       0.3751326
      6.9800000 ,       0.2700882 ,       0.2797627
      6.9900000 ,       0.1840524 ,       0.1941477
      7.0000000 ,       0.1228855 ,       0.1331349
      7.0100000 ,       0.0963433 ,       0.1064253
      7.0200000 ,       0.1075099 ,       0.1170818
      7.0300000 ,       0.1525738 ,       0.1613215
      7.0400000 ,       0.2218962 ,       0.2295962
      7.0500000 ,       0.3021216 ,       0.3087042
      7.0600000 ,       0.3788748 ,       0.3844740
      7.0700000 ,       0.4394816 ,       0.4444544
      7.0800000 ,       0.4751642 ,       0.4800668
      7.0900000 ,       0.4822915 ,       0.4878075
      7.1000000 ,       0.4624803 ,       0.4693080
      7.1100000 ,       0.4215969 ,       0.4303153
      7.1200000 ,       0.3679482 ,       0.3788897
      7.1300000 ,       0.3101171 ,       0.3232779
      7.1400000 ,       0.2549612 ,       0.2699770
      7.1500000 ,       0.2062394 ,       0.2224382
      7.1600000 ,       0.1641676 ,       0.1806966
      7.1700000 ,       0.1259775 ,       0.1419798
      7.1800000 ,       0.0873066 ,       0.1021084
      7.1900000 ,       0.0440431 ,       0.0573063
      7.2000000 ,      -0.0058659 ,       0.0059306
      7.2100000 ,      -0.0611362 ,      -0.0503518
      7.2200000 ,      -0.1167684 ,      -0.1062921
      7.2300000 ,      -0.1647297 ,      -0.1538206
      7.2400000 ,      -0.1955952 ,      -0.1837189
      7.2500000 ,      -0.2008005 ,      -0.1878413
      7.2600000 ,      -0.1749854 ,      -0.1613661
      7.2700000 ,      -0.1178452 ,      -0.1045118
      7.2800000 ,      -0.0349842 ,      -0.0232418
      7.2900000 ,       0.0625373 ,       0.0713144
      7.3000000 ,       0.1599884 ,       0.1647133
      7.3100000 ,       0.2418025 ,       0.2420192
      7.3200000 ,       0.2949189 ,       0.2910442
      7.3300000 ,       0.3119279 ,       0.3053221
      7.3400000 ,       0.2933081 ,       0.2861349
      7.3500000 ,       0.2481871 ,       0.2430735
      7.3600000 ,       0.1933369 ,       0.1928886
      7.3700000 ,       0.1504697 ,       0.1567381
      7.3800000 ,       0.1422621 ,       0.1562781
      7.3900000 ,       0.1878277 ,       0.2093100
      7.4000000 ,       0.2985108 ,       0.3258255
      7.4100000 ,       0.4748540 ,       0.5052513
      7.4200000 ,       0.7054005 ,       0.7354941
      7.4300000 ,       0.9676528 ,       0.9940501
      7.4400000 ,       1.2310990 ,       1.2510566
      7.4500000 ,       1.4618148 ,       1.4737783
      7.4600000 ,       1.6278328 ,       1.6317434
      7.4700000 ,       1.7043119 ,       1.7016083
      7.4800000 ,       1.6775677 ,       1.6708755
      7.4900000 ,       1.5472363 ,       1.5398082
      7.5000000 ,       1.3261998 ,       1.3212215
      7.5100000 ,       1.0383213 ,       1.0382329
      7.5200000 ,       0.7144474 ,       0.7204274
      7.5300000 ,       0.3874467 ,       0.3991693
      7.5400000 ,       0.0872038 ,       0.1029258
      7.5500000 ,      -0.1635378 ,      -0.1465818
      7.5600000 ,      -0.3517974 ,      -0.3367759
      7.5700000 ,      -0.4750808 ,      -0.4648588
      7.5800000 ,      -0.5402299 ,      -0.5367283
      7.5900000 ,      -0.5607766 ,      -0.5645368
      7.6000000 ,      -0.5534412 ,      -0.5634875
      7.6100000 ,      -0.5345302 ,      -0.5485567
      7.6200000 ,      -0.5169431 ,      -0.5317806
      7.6300000 ,      -0.5083116 ,      -0.5205706
      7.6400000 ,      -0.5105126 ,      -0.5172620
      7.6500000 ,      -0.5204911 ,      -0.5198284
      7.6600000 ,      -0.5320561 ,      -0.5234529
      7.6700000 ,      -0.5381424 ,      -0.5225018
      7.6800000 ,      -0.5329790 ,      -0.5124050
      7.6900000 ,      -0.5136818 ,      -0.4910243
      7.7000000 ,      -0.4809654 ,      -0.4592479
      7.7100000 ,      -0.4388956 ,      -0.4207523
      7.7200000 ,      -0.3938304 ,      -0.3810681
      7.7300000 ,      -0.3528669 ,      -0.3462330
      7.7400000 ,      -0.3221956 ,      -0.3213799
      7.7500000 ,      -0.3057465 ,      -0.3095927
      7.7600000 ,      -0.3044081 ,      -0.3112648
      7.7700000 ,      -0.3159420 ,      -0.3240596
      7.7800000 ,      -0.3355466 ,      -0.3434271
      7.7900000 ,      -0.3568825 ,      -0.3635094
      7.8000000 ,      -0.3732912 ,      -0.3782061
      7.8100000 ,      -0.3789324 ,      -0.3821667
      7.8200000 ,      -0.3696254 ,      -0.3715302
      7.8300000 ,      -0.3432840 ,      -0.3443231
      7.8400000 ,      -0.2999478 ,      -0.3005206
      7.8500000 ,      -0.2415129 ,      -0.2418534
      7.8600000 ,      -0.1713086 ,      -0.1714822
      7.8700000 ,      -0.0936692 ,      -0.0936514
      7.8800000 ,      -0.0135964 ,      -0.0133943
      7.8900000 ,       0.0634680 ,       0.0637058
      7.9000000 ,       0.1318132 ,       0.1317460
      7.9100000 ,       0.1856765 ,       0.1848091
      7.9200000 ,       0.2196086 ,       0.2174162
      7.9300000 ,       0.2290451 ,       0.2251522
      7.9400000 ,       0.2110549 ,       0.2054151
      7.9500000 ,       0.1651483 ,       0.1581630
      7.9600000 ,       0.0939481 ,       0.0864754
      7.9700000 ,       0.0035032 ,      -0.0032670
      7.9800000 ,      -0.0969445 ,      -0.1017335
      7.9900000 ,      -0.1958299 ,      -0.1975832
      8.0000000 ,      -0.2807232 ,      -0.2789184
      8.0100000 ,      -0.3401785 ,      -0.3350459
      8.0200000 ,      -0.3656481 ,      -0.3582370
      8.0300000 ,      -0.3530772 ,      -0.3451345
      8.0400000 ,      -0.3038179 ,      -0.2974874
      8.0500000 ,      -0.2246079 ,      -0.2220072
      8.0600000 ,      -0.1265395 ,      -0.1293029
      8.0700000 ,      -0.0231558 ,      -0.0320476
      8.0800000 ,       0.0719952 ,       0.0573044
      8.0900000 ,       0.1478805 ,       0.1288132
      8.1000000 ,       0.1980687 ,       0.1769043
      8.1100000 ,       0.2219406 ,       0.2013865
      8.1200000 ,       0.2247528 ,       0.2074097
      8.1300000 ,       0.2165081 ,       0.2043438
      8.1400000 ,       0.2098392 ,       0.2037868
      8.1500000 ,       0.2173196 ,       0.2170873
      8.1600000 ,       0.2487402 ,       0.2528780
      8.1700000 ,       0.3089066 ,       0.3151147
      8.1800000 ,       0.3964053 ,       0.4020171
      8.1900000 ,       0.5035902 ,       0.5061252
      8.2000000 ,       0.6177921 ,       0.6154580
      8.2100000 ,       0.7235023 ,       0.7155397
      8.2200000 ,       0.8050926 ,       0.7918920
      8.2300000 ,       0.8495315 ,       0.8325040
      8.2400000 ,       0.8485746 ,       0.8298134
      8.2500000 ,       0.8000300 ,       0.7818432
      8.2600000 ,       0.7078998 ,       0.6923216
      8.2700000 ,       0.5814310 ,       0.5698188
      8.2800000 ,       0.4333257 ,       0.4261257
      8.2900000 ,       0.2775079 ,       0.2742310
      8.3000000 ,       0.1269056 ,       0.1263058
      8.3100000 ,      -0.0083364 ,      -0.0079346
      8.3200000 ,      -0.1219207 ,      -0.1222284
      8.3300000 ,      -0.2116227 ,      -0.2140190
      8.3400000 ,      -0.2787448 ,      -0.2840168
      8.3500000 ,      -0.3270194 ,      -0.3352593
      8.3600000 ,      -0.3612692 ,      -0.3719383
      8.3700000 ,      -0.3861443 ,      -0.3982738
      8.3800000 ,      -0.4051913 ,      -0.4176615
      8.3900000 ,      -0.4204009 ,      -0.4322237
      8.4000000 ,      -0.4322441 ,      -0.4427828
      8.4100000 ,      -0.4400898 ,      -0.4491675
      8.4200000 ,      -0.4428190 ,      -0.4507021
      8.4300000 ,      -0.4394306 ,      -0.4467028
      8.4400000 ,      -0.4294664 ,      -0.4368363
      8.4500000 ,      -0.4131600 ,      -0.4212585
      8.4600000 ,      -0.3913067 ,      -0.4005266
      8.4700000 ,      -0.3649367 ,      -0.3753527
      8.4800000 ,      -0.3349250 ,      -0.3463075
      8.4900000 ,      -0.3016847 ,      -0.3135944
      8.5000000 ,      -0.2650541 ,      -0.2769843
      8.5100000 ,      -0.2244268 ,      -0.2359499
      8.5200000 ,      -0.1790950 ,      -0.1899717
      8.5300000 ,      -0.1287123 ,      -0.1389361
      8.5400000 ,      -0.0737425 ,      -0.0835113
      8.5500000 ,      -0.0157629 ,      -0.0253914
      8.5600000 ,       0.0424762 ,       0.0326743
      8.5700000 ,       0.0972696 ,       0.0870924
      8.5800000 ,       0.1444165 ,       0.1338450
      8.5900000 ,       0.1798246 ,       0.1690351
      8.6000000 ,       0.2001296 ,       0.1894434
      8.6100000 ,       0.2031987 ,       0.1929874
      8.6200000 ,       0.1884219 ,       0.1789953
      8.6300000 ,       0.1567470 ,       0.1482574
      8.6400000 ,       0.1104786 ,       0.1028684
      8.6500000 ,       0.0529103 ,       0.0459177
      8.6600000 ,      -0.0121107 ,      -0.0188906
      8.6700000 ,      -0.0805880 ,      -0.0876059
      8.6800000 ,      -0.1486790 ,      -0.1563264
      8.6900000 ,      -0.2128700 ,      -0.2213950
      8.7000000 ,      -0.2700401 ,      -0.2795098
      8.7100000 ,      -0.3174684 ,      -0.3277842
      8.7200000 ,      -0.3528480 ,      -0.3638079
      8.7300000 ,      -0.3743569 ,      -0.3857418
      8.7400000 ,      -0.3808025 ,      -0.3924586
      8.7500000 ,      -0.3718140 ,      -0.3837024
      8.7600000 ,      -0.3480187 ,      -0.3602149
      8.7700000 ,      -0.3111229 ,      -0.3237639
      8.7800000 ,      -0.2638268 ,      -0.2770210
      8.7900000 ,      -0.2095380 ,      -0.2232662
      8.8000000 ,      -0.1519067 ,      -0.1659482
      8.8100000 ,      -0.0942604 ,      -0.1081738
      8.8200000 ,      -0.0390620 ,      -0.0522362
      8.8300000 ,       0.0124701 ,       0.0006977
      8.8400000 ,       0.0604628 ,       0.0506461
      8.8500000 ,       0.1061529 ,       0.0985713
      8.8600000 ,       0.1513345 ,       0.1458675
      8.8700000 ,       0.1975977 ,       0.1936774
      8.8800000 ,       0.2455306 ,       0.2421927
      8.8900000 ,       0.2940886 ,       0.2901215
      8.9000000 ,       0.3403151 ,       0.3344789
      8.9100000 ,       0.3795326 ,       0.3708037
      8.9200000 ,       0.4060206 ,       0.3938071
      8.9300000 ,       0.4140830 ,       0.3983614
      8.9400000 ,       0.3993071 ,       0.3806468
      8.9500000 ,       0.3597522 ,       0.3392205
      8.9600000 ,       0.2968023 ,       0.2757688
      8.9700000 ,       0.2154665 ,       0.1953504
      8.9800000 ,       0.1240203 ,       0.1060349
      8.9900000 ,       0.0330067 ,       0.0179578
      9.0000000 ,      -0.0462440 ,      -0.0580667
      9.0100000 ,      -0.1033195 ,      -0.1121389
      9.0200000 ,      -0.1303452 ,      -0.1367904
      9.0300000 ,      -0.1232217 ,      -0.1281534
      9.0400000 ,      -0.0822587 ,      -0.0865729
      9.0500000 ,      -0.0121021 ,      -0.0165626
      9.0600000 ,       0.0790138 ,       0.0738759
      9.0700000 ,       0.1805300 ,       0.1744319
      9.0800000 ,       0.2810984 ,       0.2739447
      9.0900000 ,       0.3701125 ,       0.3618852
      9.1000000 ,       0.4389813 ,       0.4296256
      9.1100000 ,       0.4819717 ,       0.4713182
      9.1200000 ,       0.4965418 ,       0.4842978
      9.1300000 ,       0.4831992 ,       0.4690167
      9.1400000 ,       0.4449950 ,       0.4286007
      9.1500000 ,       0.3868155 ,       0.3681654
      9.1600000 ,       0.3146308 ,       0.2940406
      9.1700000 ,       0.2348256 ,       0.2130302
      9.1800000 ,       0.1536744 ,       0.1317866
      9.1900000 ,       0.0769642 ,       0.0563259
      9.2000000 ,       0.0097168 ,      -0.0083320
      9.2100000 ,      -0.0440512 ,      -0.0584375
      9.2200000 ,      -0.0815802 ,      -0.0917350
      9.2300000 ,      -0.1016399 ,      -0.1076457
      9.2400000 ,      -0.1047799 ,      -0.1073872
      9.2500000 ,      -0.0934761 ,      -0.0939747
      9.2600000 ,      -0.0720737 ,      -0.0720414
      9.2700000 ,      -0.0464456 ,      -0.0474264
      9.2800000 ,      -0.0233391 ,      -0.0265235
      9.2900000 ,      -0.0094580 ,      -0.0154409
      9.3000000 ,      -0.0104085 ,      -0.0190821
      9.3100000 ,      -0.0296956 ,      -0.0403067
      9.3200000 ,      -0.0679791 ,      -0.0793395
      9.3300000 ,      -0.1227726 ,      -0.1335742
      9.3400000 ,      -0.1886918 ,      -0.1978523
      9.3500000 ,      -0.2582498 ,      -0.2652055
      9.3600000 ,      -0.3230794 ,      -0.3279521
      9.3700000 ,      -0.3753598 ,      -0.3789535
      9.3800000 ,      -0.4091666 ,      -0.4127921
      9.3900000 ,      -0.4214690 ,      -0.4266328
      9.4000000 ,      -0.4125602 ,      -0.4205899
      9.4100000 ,      -0.3858239 ,      -0.3975191
      9.4200000 ,      -0.3468828 ,      -0.3622745
      9.4300000 ,      -0.3023100 ,      -0.3205896
      9.4400000 ,      -0.2581831 ,      -0.2778220
      9.4500000 ,      -0.2188012 ,      -0.2378376
      9.4600000 ,      -0.1858490 ,      -0.2022800
      9.4700000 ,      -0.1581963 ,      -0.1703889
      9.4800000 ,      -0.1323792 ,      -0.1394067
      9.4900000 ,      -0.1036547 ,      -0.1054849
      9.5000000 ,      -0.0673912 ,      -0.0648834
      9.5100000 ,      -0.0204782 ,      -0.0151924
      9.5200000 ,       0.0375690 ,       0.0437081
      9.5300000 ,       0.1040670 ,       0.1091733
      9.5400000 ,       0.1733201 ,       0.1759291
      9.5500000 ,       0.2374572 ,       0.2368033
      9.5600000 ,       0.2877825 ,       0.2839142
      9.5700000 ,       0.3163626 ,       0.3100757
      9.5800000 ,       0.3175225 ,       0.3101328
      9.5900000 ,       0.2889454 ,       0.2819570
      9.6000000 ,       0.2321582 ,       0.2269056
      9.6100000 ,       0.1523162 ,       0.1496606
      9.6200000 ,       0.0573484 ,       0.0574918
      9.6300000 ,      -0.0433484 ,      -0.0408946
      9.6400000 ,      -0.1403949 ,      -0.1366878
      9.6500000 ,      -0.2257985 ,      -0.2222229
      9.6600000 ,      -0.2939564 ,      -0.2919222
      9.6700000 ,      -0.3421300 ,      -0.3427772
      9.6800000 ,      -0.3703510 ,      -0.3743227
      9.6900000 ,      -0.3808394 ,      -0.3881669
      9.7000000 ,      -0.3771071 ,      -0.3872199
      9.7100000 ,      -0.3629681 ,      -0.3748184
      9.7200000 ,      -0.3416761 ,      -0.3539408
      9.7300000 ,      -0.3153580 ,      -0.3266712
      9.7400000 ,      -0.2848297 ,      -0.2939971
      9.7500000 ,      -0.2497872 ,      -0.2559454
      9.7600000 ,      -0.2092850 ,      -0.2119846
      9.7700000 ,      -0.1623589 ,      -0.1615691
      9.7800000 ,      -0.1086319 ,      -0.1046833
      9.7900000 ,      -0.0487663 ,      -0.0422538
      9.8000000 ,       0.0153316 ,       0.0236581
      9.8100000 ,       0.0805827 ,       0.0899196
      9.8200000 ,       0.1430509 ,       0.1526223
      9.8300000 ,       0.1984289 ,       0.2075450
      9.8400000 ,       0.2425948 ,       0.2506931
      9.8500000 ,       0.2721438 ,       0.2788189
      9.8600000 ,       0.2848167 ,       0.2898450
      9.8700000 ,       0.2797793 ,       0.2831373
      9.8800000 ,       0.2577362 ,       0.2596061
      9.8900000 ,       0.2208836 ,       0.2216380
      9.9000000 ,       0.1727240 ,       0.1728799
      9.9100000 ,       0.1177627 ,       0.1179036
      9.9200000 ,       0.0611095 ,       0.0617833
      9.9300000 ,       0.0080074 ,       0.0096160
      9.9400000 ,      -0.0366880 ,      -0.0339815
      9.9500000 ,      -0.0690397 ,      -0.0653609
      9.9600000 ,      -0.0865183 ,      -0.0822688
      9.9700000 ,      -0.0883810 ,      -0.0841566
      9.9800000 ,      -0.0758688 ,      -0.0723184
      9.9900000 ,      -0.0521574 ,      -0.0498111
     10.0000000 ,      -0.0220291 ,      -0.0211343
     10.0100000 ,       0.0087231 ,       0.0083160
     10.0200000 ,       0.0340963 ,       0.0329617
     10.0300000 ,       0.0487668 ,       0.0478302
     10.0400000 ,       0.0489203 ,       0.0492886
     10.0500000 ,       0.0328677 ,       0.0355955
     10.0600000 ,       0.0013192 ,       0.0071615
     10.0700000 ,      -0.0427534 ,      -0.0335444
     10.0800000 ,      -0.0946593 ,      -0.0824401
     10.0900000 ,      -0.1488432 ,      -0.1345549
     10.1000000 ,      -0.1998928 ,      -0.1849025
     10.1100000 ,      -0.2435002 ,      -0.2293351
     10.1200000 ,      -0.2771812 ,      -0.2652117
     10.1300000 ,      -0.3006056 ,      -0.2917457
     10.1400000 ,      -0.3154686 ,      -0.3099647
     10.1500000 ,      -0.3249341 ,      -0.3222956
     10.1600000 ,      -0.3327761 ,      -0.3318681
     10.1700000 ,      -0.3424063 ,      -0.3416917
     10.1800000 ,      -0.3560097 ,      -0.3538890
     10.1900000 ,      -0.3739775 ,      -0.3691523
     10.2000000 ,      -0.3947655 ,      -0.3865437
     10.2100000 ,      -0.4152046 ,      -0.4036751
     10.2200000 ,      -0.4311862 ,      -0.4172210
     10.2300000 ,      -0.4385605 ,      -0.4236393
     10.2400000 ,      -0.4340344 ,      -0.4199273
     10.2500000 ,      -0.4158568 ,      -0.4042365
     10.2600000 ,      -0.3841334 ,      -0.3762006
     10.2700000 ,      -0.3406960 ,      -0.3369042
     10.2800000 ,      -0.2885655 ,      -0.2885063
     10.2900000 ,      -0.2311399 ,      -0.2336159
     10.3000000 ,      -0.1713109 ,      -0.1745794
     10.3100000 ,      -0.1107306 ,      -0.1128635
     10.3200000 ,      -0.0494163 ,      -0.0486976
     10.3300000 ,       0.0141936 ,       0.0189225
     10.3400000 ,       0.0827298 ,       0.0918499
     10.3500000 ,       0.1590308 ,       0.1720964
     10.3600000 ,       0.2451213 ,       0.2609882
     10.3700000 ,       0.3412658 ,       0.3583620
     10.3800000 ,       0.4453238 ,       0.4619988
     10.3900000 ,       0.5525736 ,       0.5674460
     10.4000000 ,       0.6560755 ,       0.6683025
     10.4100000 ,       0.7475297 ,       0.7569422
     10.4200000 ,       0.8184818 ,       0.8255628
     10.4300000 ,       0.8616524 ,       0.8673721
     10.4400000 ,       0.8721440 ,       0.8776967
     10.4500000 ,       0.8482989 ,       0.8548077
     10.4600000 ,       0.7920566 ,       0.8003136
     10.4700000 ,       0.7087500 ,       0.7190498
     10.4800000 ,       0.6063921 ,       0.6184894
     10.4900000 ,       0.4945902 ,       0.5077822
     10.5000000 ,       0.3832855 ,       0.3965925
     10.5100000 ,       0.2815323 ,       0.2939272
     10.5200000 ,       0.1965054 ,       0.2071376
     10.5300000 ,       0.1328676 ,       0.1412309
     10.5400000 ,       0.0925511 ,       0.0985648
     10.5500000 ,       0.0749316 ,       0.0789256
     10.5600000 ,       0.0773097 ,       0.0799273
     10.5700000 ,       0.0955745 ,       0.0976262
     10.5800000 ,       0.1249202 ,       0.1272262
     10.5900000 ,       0.1604955 ,       0.1637539
     10.6000000 ,       0.1979077 ,       0.2026108
     10.6100000 ,       0.2335389 ,       0.2399471
     10.6200000 ,       0.2646767 ,       0.2728397
     10.6300000 ,       0.2894873 ,       0.2992935
     10.6400000 ,       0.3068793 ,       0.3181103
     10.6500000 ,       0.3163068 ,       0.3286778
     10.6600000 ,       0.3175601 ,       0.3307377
     10.6700000 ,       0.3105764 ,       0.3241779
     10.6800000 ,       0.2952996 ,       0.3088866
     10.6900000 ,       0.2716035 ,       0.2846886
     10.7000000 ,       0.2392902 ,       0.2513704
     10.7100000 ,       0.1981650 ,       0.2087875
     10.7200000 ,       0.1481833 ,       0.1570338
     10.7300000 ,       0.0896488 ,       0.0966427
     10.7400000 ,       0.0234320 ,       0.0287789
     10.7500000 ,      -0.0488404 ,      -0.0446253
     10.7600000 ,      -0.1246777 ,      -0.1208330
     10.7700000 ,      -0.2007527 ,      -0.1964004
     10.7800000 ,      -0.2730987 ,      -0.2674246
     10.7900000 ,      -0.3374821 ,      -0.3299284
     10.8000000 ,      -0.3899152 ,      -0.3803391
     10.8100000 ,      -0.4272343 ,      -0.4159879
     10.8200000 ,      -0.4476376 ,      -0.4355394
     10.8300000 ,      -0.4510649 ,      -0.4392565
     10.8400000 ,      -0.4393146 ,      -0.4290253
     10.8500000 ,      -0.4158373 ,      -0.4081042
     10.8600000 ,      -0.3852043 ,      -0.3806110
     10.8700000 ,      -0.3523250 ,      -0.3508234
     10.8800000 ,      -0.3215467 ,      -0.3224112
     10.8900000 ,      -0.2958166 ,      -0.2977521
     10.9000000 ,      -0.2760873 ,      -0.2774764
     10.9100000 ,      -0.2611136 ,      -0.2603549
     10.9200000 ,      -0.2477134 ,      -0.2435780
     10.9300000 ,      -0.2314726 ,      -0.2233955
     10.9400000 ,      -0.2077700 ,      -0.1960075
     10.9500000 ,      -0.1729225 ,      -0.1585311
     10.9600000 ,      -0.1252078 ,      -0.1098421
     10.9700000 ,      -0.0655326 ,      -0.0511020
     10.9800000 ,       0.0024189 ,       0.0141632
     10.9900000 ,       0.0726233 ,       0.0804760
     11.0000000 ,       0.1376780 ,       0.1412546
     11.0100000 ,       0.1901078 ,       0.1899399
     11.0200000 ,       0.2237567 ,       0.2211810
     11.0300000 ,       0.2349756 ,       0.2318385
     11.0400000 ,       0.2233519 ,       0.2215927
     11.0500000 ,       0.1918183 ,       0.1930247
     11.0600000 ,       0.1461063 ,       0.1511443
     11.0700000 ,       0.0936543 ,       0.1024568
     11.0800000 ,       0.0421942 ,       0.0537597
     11.0900000 ,      -0.0016860 ,       0.0109192
     11.1000000 ,      -0.0336984 ,      -0.0221210
     11.1100000 ,      -0.0524921 ,      -0.0438936
     11.1200000 ,      -0.0596401 ,      -0.0554173
     11.1300000 ,      -0.0589973 ,      -0.0596767
     11.1400000 ,      -0.0555844 ,      -0.0606990
     11.1500000 ,      -0.0542598 ,      -0.0624476
     11.1600000 ,      -0.0584858 ,      -0.0677861
     11.1700000 ,      -0.0694702 ,      -0.0777506
     11.1800000 ,      -0.0858759 ,      -0.0912921
     11.1900000 ,      -0.1041578 ,      -0.1055430
     11.2000000 ,      -0.1194434 ,      -0.1165407
     11.2100000 ,      -0.1267466 ,      -0.1202344
     11.2200000 ,      -0.1222293 ,      -0.1135384
     11.2300000 ,      -0.1042150 ,      -0.0951842
     11.2400000 ,      -0.0737199 ,      -0.0661705
     11.2500000 ,      -0.0343745 ,      -0.0297043
     11.2600000 ,       0.0082466 ,       0.0093584
     11.2700000 ,       0.0477374 ,       0.0454496
     11.2800000 ,       0.0781644 ,       0.0733955
     11.2900000 ,       0.0952720 ,       0.0894487
     11.3000000 ,       0.0973250 ,       0.0920193
     11.3100000 ,       0.0854072 ,       0.0819529
     11.3200000 ,       0.0631250 ,       0.0623010
     11.3300000 ,       0.0357934 ,       0.0376482
     11.3400000 ,       0.0093003 ,       0.0131536
     11.3500000 ,      -0.0110940 ,      -0.0064772
     11.3600000 ,      -0.0217577 ,      -0.0178658
     11.3700000 ,      -0.0212800 ,      -0.0195008
     11.3800000 ,      -0.0105498 ,      -0.0118478
     11.3900000 ,       0.0076643 ,       0.0029656
     11.4000000 ,       0.0295043 ,       0.0217867
     11.4100000 ,       0.0509759 ,       0.0412274
     11.4200000 ,       0.0688302 ,       0.0584109
     11.4300000 ,       0.0811710 ,       0.0715020
     11.4400000 ,       0.0876621 ,       0.0799132
     11.4500000 ,       0.0893139 ,       0.0841605
     11.4600000 ,       0.0879339 ,       0.0854373
     11.4700000 ,       0.0854063 ,       0.0850397
     11.4800000 ,       0.0830038 ,       0.0838099
     11.4900000 ,       0.0809183 ,       0.0817562
     11.5000000 ,       0.0781370 ,       0.0779561
     11.5100000 ,       0.0726972 ,       0.0707718
     11.5200000 ,       0.0622549 ,       0.0583269
     11.5300000 ,       0.0448213 ,       0.0391209
     11.5400000 ,       0.0194733 ,       0.0126215
     11.5500000 ,      -0.0131463 ,      -0.0203258
     11.5600000 ,      -0.0506793 ,      -0.0573865
     11.5700000 ,      -0.0893075 ,      -0.0949738
     11.5800000 ,      -0.1243688 ,      -0.1287962
     11.5900000 ,      -0.1512080 ,      -0.1546070
     11.6000000 ,      -0.1660756 ,      -0.1689981
     11.6100000 ,      -0.1668789 ,      -0.1700650
     11.6200000 ,      -0.1536219 ,      -0.1578029
     11.6300000 ,      -0.1284417 ,      -0.1341485
     11.6400000 ,      -0.0952378 ,      -0.1026631
     11.6500000 ,      -0.0589808 ,      -0.0679272
     11.6600000 ,      -0.0248526 ,      -0.0347773
     11.6700000 ,       0.0026020 ,      -0.0075417
     11.6800000 ,       0.0201418 ,       0.0105750
     11.6900000 ,       0.0261966 ,       0.0178524
     11.7000000 ,       0.0208889 ,       0.0141139
     11.7100000 ,       0.0057470 ,       0.0005112
     11.7200000 ,      -0.0167940 ,      -0.0208863
     11.7300000 ,      -0.0439621 ,      -0.0475790
     11.7400000 ,      -0.0731522 ,      -0.0770816
     11.7500000 ,      -0.1022553 ,      -0.1072316
     11.7600000 ,      -0.1297628 ,      -0.1363109
     11.7700000 ,      -0.1546581 ,      -0.1629913
     11.7800000 ,      -0.1761662 ,      -0.1861570
     11.7900000 ,      -0.1934661 ,      -0.2046926
     11.8000000 ,      -0.2054741 ,      -0.2173271
     11.8100000 ,      -0.2107812 ,      -0.2226042
     11.8200000 ,      -0.2077814 ,      -0.2190091
     11.8300000 ,      -0.1949681 ,      -0.2052326
     11.8400000 ,      -0.1713280 ,      -0.1805110
     11.8500000 ,      -0.1367277 ,      -0.1449511
     11.8600000 ,      -0.0921857 ,      -0.0997479
     11.8700000 ,      -0.0399440 ,      -0.0472223
     11.8800000 ,       0.0166970 ,       0.0093529
     11.8900000 ,       0.0737650 ,       0.0661205
     11.9000000 ,       0.1271497 ,       0.1191351
     11.9100000 ,       0.1731802 ,       0.1648927
     11.9200000 ,       0.2091240 ,       0.2007848
     11.9300000 ,       0.2335095 ,       0.2253893
     11.9400000 ,       0.2462075 ,       0.2385412
     11.9500000 ,       0.2482669 ,       0.2411787
     11.9600000 ,       0.2415492 ,       0.2350063
     11.9700000 ,       0.2282534 ,       0.2220585
     11.9800000 ,       0.2104393 ,       0.2042622
     11.9900000 ,       0.1896554 ,       0.1830956
     12.0000000 ,       0.1667461 ,       0.1594110
     12.0100000 ,       0.1418696 ,       0.1334504
     12.0200000 ,       0.1147063 ,       0.1050357
     12.0300000 ,       0.0847948 ,       0.0738755
     12.0400000 ,       0.0519047 ,       0.0399054
     12.0500000 ,       0.0163528 ,       0.0035746
     12.0600000 ,      -0.0208173 ,      -0.0339943
     12.0700000 ,      -0.0578327 ,      -0.0710100
     12.0800000 ,      -0.0923696 ,      -0.1051858
     12.0900000 ,      -0.1218710 ,      -0.1340421
     12.1000000 ,      -0.1439356 ,      -0.1552757
     12.1100000 ,      -0.1566974 ,      -0.1671182
     12.1200000 ,      -0.1591194 ,      -0.1686146
     12.1300000 ,      -0.1511513 ,      -0.1597720
     12.1400000 ,      -0.1337288 ,      -0.1415577
     12.1500000 ,      -0.1086271 ,      -0.1157588
     12.1600000 ,      -0.0782097 ,      -0.0847399
     12.1700000 ,      -0.0451250 ,      -0.0511496
     12.1800000 ,      -0.0120086 ,      -0.0176307
     12.1900000 ,       0.0187634 ,       0.0134240
     12.2000000 ,       0.0452457 ,       0.0400445
     12.2100000 ,       0.0660127 ,       0.0607796
     12.2200000 ,       0.0801808 ,       0.0747272
     12.2300000 ,       0.0873864 ,       0.0815219
     12.2400000 ,       0.0877451 ,       0.0813004
     12.2500000 ,       0.0818091 ,       0.0746620
     12.2600000 ,       0.0705296 ,       0.0626284
     12.2700000 ,       0.0552168 ,       0.0465954
     12.2800000 ,       0.0374821 ,       0.0282643
     12.2900000 ,       0.0191470 ,       0.0095362
     12.3000000 ,       0.0021082 ,      -0.0076372
     12.3100000 ,      -0.0118403 ,      -0.0214413
     12.3200000 ,      -0.0212092 ,      -0.0304085
     12.3300000 ,      -0.0250128 ,      -0.0336159
     12.3400000 ,      -0.0229273 ,      -0.0308356
     12.3500000 ,      -0.0153730 ,      -0.0226029
     12.3600000 ,      -0.0034962 ,      -0.0101780
     12.3700000 ,       0.0109578 ,       0.0046025
     12.3800000 ,       0.0258670 ,       0.0195681
     12.3900000 ,       0.0390202 ,       0.0325154
     12.4000000 ,       0.0484217 ,       0.0415180
     12.4100000 ,       0.0525654 ,       0.0451925
     12.4200000 ,       0.0506299 ,       0.0428749
     12.4300000 ,       0.0425647 ,       0.0346782
     12.4400000 ,       0.0290545 ,       0.0214227
     12.4500000 ,       0.0113704 ,       0.0044556
     12.4600000 ,      -0.0088613 ,      -0.0146053
     12.4700000 ,      -0.0299330 ,      -0.0341532
     12.4800000 ,      -0.0503217 ,      -0.0528514
     12.4900000 ,      -0.0689050 ,      -0.0698218
     12.5000000 ,      -0.0850922 ,      -0.0847340
     12.5100000 ,      -0.0988529 ,      -0.0977858
     12.5200000 ,      -0.1106427 ,      -0.1095810
     12.5300000 ,      -0.1212438 ,      -0.1209351
     12.5400000 ,      -0.1315489 ,      -0.1326443
     12.5500000 ,      -0.1423269 ,      -0.1452610
     12.5600000 ,      -0.1540102 ,      -0.1589162
     12.5700000 ,      -0.1665407 ,      -0.1732185
     12.5800000 ,      -0.1793007 ,      -0.1872479
     12.5900000 ,      -0.1911463 ,      -0.1996473
     12.6000000 ,      -0.2005415 ,      -0.2088003
     12.6100000 ,      -0.2057821 ,      -0.2130703
     12.6200000 ,      -0.2052769 ,      -0.2110694
     12.6300000 ,      -0.1978490 ,      -0.2019171
     12.6400000 ,      -0.1830080 ,      -0.1854511
     12.6500000 ,      -0.1611468 ,      -0.1623550
     12.6600000 ,      -0.1336217 ,      -0.1341766
     12.6700000 ,      -0.1026882 ,      -0.1032242
     12.6800000 ,      -0.0712878 ,      -0.0723432
     12.6900000 ,      -0.0427019 ,      -0.0445933
     12.7000000 ,      -0.0201152 ,      -0.0228636
     12.7100000 ,      -0.0061500 ,      -0.0094759
     12.7200000 ,      -0.0024446 ,      -0.0058330
     12.7300000 ,      -0.0093466 ,      -0.0121690
     12.7400000 ,      -0.0257816 ,      -0.0274469
     12.7500000 ,      -0.0493287 ,      -0.0494292
     12.7600000 ,      -0.0765053 ,      -0.0749236
     12.7700000 ,      -0.1032230 ,      -0.1001749
     12.7800000 ,      -0.1253496 ,      -0.1213516
     12.7900000 ,      -0.1392887 ,      -0.1350551
     12.8000000 ,      -0.1424824 ,      -0.1387756
     12.8100000 ,      -0.1337565 ,      -0.1312220
     12.8200000 ,      -0.1134522 ,      -0.1124752
     12.8300000 ,      -0.0833249 ,      -0.0839426
     12.8400000 ,      -0.0462353 ,      -0.0481232
     12.8500000 ,      -0.0056886 ,      -0.0082275
     12.8600000 ,       0.0346925 ,       0.0322844
     12.8700000 ,       0.0716706 ,       0.0701684
     12.8800000 ,       0.1027903 ,       0.1027932
     12.8900000 ,       0.1266129 ,       0.1284116
     12.9000000 ,       0.1427663 ,       0.1462771
     12.9100000 ,       0.1518249 ,       0.1566054
     12.9200000 ,       0.1550669 ,       0.1604093
     12.9300000 ,       0.1541713 ,       0.1592540
     12.9400000 ,       0.1509236 ,       0.1549874
     12.9500000 ,       0.1469844 ,       0.1494963
     12.9600000 ,       0.1437530 ,       0.1445214
     12.9700000 ,       0.1423284 ,       0.1415466
     12.9800000 ,       0.1435444 ,       0.1417534
     12.9900000 ,       0.1480370 ,       0.1460170
     13.0000000 ,       0.1562994 ,       0.1549145
     13.0100000 ,       0.1686871 ,       0.1687165
     13.0200000 ,       0.1853583 ,       0.1873502
     13.0300000 ,       0.2061573 ,       0.2103343
     13.0400000 ,       0.2304746 ,       0.2367093
     13.0500000 ,       0.2571313 ,       0.2649925
     13.0600000 ,       0.2843368 ,       0.2931949
     13.0700000 ,       0.3097598 ,       0.3189232
     13.0800000 ,       0.3307242 ,       0.3395778
     13.0900000 ,       0.3445149 ,       0.3526304
     13.1000000 ,       0.3487484 ,       0.3559439
     13.1100000 ,       0.3417418 ,       0.3480825
     13.1200000 ,       0.3228077 ,       0.3285511
     13.1300000 ,       0.2924120 ,       0.2979151
     13.1400000 ,       0.2521562 ,       0.2577689
     13.1500000 ,       0.2045795 ,       0.2105508
     13.1600000 ,       0.1528136 ,       0.1592308
     13.1700000 ,       0.1001509 ,       0.1069265
     13.1800000 ,       0.0496074 ,       0.0565123
     13.1900000 ,       0.0035602 ,       0.0102944
     13.2000000 ,      -0.0364769 ,      -0.0301968
     13.2100000 ,      -0.0699054 ,      -0.0642634
     13.2200000 ,      -0.0969256 ,      -0.0919490
     13.2300000 ,      -0.1182880 ,      -0.1138296
     13.2400000 ,      -0.1349783 ,      -0.1307415
     13.2500000 ,      -0.1479088 ,      -0.1435096
     13.2600000 ,      -0.1576853 ,      -0.1527349
     13.2700000 ,      -0.1644967 ,      -0.1586853
     13.2800000 ,      -0.1681426 ,      -0.1613042
     13.2900000 ,      -0.1681825 ,      -0.1603259
     13.3000000 ,      -0.1641604 ,      -0.1554593
     13.3100000 ,      -0.1558451 ,      -0.1465904
     13.3200000 ,      -0.1434213 ,      -0.1339481
     13.3300000 ,      -0.1275852 ,      -0.1181913
     13.3400000 ,      -0.1095179 ,      -0.1003943
     13.3500000 ,      -0.0907439 ,      -0.0819330
     13.3600000 ,      -0.0729055 ,      -0.0642968
     13.3700000 ,      -0.0575053 ,      -0.0488692
     13.3800000 ,      -0.0456726 ,      -0.0367243
     13.3900000 ,      -0.0380042 ,      -0.0284810
     13.4000000 ,      -0.0345072 ,      -0.0242422
     13.4100000 ,      -0.0346526 ,      -0.0236264
     13.4200000 ,      -0.0375163 ,      -0.0258742
     13.4300000 ,      -0.0419721 ,      -0.0300029
     13.4400000 ,      -0.0468887 ,      -0.0349689
     13.4500000 ,      -0.0512873 ,      -0.0398047
     13.4600000 ,      -0.0544330 ,      -0.0437050
     13.4700000 ,      -0.0558491 ,      -0.0460562
     13.4800000 ,      -0.0552689 ,      -0.0464173
     13.4900000 ,      -0.0525523 ,      -0.0444747
     13.5000000 ,      -0.0476063 ,      -0.0399998
     13.5100000 ,      -0.0403386 ,      -0.0328327
     13.5200000 ,      -0.0306691 ,      -0.0229062
     13.5300000 ,      -0.0185959 ,      -0.0103082
     13.5400000 ,      -0.0043014 ,       0.0046351
     13.5500000 ,       0.0117381 ,       0.0212833
     13.5600000 ,       0.0286778 ,       0.0386457
     13.5700000 ,       0.0452998 ,       0.0554111
     13.5800000 ,       0.0600996 ,       0.0700565
     13.5900000 ,       0.0714623 ,       0.0810272
     13.6000000 ,       0.0779037 ,       0.0869641
     13.6100000 ,       0.0783330 ,       0.0869372
     13.6200000 ,       0.0722843 ,       0.0806381
     13.6300000 ,       0.0600642 ,       0.0684900
     13.6400000 ,       0.0427798 ,       0.0516451
     13.6500000 ,       0.0222295 ,       0.0318621
     13.6600000 ,       0.0006715 ,       0.0112798
     13.6700000 ,      -0.0194936 ,      -0.0078766
     13.6800000 ,      -0.0360699 ,      -0.0236056
     13.6900000 ,      -0.0473820 ,      -0.0344019
     13.7000000 ,      -0.0525010 ,      -0.0394457
     13.7100000 ,      -0.0513456 ,      -0.0386769
     13.7200000 ,      -0.0446423 ,      -0.0327503
     13.7300000 ,      -0.0337597 ,      -0.0228838
     13.7400000 ,      -0.0204539 ,      -0.0106363
     13.7500000 ,      -0.0065766 ,       0.0023411
     13.7600000 ,       0.0062009 ,       0.0145363
     13.7700000 ,       0.0165987 ,       0.0247511
     13.7800000 ,       0.0238471 ,       0.0322012
     13.7900000 ,       0.0277047 ,       0.0365372
     13.8000000 ,       0.0283902 ,       0.0377998
     13.8100000 ,       0.0264565 ,       0.0363353
     13.8200000 ,       0.0226468 ,       0.0326996
     13.8300000 ,       0.0177662 ,       0.0275746
     13.8400000 ,       0.0125947 ,       0.0217136
     13.8500000 ,       0.0078515 ,       0.0159158
     13.8600000 ,       0.0042025 ,       0.0110211
     13.8700000 ,       0.0022921 ,       0.0079075
     13.8800000 ,       0.0027713 ,       0.0074700
     13.8900000 ,       0.0062977 ,       0.0105682
     13.9000000 ,       0.0134917 ,       0.0179373
     13.9100000 ,       0.0248458 ,       0.0300705
     13.9200000 ,       0.0406027 ,       0.0470932
     13.9300000 ,       0.0606270 ,       0.0686562
     13.9400000 ,       0.0843042 ,       0.0938767
     13.9500000 ,       0.1104984 ,       0.1213495
     13.9600000 ,       0.1375917 ,       0.1492388
     13.9700000 ,       0.1636095 ,       0.1754466
     13.9800000 ,       0.1864237 ,       0.1978364
     13.9900000 ,       0.2040021 ,       0.2144798
     14.0000000 ,       0.2146667 ,       0.2238883
     14.0100000 ,       0.2173155 ,       0.2251913
     14.0200000 ,       0.2115714 ,       0.2182345
     14.0300000 ,       0.1978306 ,       0.2035823
     14.0400000 ,       0.1772043 ,       0.1824270
     14.0500000 ,       0.1513632 ,       0.1564241
     14.0600000 ,       0.1223148 ,       0.1274806
     14.0700000 ,       0.0921500 ,       0.0975335
     14.0800000 ,       0.0628015 ,       0.0683503
     14.0900000 ,       0.0358499 ,       0.0413780
     14.1000000 ,       0.0124025 ,       0.0176548
     14.1100000 ,      -0.0069470 ,      -0.0022137
     14.1200000 ,      -0.0220822 ,      -0.0180236
     14.1300000 ,      -0.0332734 ,      -0.0299058
     14.1400000 ,      -0.0410566 ,      -0.0382417
     14.1500000 ,      -0.0461116 ,      -0.0435815
     14.1600000 ,      -0.0491604 ,      -0.0465766
     14.1700000 ,      -0.0509006 ,      -0.0479318
     14.1800000 ,      -0.0519735 ,      -0.0483741
     14.1900000 ,      -0.0529615 ,      -0.0486299
     14.2000000 ,      -0.0543971 ,      -0.0494016
     14.2100000 ,      -0.0567695 ,      -0.0513341
     14.2200000 ,      -0.0605136 ,      -0.0549688
     14.2300000 ,      -0.0659778 ,      -0.0606869
     14.2400000 ,      -0.0733711 ,      -0.0686516
     14.2500000 ,      -0.0827040 ,      -0.0787614
     14.2600000 ,      -0.0937389 ,      -0.0906292
     14.2700000 ,      -0.1059696 ,      -0.1035983
     14.2800000 ,      -0.1186435 ,      -0.1168000
     14.2900000 ,      -0.1308339 ,      -0.1292522
     14.3000000 ,      -0.1415556 ,      -0.1399854
     14.3100000 ,      -0.1499110 ,      -0.1481805
     14.3200000 ,      -0.1552387 ,      -0.1532951
     14.3300000 ,      -0.1572396 ,      -0.1551561
     14.3400000 ,      -0.1560514 ,      -0.1540011
     14.3500000 ,      -0.1522547 ,      -0.1504582
     14.3600000 ,      -0.1468023 ,      -0.1454637
     14.3700000 ,      -0.1408802 ,      -0.1401285
     14.3800000 ,      -0.1357214 ,      -0.1355717
     14.3900000 ,      -0.1324029 ,      -0.1327496
     14.4000000 ,      -0.1316621 ,      -0.1323038
     14.4100000 ,      -0.1337655 ,      -0.1344576
     14.4200000 ,      -0.1384548 ,      -0.1389742
     14.4300000 ,      -0.1449802 ,      -0.1451876
     14.4400000 ,      -0.1522170 ,      -0.1520988
     14.4500000 ,      -0.1588444 ,      -0.1585240
     14.4600000 ,      -0.1635544 ,      -0.1632692
     14.4700000 ,      -0.1652539 ,      -0.1653025
     14.4800000 ,      -0.1632242 ,      -0.1638964
     14.4900000 ,      -0.1572099 ,      -0.1587163
     14.5000000 ,      -0.1474241 ,      -0.1498422
     14.5100000 ,      -0.1344720 ,      -0.1377219
     14.5200000 ,      -0.1192110 ,      -0.1230675
     14.5300000 ,      -0.1025788 ,      -0.1067159
     14.5400000 ,      -0.0854222 ,      -0.0894816
     14.5500000 ,      -0.0683654 ,      -0.0720317
     14.5600000 ,      -0.0517398 ,      -0.0548066
     14.5700000 ,      -0.0355915 ,      -0.0380021
     14.5800000 ,      -0.0197603 ,      -0.0216156
     14.5900000 ,      -0.0040111 ,      -0.0055434
     14.6000000 ,       0.0118120 ,       0.0102926
     14.6100000 ,       0.0276466 ,       0.0258196
     14.6200000 ,       0.0431223 ,       0.0407235
     14.6300000 ,       0.0575446 ,       0.0544156
     14.6400000 ,       0.0699622 ,       0.0660753
     14.6500000 ,       0.0793108 ,       0.0747634
     14.6600000 ,       0.0846082 ,       0.0795908
     14.6700000 ,       0.0851630 ,       0.0799115
     14.6800000 ,       0.0807558 ,       0.0754980
     14.6900000 ,       0.0717510 ,       0.0666623
     14.7000000 ,       0.0591127 ,       0.0542872
     14.7100000 ,       0.0443103 ,       0.0397545
     14.7200000 ,       0.0291255 ,       0.0247708
     14.7300000 ,       0.0153871 ,       0.0111162
     14.7400000 ,       0.0046793 ,       0.0003571
     14.7500000 ,      -0.0019253 ,      -0.0064244
     14.7600000 ,      -0.0040573 ,      -0.0088327
     14.7700000 ,      -0.0021277 ,      -0.0072481
     14.7800000 ,       0.0027299 ,      -0.0027800
     14.7900000 ,       0.0088486 ,       0.0029174
     14.8000000 ,       0.0143216 ,       0.0079398
     14.8100000 ,       0.0173538 ,       0.0104909
     14.8200000 ,       0.0166100 ,       0.0092414
     14.8300000 ,       0.0115003 ,       0.0036217
     14.8400000 ,       0.0023477 ,      -0.0060053
     14.8500000 ,      -0.0095951 ,      -0.0183310
     14.8600000 ,      -0.0222906 ,      -0.0312563
     14.8700000 ,      -0.0332040 ,      -0.0421939
     14.8800000 ,      -0.0396922 ,      -0.0484737
     14.8900000 ,      -0.0394321 ,      -0.0477828
     14.9000000 ,      -0.0308195 ,      -0.0385688
     14.9100000 ,      -0.0132730 ,      -0.0203381
     14.9200000 ,       0.0126081 ,       0.0062021
     14.9300000 ,       0.0450600 ,       0.0391818
     14.9400000 ,       0.0813446 ,       0.0757813
     14.9500000 ,       0.1180854 ,       0.1125856
     14.9600000 ,       0.1516978 ,       0.1460238
     14.9700000 ,       0.1788485 ,       0.1728239
     14.9800000 ,       0.1968745 ,       0.1904161
     14.9900000 ,       0.2041005 ,       0.1972258
     15.0000000 ,       0.2000118 ,       0.1928196
     15.0100000 ,       0.1852635 ,       0.1778921
     15.0200000 ,       0.1615340 ,       0.1541078
     15.0300000 ,       0.1312541 ,       0.1238331
     15.0400000 ,       0.0972606 ,       0.0898069
     15.0500000 ,       0.0624327 ,       0.0548046
     15.0600000 ,       0.0293643 ,       0.0213421
     15.0700000 ,       0.0001184 ,      -0.0085428
     15.0800000 ,      -0.0239123 ,      -0.0334144
     15.0900000 ,      -0.0420335 ,      -0.0524683
     15.1000000 ,      -0.0541792 ,      -0.0654809
     15.1100000 ,      -0.0607762 ,      -0.0727060
     15.1200000 ,      -0.0625771 ,      -0.0747478
     15.1300000 ,      -0.0605000 ,      -0.0724377
     15.1400000 ,      -0.0555034 ,      -0.0667342
     15.1500000 ,      -0.0485098 ,      -0.0586532
     15.1600000 ,      -0.0403802 ,      -0.0492287
     15.1700000 ,      -0.0319247 ,      -0.0394899
     15.1800000 ,      -0.0239284 ,      -0.0304427
     15.1900000 ,      -0.0171674 ,      -0.0230402
     15.2000000 ,      -0.0123977 ,      -0.0181330
     15.2100000 ,      -0.0103042 ,      -0.0163996
     15.2200000 ,      -0.0114166 ,      -0.0182640
     15.2300000 ,      -0.0160053 ,      -0.0238166
     15.2400000 ,      -0.0239836 ,      -0.0327572
     15.2500000 ,      -0.0348441 ,      -0.0443791
     15.2600000 ,      -0.0476524 ,      -0.0576067
     15.2700000 ,      -0.0611140 ,      -0.0710919
     15.2800000 ,      -0.0737120 ,      -0.0833601
     15.2900000 ,      -0.0839010 ,      -0.0929903
     15.3000000 ,      -0.0903269 ,      -0.0988018
     15.3100000 ,      -0.0920349 ,      -0.1000180
     15.3200000 ,      -0.0886279 ,      -0.0963811
     15.3300000 ,      -0.0803432 ,      -0.0881953
     15.3400000 ,      -0.0680309 ,      -0.0762892
     15.3500000 ,      -0.0530338 ,      -0.0619035
     15.3600000 ,      -0.0369873 ,      -0.0465168
     15.3700000 ,      -0.0215745 ,      -0.0316408
     15.3800000 ,      -0.0082760 ,      -0.0186136
     15.3900000 ,       0.0018396 ,      -0.0084261
     15.4000000 ,       0.0082514 ,      -0.0016060
     15.4100000 ,       0.0110262 ,       0.0018233
     15.4200000 ,       0.0107607 ,       0.0023059
     15.4300000 ,       0.0084401 ,       0.0006501
     15.4400000 ,       0.0052438 ,      -0.0021235
     15.4500000 ,       0.0023354 ,      -0.0049522
     15.4600000 ,       0.0006760 ,      -0.0068925
     15.4700000 ,       0.0008914 ,      -0.0072476
     15.4800000 ,       0.0032119 ,      -0.0056423
     15.4900000 ,       0.0074876 ,      -0.0020413
     15.5000000 ,       0.0132674 ,       0.0032873
     15.5100000 ,       0.0199178 ,       0.0098486
     15.5200000 ,       0.0267534 ,       0.0170190
     15.5300000 ,       0.0331513 ,       0.0241465
     15.5400000 ,       0.0386298 ,       0.0306351
     15.5500000 ,       0.0428799 ,       0.0360017
     15.5600000 ,       0.0457548 ,       0.0399039
     15.5700000 ,       0.0472274 ,       0.0421393
     15.5800000 ,       0.0473359 ,       0.0426280
     15.5900000 ,       0.0461363 ,       0.0413881
     15.6000000 ,       0.0436770 ,       0.0385152
     15.6100000 ,       0.0400027 ,       0.0341721
     15.6200000 ,       0.0351837 ,       0.0285900
     15.6300000 ,       0.0293609 ,       0.0220767
     15.6400000 ,       0.0227874 ,       0.0150233
     15.6500000 ,       0.0158508 ,       0.0078998
     15.6600000 ,       0.0090623 ,       0.0012309
     15.6700000 ,       0.0030074 ,      -0.0044493
     15.6800000 ,      -0.0017369 ,      -0.0086637
     15.6900000 ,      -0.0047034 ,      -0.0110666
     15.7000000 ,      -0.0056345 ,      -0.0115150
     15.7100000 ,      -0.0045557 ,      -0.0101179
     15.7200000 ,      -0.0018045 ,      -0.0072503
     15.7300000 ,       0.0019972 ,      -0.0035223
     15.7400000 ,       0.0060279 ,       0.0002967
     15.7500000 ,       0.0093968 ,       0.0033929
     15.7600000 ,       0.0112979 ,       0.0050413
     15.7700000 ,       0.0111611 ,       0.0047398
     15.7800000 ,       0.0087713 ,       0.0023160
     15.7900000 ,       0.0043343 ,      -0.0020108
     15.8000000 ,      -0.0015255 ,      -0.0076283
     15.8100000 ,      -0.0078360 ,      -0.0135926
     15.8200000 ,      -0.0134064 ,      -0.0187460
     15.8300000 ,      -0.0169937 ,      -0.0218743
     15.8400000 ,      -0.0174802 ,      -0.0218784
     15.8500000 ,      -0.0140345 ,      -0.0179363
     15.8600000 ,      -0.0062328 ,      -0.0096291
     15.8700000 ,       0.0058749 ,       0.0029854
     15.8800000 ,       0.0217615 ,       0.0193624
     15.8900000 ,       0.0404760 ,       0.0385206
     15.9000000 ,       0.0607457 ,       0.0591456
     15.9100000 ,       0.0811076 ,       0.0797299
     15.9200000 ,       0.1000543 ,       0.0987294
     15.9300000 ,       0.1161757 ,       0.1147170
     15.9400000 ,       0.1282847 ,       0.1265174
     15.9500000 ,       0.1355165 ,       0.1333099
     15.9600000 ,       0.1373987 ,       0.1346927
     15.9700000 ,       0.1338863 ,       0.1307077
     15.9800000 ,       0.1253649 ,       0.1218255
     15.9900000 ,       0.1126196 ,       0.1088967
     16.0000000 ,       0.0967718 ,       0.0930738
     16.0100000 ,       0.0791848 ,       0.0757092
     16.0200000 ,       0.0613447 ,       0.0582371
     16.0300000 ,       0.0447207 ,       0.0420458
     16.0400000 ,       0.0306192 ,       0.0283500
     16.0500000 ,       0.0200451 ,       0.0180741
     16.0600000 ,       0.0135878 ,       0.0117586
     16.0700000 ,       0.0113498 ,       0.0095022
     16.0800000 ,       0.0129308 ,       0.0109486
     16.0900000 ,       0.0174748 ,       0.0153263
     16.1000000 ,       0.0237785 ,       0.0215385
     16.1100000 ,       0.0304499 ,       0.0282971
     16.1200000 ,       0.0360949 ,       0.0342846
     16.1300000 ,       0.0395079 ,       0.0383229
     16.1400000 ,       0.0398342 ,       0.0395257
     16.1500000 ,       0.0366821 ,       0.0374113
     16.1600000 ,       0.0301650 ,       0.0319585
     16.1700000 ,       0.0208672 ,       0.0235970
     16.1800000 ,       0.0097413 ,       0.0131337
     16.1900000 ,      -0.0020460 ,       0.0016269
     16.2000000 ,      -0.0132933 ,      -0.0097695
     16.2100000 ,      -0.0229371 ,      -0.0199691
     16.2200000 ,      -0.0301921 ,      -0.0280943
     16.2300000 ,      -0.0346365 ,      -0.0335776
     16.2400000 ,      -0.0362334 ,      -0.0362083
     16.2500000 ,      -0.0352903 ,      -0.0361233
     16.2600000 ,      -0.0323701 ,      -0.0337477
     16.2700000 ,      -0.0281749 ,      -0.0297026
     16.2800000 ,      -0.0234260 ,      -0.0246977
     16.2900000 ,      -0.0187630 ,      -0.0194305
     16.3000000 ,      -0.0146767 ,      -0.0145059
     16.3100000 ,      -0.0114820 ,      -0.0103861
     16.3200000 ,      -0.0093273 ,      -0.0073725
     16.3300000 ,      -0.0082297 ,      -0.0056119
     16.3400000 ,      -0.0081197 ,      -0.0051187
     16.3500000 ,      -0.0088794 ,      -0.0058008
     16.3600000 ,      -0.0103650 ,      -0.0074793
     16.3700000 ,      -0.0124058 ,      -0.0098991
     16.3800000 ,      -0.0147871 ,      -0.0127298
     16.3900000 ,      -0.0172241 ,      -0.0155652
     16.4000000 ,      -0.0193438 ,      -0.0179290
     16.4100000 ,      -0.0206864 ,      -0.0192968
     16.4200000 ,      -0.0207380 ,      -0.0191386
     16.4300000 ,      -0.0189927 ,      -0.0169832
     16.4400000 ,      -0.0150404 ,      -0.0124953
     16.4500000 ,      -0.0086622 ,      -0.0055525
     16.4600000 ,       0.0000870 ,       0.0036935
     16.4700000 ,       0.0108287 ,       0.0147887
     16.4800000 ,       0.0228603 ,       0.0269932
     16.4900000 ,       0.0352131 ,       0.0393456
     16.5000000 ,       0.0467623 ,       0.0507704
     16.5100000 ,       0.0563755 ,       0.0602136
     16.5200000 ,       0.0630745 ,       0.0667836
     16.5300000 ,       0.0661811 ,       0.0698749
     16.5400000 ,       0.0654197 ,       0.0692509
     16.5500000 ,       0.0609559 ,       0.0650696
     16.5600000 ,       0.0533631 ,       0.0578489
     16.5700000 ,       0.0435206 ,       0.0483748
     16.5800000 ,       0.0324619 ,       0.0375702
     16.5900000 ,       0.0212020 ,       0.0263478
     16.6000000 ,       0.0105733 ,       0.0154730
     16.6100000 ,       0.0011021 ,       0.0054610
     16.6200000 ,      -0.0070529 ,      -0.0034756
     16.6300000 ,      -0.0140908 ,      -0.0114215
     16.6400000 ,      -0.0204913 ,      -0.0186992
     16.6500000 ,      -0.0268868 ,      -0.0257713
     16.6600000 ,      -0.0339099 ,      -0.0331219
     16.6700000 ,      -0.0420470 ,      -0.0411422
     16.6800000 ,      -0.0515238 ,      -0.0500391
     16.6900000 ,      -0.0622436 ,      -0.0597820
     16.7000000 ,      -0.0737870 ,      -0.0700926
     16.7100000 ,      -0.0854691 ,      -0.0804784
     16.7200000 ,      -0.0964405 ,      -0.0902972
     16.7300000 ,      -0.1058119 ,      -0.0988420
     16.7400000 ,      -0.1127775 ,      -0.1054295
     16.7500000 ,      -0.1167185 ,      -0.1094801
     16.7600000 ,      -0.1172712 ,      -0.1105797
     16.7700000 ,      -0.1143543 ,      -0.1085193
     16.7800000 ,      -0.1081578 ,      -0.1033114
     16.7900000 ,      -0.0991032 ,      -0.0951875
     16.8000000 ,      -0.0877860 ,      -0.0845794
     16.8100000 ,      -0.0749136 ,      -0.0720888
     16.8200000 ,      -0.0612482 ,      -0.0584479
     16.8300000 ,      -0.0475581 ,      -0.0444718
     16.8400000 ,      -0.0345779 ,      -0.0310019
     16.8500000 ,      -0.0229746 ,      -0.0188444
     16.8600000 ,      -0.0133146 ,      -0.0087023
     16.8700000 ,      -0.0060299 ,      -0.0011112
     16.8800000 ,      -0.0013834 ,       0.0036172
     16.8900000 ,       0.0005607 ,       0.0054313
     16.9000000 ,      -0.0000457 ,       0.0045479
     16.9100000 ,      -0.0028395 ,       0.0014267
     16.9200000 ,      -0.0072780 ,      -0.0032904
     16.9300000 ,      -0.0127021 ,      -0.0088689
     16.9400000 ,      -0.0184226 ,      -0.0145882
     16.9500000 ,      -0.0238203 ,      -0.0198485
     16.9600000 ,      -0.0284407 ,      -0.0242577
     16.9700000 ,      -0.0320647 ,      -0.0276837
     16.9800000 ,      -0.0347385 ,      -0.0302584
     16.9900000 ,      -0.0367539 ,      -0.0323324
     17.0000000 ,      -0.0385770 ,      -0.0343870
     17.0100000 ,      -0.0407378 ,      -0.0369175
     17.0200000 ,      -0.0437016 ,      -0.0403131
     17.0300000 ,      -0.0477457 ,      -0.0447538
     17.0400000 ,      -0.0528704 ,      -0.0501479
     17.0500000 ,      -0.0587637 ,      -0.0561216
     17.0600000 ,      -0.0648298 ,      -0.0620653
     17.0700000 ,      -0.0702790 ,      -0.0672287
     17.0800000 ,      -0.0742629 ,      -0.0708455
     17.0900000 ,      -0.0760286 ,      -0.0722657
     17.1000000 ,      -0.0750607 ,      -0.0710697
     17.1100000 ,      -0.0711832 ,      -0.0671423
     17.1200000 ,      -0.0645990 ,      -0.0606940
     17.1300000 ,      -0.0558601 ,      -0.0522266
     17.1400000 ,      -0.0457745 ,      -0.0424525
     17.1500000 ,      -0.0352694 ,      -0.0321834
     17.1600000 ,      -0.0252395 ,      -0.0222113
     17.1700000 ,      -0.0164110 ,      -0.0132041
     17.1800000 ,      -0.0092467 ,      -0.0056329
     17.1900000 ,      -0.0039101 ,       0.0002588
     17.2000000 ,      -0.0002892 ,       0.0044447
     17.2100000 ,       0.0019291 ,       0.0070720
     17.2200000 ,       0.0031573 ,       0.0083998
     17.2300000 ,       0.0038038 ,       0.0087352
     17.2400000 ,       0.0041925 ,       0.0083839
     17.2500000 ,       0.0045234 ,       0.0076221
     17.2600000 ,       0.0048792 ,       0.0066926
     17.2700000 ,       0.0052706 ,       0.0058195
     17.2800000 ,       0.0057032 ,       0.0052290
     17.2900000 ,       0.0062422 ,       0.0051657
     17.3000000 ,       0.0070519 ,       0.0058904
     17.3100000 ,       0.0083952 ,       0.0076573
     17.3200000 ,       0.0105874 ,       0.0106691
     17.3300000 ,       0.0139156 ,       0.0150215
     17.3400000 ,       0.0185404 ,       0.0206494
     17.3500000 ,       0.0244097 ,       0.0272927
     17.3600000 ,       0.0312083 ,       0.0344937
     17.3700000 ,       0.0383633 ,       0.0416341
     17.3800000 ,       0.0451113 ,       0.0480098
     17.3900000 ,       0.0506181 ,       0.0529331
     17.4000000 ,       0.0541296 ,       0.0558430
     17.4100000 ,       0.0551203 ,       0.0564032
     17.4200000 ,       0.0534070 ,       0.0545646
     17.4300000 ,       0.0491989 ,       0.0505806
     17.4400000 ,       0.0430714 ,       0.0449660
     17.4500000 ,       0.0358621 ,       0.0384083
     17.4600000 ,       0.0285127 ,       0.0316466
     17.4700000 ,       0.0218868 ,       0.0253408
     17.4800000 ,       0.0166033 ,       0.0199599
     17.4900000 ,       0.0129224 ,       0.0157085
     17.5000000 ,       0.0107097 ,       0.0125107
     17.5100000 ,       0.0094876 ,       0.0100506
     17.5200000 ,       0.0085619 ,       0.0078645
     17.5300000 ,       0.0071980 ,       0.0054624
     17.5400000 ,       0.0048063 ,       0.0024551
     17.5500000 ,       0.0010962 ,      -0.0013415
     17.5600000 ,      -0.0038367 ,      -0.0058458
     17.5700000 ,      -0.0095098 ,      -0.0107082
     17.5800000 ,      -0.0151403 ,      -0.0153663
     17.5900000 ,      -0.0198016 ,      -0.0191487
     17.6000000 ,      -0.0226157 ,      -0.0214046
     17.6100000 ,      -0.0229401 ,      -0.0216354
     17.6200000 ,      -0.0205100 ,      -0.0196004
     17.6300000 ,      -0.0155051 ,      -0.0153774
     17.6400000 ,      -0.0085290 ,      -0.0093656
     17.6500000 ,      -0.0005050 ,      -0.0022323
     17.6600000 ,       0.0074881 ,       0.0051879
     17.6700000 ,       0.0144050 ,       0.0120207
     17.6800000 ,       0.0194117 ,       0.0174849
     17.6900000 ,       0.0220148 ,       0.0210064
     17.7000000 ,       0.0221239 ,       0.0222961
     17.7100000 ,       0.0200374 ,       0.0213815
     17.7200000 ,       0.0163620 ,       0.0185898
     17.7300000 ,       0.0118881 ,       0.0144896
     17.7400000 ,       0.0074498 ,       0.0098047
     17.7500000 ,       0.0037975 ,       0.0053137
     17.7600000 ,       0.0015062 ,       0.0017529
     17.7700000 ,       0.0009297 ,      -0.0002661
     17.7800000 ,       0.0022004 ,      -0.0003160
     17.7900000 ,       0.0052643 ,       0.0018127
     17.8000000 ,       0.0099321 ,       0.0061028
     17.8100000 ,       0.0159302 ,       0.0123236
     17.8200000 ,       0.0229374 ,       0.0200604
     17.8300000 ,       0.0306020 ,       0.0287559
     17.8400000 ,       0.0385410 ,       0.0377604
     17.8500000 ,       0.0463329 ,       0.0463889
     17.8600000 ,       0.0535166 ,       0.0539806
     17.8700000 ,       0.0596068 ,       0.0599596
     17.8800000 ,       0.0641339 ,       0.0638919
     17.8900000 ,       0.0667037 ,       0.0655319
     17.9000000 ,       0.0670668 ,       0.0648521
     17.9100000 ,       0.0651813 ,       0.0620505
     17.9200000 ,       0.0612498 ,       0.0575293
     17.9300000 ,       0.0557161 ,       0.0518461
     17.9400000 ,       0.0492147 ,       0.0456410
     17.9500000 ,       0.0424791 ,       0.0395491
     17.9600000 ,       0.0362218 ,       0.0341111
     17.9700000 ,       0.0310115 ,       0.0296968
     17.9800000 ,       0.0271729 ,       0.0264558
     17.9900000 ,       0.0247308 ,       0.0243041
     18.0000000 ,       0.0234149 ,       0.0229517
     18.0100000 ,       0.0227248 ,       0.0219653
     18.0200000 ,       0.0220433 ,       0.0208580
     18.0300000 ,       0.0207758 ,       0.0191876
     18.0400000 ,       0.0184842 ,       0.0166462
     18.0500000 ,       0.0149885 ,       0.0131244
     18.0600000 ,       0.0104122 ,       0.0087377
     18.0700000 ,       0.0051625 ,       0.0038101
     18.0800000 ,      -0.0001512 ,      -0.0011825
     18.0900000 ,      -0.0048416 ,      -0.0056966
     18.1000000 ,      -0.0082844 ,      -0.0092192
     18.1100000 ,      -0.0100463 ,      -0.0113594
     18.1200000 ,      -0.0099711 ,      -0.0119183
     18.1300000 ,      -0.0082097 ,      -0.0109236
     18.1400000 ,      -0.0051873 ,      -0.0086250
     18.1500000 ,      -0.0015179 ,      -0.0054520
     18.1600000 ,       0.0021136 ,      -0.0019431
     18.1700000 ,       0.0050762 ,       0.0013390
     18.1800000 ,       0.0068989 ,       0.0038922
     18.1900000 ,       0.0073372 ,       0.0053441
     18.2000000 ,       0.0063906 ,       0.0054962
     18.2100000 ,       0.0042727 ,       0.0043380
     18.2200000 ,       0.0013435 ,       0.0020309
     18.2300000 ,      -0.0019753 ,      -0.0011309
     18.2400000 ,      -0.0052841 ,      -0.0047752
     18.2500000 ,      -0.0082706 ,      -0.0085112
     18.2600000 ,      -0.0107454 ,      -0.0119845
     18.2700000 ,      -0.0126466 ,      -0.0149207
     18.2800000 ,      -0.0140180 ,      -0.0171528
     18.2900000 ,      -0.0149728 ,      -0.0186313
     18.3000000 ,      -0.0156531 ,      -0.0194181
     18.3100000 ,      -0.0161975 ,      -0.0196663
     18.3200000 ,      -0.0167208 ,      -0.0195899
     18.3300000 ,      -0.0173073 ,      -0.0194269
     18.3400000 ,      -0.0180118 ,      -0.0193989
     18.3500000 ,      -0.0188618 ,      -0.0196722
     18.3600000 ,      -0.0198550 ,      -0.0203239
     18.3700000 ,      -0.0209485 ,      -0.0213181
     18.3800000 ,      -0.0220421 ,      -0.0224954
     18.3900000 ,      -0.0229622 ,      -0.0235816
     18.4000000 ,      -0.0234559 ,      -0.0242157
     18.4100000 ,      -0.0232046 ,      -0.0239972
     18.4200000 ,      -0.0218618 ,      -0.0225486
     18.4300000 ,      -0.0191150 ,      -0.0195845
     18.4400000 ,      -0.0147616 ,      -0.0149777
     18.4500000 ,      -0.0087840 ,      -0.0088088
     18.4600000 ,      -0.0014052 ,      -0.0013886
     18.4700000 ,       0.0068931 ,       0.0067545
     18.4800000 ,       0.0154013 ,       0.0149243
     18.4900000 ,       0.0232637 ,       0.0223403
     18.5000000 ,       0.0296016 ,       0.0282437
     18.5100000 ,       0.0336563 ,       0.0320083
     18.5200000 ,       0.0349259 ,       0.0332396
     18.5300000 ,       0.0332667 ,       0.0318415
     18.5400000 ,       0.0289354 ,       0.0280398
     18.5500000 ,       0.0225604 ,       0.0223534
     18.5600000 ,       0.0150429 ,       0.0155186
     18.5700000 ,       0.0074055 ,       0.0083772
     18.5800000 ,       0.0006152 ,       0.0017463
     18.5900000 ,      -0.0045831 ,      -0.0037058
     18.6000000 ,      -0.0077912 ,      -0.0075573
     18.6100000 ,      -0.0090142 ,      -0.0096878
     18.6200000 ,      -0.0086393 ,      -0.0102792
     18.6300000 ,      -0.0073404 ,      -0.0097655
     18.6400000 ,      -0.0059307 ,      -0.0087411
     18.6500000 ,      -0.0051931 ,      -0.0078445
     18.6600000 ,      -0.0057234 ,      -0.0076399
     18.6700000 ,      -0.0078167 ,      -0.0085171
     18.6800000 ,      -0.0114198 ,      -0.0106266
     18.6900000 ,      -0.0161533 ,      -0.0138594
     18.7000000 ,      -0.0213965 ,      -0.0178733
     18.7100000 ,      -0.0264133 ,      -0.0221555
     18.7200000 ,      -0.0304904 ,      -0.0261115
     18.7300000 ,      -0.0330582 ,      -0.0291594
     18.7400000 ,      -0.0337728 ,      -0.0308155
     18.7500000 ,      -0.0325445 ,      -0.0307573
     18.7600000 ,      -0.0295152 ,      -0.0288554
     18.7700000 ,      -0.0249952 ,      -0.0251740
     18.7800000 ,      -0.0193797 ,      -0.0199439
     18.7900000 ,      -0.0130671 ,      -0.0135171
     18.8000000 ,      -0.0063975 ,      -0.0063124
     18.8100000 ,       0.0003762 ,       0.0012362
     18.8200000 ,       0.0070847 ,       0.0087239
     18.8300000 ,       0.0136127 ,       0.0158051
     18.8400000 ,       0.0198587 ,       0.0222118
     18.8500000 ,       0.0256993 ,       0.0277591
     18.8600000 ,       0.0309725 ,       0.0323441
     18.8700000 ,       0.0354866 ,       0.0359398
     18.8800000 ,       0.0390522 ,       0.0385869
     18.8900000 ,       0.0415284 ,       0.0403834
     18.9000000 ,       0.0428690 ,       0.0414732
     18.9100000 ,       0.0431524 ,       0.0420297
     18.9200000 ,       0.0425843 ,       0.0422365
     18.9300000 ,       0.0414680 ,       0.0422641
     18.9400000 ,       0.0401470 ,       0.0422451
     18.9500000 ,       0.0389321 ,       0.0422520
     18.9600000 ,       0.0380309 ,       0.0422825
     18.9700000 ,       0.0374962 ,       0.0422560
     18.9800000 ,       0.0372097 ,       0.0420237
     18.9900000 ,       0.0369044 ,       0.0413929
     19.0000000 ,       0.0362244 ,       0.0401613
     19.0100000 ,       0.0348076 ,       0.0381567
     19.0200000 ,       0.0323739 ,       0.0352739
     19.0300000 ,       0.0287968 ,       0.0315007
     19.0400000 ,       0.0241421 ,       0.0269292
     19.0500000 ,       0.0186644 ,       0.0217480
     19.0600000 ,       0.0127605 ,       0.0162171
     19.0700000 ,       0.0068919 ,       0.0106301
     19.0800000 ,       0.0014939 ,       0.0052713
     19.0900000 ,      -0.0031087 ,       0.0003766
     19.1000000 ,      -0.0067577 ,      -0.0038954
     19.1100000 ,      -0.0094786 ,      -0.0074748
     19.1200000 ,      -0.0114543 ,      -0.0103744
     19.1300000 ,      -0.0129633 ,      -0.0126679
     19.1400000 ,      -0.0142978 ,      -0.0144579
     19.1500000 ,      -0.0156811 ,      -0.0158414
     19.1600000 ,      -0.0172055 ,      -0.0168804
     19.1700000 ,      -0.0188041 ,      -0.0175851
     19.1800000 ,      -0.0202643 ,      -0.0179110
     19.1900000 ,      -0.0212780 ,      -0.0177724
     19.2000000 ,      -0.0215173 ,      -0.0170669
     19.2100000 ,      -0.0207167 ,      -0.0157063
     19.2200000 ,      -0.0187433 ,      -0.0136462
     19.2300000 ,      -0.0156388 ,      -0.0109087
     19.2400000 ,      -0.0116242 ,      -0.0075934
     19.2500000 ,      -0.0070667 ,      -0.0038741
     19.2600000 ,      -0.0024175 ,       0.0000163
     19.2700000 ,       0.0018643 ,       0.0038114
     19.2800000 ,       0.0053867 ,       0.0072405
     19.2900000 ,       0.0078814 ,       0.0100593
     19.3000000 ,       0.0092322 ,       0.0120741
     19.3100000 ,       0.0094728 ,       0.0131606
     19.3200000 ,       0.0087570 ,       0.0132722
     19.3300000 ,       0.0073116 ,       0.0124415
     19.3400000 ,       0.0053844 ,       0.0107727
     19.3500000 ,       0.0031999 ,       0.0084293
     19.3600000 ,       0.0009307 ,       0.0056171
     19.3700000 ,      -0.0013121 ,       0.0025643
     19.3800000 ,      -0.0034710 ,      -0.0005007
     19.3900000 ,      -0.0055235 ,      -0.0033711
     19.4000000 ,      -0.0074610 ,      -0.0058836
     19.4100000 ,      -0.0092737 ,      -0.0079355
     19.4200000 ,      -0.0109447 ,      -0.0094974
     19.4300000 ,      -0.0124559 ,      -0.0106164
     19.4400000 ,      -0.0138006 ,      -0.0114086
     19.4500000 ,      -0.0149975 ,      -0.0120416
     19.4600000 ,      -0.0161000 ,      -0.0127068
     19.4700000 ,      -0.0171937 ,      -0.0135861
     19.4800000 ,      -0.0183831 ,      -0.0148192
     19.4900000 ,      -0.0197680 ,      -0.0164763
     19.5000000 ,      -0.0214177 ,      -0.0185443
     19.5100000 ,      -0.0233485 ,      -0.0209280
     19.5200000 ,      -0.0255142 ,      -0.0234697
     19.5300000 ,      -0.0278132 ,      -0.0259823
     19.5400000 ,      -0.0301113 ,      -0.0282908
     19.5500000 ,      -0.0322764 ,      -0.0302729
     19.5600000 ,      -0.0342156 ,      -0.0318890
     19.5700000 ,      -0.0359045 ,      -0.0331952
     19.5800000 ,      -0.0373988 ,      -0.0343332
     19.5900000 ,      -0.0388236 ,      -0.0354987
     19.6000000 ,      -0.0403403 ,      -0.0368936
     19.6100000 ,      -0.0420977 ,      -0.0386713
     19.6200000 ,      -0.0441783 ,      -0.0408873
     19.6300000 ,      -0.0465535 ,      -0.0434664
     19.6400000 ,      -0.0490612 ,      -0.0461956
     19.6500000 ,      -0.0514116 ,      -0.0487450
     19.6600000 ,      -0.0532249 ,      -0.0507155
     19.6700000 ,      -0.0540941 ,      -0.0517041
     19.6800000 ,      -0.0536597 ,      -0.0513741
     19.6900000 ,      -0.0516819 ,      -0.0495169
     19.7000000 ,      -0.0480927 ,      -0.0460914
     19.7100000 ,      -0.0430168 ,      -0.0412348
     19.7200000 ,      -0.0367563 ,      -0.0352403
     19.7300000 ,      -0.0297406 ,      -0.0285085
     19.7400000 ,      -0.0224544 ,      -0.0214820
     19.7500000 ,      -0.0153576 ,      -0.0145763
     19.7600000 ,      -0.0088152 ,      -0.0081229
     19.7700000 ,      -0.0030528 ,      -0.0023345
     19.7800000 ,       0.0018547 ,       0.0027015
     19.7900000 ,       0.0059603 ,       0.0070010
     19.8000000 ,       0.0093943 ,       0.0106414
     19.8100000 ,       0.0123015 ,       0.0137095
     19.8200000 ,       0.0147812 ,       0.0162553
     19.8300000 ,       0.0168462 ,       0.0182616
     19.8400000 ,       0.0184109 ,       0.0196385
     19.8500000 ,       0.0193120 ,       0.0202443
     19.8600000 ,       0.0193562 ,       0.0199278
     19.8700000 ,       0.0183825 ,       0.0185811
     19.8800000 ,       0.0163242 ,       0.0161912
     19.8900000 ,       0.0132539 ,       0.0128746
     19.9000000 ,       0.0093992 ,       0.0088867
     19.9100000 ,       0.0051249 ,       0.0046021
     19.9200000 ,       0.0008829 ,       0.0004654
     19.9300000 ,      -0.0028595 ,      -0.0030755
     19.9400000 ,      -0.0056976 ,      -0.0056428
     19.9500000 ,      -0.0073575 ,      -0.0069924
     19.9600000 ,      -0.0077410 ,      -0.0070568
     19.9700000 ,      -0.0069376 ,      -0.0059563
     19.9800000 ,      -0.0052019 ,      -0.0039777
     19.9900000 ,      -0.0029029 ,      -0.0015248
     20.0000000 ,      -0.0004570 ,       0.0009508
     20.0100000 ,       0.0017435 ,       0.0030239
     20.0200000 ,       0.0033889 ,       0.0043611
     20.0300000 ,       0.0042912 ,       0.0047668
     20.0400000 ,       0.0043959 ,       0.0042029
     20.0500000 ,       0.0037694 ,       0.0027791
     20.0600000 ,       0.0025667 ,       0.0007201
     20.0700000 ,       0.0009906 ,      -0.0016832
     20.0800000 ,      -0.0007496 ,      -0.0041275
     20.0900000 ,      -0.0024713 ,      -0.0063463
     20.1000000 ,      -0.0040381 ,      -0.0081457
     20.1100000 ,      -0.0053666 ,      -0.0094235
     20.1200000 ,      -0.0064222 ,      -0.0101702
     20.1300000 ,      -0.0072099 ,      -0.0104561
     20.1400000 ,      -0.0077633 ,      -0.0104087
     20.1500000 ,      -0.0081378 ,      -0.0101876
     20.1600000 ,      -0.0084073 ,      -0.0099607
     20.1700000 ,      -0.0086631 ,      -0.0098852
     20.1800000 ,      -0.0090130 ,      -0.0100951
     20.1900000 ,      -0.0095751 ,      -0.0106935
     20.2000000 ,      -0.0104655 ,      -0.0117474
     20.2100000 ,      -0.0117792 ,      -0.0132842
     20.2200000 ,      -0.0135663 ,      -0.0152878
     20.2300000 ,      -0.0158106 ,      -0.0176953
     20.2400000 ,      -0.0184154 ,      -0.0203951
     20.2500000 ,      -0.0212019 ,      -0.0232293
     20.2600000 ,      -0.0239255 ,      -0.0260024
     20.2700000 ,      -0.0263066 ,      -0.0284972
     20.2800000 ,      -0.0280729 ,      -0.0304966
     20.2900000 ,      -0.0290045 ,      -0.0318105
     20.3000000 ,      -0.0289730 ,      -0.0323008
     20.3100000 ,      -0.0279645 ,      -0.0319019
     20.3200000 ,      -0.0260821 ,      -0.0306311
     20.3300000 ,      -0.0235250 ,      -0.0285864
     20.3400000 ,      -0.0205500 ,      -0.0259321
     20.3500000 ,      -0.0174216 ,      -0.0228728
     20.3600000 ,      -0.0143634 ,      -0.0196228
     20.3700000 ,      -0.0115206 ,      -0.0163754
     20.3800000 ,      -0.0089420 ,      -0.0132783
     20.3900000 ,      -0.0065861 ,      -0.0104200
     20.4000000 ,      -0.0043482 ,      -0.0078294
     20.4100000 ,      -0.0021029 ,      -0.0054876
     20.4200000 ,       0.0002503 ,      -0.0033480
     20.4300000 ,       0.0027477 ,      -0.0013606
     20.4400000 ,       0.0053404 ,       0.0005062
     20.4500000 ,       0.0078952 ,       0.0022520
     20.4600000 ,       0.0102184 ,       0.0038396
     20.4700000 ,       0.0120966 ,       0.0052032
     20.4800000 ,       0.0133452 ,       0.0062631
     20.4900000 ,       0.0138525 ,       0.0069470
     20.5000000 ,       0.0136087 ,       0.0072090
     20.5100000 ,       0.0127136 ,       0.0070443
     20.5200000 ,       0.0113607 ,       0.0064951
     20.5300000 ,       0.0098011 ,       0.0056470
     20.5400000 ,       0.0082967 ,       0.0046172
     20.5500000 ,       0.0070726 ,       0.0035377
     20.5600000 ,       0.0062807 ,       0.0025375
     20.5700000 ,       0.0059817 ,       0.0017283
     20.5800000 ,       0.0061493 ,       0.0011961
     20.5900000 ,       0.0066946 ,       0.0009997
     20.6000000 ,       0.0075046 ,       0.0011759
     20.6100000 ,       0.0084837 ,       0.0017480
     20.6200000 ,       0.0095879 ,       0.0027347
     20.6300000 ,       0.0108442 ,       0.0041559
     20.6400000 ,       0.0123489 ,       0.0060346
     20.6500000 ,       0.0142457 ,       0.0083911
     20.6600000 ,       0.0166893 ,       0.0112354
     20.6700000 ,       0.0198022 ,       0.0145551
     20.6800000 ,       0.0236359 ,       0.0183068
     20.6900000 ,       0.0281445 ,       0.0224103
     20.7000000 ,       0.0331776 ,       0.0267504
     20.7100000 ,       0.0384945 ,       0.0311840
     20.7200000 ,       0.0437958 ,       0.0355538
     20.7300000 ,       0.0487664 ,       0.0397042
     20.7400000 ,       0.0531220 ,       0.0434970
     20.7500000 ,       0.0566481 ,       0.0468240
     20.7600000 ,       0.0592260 ,       0.0496136
     20.7700000 ,       0.0608418 ,       0.0518315
     20.7800000 ,       0.0615773 ,       0.0534762
     20.7900000 ,       0.0615872 ,       0.0545704
     20.8000000 ,       0.0610672 ,       0.0551526
     20.8100000 ,       0.0602205 ,       0.0552688
     20.8200000 ,       0.0592284 ,       0.0549681
     20.8300000 ,       0.0582290 ,       0.0543010
     20.8400000 ,       0.0573067 ,       0.0533201
     20.8500000 ,       0.0564906 ,       0.0520818
     20.8600000 ,       0.0557620 ,       0.0506463
     20.8700000 ,       0.0550660 ,       0.0490752
     20.8800000 ,       0.0543244 ,       0.0474256
     20.8900000 ,       0.0534495 ,       0.0457425
     20.9000000 ,       0.0523548 ,       0.0440499
     20.9100000 ,       0.0509645 ,       0.0423445
     20.9200000 ,       0.0492211 ,       0.0405938
     20.9300000 ,       0.0470905 ,       0.0387395
     20.9400000 ,       0.0445671 ,       0.0367076
     20.9500000 ,       0.0416751 ,       0.0344230
     20.9600000 ,       0.0384680 ,       0.0318254
     20.9700000 ,       0.0350243 ,       0.0288844
     20.9800000 ,       0.0314384 ,       0.0256092
     20.9900000 ,       0.0278098 ,       0.0220511
     21.0000000 ,       0.0242298 ,       0.0182983
     21.0100000 ,       0.0207700 ,       0.0144635
     21.0200000 ,       0.0174749 ,       0.0106682
     21.0300000 ,       0.0143600 ,       0.0070259
     21.0400000 ,       0.0114180 ,       0.0036296
     21.0500000 ,       0.0086307 ,       0.0005449
     21.0600000 ,       0.0059839 ,      -0.0021897
     21.0700000 ,       0.0034832 ,      -0.0045560
     21.0800000 ,       0.0011642 ,      -0.0065458
     21.0900000 ,      -0.0009054 ,      -0.0081507
     21.1000000 ,      -0.0026337 ,      -0.0093555
     21.1100000 ,      -0.0039220 ,      -0.0101385
     21.1200000 ,      -0.0046879 ,      -0.0104784
     21.1300000 ,      -0.0048900 ,      -0.0103671
     21.1400000 ,      -0.0045475 ,      -0.0098258
     21.1500000 ,      -0.0037494 ,      -0.0089177
     21.1600000 ,      -0.0026505 ,      -0.0077555
     21.1700000 ,      -0.0014533 ,      -0.0064985
     21.1800000 ,      -0.0003793 ,      -0.0053386
     21.1900000 ,       0.0003645 ,      -0.0044772
     21.2000000 ,       0.0006181 ,      -0.0040962
     21.2100000 ,       0.0002912 ,      -0.0043300
     21.2200000 ,      -0.0006271 ,      -0.0052426
     21.2300000 ,      -0.0020754 ,      -0.0068172
     21.2400000 ,      -0.0039394 ,      -0.0089588
     21.2500000 ,      -0.0060819 ,      -0.0115120
     21.2600000 ,      -0.0083735 ,      -0.0142882
     21.2700000 ,      -0.0107175 ,      -0.0170987
     21.2800000 ,      -0.0130633 ,      -0.0197851
     21.2900000 ,      -0.0154049 ,      -0.0222422
     21.3000000 ,      -0.0177649 ,      -0.0244267
     21.3100000 ,      -0.0201694 ,      -0.0263517
     21.3200000 ,      -0.0226196 ,      -0.0280680
     21.3300000 ,      -0.0250692 ,      -0.0296369
     21.3400000 ,      -0.0274134 ,      -0.0311007
     21.3500000 ,      -0.0294934 ,      -0.0324589
     21.3600000 ,      -0.0311173 ,      -0.0336555
     21.3700000 ,      -0.0320927 ,      -0.0345803
     21.3800000 ,      -0.0322644 ,      -0.0350861
     21.3900000 ,      -0.0315481 ,      -0.0350162
     21.4000000 ,      -0.0299541 ,      -0.0342387
     21.4100000 ,      -0.0275928 ,      -0.0326797
     21.4200000 ,      -0.0246636 ,      -0.0303474
     21.4300000 ,      -0.0214260 ,      -0.0273435
     21.4400000 ,      -0.0181623 ,      -0.0238590
     21.4500000 ,      -0.0151371 ,      -0.0201534
     21.4600000 ,      -0.0125627 ,      -0.0165236
     21.4700000 ,      -0.0105775 ,      -0.0132653
     21.4800000 ,      -0.0092389 ,      -0.0106363
     21.4900000 ,      -0.0085316 ,      -0.0088251
     21.5000000 ,      -0.0083878 ,      -0.0079311
     21.5100000 ,      -0.0087117 ,      -0.0079584
     21.5200000 ,      -0.0094029 ,      -0.0088219
     21.5300000 ,      -0.0103736 ,      -0.0103649
     21.5400000 ,      -0.0115548 ,      -0.0123827
     21.5500000 ,      -0.0128933 ,      -0.0146493
     21.5600000 ,      -0.0143413 ,      -0.0169422
     21.5700000 ,      -0.0158436 ,      -0.0190630
     21.5800000 ,      -0.0173282 ,      -0.0208520
     21.5900000 ,      -0.0187025 ,      -0.0221959
     21.6000000 ,      -0.0198600 ,      -0.0230304
     21.6100000 ,      -0.0206939 ,      -0.0233377
     21.6200000 ,      -0.0211158 ,      -0.0231409
     21.6300000 ,      -0.0210742 ,      -0.0224966
     21.6400000 ,      -0.0205676 ,      -0.0214854
     21.6500000 ,      -0.0196477 ,      -0.0202024
     21.6600000 ,      -0.0184132 ,      -0.0187474
     21.6700000 ,      -0.0169920 ,      -0.0172146
     21.6800000 ,      -0.0155191 ,      -0.0156849
     21.6900000 ,      -0.0141125 ,      -0.0142191
     21.7000000 ,      -0.0128545 ,      -0.0128546
     21.7100000 ,      -0.0117820 ,      -0.0116058
     21.7200000 ,      -0.0108871 ,      -0.0104677
     21.7300000 ,      -0.0101287 ,      -0.0094234
     21.7400000 ,      -0.0094495 ,      -0.0084522
     21.7500000 ,      -0.0087968 ,      -0.0075380
     21.7600000 ,      -0.0081380 ,      -0.0066757
     21.7700000 ,      -0.0074702 ,      -0.0058739
     21.7800000 ,      -0.0068203 ,      -0.0051536
     21.7900000 ,      -0.0062357 ,      -0.0045431
     21.8000000 ,      -0.0057708 ,      -0.0040704
     21.8100000 ,      -0.0054710 ,      -0.0037559
     21.8200000 ,      -0.0053611 ,      -0.0036063
     21.8300000 ,      -0.0054397 ,      -0.0036129
     21.8400000 ,      -0.0056826 ,      -0.0037537
     21.8500000 ,      -0.0060525 ,      -0.0040002
     21.8600000 ,      -0.0065126 ,      -0.0043264
     21.8700000 ,      -0.0070408 ,      -0.0047175
     21.8800000 ,      -0.0076377 ,      -0.0051758
     21.8900000 ,      -0.0083274 ,      -0.0057228
     21.9000000 ,      -0.0091510 ,      -0.0063938
     21.9100000 ,      -0.0101514 ,      -0.0072292
     21.9200000 ,      -0.0113574 ,      -0.0082608
     21.9300000 ,      -0.0127683 ,      -0.0094994
     21.9400000 ,      -0.0143455 ,      -0.0109246
     21.9500000 ,      -0.0160137 ,      -0.0124815
     21.9600000 ,      -0.0176713 ,      -0.0140840
     21.9700000 ,      -0.0192083 ,      -0.0156264
     21.9800000 ,      -0.0205273 ,      -0.0169993
     21.9900000 ,      -0.0215621 ,      -0.0181077
     22.0000000 ,      -0.0222884 ,      -0.0188862
     22.0100000 ,      -0.0227248 ,      -0.0193089
     22.0200000 ,      -0.0229224 ,      -0.0193900
     22.0300000 ,      -0.0229460 ,      -0.0191765
     22.0400000 ,      -0.0228532 ,      -0.0187334
     22.0500000 ,      -0.0226744 ,      -0.0181262
     22.0600000 ,      -0.0224023 ,      -0.0174041
     22.0700000 ,      -0.0219923 ,      -0.0165879
     22.0800000 ,      -0.0213742 ,      -0.0156675
     22.0900000 ,      -0.0204738 ,      -0.0146073
     22.1000000 ,      -0.0192372 ,      -0.0133598
     22.1100000 ,      -0.0176524 ,      -0.0118842
     22.1200000 ,      -0.0157617 ,      -0.0101634
     22.1300000 ,      -0.0136603 ,      -0.0082171
     22.1400000 ,      -0.0114827 ,      -0.0061057
     22.1500000 ,      -0.0093767 ,      -0.0039238
     22.1600000 ,      -0.0074740 ,      -0.0017856
     22.1700000 ,      -0.0058628 ,       0.0001967
     22.1800000 ,      -0.0045697 ,       0.0019344
     22.1900000 ,      -0.0035569 ,       0.0033796
     22.2000000 ,      -0.0027343 ,       0.0045334
     22.2100000 ,      -0.0019848 ,       0.0054433
     22.2200000 ,      -0.0011959 ,       0.0061888
     22.2300000 ,      -0.0002913 ,       0.0068606
     22.2400000 ,       0.0007480 ,       0.0075358
     22.2500000 ,       0.0018762 ,       0.0082577
     22.2600000 ,       0.0029925 ,       0.0090229
     22.2700000 ,       0.0039658 ,       0.0097818
     22.2800000 ,       0.0046683 ,       0.0104502
     22.2900000 ,       0.0050091 ,       0.0109322
     22.3000000 ,       0.0049609 ,       0.0111471
     22.3100000 ,       0.0045713 ,       0.0110554
     22.3200000 ,       0.0039567 ,       0.0106761
     22.3300000 ,       0.0032793 ,       0.0100927
     22.3400000 ,       0.0027128 ,       0.0094430
     22.3500000 ,       0.0024052 ,       0.0088967
     22.3600000 ,       0.0024471 ,       0.0086236
     22.3700000 ,       0.0028530 ,       0.0087591
     22.3800000 ,       0.0035600 ,       0.0093748
     22.3900000 ,       0.0044444 ,       0.0104600
     22.4000000 ,       0.0053506 ,       0.0119183
     22.4100000 ,       0.0061259 ,       0.0135808
     22.4200000 ,       0.0066529 ,       0.0152317
     22.4300000 ,       0.0068701 ,       0.0166442
     22.4400000 ,       0.0067791 ,       0.0176166
     22.4500000 ,       0.0064343 ,       0.0180040
     22.4600000 ,       0.0059215 ,       0.0177395
     22.4700000 ,       0.0053300 ,       0.0168408
     22.4800000 ,       0.0047273 ,       0.0154033
     22.4900000 ,       0.0041424 ,       0.0135809
     22.5000000 ,       0.0035631 ,       0.0115597
     22.5100000 ,       0.0029469 ,       0.0095306
     22.5200000 ,       0.0022425 ,       0.0076634
     22.5300000 ,       0.0014141 ,       0.0060896
     22.5400000 ,       0.0004636 ,       0.0048925
     22.5500000 ,      -0.0005601 ,       0.0041061
     22.5600000 ,      -0.0015650 ,       0.0037202
     22.5700000 ,      -0.0024348 ,       0.0036897
     22.5800000 ,      -0.0030584 ,       0.0039437
     22.5900000 ,      -0.0033616 ,       0.0043948
     22.6000000 ,      -0.0033331 ,       0.0049457
     22.6100000 ,      -0.0030368 ,       0.0054947
     22.6200000 ,      -0.0026056 ,       0.0059415
     22.6300000 ,      -0.0022173 ,       0.0061931
     22.6400000 ,      -0.0020564 ,       0.0061732
     22.6500000 ,      -0.0022708 ,       0.0058320
     22.6600000 ,      -0.0029336 ,       0.0051576
     22.6700000 ,      -0.0040191 ,       0.0041843
     22.6800000 ,      -0.0053994 ,       0.0029968
     22.6900000 ,      -0.0068635 ,       0.0017270
     22.7000000 ,      -0.0081556 ,       0.0005414
     22.7100000 ,      -0.0090237 ,      -0.0003783
     22.7200000 ,      -0.0092684 ,      -0.0008609
     22.7300000 ,      -0.0087811 ,      -0.0007724
     22.7400000 ,      -0.0075631 ,      -0.0000397
     22.7500000 ,      -0.0057218 ,       0.0013352
     22.7600000 ,      -0.0034459 ,       0.0032712
     22.7700000 ,      -0.0009651 ,       0.0056180
     22.7800000 ,       0.0014954 ,       0.0081777
     22.7900000 ,       0.0037547 ,       0.0107340
     22.8000000 ,       0.0057024 ,       0.0130841
     22.8100000 ,       0.0073053 ,       0.0150674
     22.8200000 ,       0.0085949 ,       0.0165853
     22.8300000 ,       0.0096400 ,       0.0176087
     22.8400000 ,       0.0105131 ,       0.0181719
     22.8500000 ,       0.0112595 ,       0.0183558
     22.8600000 ,       0.0118780 ,       0.0182630
     22.8700000 ,       0.0123180 ,       0.0179923
     22.8800000 ,       0.0124943 ,       0.0176168
     22.8900000 ,       0.0123140 ,       0.0171711
     22.9000000 ,       0.0117098 ,       0.0166506
     22.9100000 ,       0.0106696 ,       0.0160219
     22.9200000 ,       0.0092547 ,       0.0152422
     22.9300000 ,       0.0076001 ,       0.0142829
     22.9400000 ,       0.0058983 ,       0.0131504
     22.9500000 ,       0.0043678 ,       0.0119009
     22.9600000 ,       0.0032146 ,       0.0106432
     22.9700000 ,       0.0025957 ,       0.0095284
     22.9800000 ,       0.0025931 ,       0.0087290
     22.9900000 ,       0.0032030 ,       0.0084096
     23.0000000 ,       0.0043437 ,       0.0086963
     23.0100000 ,       0.0058784 ,       0.0096499
     23.0200000 ,       0.0076471 ,       0.0112487
     23.0300000 ,       0.0094991 ,       0.0133860
     23.0400000 ,       0.0113196 ,       0.0158809
     23.0500000 ,       0.0130415 ,       0.0185036
     23.0600000 ,       0.0146442 ,       0.0210086
     23.0700000 ,       0.0161375 ,       0.0231709
     23.0800000 ,       0.0175395 ,       0.0248186
     23.0900000 ,       0.0188528 ,       0.0258563
     23.1000000 ,       0.0200481 ,       0.0262739
     23.1100000 ,       0.0210598 ,       0.0261414
     23.1200000 ,       0.0217953 ,       0.0255897
     23.1300000 ,       0.0221554 ,       0.0247811
     23.1400000 ,       0.0220609 ,       0.0238767
     23.1500000 ,       0.0214782 ,       0.0230051
     23.1600000 ,       0.0204351 ,       0.0222407
     23.1700000 ,       0.0190244 ,       0.0215925
     23.1800000 ,       0.0173910 ,       0.0210091
     23.1900000 ,       0.0157063 ,       0.0203948
     23.2000000 ,       0.0141361 ,       0.0196366
     23.2100000 ,       0.0128085 ,       0.0186340
     23.2200000 ,       0.0117902 ,       0.0173275
     23.2300000 ,       0.0110773 ,       0.0157178
     23.2400000 ,       0.0106027 ,       0.0138740
     23.2500000 ,       0.0102578 ,       0.0119262
     23.2600000 ,       0.0099242 ,       0.0100466
     23.2700000 ,       0.0095053 ,       0.0084196
     23.2800000 ,       0.0089537 ,       0.0072098
     23.2900000 ,       0.0082832 ,       0.0065315
     23.3000000 ,       0.0075663 ,       0.0064278
     23.3100000 ,       0.0069163 ,       0.0068623
     23.3200000 ,       0.0064584 ,       0.0077260
     23.3300000 ,       0.0062982 ,       0.0088573
     23.3400000 ,       0.0064944 ,       0.0100717
     23.3500000 ,       0.0070436 ,       0.0111947
     23.3600000 ,       0.0078789 ,       0.0120914
     23.3700000 ,       0.0088842 ,       0.0126872
     23.3800000 ,       0.0099189 ,       0.0129743
     23.3900000 ,       0.0108477 ,       0.0130041
     23.4000000 ,       0.0115671 ,       0.0128673
     23.4100000 ,       0.0120229 ,       0.0126658
     23.4200000 ,       0.0122146 ,       0.0124836
     23.4300000 ,       0.0121869 ,       0.0123632
     23.4400000 ,       0.0120105 ,       0.0122934
     23.4500000 ,       0.0117586 ,       0.0122108
     23.4600000 ,       0.0114850 ,       0.0120162
     23.4700000 ,       0.0112107 ,       0.0116004
     23.4800000 ,       0.0109209 ,       0.0108752
     23.4900000 ,       0.0105736 ,       0.0098010
     23.5000000 ,       0.0101175 ,       0.0084048
     23.5100000 ,       0.0095123 ,       0.0067830
     23.5200000 ,       0.0087461 ,       0.0050892
     23.5300000 ,       0.0078455 ,       0.0035061
     23.5400000 ,       0.0068735 ,       0.0022104
     23.5500000 ,       0.0059169 ,       0.0013358
     23.5600000 ,       0.0050654 ,       0.0009437
     23.5700000 ,       0.0043887 ,       0.0010078
     23.5800000 ,       0.0039166 ,       0.0014162
     23.5900000 ,       0.0036293 ,       0.0019921
     23.6000000 ,       0.0034586 ,       0.0025272
     23.6100000 ,       0.0033025 ,       0.0028225
     23.6200000 ,       0.0030484 ,       0.0027268
     23.6300000 ,       0.0025988 ,       0.0021644
     23.6400000 ,       0.0018957 ,       0.0011473
     23.6500000 ,       0.0009347 ,      -0.0002320
     23.6600000 ,      -0.0002326 ,      -0.0018234
     23.6700000 ,      -0.0015085 ,      -0.0034535
     23.6800000 ,      -0.0027698 ,      -0.0049624
     23.6900000 ,      -0.0038922 ,      -0.0062344
     23.7000000 ,      -0.0047746 ,      -0.0072162
     23.7100000 ,      -0.0053547 ,      -0.0079176
     23.7200000 ,      -0.0056158 ,      -0.0083968
     23.7300000 ,      -0.0055811 ,      -0.0087335
     23.7400000 ,      -0.0052999 ,      -0.0089976
     23.7500000 ,      -0.0048287 ,      -0.0092222
     23.7600000 ,      -0.0042146 ,      -0.0093885
     23.7700000 ,      -0.0034844 ,      -0.0094271
     23.7800000 ,      -0.0026433 ,      -0.0092357
     23.7900000 ,      -0.0016833 ,      -0.0087099
     23.8000000 ,      -0.0005987 ,      -0.0077794
     23.8100000 ,       0.0005969 ,      -0.0064395
     23.8200000 ,       0.0018565 ,      -0.0047705
     23.8300000 ,       0.0030946 ,      -0.0029376
     23.8400000 ,       0.0041927 ,      -0.0011701
     23.8500000 ,       0.0050169 ,       0.0002763
     23.8600000 ,       0.0054423 ,       0.0011679
     23.8700000 ,       0.0053802 ,       0.0013405
     23.8800000 ,       0.0047998 ,       0.0007356
     23.8900000 ,       0.0037408 ,      -0.0005828
     23.9000000 ,       0.0023115 ,      -0.0024364
     23.9100000 ,       0.0006730 ,      -0.0045634
     23.9200000 ,      -0.0009884 ,      -0.0066675
     23.9300000 ,      -0.0024926 ,      -0.0084733
     23.9400000 ,      -0.0036967 ,      -0.0097772
     23.9500000 ,      -0.0045172 ,      -0.0104830
     23.9600000 ,      -0.0049382 ,      -0.0106140
     23.9700000 ,      -0.0050061 ,      -0.0102997
     23.9800000 ,      -0.0048113 ,      -0.0097404
     23.9900000 ,      -0.0044615 ,      -0.0091583
     24.0000000 ,      -0.0040550 ,      -0.0087452
     24.0100000 ,      -0.0036584 ,      -0.0086200
     24.0200000 ,      -0.0032956 ,      -0.0088046
     24.0300000 ,      -0.0029487 ,      -0.0092228
     24.0400000 ,      -0.0025708 ,      -0.0097227
     24.0500000 ,      -0.0021067 ,      -0.0101170
     24.0600000 ,      -0.0015144 ,      -0.0102300
     24.0700000 ,      -0.0007835 ,      -0.0099423
     24.0800000 ,       0.0000559 ,      -0.0092213
     24.0900000 ,       0.0009356 ,      -0.0081313
     24.1000000 ,       0.0017611 ,      -0.0068220
     24.1100000 ,       0.0024319 ,      -0.0054975
     24.1200000 ,       0.0028613 ,      -0.0043735
     24.1300000 ,       0.0029946 ,      -0.0036347
     24.1400000 ,       0.0028176 ,      -0.0033988
     24.1500000 ,       0.0023558 ,      -0.0036984
     24.1600000 ,       0.0016637 ,      -0.0044815
     24.1700000 ,       0.0008085 ,      -0.0056313
     24.1800000 ,      -0.0001484 ,      -0.0069979
     24.1900000 ,      -0.0011653 ,      -0.0084347
     24.2000000 ,      -0.0022270 ,      -0.0098305
     24.2100000 ,      -0.0033429 ,      -0.0111284
     24.2200000 ,      -0.0045356 ,      -0.0123291
     24.2300000 ,      -0.0058259 ,      -0.0134777
     24.2400000 ,      -0.0072165 ,      -0.0146392
     24.2500000 ,      -0.0086814 ,      -0.0158691
     24.2600000 ,      -0.0101627 ,      -0.0171881
     24.2700000 ,      -0.0115778 ,      -0.0185678
     24.2800000 ,      -0.0128343 ,      -0.0199314
     24.2900000 ,      -0.0138502 ,      -0.0211694
     24.3000000 ,      -0.0145727 ,      -0.0221663
     24.3100000 ,      -0.0149919 ,      -0.0228320
     24.3200000 ,      -0.0151453 ,      -0.0231279
     24.3300000 ,      -0.0151101 ,      -0.0230825
     24.3400000 ,      -0.0149876 ,      -0.0227906
     24.3500000 ,      -0.0148805 ,      -0.0223956
     24.3600000 ,      -0.0148707 ,      -0.0220592
     24.3700000 ,      -0.0150022 ,      -0.0219252
     24.3800000 ,      -0.0152736 ,      -0.0220863
     24.3900000 ,      -0.0156423 ,      -0.0225616
     24.4000000 ,      -0.0160381 ,      -0.0232914
     24.4100000 ,      -0.0163847 ,      -0.0241503
     24.4200000 ,      -0.0166219 ,      -0.0249768
     24.4300000 ,      -0.0167229 ,      -0.0256110
     24.4400000 ,      -0.0167027 ,      -0.0259340
     24.4500000 ,      -0.0166161 ,      -0.0258978
     24.4600000 ,      -0.0165436 ,      -0.0255386
     24.4700000 ,      -0.0165707 ,      -0.0249717
     24.4800000 ,      -0.0167659 ,      -0.0243664
     24.4900000 ,      -0.0171608 ,      -0.0239079
     24.5000000 ,      -0.0177409 ,      -0.0237551
     24.5100000 ,      -0.0184457 ,      -0.0240023
     24.5200000 ,      -0.0191805 ,      -0.0246545
     24.5300000 ,      -0.0198365 ,      -0.0256225
     24.5400000 ,      -0.0203127 ,      -0.0267374
     24.5500000 ,      -0.0205364 ,      -0.0277834
     24.5600000 ,      -0.0204752 ,      -0.0285396
     24.5700000 ,      -0.0201392 ,      -0.0288233
     24.5800000 ,      -0.0195726 ,      -0.0285251
     24.5900000 ,      -0.0188381 ,      -0.0276278
     24.6000000 ,      -0.0179973 ,      -0.0262065
     24.6100000 ,      -0.0170937 ,      -0.0244101
     24.6200000 ,      -0.0161427 ,      -0.0224281
     24.6300000 ,      -0.0151302 ,      -0.0204521
     24.6400000 ,      -0.0140218 ,      -0.0186391
     24.6500000 ,      -0.0127788 ,      -0.0170845
     24.6600000 ,      -0.0113758 ,      -0.0158116
     24.6700000 ,      -0.0098175 ,      -0.0147768
     24.6800000 ,      -0.0081471 ,      -0.0138903
     24.6900000 ,      -0.0064453 ,      -0.0130453
     24.7000000 ,      -0.0048188 ,      -0.0121503
     24.7100000 ,      -0.0033820 ,      -0.0111544
     24.7200000 ,      -0.0022343 ,      -0.0100628
     24.7300000 ,      -0.0014409 ,      -0.0089369
     24.7400000 ,      -0.0010190 ,      -0.0078806
     24.7500000 ,      -0.0009346 ,      -0.0070163
     24.7600000 ,      -0.0011102 ,      -0.0064547
     24.7700000 ,      -0.0014405 ,      -0.0062675
     24.7800000 ,      -0.0018125 ,      -0.0064663
     24.7900000 ,      -0.0021261 ,      -0.0069944
     24.8000000 ,      -0.0023091 ,      -0.0077313
     24.8100000 ,      -0.0023241 ,      -0.0085103
     24.8200000 ,      -0.0021671 ,      -0.0091448
     24.8300000 ,      -0.0018581 ,      -0.0094582
     24.8400000 ,      -0.0014277 ,      -0.0093131
     24.8500000 ,      -0.0009043 ,      -0.0086335
     24.8600000 ,      -0.0003051 ,      -0.0074165
     24.8700000 ,       0.0003661 ,      -0.0057340
     24.8800000 ,       0.0011143 ,      -0.0037218
     24.8900000 ,       0.0019430 ,      -0.0015613
     24.9000000 ,       0.0028423 ,       0.0005452
     24.9100000 ,       0.0037792 ,       0.0024002
     24.9200000 ,       0.0046940 ,       0.0038348
     24.9300000 ,       0.0055039 ,       0.0047279
     24.9400000 ,       0.0061150 ,       0.0050176
     24.9500000 ,       0.0064388 ,       0.0047054
     24.9600000 ,       0.0064108 ,       0.0038522
     24.9700000 ,       0.0060051 ,       0.0025668
     24.9800000 ,       0.0052419 ,       0.0009902
     24.9900000 ,       0.0041857 ,      -0.0007237
     25.0000000 ,       0.0029333 ,      -0.0024278
     25.0100000 ,       0.0015961 ,      -0.0039995
     25.0200000 ,       0.0002790 ,      -0.0053534
     25.0300000 ,      -0.0009380 ,      -0.0064479
     25.0400000 ,      -0.0020114 ,      -0.0072851
     25.0500000 ,      -0.0029360 ,      -0.0079021
     25.0600000 ,      -0.0037374 ,      -0.0083583
     25.0700000 ,      -0.0044570 ,      -0.0087175
     25.0800000 ,      -0.0051333 ,      -0.0090316
     25.0900000 ,      -0.0057858 ,      -0.0093259
     25.1000000 ,      -0.0064046 ,      -0.0095919
     25.1100000 ,      -0.0069492 ,      -0.0097881
     25.1200000 ,      -0.0073570 ,      -0.0098483
     25.1300000 ,      -0.0075585 ,      -0.0096979
     25.1400000 ,      -0.0074963 ,      -0.0092732
     25.1500000 ,      -0.0071411 ,      -0.0085399
     25.1600000 ,      -0.0065021 ,      -0.0075072
     25.1700000 ,      -0.0056274 ,      -0.0062322
     25.1800000 ,      -0.0045948 ,      -0.0048151
     25.1900000 ,      -0.0034945 ,      -0.0033827
     25.2000000 ,      -0.0024092 ,      -0.0020658
     25.2100000 ,      -0.0013956 ,      -0.0009727
     25.2200000 ,      -0.0004730 ,      -0.0001663
     25.2300000 ,       0.0003785 ,       0.0003512
     25.2400000 ,       0.0012092 ,       0.0006409
     25.2500000 ,       0.0020823 ,       0.0008171
     25.2600000 ,       0.0030528 ,       0.0010242
     25.2700000 ,       0.0041479 ,       0.0014070
     25.2800000 ,       0.0053546 ,       0.0020782
     25.2900000 ,       0.0066166 ,       0.0030923
     25.3000000 ,       0.0078435 ,       0.0044297
     25.3100000 ,       0.0089296 ,       0.0059971
     25.3200000 ,       0.0097769 ,       0.0076422
     25.3300000 ,       0.0103179 ,       0.0091824
     25.3400000 ,       0.0105330 ,       0.0104405
     25.3500000 ,       0.0104559 ,       0.0112802
     25.3600000 ,       0.0101684 ,       0.0116347
     25.3700000 ,       0.0097837 ,       0.0115209
     25.3800000 ,       0.0094228 ,       0.0110376
     25.3900000 ,       0.0091901 ,       0.0103466
     25.4000000 ,       0.0091527 ,       0.0096416
     25.4100000 ,       0.0093298 ,       0.0091107
     25.4200000 ,       0.0096920 ,       0.0089003
     25.4300000 ,       0.0101729 ,       0.0090885
     25.4400000 ,       0.0106871 ,       0.0096722
     25.4500000 ,       0.0111519 ,       0.0105711
     25.4600000 ,       0.0115056 ,       0.0116468
     25.4700000 ,       0.0117192 ,       0.0127326
     25.4800000 ,       0.0117988 ,       0.0136672
     25.4900000 ,       0.0117776 ,       0.0143251
     25.5000000 ,       0.0117025 ,       0.0146377
     25.5100000 ,       0.0116172 ,       0.0146009
     25.5200000 ,       0.0115483 ,       0.0142690
     25.5300000 ,       0.0114971 ,       0.0137363
     25.5400000 ,       0.0114406 ,       0.0131133
     25.5500000 ,       0.0113400 ,       0.0125012
     25.5600000 ,       0.0111559 ,       0.0119729
     25.5700000 ,       0.0108636 ,       0.0115632
     25.5800000 ,       0.0104659 ,       0.0112700
     25.5900000 ,       0.0099990 ,       0.0110662
     25.6000000 ,       0.0095287 ,       0.0109167
     25.6100000 ,       0.0091384 ,       0.0107967
     25.6200000 ,       0.0089108 ,       0.0107054
     25.6300000 ,       0.0089088 ,       0.0106710
     25.6400000 ,       0.0091587 ,       0.0107450
     25.6500000 ,       0.0096423 ,       0.0109875
     25.6600000 ,       0.0102978 ,       0.0114473
     25.6700000 ,       0.0110306 ,       0.0121411
     25.6800000 ,       0.0117323 ,       0.0130388
     25.6900000 ,       0.0123014 ,       0.0140590
     25.7000000 ,       0.0126629 ,       0.0150766
     25.7100000 ,       0.0127816 ,       0.0159435
     25.7200000 ,       0.0126663 ,       0.0165159
     25.7300000 ,       0.0123646 ,       0.0166858
     25.7400000 ,       0.0119502 ,       0.0164071
     25.7500000 ,       0.0115058 ,       0.0157113
     25.7600000 ,       0.0111070 ,       0.0147089
     25.7700000 ,       0.0108093 ,       0.0135737
     25.7800000 ,       0.0106430 ,       0.0125151
     25.7900000 ,       0.0106141 ,       0.0117404
     25.8000000 ,       0.0107119 ,       0.0114170
     25.8100000 ,       0.0109188 ,       0.0116409
     25.8200000 ,       0.0112193 ,       0.0124184
     25.8300000 ,       0.0116058 ,       0.0136638
     25.8400000 ,       0.0120777 ,       0.0152155
     25.8500000 ,       0.0126362 ,       0.0168647
     25.8600000 ,       0.0132751 ,       0.0183927
     25.8700000 ,       0.0139712 ,       0.0196085
     25.8800000 ,       0.0146786 ,       0.0203795
     25.8900000 ,       0.0153283 ,       0.0206483
     25.9000000 ,       0.0158352 ,       0.0204353
     25.9100000 ,       0.0161111 ,       0.0198241
     25.9200000 ,       0.0160812 ,       0.0189375
     25.9300000 ,       0.0157000 ,       0.0179060
     25.9400000 ,       0.0149622 ,       0.0168395
     25.9500000 ,       0.0139062 ,       0.0158059
     25.9600000 ,       0.0126081 ,       0.0148223
     25.9700000 ,       0.0111670 ,       0.0138601
     25.9800000 ,       0.0096862 ,       0.0128608
     25.9900000 ,       0.0082529 ,       0.0117602
     26.0000000 ,       0.0069222 ,       0.0105123
     26.0100000 ,       0.0057093 ,       0.0091088
     26.0200000 ,       0.0045911 ,       0.0075873
     26.0300000 ,       0.0035172 ,       0.0060281
     26.0400000 ,       0.0024271 ,       0.0045375
     26.0500000 ,       0.0012690 ,       0.0032236
     26.0600000 ,       0.0000159 ,       0.0021694
     26.0700000 ,      -0.0013257 ,       0.0014096
     26.0800000 ,      -0.0027164 ,       0.0009170
     26.0900000 ,      -0.0040934 ,       0.0006036
     26.1000000 ,      -0.0053864 ,       0.0003349
     26.1100000 ,      -0.0065348 ,      -0.0000431
     26.1200000 ,      -0.0075033 ,      -0.0006706
     26.1300000 ,      -0.0082889 ,      -0.0016411
     26.1400000 ,      -0.0089201 ,      -0.0029763
     26.1500000 ,      -0.0094461 ,      -0.0046147
     26.1600000 ,      -0.0099210 ,      -0.0064164
     26.1700000 ,      -0.0103856 ,      -0.0081849
     26.1800000 ,      -0.0108530 ,      -0.0097010
     26.1900000 ,      -0.0113022 ,      -0.0107632
     26.2000000 ,      -0.0116809 ,      -0.0112259
     26.2100000 ,      -0.0119187 ,      -0.0110280
     26.2200000 ,      -0.0119463 ,      -0.0102067
     26.2300000 ,      -0.0117162 ,      -0.0088927
     26.2400000 ,      -0.0112202 ,      -0.0072879
     26.2500000 ,      -0.0104974 ,      -0.0056305
     26.2600000 ,      -0.0096308 ,      -0.0041540
     26.2700000 ,      -0.0087333 ,      -0.0030472
     26.2800000 ,      -0.0079248 ,      -0.0024240
     26.2900000 ,      -0.0073059 ,      -0.0023081
     26.3000000 ,      -0.0069356 ,      -0.0026338
     26.3100000 ,      -0.0068167 ,      -0.0032633
     26.3200000 ,      -0.0068945 ,      -0.0040163
     26.3300000 ,      -0.0070679 ,      -0.0047037
     26.3400000 ,      -0.0072112 ,      -0.0051613
     26.3500000 ,      -0.0072019 ,      -0.0052753
     26.3600000 ,      -0.0069475 ,      -0.0049956
     26.3700000 ,      -0.0064057 ,      -0.0043364
     26.3800000 ,      -0.0055931 ,      -0.0033650
     26.3900000 ,      -0.0045806 ,      -0.0021822
     26.4000000 ,      -0.0034772 ,      -0.0009000
     26.4100000 ,      -0.0024060 ,       0.0003781
     26.4200000 ,      -0.0014781 ,       0.0015712
     26.4300000 ,      -0.0007708 ,       0.0026262
     26.4400000 ,      -0.0003151 ,       0.0035151
     26.4500000 ,      -0.0000936 ,       0.0042268
     26.4600000 ,      -0.0000508 ,       0.0047569
     26.4700000 ,      -0.0001101 ,       0.0050987
     26.4800000 ,      -0.0001943 ,       0.0052400
     26.4900000 ,      -0.0002433 ,       0.0051656
     26.5000000 ,      -0.0002261 ,       0.0048654
     26.5100000 ,      -0.0001422 ,       0.0043456
     26.5200000 ,      -0.0000150 ,       0.0036391
     26.5300000 ,       0.0001210 ,       0.0028116
     26.5400000 ,       0.0002355 ,       0.0019598
     26.5500000 ,       0.0003152 ,       0.0012016
     26.5600000 ,       0.0003689 ,       0.0006577
     26.5700000 ,       0.0004264 ,       0.0004299
     26.5800000 ,       0.0005281 ,       0.0005791
     26.5900000 ,       0.0007104 ,       0.0011095
     26.6000000 ,       0.0009913 ,       0.0019617
     26.6100000 ,       0.0013592 ,       0.0030187
     26.6200000 ,       0.0017705 ,       0.0041235
     26.6300000 ,       0.0021553 ,       0.0051059
     26.6400000 ,       0.0024326 ,       0.0058127
     26.6500000 ,       0.0025294 ,       0.0061367
     26.6600000 ,       0.0024004 ,       0.0060367
     26.6700000 ,       0.0020422 ,       0.0055456
     26.6800000 ,       0.0014984 ,       0.0047642
     26.6900000 ,       0.0008543 ,       0.0038415
     26.7000000 ,       0.0002206 ,       0.0029466
     26.7100000 ,      -0.0002889 ,       0.0022365
     26.7200000 ,      -0.0005815 ,       0.0018276
     26.7300000 ,      -0.0006050 ,       0.0017754
     26.7400000 ,      -0.0003590 ,       0.0020676
     26.7500000 ,       0.0001059 ,       0.0026294
     26.7600000 ,       0.0007001 ,       0.0033417
     26.7700000 ,       0.0013149 ,       0.0040656
     26.7800000 ,       0.0018468 ,       0.0046695
     26.7900000 ,       0.0022184 ,       0.0050516
     26.8000000 ,       0.0023924 ,       0.0051546
     26.8100000 ,       0.0023758 ,       0.0049690
     26.8200000 ,       0.0022117 ,       0.0045276
     26.8300000 ,       0.0019635 ,       0.0038903
     26.8400000 ,       0.0016941 ,       0.0031270
     26.8500000 ,       0.0014461 ,       0.0023010
     26.8600000 ,       0.0012279 ,       0.0014575
     26.8700000 ,       0.0010093 ,       0.0006194
     26.8800000 ,       0.0007270 ,      -0.0002082
     26.8900000 ,       0.0002994 ,      -0.0010289
     26.9000000 ,      -0.0003548 ,      -0.0018425
     26.9100000 ,      -0.0012966 ,      -0.0026342
     26.9200000 ,      -0.0025527 ,      -0.0033693
     26.9300000 ,      -0.0041082 ,      -0.0039940
     26.9400000 ,      -0.0059096 ,      -0.0044444
     26.9500000 ,      -0.0078753 ,      -0.0046598
     26.9600000 ,      -0.0099112 ,      -0.0045983
     26.9700000 ,      -0.0119269 ,      -0.0042506
     26.9800000 ,      -0.0138488 ,      -0.0036468
