Time       moves_acc moves_gen     F(Q)_1  Curvature  Curvature  Curvature  Curvature  Curvature  Curvature   X_ray_(R)1
h/m/s/.th    WEIGHT PARAMETERS   0.100E+01  0.100E+01  0.100E+01  0.100E+01  0.100E+01  0.100E+01  0.100E+01  0.100E+01
124554.711        1634        1636  0.161E+00  0.000E+00  0.000E+00  0.509E-01  0.000E+00  0.000E+00  0.000E+00  0.110E+01
125554.706        3369        3372  0.159E+00  0.000E+00  0.000E+00  0.870E+00  0.000E+00  0.000E+00  0.000E+00  0.108E+01
130554.863        5099        5103  0.157E+00  0.000E+00  0.000E+00  0.590E+00  0.000E+00  0.000E+00  0.000E+00  0.106E+01
131554.655        6832        6837  0.155E+00  0.000E+00  0.000E+00  0.259E+01  0.000E+00  0.000E+00  0.000E+00  0.105E+01
132554.603        8563        8569  0.153E+00  0.000E+00  0.000E+00  0.293E+01  0.000E+00  0.000E+00  0.000E+00  0.103E+01
133554.544       10299       10306  0.151E+00  0.000E+00  0.000E+00  0.249E+01  0.000E+00  0.000E+00  0.000E+00  0.101E+01
134554.692       12037       12045  0.149E+00  0.000E+00  0.000E+00  0.864E+01  0.000E+00  0.000E+00  0.000E+00  0.995E+00
135554.835       13761       13773  0.148E+00  0.000E+00  0.000E+00  0.136E+01  0.000E+00  0.000E+00  0.000E+00  0.980E+00
140554.793       15489       15503  0.146E+00  0.000E+00  0.000E+00  0.559E+01  0.000E+00  0.000E+00  0.000E+00  0.964E+00
141554.564       17219       17234  0.144E+00  0.000E+00  0.000E+00  0.201E+01  0.000E+00  0.000E+00  0.000E+00  0.949E+00
142554.776       18909       18969  0.142E+00  0.000E+00  0.000E+00  0.213E+01  0.000E+00  0.000E+00  0.000E+00  0.934E+00
143554.672       20594       20708  0.141E+00  0.000E+00  0.000E+00  0.273E+01  0.000E+00  0.000E+00  0.000E+00  0.919E+00
144554.766       22301       22444  0.139E+00  0.000E+00  0.000E+00  0.992E+00  0.000E+00  0.000E+00  0.000E+00  0.905E+00
145554.724       23955       24180  0.138E+00  0.000E+00  0.000E+00  0.102E+01  0.000E+00  0.000E+00  0.000E+00  0.891E+00
150554.544       25544       25915  0.136E+00  0.000E+00  0.000E+00  0.992E+00  0.000E+00  0.000E+00  0.000E+00  0.876E+00
151554.826       27117       27650  0.134E+00  0.000E+00  0.000E+00  0.992E+00  0.000E+00  0.000E+00  0.000E+00  0.861E+00
152554.621       28698       29386  0.133E+00  0.000E+00  0.000E+00  0.992E+00  0.000E+00  0.000E+00  0.000E+00  0.846E+00
153554.817       30251       31117  0.131E+00  0.000E+00  0.000E+00  0.998E+00  0.000E+00  0.000E+00  0.000E+00  0.832E+00
154554.711       31742       32857  0.129E+00  0.000E+00  0.000E+00  0.680E+00  0.000E+00  0.000E+00  0.000E+00  0.819E+00
155554.762       33216       34594  0.128E+00  0.000E+00  0.000E+00  0.686E+00  0.000E+00  0.000E+00  0.000E+00  0.805E+00
160554.701       34737       36337  0.126E+00  0.000E+00  0.000E+00  0.698E+00  0.000E+00  0.000E+00  0.000E+00  0.790E+00
161554.791       36210       38081  0.124E+00  0.000E+00  0.000E+00  0.660E+00  0.000E+00  0.000E+00  0.000E+00  0.776E+00
162554.623       37609       39816  0.123E+00  0.000E+00  0.000E+00  0.660E+00  0.000E+00  0.000E+00  0.000E+00  0.763E+00
163554.605       39007       41551  0.121E+00  0.000E+00  0.000E+00  0.665E+00  0.000E+00  0.000E+00  0.000E+00  0.749E+00
164554.589       40429       43285  0.120E+00  0.000E+00  0.000E+00  0.669E+00  0.000E+00  0.000E+00  0.000E+00  0.735E+00
165554.611       41852       45027  0.118E+00  0.000E+00  0.000E+00  0.662E+00  0.000E+00  0.000E+00  0.000E+00  0.722E+00
170554.660       43282       46764  0.117E+00  0.000E+00  0.000E+00  0.662E+00  0.000E+00  0.000E+00  0.000E+00  0.710E+00
171554.693       44686       48499  0.115E+00  0.000E+00  0.000E+00  0.675E+00  0.000E+00  0.000E+00  0.000E+00  0.697E+00
172554.850       46049       50232  0.114E+00  0.000E+00  0.000E+00  0.675E+00  0.000E+00  0.000E+00  0.000E+00  0.684E+00
173554.591       47415       51966  0.112E+00  0.000E+00  0.000E+00  0.666E+00  0.000E+00  0.000E+00  0.000E+00  0.672E+00
174554.695       48778       53703  0.111E+00  0.000E+00  0.000E+00  0.669E+00  0.000E+00  0.000E+00  0.000E+00  0.659E+00
175554.634       50165       55438  0.110E+00  0.000E+00  0.000E+00  0.676E+00  0.000E+00  0.226E-06  0.000E+00  0.646E+00
180554.709       51524       57170  0.108E+00  0.000E+00  0.000E+00  0.672E+00  0.000E+00  0.904E-06  0.000E+00  0.634E+00
181554.607       52872       58906  0.107E+00  0.000E+00  0.000E+00  0.668E+00  0.000E+00  0.904E-06  0.000E+00  0.622E+00
182554.772       54228       60650  0.105E+00  0.000E+00  0.000E+00  0.672E+00  0.000E+00  0.361E-05  0.000E+00  0.610E+00
183554.655       55566       62384  0.104E+00  0.000E+00  0.000E+00  0.674E+00  0.000E+00  0.211E-04  0.000E+00  0.599E+00
184554.628       56894       64120  0.103E+00  0.000E+00  0.000E+00  0.670E+00  0.000E+00  0.211E-04  0.000E+00  0.587E+00
185554.806       58214       65856  0.101E+00  0.000E+00  0.000E+00  0.697E+00  0.000E+00  0.113E-03  0.000E+00  0.576E+00
190554.824       59483       67588  0.999E-01  0.000E+00  0.000E+00  0.676E+00  0.000E+00  0.170E-04  0.000E+00  0.565E+00
191554.533       60754       69320  0.986E-01  0.000E+00  0.000E+00  0.660E+00  0.000E+00  0.113E-03  0.000E+00  0.554E+00
192554.671       62027       71054  0.971E-01  0.000E+00  0.000E+00  0.661E+00  0.000E+00  0.113E-03  0.000E+00  0.542E+00
193554.649       63294       72787  0.958E-01  0.000E+00  0.000E+00  0.679E+00  0.000E+00  0.349E-01  0.000E+00  0.531E+00
194554.680       64546       74519  0.946E-01  0.000E+00  0.000E+00  0.688E+00  0.000E+00  0.350E-01  0.000E+00  0.521E+00
195554.695       65842       76254  0.933E-01  0.000E+00  0.000E+00  0.669E+00  0.000E+00  0.333E-01  0.000E+00  0.511E+00
200554.817       67138       77992  0.922E-01  0.000E+00  0.000E+00  0.680E+00  0.000E+00  0.524E-01  0.000E+00  0.501E+00
201554.781       68413       79725  0.909E-01  0.000E+00  0.000E+00  0.685E+00  0.000E+00  0.728E-02  0.000E+00  0.491E+00
202554.629       69658       81459  0.896E-01  0.000E+00  0.000E+00  0.679E+00  0.000E+00  0.728E-02  0.000E+00  0.481E+00
203554.589       70901       83192  0.884E-01  0.000E+00  0.000E+00  0.679E+00  0.000E+00  0.728E-02  0.000E+00  0.471E+00
204554.822       72119       84927  0.872E-01  0.000E+00  0.000E+00  0.682E+00  0.000E+00  0.732E-02  0.000E+00  0.461E+00
205554.834       73402       86659  0.859E-01  0.000E+00  0.000E+00  0.697E+00  0.000E+00  0.727E-02  0.000E+00  0.451E+00
210554.829       74615       88392  0.849E-01  0.000E+00  0.000E+00  0.685E+00  0.000E+00  0.721E-02  0.000E+00  0.443E+00
211554.882       75824       90130  0.837E-01  0.000E+00  0.000E+00  0.693E+00  0.000E+00  0.714E-02  0.000E+00  0.434E+00
212554.567       77020       91870  0.826E-01  0.000E+00  0.000E+00  0.688E+00  0.000E+00  0.714E-02  0.000E+00  0.425E+00
213554.801       78255       93610  0.814E-01  0.000E+00  0.000E+00  0.703E+00  0.000E+00  0.309E-02  0.000E+00  0.416E+00
214554.885       79456       95348  0.803E-01  0.000E+00  0.000E+00  0.695E+00  0.000E+00  0.316E-02  0.000E+00  0.407E+00
215554.694       80641       97078  0.792E-01  0.000E+00  0.000E+00  0.693E+00  0.000E+00  0.315E-02  0.000E+00  0.398E+00
220554.846       81820       98811  0.781E-01  0.000E+00  0.000E+00  0.697E+00  0.000E+00  0.227E-01  0.000E+00  0.390E+00
221554.581       82987      100545  0.770E-01  0.000E+00  0.000E+00  0.689E+00  0.000E+00  0.226E-01  0.000E+00  0.381E+00
222554.822       84151      102282  0.759E-01  0.000E+00  0.000E+00  0.704E+00  0.000E+00  0.225E-01  0.000E+00  0.372E+00
223554.745       85287      104017  0.748E-01  0.000E+00  0.000E+00  0.690E+00  0.000E+00  0.909E-02  0.000E+00  0.364E+00
224554.656       86446      105759  0.737E-01  0.000E+00  0.000E+00  0.693E+00  0.000E+00  0.897E-02  0.000E+00  0.356E+00
225554.651       87578      107494  0.728E-01  0.000E+00  0.000E+00  0.690E+00  0.000E+00  0.483E-02  0.000E+00  0.349E+00
230554.675       88748      109228  0.717E-01  0.000E+00  0.000E+00  0.695E+00  0.000E+00  0.483E-02  0.000E+00  0.341E+00
231554.758       89880      110967  0.708E-01  0.000E+00  0.000E+00  0.694E+00  0.000E+00  0.481E-02  0.000E+00  0.333E+00
232554.736       91037      112705  0.698E-01  0.000E+00  0.000E+00  0.696E+00  0.000E+00  0.498E-02  0.000E+00  0.326E+00
233554.607       92171      114441  0.688E-01  0.000E+00  0.000E+00  0.695E+00  0.000E+00  0.495E-02  0.000E+00  0.319E+00
234554.710       93347      116178  0.679E-01  0.000E+00  0.000E+00  0.694E+00  0.000E+00  0.720E-02  0.000E+00  0.311E+00
235554.735       94493      117914  0.669E-01  0.000E+00  0.000E+00  0.711E+00  0.000E+00  0.612E-02  0.000E+00  0.304E+00
000554.874       95627      119653  0.659E-01  0.000E+00  0.000E+00  0.698E+00  0.000E+00  0.531E-02  0.000E+00  0.297E+00
001554.691       96757      121386  0.650E-01  0.000E+00  0.000E+00  0.698E+00  0.000E+00  0.503E-02  0.000E+00  0.290E+00
002554.759       97885      123123  0.641E-01  0.000E+00  0.000E+00  0.699E+00  0.000E+00  0.481E-02  0.000E+00  0.284E+00
003554.836       98975      124856  0.632E-01  0.000E+00  0.000E+00  0.701E+00  0.000E+00  0.463E-02  0.000E+00  0.277E+00
004554.675      100155      126588  0.622E-01  0.000E+00  0.000E+00  0.761E+00  0.000E+00  0.546E-02  0.000E+00  0.270E+00
005554.584      101274      128324  0.612E-01  0.000E+00  0.000E+00  0.743E+00  0.000E+00  0.489E-02  0.000E+00  0.263E+00
010554.719      102361      130061  0.603E-01  0.000E+00  0.000E+00  0.743E+00  0.000E+00  0.458E-02  0.000E+00  0.257E+00
011554.808      103487      131797  0.594E-01  0.000E+00  0.000E+00  0.743E+00  0.000E+00  0.472E-02  0.000E+00  0.251E+00
012554.838      104558      133532  0.585E-01  0.000E+00  0.000E+00  0.744E+00  0.000E+00  0.458E-02  0.000E+00  0.244E+00
013554.611      105684      135268  0.575E-01  0.000E+00  0.000E+00  0.739E+00  0.000E+00  0.540E-02  0.000E+00  0.238E+00
014554.833      106772      137005  0.566E-01  0.000E+00  0.000E+00  0.737E+00  0.000E+00  0.594E-02  0.000E+00  0.232E+00
015554.593      107886      138739  0.557E-01  0.000E+00  0.000E+00  0.739E+00  0.000E+00  0.467E-02  0.000E+00  0.225E+00
020554.562      108983      140477  0.549E-01  0.000E+00  0.000E+00  0.736E+00  0.000E+00  0.465E-02  0.000E+00  0.220E+00
021554.699      110095      142213  0.541E-01  0.000E+00  0.000E+00  0.740E+00  0.000E+00  0.476E-02  0.000E+00  0.214E+00
022554.609      111192      143952  0.532E-01  0.000E+00  0.000E+00  0.752E+00  0.000E+00  0.470E-02  0.000E+00  0.208E+00
023554.569      112284      145692  0.524E-01  0.000E+00  0.000E+00  0.734E+00  0.000E+00  0.491E-02  0.000E+00  0.203E+00
024554.840      113315      147431  0.516E-01  0.000E+00  0.000E+00  0.738E+00  0.000E+00  0.510E-02  0.000E+00  0.198E+00
025554.549      114403      149165  0.509E-01  0.000E+00  0.000E+00  0.735E+00  0.000E+00  0.535E-02  0.000E+00  0.193E+00
030554.556      115426      150899  0.501E-01  0.000E+00  0.000E+00  0.757E+00  0.000E+00  0.512E-02  0.000E+00  0.188E+00
031554.655      116473      152631  0.494E-01  0.000E+00  0.000E+00  0.735E+00  0.000E+00  0.455E-02  0.000E+00  0.183E+00
032554.653      117530      154367  0.486E-01  0.000E+00  0.000E+00  0.736E+00  0.000E+00  0.475E-02  0.000E+00  0.178E+00
033554.650      118563      156103  0.479E-01  0.000E+00  0.000E+00  0.747E+00  0.000E+00  0.589E-02  0.000E+00  0.173E+00
034554.619      119636      157840  0.472E-01  0.000E+00  0.000E+00  0.733E+00  0.000E+00  0.459E-02  0.000E+00  0.169E+00
035554.812      120710      159582  0.464E-01  0.000E+00  0.000E+00  0.736E+00  0.000E+00  0.443E-02  0.000E+00  0.164E+00
040554.881      121758      161316  0.458E-01  0.000E+00  0.000E+00  0.733E+00  0.000E+00  0.451E-02  0.000E+00  0.160E+00
041554.859      122813      163056  0.450E-01  0.000E+00  0.000E+00  0.769E+00  0.000E+00  0.459E-02  0.000E+00  0.156E+00
042554.644      123822      164796  0.443E-01  0.000E+00  0.000E+00  0.734E+00  0.000E+00  0.501E-02  0.000E+00  0.151E+00
043554.734      124898      166538  0.436E-01  0.000E+00  0.000E+00  0.748E+00  0.000E+00  0.497E-02  0.000E+00  0.147E+00
044554.863      125949      168280  0.429E-01  0.000E+00  0.000E+00  0.758E+00  0.000E+00  0.443E-02  0.000E+00  0.143E+00
045554.839      126999      170021  0.423E-01  0.000E+00  0.000E+00  0.765E+00  0.000E+00  0.610E-02  0.000E+00  0.139E+00
050554.685      128019      171759  0.416E-01  0.000E+00  0.000E+00  0.742E+00  0.000E+00  0.496E-02  0.000E+00  0.135E+00
051554.861      129033      173497  0.411E-01  0.000E+00  0.000E+00  0.736E+00  0.000E+00  0.479E-02  0.000E+00  0.131E+00
052554.857      130090      175228  0.403E-01  0.000E+00  0.000E+00  0.745E+00  0.000E+00  0.465E-02  0.000E+00  0.127E+00
053554.575      131108      176962  0.398E-01  0.000E+00  0.000E+00  0.745E+00  0.000E+00  0.442E-02  0.000E+00  0.124E+00
054554.776      132116      178703  0.391E-01  0.000E+00  0.000E+00  0.737E+00  0.000E+00  0.498E-02  0.000E+00  0.120E+00
055554.575      133124      180441  0.385E-01  0.000E+00  0.000E+00  0.740E+00  0.000E+00  0.185E-01  0.000E+00  0.117E+00
060554.682      134134      182184  0.379E-01  0.000E+00  0.000E+00  0.743E+00  0.000E+00  0.491E-01  0.000E+00  0.113E+00
061554.865      135142      183924  0.373E-01  0.000E+00  0.000E+00  0.739E+00  0.000E+00  0.201E-01  0.000E+00  0.110E+00
062554.690      136147      185657  0.367E-01  0.000E+00  0.000E+00  0.739E+00  0.000E+00  0.226E-01  0.000E+00  0.107E+00
063554.598      137202      187391  0.361E-01  0.000E+00  0.000E+00  0.741E+00  0.000E+00  0.182E-01  0.000E+00  0.103E+00
064554.863      138206      189133  0.356E-01  0.000E+00  0.000E+00  0.755E+00  0.000E+00  0.180E-01  0.000E+00  0.100E+00
065554.616      139207      190873  0.350E-01  0.000E+00  0.000E+00  0.778E+00  0.000E+00  0.208E-01  0.000E+00  0.973E-01
070554.599      140195      192619  0.344E-01  0.000E+00  0.000E+00  0.774E+00  0.000E+00  0.176E-01  0.000E+00  0.941E-01
071554.567      141227      194361  0.339E-01  0.000E+00  0.000E+00  0.744E+00  0.000E+00  0.143E-01  0.000E+00  0.913E-01
072554.842      142191      196107  0.334E-01  0.000E+00  0.000E+00  0.744E+00  0.000E+00  0.133E-01  0.000E+00  0.886E-01
073554.858      143179      197847  0.329E-01  0.000E+00  0.000E+00  0.744E+00  0.000E+00  0.154E-01  0.000E+00  0.860E-01
074554.781      144165      199593  0.324E-01  0.000E+00  0.000E+00  0.744E+00  0.000E+00  0.133E-01  0.000E+00  0.834E-01
075554.818      145167      201330  0.319E-01  0.000E+00  0.000E+00  0.770E+00  0.000E+00  0.214E-01  0.000E+00  0.807E-01
080554.830      146140      203058  0.314E-01  0.000E+00  0.000E+00  0.763E+00  0.000E+00  0.141E-01  0.000E+00  0.782E-01
081554.812      147083      204764  0.309E-01  0.000E+00  0.000E+00  0.753E+00  0.000E+00  0.238E-01  0.000E+00  0.760E-01
082554.770      148028      206469  0.305E-01  0.000E+00  0.000E+00  0.752E+00  0.000E+00  0.220E-01  0.000E+00  0.736E-01
083554.848      148996      208181  0.300E-01  0.000E+00  0.000E+00  0.759E+00  0.000E+00  0.204E-01  0.000E+00  0.714E-01
084554.798      149953      209913  0.296E-01  0.000E+00  0.000E+00  0.758E+00  0.000E+00  0.145E-01  0.000E+00  0.692E-01
085554.732      150940      211647  0.290E-01  0.000E+00  0.000E+00  0.758E+00  0.000E+00  0.214E-01  0.000E+00  0.668E-01
090554.771      151890      213384  0.286E-01  0.000E+00  0.000E+00  0.759E+00  0.000E+00  0.254E-01  0.000E+00  0.647E-01
091554.900      152836      215119  0.281E-01  0.000E+00  0.000E+00  0.754E+00  0.000E+00  0.246E-01  0.000E+00  0.626E-01
092554.591      153777      216859  0.277E-01  0.000E+00  0.000E+00  0.788E+00  0.000E+00  0.248E-01  0.000E+00  0.605E-01
093554.712      154730      218602  0.273E-01  0.000E+00  0.000E+00  0.787E+00  0.000E+00  0.271E-01  0.000E+00  0.585E-01
094554.877      155652      220348  0.269E-01  0.000E+00  0.000E+00  0.795E+00  0.000E+00  0.290E-01  0.000E+00  0.566E-01
095554.718      156579      222090  0.265E-01  0.000E+00  0.000E+00  0.797E+00  0.000E+00  0.263E-01  0.000E+00  0.548E-01
100554.557      157494      223826  0.261E-01  0.000E+00  0.000E+00  0.788E+00  0.000E+00  0.252E-01  0.000E+00  0.531E-01
101554.852      158398      225566  0.257E-01  0.000E+00  0.000E+00  0.779E+00  0.000E+00  0.258E-01  0.000E+00  0.516E-01
102554.531      159381      227305  0.253E-01  0.000E+00  0.000E+00  0.777E+00  0.000E+00  0.261E-01  0.000E+00  0.498E-01
103554.810      160312      229045  0.249E-01  0.000E+00  0.000E+00  0.790E+00  0.000E+00  0.253E-01  0.000E+00  0.480E-01
104554.705      161266      230786  0.245E-01  0.000E+00  0.000E+00  0.780E+00  0.000E+00  0.272E-01  0.000E+00  0.464E-01
105554.683      162205      232533  0.241E-01  0.000E+00  0.000E+00  0.779E+00  0.000E+00  0.332E-01  0.000E+00  0.447E-01
110554.763      163180      234272  0.237E-01  0.000E+00  0.000E+00  0.782E+00  0.000E+00  0.379E-01  0.000E+00  0.431E-01
111554.804      164101      236012  0.234E-01  0.000E+00  0.000E+00  0.778E+00  0.000E+00  0.354E-01  0.000E+00  0.417E-01
112554.630      164996      237748  0.230E-01  0.000E+00  0.000E+00  0.781E+00  0.000E+00  0.333E-01  0.000E+00  0.403E-01
113554.807      165920      239486  0.226E-01  0.000E+00  0.000E+00  0.814E+00  0.000E+00  0.321E-01  0.000E+00  0.389E-01
114554.653      166833      241231  0.223E-01  0.000E+00  0.000E+00  0.780E+00  0.000E+00  0.327E-01  0.000E+00  0.375E-01
115554.715      167724      242972  0.220E-01  0.000E+00  0.000E+00  0.776E+00  0.000E+00  0.319E-01  0.000E+00  0.363E-01
120554.772      168655      244715  0.216E-01  0.000E+00  0.000E+00  0.780E+00  0.000E+00  0.385E-01  0.000E+00  0.350E-01
121554.583      169573      246451  0.213E-01  0.000E+00  0.000E+00  0.784E+00  0.000E+00  0.318E-01  0.000E+00  0.338E-01
122554.910      170500      248188  0.210E-01  0.000E+00  0.000E+00  0.778E+00  0.000E+00  0.348E-01  0.000E+00  0.327E-01
123554.791      171418      249929  0.207E-01  0.000E+00  0.000E+00  0.779E+00  0.000E+00  0.367E-01  0.000E+00  0.316E-01
124554.728      172344      251667  0.204E-01  0.000E+00  0.000E+00  0.782E+00  0.000E+00  0.405E-01  0.000E+00  0.305E-01
125554.622      173261      253403  0.200E-01  0.000E+00  0.000E+00  0.780E+00  0.000E+00  0.336E-01  0.000E+00  0.294E-01
130554.732      174167      255140  0.197E-01  0.000E+00  0.000E+00  0.782E+00  0.000E+00  0.423E-01  0.000E+00  0.283E-01
131554.898      175050      256879  0.194E-01  0.000E+00  0.000E+00  0.777E+00  0.000E+00  0.266E-01  0.000E+00  0.274E-01
132554.758      175917      258613  0.192E-01  0.000E+00  0.000E+00  0.778E+00  0.000E+00  0.324E-01  0.000E+00  0.266E-01
133554.837      176749      260349  0.189E-01  0.000E+00  0.000E+00  0.791E+00  0.000E+00  0.251E-01  0.000E+00  0.257E-01
134554.748      177645      262082  0.186E-01  0.000E+00  0.000E+00  0.781E+00  0.000E+00  0.255E-01  0.000E+00  0.249E-01
135554.638      178571      263811  0.184E-01  0.000E+00  0.000E+00  0.854E+00  0.000E+00  0.399E-01  0.000E+00  0.241E-01
140554.563      179484      265541  0.181E-01  0.000E+00  0.000E+00  0.864E+00  0.000E+00  0.321E-01  0.000E+00  0.233E-01
141554.565      180388      267277  0.178E-01  0.000E+00  0.000E+00  0.852E+00  0.000E+00  0.356E-01  0.000E+00  0.226E-01
142554.543      181259      269006  0.176E-01  0.000E+00  0.000E+00  0.862E+00  0.000E+00  0.401E-01  0.000E+00  0.219E-01
143554.701      182146      270736  0.173E-01  0.000E+00  0.000E+00  0.846E+00  0.000E+00  0.338E-01  0.000E+00  0.213E-01
144554.620      183034      272470  0.171E-01  0.000E+00  0.000E+00  0.844E+00  0.000E+00  0.402E-01  0.000E+00  0.206E-01
145554.781      183904      274205  0.169E-01  0.000E+00  0.000E+00  0.985E+00  0.000E+00  0.523E-01  0.000E+00  0.200E-01
150554.696      184757      275933  0.166E-01  0.000E+00  0.000E+00  0.577E+00  0.000E+00  0.381E-01  0.000E+00  0.194E-01
151554.620      185621      277666  0.164E-01  0.000E+00  0.000E+00  0.578E+00  0.000E+00  0.632E-01  0.000E+00  0.188E-01
152554.706      186506      279401  0.161E-01  0.000E+00  0.000E+00  0.572E+00  0.000E+00  0.481E-01  0.000E+00  0.183E-01
153554.836      187378      281142  0.159E-01  0.000E+00  0.000E+00  0.568E+00  0.000E+00  0.548E-01  0.000E+00  0.178E-01
154554.796      188265      282877  0.157E-01  0.000E+00  0.000E+00  0.569E+00  0.000E+00  0.655E-01  0.000E+00  0.173E-01
155554.721      189113      284616  0.155E-01  0.000E+00  0.000E+00  0.582E+00  0.000E+00  0.506E-01  0.000E+00  0.169E-01
160554.864      189997      286356  0.152E-01  0.000E+00  0.000E+00  0.565E+00  0.000E+00  0.596E-01  0.000E+00  0.164E-01
161554.886      190858      288095  0.151E-01  0.000E+00  0.000E+00  0.567E+00  0.000E+00  0.486E-01  0.000E+00  0.160E-01
162554.544      191703      289830  0.148E-01  0.000E+00  0.000E+00  0.575E+00  0.000E+00  0.684E-01  0.000E+00  0.157E-01
163554.579      192532      291563  0.146E-01  0.000E+00  0.000E+00  0.635E+00  0.000E+00  0.862E-01  0.000E+00  0.153E-01
164554.659      193378      293302  0.144E-01  0.000E+00  0.000E+00  0.499E+00  0.000E+00  0.664E-01  0.000E+00  0.150E-01
165554.705      194231      295047  0.142E-01  0.000E+00  0.000E+00  0.498E+00  0.000E+00  0.825E-01  0.000E+00  0.146E-01
170554.844      195070      296792  0.140E-01  0.000E+00  0.000E+00  0.517E+00  0.000E+00  0.686E-01  0.000E+00  0.144E-01
171554.731      195960      298538  0.138E-01  0.000E+00  0.000E+00  0.427E+00  0.000E+00  0.789E-01  0.000E+00  0.141E-01
172554.807      196794      300291  0.136E-01  0.000E+00  0.000E+00  0.437E+00  0.000E+00  0.781E-01  0.000E+00  0.139E-01
173554.635      197672      302034  0.135E-01  0.000E+00  0.000E+00  0.432E+00  0.000E+00  0.866E-01  0.000E+00  0.136E-01
174554.839      198495      303778  0.133E-01  0.000E+00  0.000E+00  0.422E+00  0.000E+00  0.793E-01  0.000E+00  0.134E-01
175554.753      199307      305518  0.131E-01  0.000E+00  0.000E+00  0.420E+00  0.000E+00  0.863E-01  0.000E+00  0.132E-01
180554.645      200113      307253  0.130E-01  0.000E+00  0.000E+00  0.417E+00  0.000E+00  0.987E-01  0.000E+00  0.131E-01
181554.749      200959      308981  0.128E-01  0.000E+00  0.000E+00  0.415E+00  0.000E+00  0.119E+00  0.000E+00  0.129E-01
182554.856      201762      310714  0.127E-01  0.000E+00  0.000E+00  0.415E+00  0.000E+00  0.102E+00  0.000E+00  0.128E-01
183554.833      202560      312454  0.125E-01  0.000E+00  0.000E+00  0.419E+00  0.000E+00  0.118E+00  0.000E+00  0.126E-01
184554.645      203398      314193  0.124E-01  0.000E+00  0.000E+00  0.424E+00  0.000E+00  0.145E+00  0.000E+00  0.125E-01
185554.576      204211      315928  0.123E-01  0.000E+00  0.000E+00  0.412E+00  0.000E+00  0.131E+00  0.000E+00  0.124E-01
190554.815      205014      317661  0.122E-01  0.000E+00  0.000E+00  0.422E+00  0.000E+00  0.174E+00  0.000E+00  0.122E-01
191554.813      205812      319394  0.120E-01  0.000E+00  0.000E+00  0.406E+00  0.000E+00  0.195E+00  0.000E+00  0.121E-01
192554.687      206648      321126  0.119E-01  0.000E+00  0.000E+00  0.435E+00  0.000E+00  0.216E+00  0.000E+00  0.120E-01
193554.760      207439      322862  0.118E-01  0.000E+00  0.000E+00  0.419E+00  0.000E+00  0.189E+00  0.000E+00  0.118E-01
194554.733      208209      324593  0.117E-01  0.000E+00  0.000E+00  0.403E+00  0.000E+00  0.182E+00  0.000E+00  0.117E-01
195554.877      209023      326326  0.116E-01  0.000E+00  0.000E+00  0.424E+00  0.000E+00  0.202E+00  0.000E+00  0.117E-01
200554.731      209791      328059  0.115E-01  0.000E+00  0.000E+00  0.410E+00  0.000E+00  0.221E+00  0.000E+00  0.116E-01
201554.703      210584      329797  0.114E-01  0.000E+00  0.000E+00  0.402E+00  0.000E+00  0.229E+00  0.000E+00  0.114E-01
202554.555      211408      331538  0.113E-01  0.000E+00  0.000E+00  0.400E+00  0.000E+00  0.220E+00  0.000E+00  0.114E-01
203554.631      212199      333275  0.112E-01  0.000E+00  0.000E+00  0.431E+00  0.000E+00  0.243E+00  0.000E+00  0.113E-01
204554.608      212955      335012  0.111E-01  0.000E+00  0.000E+00  0.408E+00  0.000E+00  0.225E+00  0.000E+00  0.112E-01
205554.779      213726      336757  0.111E-01  0.000E+00  0.000E+00  0.556E+00  0.000E+00  0.249E+00  0.000E+00  0.111E-01
210554.715      214550      338495  0.110E-01  0.000E+00  0.000E+00  0.643E+00  0.000E+00  0.211E+00  0.000E+00  0.110E-01
211554.653      215346      340229  0.109E-01  0.000E+00  0.000E+00  0.824E+00  0.000E+00  0.258E+00  0.000E+00  0.110E-01
212554.795      216141      341964  0.108E-01  0.000E+00  0.000E+00  0.437E+00  0.000E+00  0.281E+00  0.000E+00  0.109E-01
213554.627      216906      343703  0.107E-01  0.000E+00  0.000E+00  0.592E+00  0.000E+00  0.260E+00  0.000E+00  0.108E-01
214554.874      217702      345449  0.106E-01  0.000E+00  0.000E+00  0.495E+00  0.000E+00  0.293E+00  0.000E+00  0.107E-01
215554.692      218493      347195  0.106E-01  0.000E+00  0.000E+00  0.637E+00  0.000E+00  0.320E+00  0.000E+00  0.107E-01
220554.620      219294      348933  0.105E-01  0.000E+00  0.000E+00  0.499E+00  0.000E+00  0.349E+00  0.000E+00  0.106E-01
221554.739      220053      350673  0.104E-01  0.000E+00  0.000E+00  0.651E+00  0.000E+00  0.295E+00  0.000E+00  0.105E-01
222554.809      220834      352388  0.103E-01  0.000E+00  0.000E+00  0.898E+00  0.000E+00  0.413E+00  0.000E+00  0.105E-01
223554.851      221556      354119  0.103E-01  0.000E+00  0.000E+00  0.670E+00  0.000E+00  0.368E+00  0.000E+00  0.104E-01
224554.647      222345      355863  0.102E-01  0.000E+00  0.000E+00  0.545E+00  0.000E+00  0.367E+00  0.000E+00  0.104E-01
225554.735      223098      357596  0.102E-01  0.000E+00  0.000E+00  0.665E+00  0.000E+00  0.428E+00  0.000E+00  0.103E-01
230554.822      223862      359333  0.101E-01  0.000E+00  0.000E+00  0.851E+00  0.000E+00  0.316E+00  0.000E+00  0.103E-01
231554.707      224625      361069  0.100E-01  0.000E+00  0.000E+00  0.100E+01  0.000E+00  0.300E+00  0.000E+00  0.102E-01
232554.657      225365      362801  0.996E-02  0.000E+00  0.000E+00  0.125E+01  0.000E+00  0.334E+00  0.000E+00  0.102E-01
233554.578      226110      364543  0.989E-02  0.000E+00  0.000E+00  0.159E+01  0.000E+00  0.314E+00  0.000E+00  0.101E-01
234554.700      226891      366289  0.983E-02  0.000E+00  0.000E+00  0.131E+01  0.000E+00  0.294E+00  0.000E+00  0.101E-01
235554.799      227701      368031  0.976E-02  0.000E+00  0.000E+00  0.105E+01  0.000E+00  0.295E+00  0.000E+00  0.100E-01
000554.855      228471      369764  0.971E-02  0.000E+00  0.000E+00  0.764E+00  0.000E+00  0.356E+00  0.000E+00  0.100E-01
001554.866      229196      371507  0.964E-02  0.000E+00  0.000E+00  0.966E+00  0.000E+00  0.361E+00  0.000E+00  0.998E-02
002554.727      229949      373248  0.959E-02  0.000E+00  0.000E+00  0.115E+01  0.000E+00  0.357E+00  0.000E+00  0.993E-02
003554.774      230705      374983  0.953E-02  0.000E+00  0.000E+00  0.138E+01  0.000E+00  0.371E+00  0.000E+00  0.991E-02
004554.797      231501      376724  0.948E-02  0.000E+00  0.000E+00  0.142E+01  0.000E+00  0.300E+00  0.000E+00  0.986E-02
005554.836      232284      378466  0.942E-02  0.000E+00  0.000E+00  0.179E+01  0.000E+00  0.263E+00  0.000E+00  0.984E-02
010554.550      233031      380209  0.937E-02  0.000E+00  0.000E+00  0.201E+01  0.000E+00  0.306E+00  0.000E+00  0.981E-02
011554.605      233785      381947  0.931E-02  0.000E+00  0.000E+00  0.214E+01  0.000E+00  0.313E+00  0.000E+00  0.978E-02
012554.695      234508      383685  0.927E-02  0.000E+00  0.000E+00  0.182E+01  0.000E+00  0.367E+00  0.000E+00  0.974E-02
013554.759      235248      385424  0.921E-02  0.000E+00  0.000E+00  0.168E+01  0.000E+00  0.325E+00  0.000E+00  0.972E-02
014554.840      236023      387162  0.916E-02  0.000E+00  0.000E+00  0.183E+01  0.000E+00  0.348E+00  0.000E+00  0.969E-02
015554.874      236794      388896  0.911E-02  0.000E+00  0.000E+00  0.207E+01  0.000E+00  0.320E+00  0.000E+00  0.964E-02
020554.832      237571      390635  0.906E-02  0.000E+00  0.000E+00  0.228E+01  0.000E+00  0.323E+00  0.000E+00  0.960E-02
021554.713      238294      392368  0.902E-02  0.000E+00  0.000E+00  0.237E+01  0.000E+00  0.303E+00  0.000E+00  0.956E-02
022554.708      239031      394106  0.897E-02  0.000E+00  0.000E+00  0.249E+01  0.000E+00  0.319E+00  0.000E+00  0.953E-02
023554.718      239762      395846  0.892E-02  0.000E+00  0.000E+00  0.241E+01  0.000E+00  0.359E+00  0.000E+00  0.949E-02
024554.780      240568      397586  0.888E-02  0.000E+00  0.000E+00  0.277E+01  0.000E+00  0.369E+00  0.000E+00  0.946E-02
025554.623      241313      399324  0.883E-02  0.000E+00  0.000E+00  0.305E+01  0.000E+00  0.451E+00  0.000E+00  0.945E-02
030554.614      242062      401059  0.878E-02  0.000E+00  0.000E+00  0.326E+01  0.000E+00  0.425E+00  0.000E+00  0.942E-02
031554.663      242790      402792  0.874E-02  0.000E+00  0.000E+00  0.391E+01  0.000E+00  0.495E+00  0.000E+00  0.940E-02
032554.600      243517      404531  0.870E-02  0.000E+00  0.000E+00  0.360E+01  0.000E+00  0.468E+00  0.000E+00  0.935E-02
033554.723      244234      406269  0.866E-02  0.000E+00  0.000E+00  0.374E+01  0.000E+00  0.451E+00  0.000E+00  0.933E-02
034554.594      244975      408006  0.862E-02  0.000E+00  0.000E+00  0.392E+01  0.000E+00  0.502E+00  0.000E+00  0.929E-02
035554.633      245712      409740  0.858E-02  0.000E+00  0.000E+00  0.434E+01  0.000E+00  0.445E+00  0.000E+00  0.927E-02
040554.553      246465      411479  0.854E-02  0.000E+00  0.000E+00  0.463E+01  0.000E+00  0.457E+00  0.000E+00  0.925E-02
041554.598      247224      413219  0.849E-02  0.000E+00  0.000E+00  0.433E+01  0.000E+00  0.448E+00  0.000E+00  0.924E-02
042554.673      247956      414956  0.846E-02  0.000E+00  0.000E+00  0.496E+01  0.000E+00  0.432E+00  0.000E+00  0.921E-02
043554.871      248734      416696  0.841E-02  0.000E+00  0.000E+00  0.491E+01  0.000E+00  0.382E+00  0.000E+00  0.919E-02
044554.748      249453      418431  0.837E-02  0.000E+00  0.000E+00  0.524E+01  0.000E+00  0.417E+00  0.000E+00  0.918E-02
045554.567      250182      420168  0.833E-02  0.000E+00  0.000E+00  0.567E+01  0.000E+00  0.411E+00  0.000E+00  0.916E-02
050554.754      250911      421911  0.830E-02  0.000E+00  0.000E+00  0.551E+01  0.000E+00  0.355E+00  0.000E+00  0.913E-02
051554.603      251560      423646  0.827E-02  0.000E+00  0.000E+00  0.579E+01  0.000E+00  0.411E+00  0.000E+00  0.911E-02
052554.741      252288      425390  0.822E-02  0.000E+00  0.000E+00  0.596E+01  0.000E+00  0.467E+00  0.000E+00  0.911E-02
053554.803      253033      427132  0.819E-02  0.000E+00  0.000E+00  0.664E+01  0.000E+00  0.411E+00  0.000E+00  0.908E-02
054554.837      253768      428876  0.816E-02  0.000E+00  0.000E+00  0.715E+01  0.000E+00  0.430E+00  0.000E+00  0.903E-02
055554.550      254452      430619  0.812E-02  0.000E+00  0.000E+00  0.693E+01  0.000E+00  0.459E+00  0.000E+00  0.903E-02
060554.674      255179      432359  0.808E-02  0.000E+00  0.000E+00  0.721E+01  0.000E+00  0.419E+00  0.000E+00  0.901E-02
061554.542      255918      434095  0.805E-02  0.000E+00  0.000E+00  0.731E+01  0.000E+00  0.480E+00  0.000E+00  0.900E-02
062554.639      256629      435841  0.801E-02  0.000E+00  0.000E+00  0.772E+01  0.000E+00  0.503E+00  0.000E+00  0.899E-02
063554.663      257356      437587  0.797E-02  0.000E+00  0.000E+00  0.735E+01  0.000E+00  0.476E+00  0.000E+00  0.896E-02
064554.580      258065      439337  0.794E-02  0.000E+00  0.000E+00  0.755E+01  0.000E+00  0.650E+00  0.000E+00  0.895E-02
065554.665      258787      441081  0.790E-02  0.000E+00  0.000E+00  0.795E+01  0.000E+00  0.459E+00  0.000E+00  0.893E-02
070554.806      259184      442824  0.788E-02  0.000E+00  0.000E+00  0.847E+01  0.000E+00  0.467E+00  0.000E+00  0.892E-02
071554.677      259815      444563  0.785E-02  0.000E+00  0.000E+00  0.807E+01  0.000E+00  0.441E+00  0.000E+00  0.895E-02
072554.720      260511      446303  0.780E-02  0.000E+00  0.000E+00  0.821E+01  0.000E+00  0.441E+00  0.000E+00  0.900E-02
073554.573      261230      448043  0.778E-02  0.000E+00  0.000E+00  0.784E+01  0.000E+00  0.409E+00  0.000E+00  0.894E-02
074554.847      261909      449783  0.775E-02  0.000E+00  0.000E+00  0.754E+01  0.000E+00  0.486E+00  0.000E+00  0.894E-02
075554.746      262587      451521  0.772E-02  0.000E+00  0.000E+00  0.793E+01  0.000E+00  0.415E+00  0.000E+00  0.892E-02
080554.555      263297      453262  0.769E-02  0.000E+00  0.000E+00  0.803E+01  0.000E+00  0.439E+00  0.000E+00  0.889E-02
081554.680      263981      454972  0.766E-02  0.000E+00  0.000E+00  0.915E+01  0.000E+00  0.417E+00  0.000E+00  0.886E-02
082554.637      264689      456685  0.763E-02  0.000E+00  0.000E+00  0.867E+01  0.000E+00  0.411E+00  0.000E+00  0.886E-02
083554.774      265382      458391  0.759E-02  0.000E+00  0.000E+00  0.920E+01  0.000E+00  0.411E+00  0.000E+00  0.887E-02
084554.661      266044      460127  0.757E-02  0.000E+00  0.000E+00  0.876E+01  0.000E+00  0.444E+00  0.000E+00  0.885E-02
085554.578      266753      461868  0.753E-02  0.000E+00  0.000E+00  0.907E+01  0.000E+00  0.449E+00  0.000E+00  0.885E-02
090554.732      267458      463611  0.750E-02  0.000E+00  0.000E+00  0.874E+01  0.000E+00  0.351E+00  0.000E+00  0.885E-02
091554.547      268143      465358  0.747E-02  0.000E+00  0.000E+00  0.944E+01  0.000E+00  0.381E+00  0.000E+00  0.883E-02
092554.792      268865      467103  0.745E-02  0.000E+00  0.000E+00  0.914E+01  0.000E+00  0.497E+00  0.000E+00  0.880E-02
093554.576      269590      468848  0.741E-02  0.000E+00  0.000E+00  0.976E+01  0.000E+00  0.422E+00  0.000E+00  0.880E-02
094554.690      270290      470593  0.738E-02  0.000E+00  0.000E+00  0.967E+01  0.000E+00  0.329E+00  0.000E+00  0.881E-02
095554.840      270985      472338  0.736E-02  0.000E+00  0.000E+00  0.936E+01  0.000E+00  0.316E+00  0.000E+00  0.878E-02
100554.699      271699      474079  0.734E-02  0.000E+00  0.000E+00  0.971E+01  0.000E+00  0.357E+00  0.000E+00  0.876E-02
101554.849      272430      475822  0.730E-02  0.000E+00  0.000E+00  0.957E+01  0.000E+00  0.356E+00  0.000E+00  0.877E-02
102554.588      273118      477566  0.727E-02  0.000E+00  0.000E+00  0.954E+01  0.000E+00  0.292E+00  0.000E+00  0.876E-02
103554.562      273801      479313  0.725E-02  0.000E+00  0.000E+00  0.959E+01  0.000E+00  0.349E+00  0.000E+00  0.872E-02
104554.789      274499      481062  0.722E-02  0.000E+00  0.000E+00  0.963E+01  0.000E+00  0.320E+00  0.000E+00  0.873E-02
105554.862      275212      482806  0.719E-02  0.000E+00  0.000E+00  0.996E+01  0.000E+00  0.308E+00  0.000E+00  0.873E-02
110554.845      275912      484552  0.717E-02  0.000E+00  0.000E+00  0.104E+02  0.000E+00  0.322E+00  0.000E+00  0.871E-02
111554.792      276606      486292  0.714E-02  0.000E+00  0.000E+00  0.107E+02  0.000E+00  0.346E+00  0.000E+00  0.870E-02
112554.854      277282      488030  0.712E-02  0.000E+00  0.000E+00  0.107E+02  0.000E+00  0.343E+00  0.000E+00  0.871E-02
113554.569      277993      489764  0.709E-02  0.000E+00  0.000E+00  0.106E+02  0.000E+00  0.301E+00  0.000E+00  0.870E-02
114554.683      278687      491510  0.706E-02  0.000E+00  0.000E+00  0.102E+02  0.000E+00  0.359E+00  0.000E+00  0.869E-02
115554.608      279374      493253  0.704E-02  0.000E+00  0.000E+00  0.101E+02  0.000E+00  0.335E+00  0.000E+00  0.868E-02
120554.786      280038      494990  0.701E-02  0.000E+00  0.000E+00  0.103E+02  0.000E+00  0.303E+00  0.000E+00  0.867E-02
121554.798      280731      496725  0.699E-02  0.000E+00  0.000E+00  0.102E+02  0.000E+00  0.280E+00  0.000E+00  0.865E-02
122554.797      281409      498464  0.697E-02  0.000E+00  0.000E+00  0.103E+02  0.000E+00  0.342E+00  0.000E+00  0.864E-02
123554.640      282121      500204  0.694E-02  0.000E+00  0.000E+00  0.106E+02  0.000E+00  0.315E+00  0.000E+00  0.863E-02
124554.625      282820      501949  0.692E-02  0.000E+00  0.000E+00  0.105E+02  0.000E+00  0.401E+00  0.000E+00  0.862E-02
125554.650      283475      503690  0.689E-02  0.000E+00  0.000E+00  0.103E+02  0.000E+00  0.390E+00  0.000E+00  0.862E-02
130554.780      284181      505434  0.688E-02  0.000E+00  0.000E+00  0.108E+02  0.000E+00  0.358E+00  0.000E+00  0.858E-02
131554.579      284831      507180  0.686E-02  0.000E+00  0.000E+00  0.107E+02  0.000E+00  0.327E+00  0.000E+00  0.855E-02
132554.663      285464      508922  0.684E-02  0.000E+00  0.000E+00  0.102E+02  0.000E+00  0.288E+00  0.000E+00  0.850E-02
133554.750      286134      510664  0.683E-02  0.000E+00  0.000E+00  0.104E+02  0.000E+00  0.342E+00  0.000E+00  0.845E-02
134554.732      286835      512408  0.680E-02  0.000E+00  0.000E+00  0.106E+02  0.000E+00  0.307E+00  0.000E+00  0.846E-02
135554.732      287477      514156  0.678E-02  0.000E+00  0.000E+00  0.111E+02  0.000E+00  0.352E+00  0.000E+00  0.847E-02
140554.541      288160      515903  0.677E-02  0.000E+00  0.000E+00  0.110E+02  0.000E+00  0.348E+00  0.000E+00  0.843E-02
141554.756      288801      517651  0.674E-02  0.000E+00  0.000E+00  0.113E+02  0.000E+00  0.316E+00  0.000E+00  0.843E-02
142554.729      289496      519393  0.672E-02  0.000E+00  0.000E+00  0.112E+02  0.000E+00  0.343E+00  0.000E+00  0.843E-02
143554.598      290138      521132  0.670E-02  0.000E+00  0.000E+00  0.106E+02  0.000E+00  0.328E+00  0.000E+00  0.841E-02
144554.679      290804      522882  0.668E-02  0.000E+00  0.000E+00  0.108E+02  0.000E+00  0.338E+00  0.000E+00  0.840E-02
145554.572      291467      524625  0.666E-02  0.000E+00  0.000E+00  0.109E+02  0.000E+00  0.353E+00  0.000E+00  0.838E-02
150554.795      292113      526363  0.664E-02  0.000E+00  0.000E+00  0.109E+02  0.000E+00  0.327E+00  0.000E+00  0.838E-02
151554.702      292768      528101  0.662E-02  0.000E+00  0.000E+00  0.110E+02  0.000E+00  0.367E+00  0.000E+00  0.838E-02
152554.597      293432      529842  0.660E-02  0.000E+00  0.000E+00  0.105E+02  0.000E+00  0.346E+00  0.000E+00  0.834E-02
153554.850      294114      531583  0.658E-02  0.000E+00  0.000E+00  0.115E+02  0.000E+00  0.339E+00  0.000E+00  0.833E-02
154554.605      294733      533327  0.657E-02  0.000E+00  0.000E+00  0.108E+02  0.000E+00  0.298E+00  0.000E+00  0.830E-02
155554.669      295369      535072  0.654E-02  0.000E+00  0.000E+00  0.112E+02  0.000E+00  0.358E+00  0.000E+00  0.830E-02
160554.563      296023      536812  0.652E-02  0.000E+00  0.000E+00  0.116E+02  0.000E+00  0.315E+00  0.000E+00  0.829E-02
161554.604      296695      538548  0.650E-02  0.000E+00  0.000E+00  0.108E+02  0.000E+00  0.294E+00  0.000E+00  0.829E-02
162554.856      297353      540291  0.649E-02  0.000E+00  0.000E+00  0.109E+02  0.000E+00  0.338E+00  0.000E+00  0.826E-02
163554.688      297988      542034  0.647E-02  0.000E+00  0.000E+00  0.113E+02  0.000E+00  0.303E+00  0.000E+00  0.823E-02
164554.560      298685      543780  0.645E-02  0.000E+00  0.000E+00  0.108E+02  0.000E+00  0.328E+00  0.000E+00  0.822E-02
165554.664      299354      545518  0.643E-02  0.000E+00  0.000E+00  0.110E+02  0.000E+00  0.344E+00  0.000E+00  0.821E-02
170554.809      299998      547253  0.641E-02  0.000E+00  0.000E+00  0.114E+02  0.000E+00  0.325E+00  0.000E+00  0.819E-02
171554.688      300644      548997  0.640E-02  0.000E+00  0.000E+00  0.115E+02  0.000E+00  0.377E+00  0.000E+00  0.817E-02
172554.558      301327      550742  0.638E-02  0.000E+00  0.000E+00  0.115E+02  0.000E+00  0.297E+00  0.000E+00  0.816E-02
173554.604      301932      552496  0.636E-02  0.000E+00  0.000E+00  0.118E+02  0.000E+00  0.381E+00  0.000E+00  0.813E-02
174554.762      302567      554245  0.634E-02  0.000E+00  0.000E+00  0.118E+02  0.000E+00  0.347E+00  0.000E+00  0.814E-02
175554.822      303222      555992  0.632E-02  0.000E+00  0.000E+00  0.119E+02  0.000E+00  0.352E+00  0.000E+00  0.813E-02
180554.760      303869      557734  0.631E-02  0.000E+00  0.000E+00  0.121E+02  0.000E+00  0.394E+00  0.000E+00  0.811E-02
181554.808      304522      559485  0.629E-02  0.000E+00  0.000E+00  0.120E+02  0.000E+00  0.319E+00  0.000E+00  0.809E-02
182554.700      305140      561233  0.628E-02  0.000E+00  0.000E+00  0.126E+02  0.000E+00  0.337E+00  0.000E+00  0.805E-02
183554.598      305780      562979  0.626E-02  0.000E+00  0.000E+00  0.124E+02  0.000E+00  0.365E+00  0.000E+00  0.804E-02
184554.808      306427      564729  0.624E-02  0.000E+00  0.000E+00  0.123E+02  0.000E+00  0.365E+00  0.000E+00  0.803E-02
185554.606      307073      566479  0.623E-02  0.000E+00  0.000E+00  0.118E+02  0.000E+00  0.303E+00  0.000E+00  0.801E-02
190554.838      307715      568230  0.621E-02  0.000E+00  0.000E+00  0.120E+02  0.000E+00  0.363E+00  0.000E+00  0.799E-02
191554.673      308342      569971  0.620E-02  0.000E+00  0.000E+00  0.113E+02  0.000E+00  0.292E+00  0.000E+00  0.797E-02
192554.626      308953      571713  0.618E-02  0.000E+00  0.000E+00  0.116E+02  0.000E+00  0.285E+00  0.000E+00  0.797E-02
193554.786      309594      573460  0.616E-02  0.000E+00  0.000E+00  0.117E+02  0.000E+00  0.369E+00  0.000E+00  0.797E-02
194554.546      310218      575205  0.614E-02  0.000E+00  0.000E+00  0.120E+02  0.000E+00  0.343E+00  0.000E+00  0.797E-02
195554.855      310866      576950  0.613E-02  0.000E+00  0.000E+00  0.115E+02  0.000E+00  0.310E+00  0.000E+00  0.794E-02
200554.810      311496      578700  0.612E-02  0.000E+00  0.000E+00  0.118E+02  0.000E+00  0.322E+00  0.000E+00  0.792E-02
201554.717      312174      580443  0.610E-02  0.000E+00  0.000E+00  0.114E+02  0.000E+00  0.319E+00  0.000E+00  0.790E-02
202554.697      312787      582189  0.608E-02  0.000E+00  0.000E+00  0.121E+02  0.000E+00  0.349E+00  0.000E+00  0.789E-02
203554.808      313439      583934  0.607E-02  0.000E+00  0.000E+00  0.121E+02  0.000E+00  0.352E+00  0.000E+00  0.788E-02
204554.563      314078      585678  0.605E-02  0.000E+00  0.000E+00  0.114E+02  0.000E+00  0.306E+00  0.000E+00  0.784E-02
205554.545      314686      587421  0.604E-02  0.000E+00  0.000E+00  0.109E+02  0.000E+00  0.314E+00  0.000E+00  0.782E-02
210554.791      315299      589166  0.603E-02  0.000E+00  0.000E+00  0.111E+02  0.000E+00  0.330E+00  0.000E+00  0.779E-02
211554.808      315908      590917  0.601E-02  0.000E+00  0.000E+00  0.112E+02  0.000E+00  0.353E+00  0.000E+00  0.778E-02
212554.622      316504      592662  0.600E-02  0.000E+00  0.000E+00  0.112E+02  0.000E+00  0.346E+00  0.000E+00  0.777E-02
213554.646      317098      594368  0.598E-02  0.000E+00  0.000E+00  0.110E+02  0.000E+00  0.317E+00  0.000E+00  0.776E-02
214554.561      317687      596059  0.597E-02  0.000E+00  0.000E+00  0.112E+02  0.000E+00  0.292E+00  0.000E+00  0.774E-02
215554.653      318278      597748  0.595E-02  0.000E+00  0.000E+00  0.110E+02  0.000E+00  0.337E+00  0.000E+00  0.773E-02
220554.619      318885      599438  0.594E-02  0.000E+00  0.000E+00  0.110E+02  0.000E+00  0.296E+00  0.000E+00  0.769E-02
221554.583      319499      601136  0.593E-02  0.000E+00  0.000E+00  0.105E+02  0.000E+00  0.302E+00  0.000E+00  0.768E-02
222554.890      320101      602849  0.591E-02  0.000E+00  0.000E+00  0.109E+02  0.000E+00  0.316E+00  0.000E+00  0.767E-02
223554.645      320681      604551  0.590E-02  0.000E+00  0.000E+00  0.108E+02  0.000E+00  0.308E+00  0.000E+00  0.765E-02
224554.549      321308      606248  0.589E-02  0.000E+00  0.000E+00  0.111E+02  0.000E+00  0.292E+00  0.000E+00  0.760E-02
225554.717      321885      607930  0.587E-02  0.000E+00  0.000E+00  0.110E+02  0.000E+00  0.330E+00  0.000E+00  0.760E-02
230554.618      322448      609620  0.586E-02  0.000E+00  0.000E+00  0.107E+02  0.000E+00  0.321E+00  0.000E+00  0.757E-02
231554.858      323057      611315  0.585E-02  0.000E+00  0.000E+00  0.106E+02  0.000E+00  0.333E+00  0.000E+00  0.755E-02
232554.620      323646      613019  0.584E-02  0.000E+00  0.000E+00  0.108E+02  0.000E+00  0.352E+00  0.000E+00  0.753E-02
233554.788      324237      614728  0.583E-02  0.000E+00  0.000E+00  0.104E+02  0.000E+00  0.321E+00  0.000E+00  0.751E-02
234554.605      324856      616439  0.581E-02  0.000E+00  0.000E+00  0.107E+02  0.000E+00  0.365E+00  0.000E+00  0.748E-02
235554.697      325492      618161  0.580E-02  0.000E+00  0.000E+00  0.108E+02  0.000E+00  0.322E+00  0.000E+00  0.747E-02
000554.824      326079      619869  0.579E-02  0.000E+00  0.000E+00  0.107E+02  0.000E+00  0.336E+00  0.000E+00  0.745E-02
001554.797      326693      621561  0.577E-02  0.000E+00  0.000E+00  0.113E+02  0.000E+00  0.311E+00  0.000E+00  0.743E-02
002554.579      327342      623259  0.576E-02  0.000E+00  0.000E+00  0.113E+02  0.000E+00  0.315E+00  0.000E+00  0.741E-02
003554.696      327928      624953  0.575E-02  0.000E+00  0.000E+00  0.107E+02  0.000E+00  0.328E+00  0.000E+00  0.738E-02
004554.608      328483      626637  0.574E-02  0.000E+00  0.000E+00  0.108E+02  0.000E+00  0.366E+00  0.000E+00  0.735E-02
005554.753      329066      628330  0.572E-02  0.000E+00  0.000E+00  0.102E+02  0.000E+00  0.375E+00  0.000E+00  0.732E-02
010554.563      329628      630017  0.571E-02  0.000E+00  0.000E+00  0.107E+02  0.000E+00  0.345E+00  0.000E+00  0.730E-02
011554.849      330184      631702  0.570E-02  0.000E+00  0.000E+00  0.112E+02  0.000E+00  0.350E+00  0.000E+00  0.729E-02
012554.799      330774      633389  0.569E-02  0.000E+00  0.000E+00  0.109E+02  0.000E+00  0.386E+00  0.000E+00  0.727E-02
013554.801      331346      635078  0.568E-02  0.000E+00  0.000E+00  0.112E+02  0.000E+00  0.364E+00  0.000E+00  0.723E-02
014554.568      331940      636762  0.566E-02  0.000E+00  0.000E+00  0.111E+02  0.000E+00  0.363E+00  0.000E+00  0.722E-02
015554.725      332511      638444  0.565E-02  0.000E+00  0.000E+00  0.111E+02  0.000E+00  0.374E+00  0.000E+00  0.718E-02
020554.853      333063      640112  0.564E-02  0.000E+00  0.000E+00  0.113E+02  0.000E+00  0.342E+00  0.000E+00  0.716E-02
021554.770      333653      641800  0.563E-02  0.000E+00  0.000E+00  0.111E+02  0.000E+00  0.373E+00  0.000E+00  0.715E-02
022554.696      334218      643500  0.562E-02  0.000E+00  0.000E+00  0.114E+02  0.000E+00  0.365E+00  0.000E+00  0.713E-02
023554.630      334775      645234  0.561E-02  0.000E+00  0.000E+00  0.117E+02  0.000E+00  0.346E+00  0.000E+00  0.711E-02
024554.879      335336      646965  0.560E-02  0.000E+00  0.000E+00  0.112E+02  0.000E+00  0.326E+00  0.000E+00  0.709E-02
025554.784      335905      648652  0.559E-02  0.000E+00  0.000E+00  0.108E+02  0.000E+00  0.350E+00  0.000E+00  0.706E-02
030554.765      336440      650338  0.558E-02  0.000E+00  0.000E+00  0.111E+02  0.000E+00  0.365E+00  0.000E+00  0.705E-02
031554.634      337007      652028  0.556E-02  0.000E+00  0.000E+00  0.109E+02  0.000E+00  0.349E+00  0.000E+00  0.703E-02
032554.919      337578      653717  0.555E-02  0.000E+00  0.000E+00  0.111E+02  0.000E+00  0.392E+00  0.000E+00  0.701E-02
033554.633      338120      655407  0.554E-02  0.000E+00  0.000E+00  0.107E+02  0.000E+00  0.357E+00  0.000E+00  0.700E-02
034554.751      338674      657096  0.553E-02  0.000E+00  0.000E+00  0.110E+02  0.000E+00  0.368E+00  0.000E+00  0.697E-02
035554.668      339235      658798  0.552E-02  0.000E+00  0.000E+00  0.110E+02  0.000E+00  0.375E+00  0.000E+00  0.693E-02
040554.776      339799      660509  0.551E-02  0.000E+00  0.000E+00  0.111E+02  0.000E+00  0.392E+00  0.000E+00  0.691E-02
041554.699      340355      662220  0.550E-02  0.000E+00  0.000E+00  0.106E+02  0.000E+00  0.395E+00  0.000E+00  0.689E-02
042554.661      340924      663938  0.549E-02  0.000E+00  0.000E+00  0.105E+02  0.000E+00  0.414E+00  0.000E+00  0.685E-02
043554.726      341505      665653  0.548E-02  0.000E+00  0.000E+00  0.103E+02  0.000E+00  0.389E+00  0.000E+00  0.683E-02
044554.816      342084      667353  0.547E-02  0.000E+00  0.000E+00  0.104E+02  0.000E+00  0.402E+00  0.000E+00  0.681E-02
045554.618      342625      669042  0.546E-02  0.000E+00  0.000E+00  0.992E+01  0.000E+00  0.386E+00  0.000E+00  0.677E-02
050554.852      343198      670748  0.544E-02  0.000E+00  0.000E+00  0.998E+01  0.000E+00  0.383E+00  0.000E+00  0.675E-02
051554.784      343766      672441  0.543E-02  0.000E+00  0.000E+00  0.977E+01  0.000E+00  0.398E+00  0.000E+00  0.674E-02
052554.583      344323      674130  0.543E-02  0.000E+00  0.000E+00  0.981E+01  0.000E+00  0.397E+00  0.000E+00  0.671E-02
053554.685      344855      675821  0.542E-02  0.000E+00  0.000E+00  0.963E+01  0.000E+00  0.410E+00  0.000E+00  0.669E-02
054554.710      345443      677515  0.541E-02  0.000E+00  0.000E+00  0.976E+01  0.000E+00  0.427E+00  0.000E+00  0.667E-02
055554.851      345996      679205  0.540E-02  0.000E+00  0.000E+00  0.990E+01  0.000E+00  0.384E+00  0.000E+00  0.664E-02
060554.594      346544      680892  0.538E-02  0.000E+00  0.000E+00  0.101E+02  0.000E+00  0.403E+00  0.000E+00  0.662E-02
061554.885      347135      682585  0.537E-02  0.000E+00  0.000E+00  0.101E+02  0.000E+00  0.428E+00  0.000E+00  0.659E-02
062554.684      347710      684279  0.536E-02  0.000E+00  0.000E+00  0.980E+01  0.000E+00  0.428E+00  0.000E+00  0.657E-02
063554.560      348034      685964  0.536E-02  0.000E+00  0.000E+00  0.978E+01  0.000E+00  0.420E+00  0.000E+00  0.655E-02
064554.803      348592      687666  0.536E-02  0.000E+00  0.000E+00  0.955E+01  0.000E+00  0.430E+00  0.000E+00  0.648E-02
065554.740      349143      689375  0.535E-02  0.000E+00  0.000E+00  0.945E+01  0.000E+00  0.431E+00  0.000E+00  0.645E-02
070554.578      349715      691081  0.534E-02  0.000E+00  0.000E+00  0.954E+01  0.000E+00  0.547E+00  0.000E+00  0.644E-02
071554.630      350268      692780  0.533E-02  0.000E+00  0.000E+00  0.925E+01  0.000E+00  0.452E+00  0.000E+00  0.643E-02
072554.600      350838      694465  0.531E-02  0.000E+00  0.000E+00  0.954E+01  0.000E+00  0.427E+00  0.000E+00  0.640E-02
073554.780      351385      696156  0.530E-02  0.000E+00  0.000E+00  0.906E+01  0.000E+00  0.430E+00  0.000E+00  0.638E-02
074554.550      351951      697843  0.529E-02  0.000E+00  0.000E+00  0.912E+01  0.000E+00  0.454E+00  0.000E+00  0.636E-02
075554.737      352548      699532  0.529E-02  0.000E+00  0.000E+00  0.921E+01  0.000E+00  0.466E+00  0.000E+00  0.634E-02
080554.731      353109      701227  0.528E-02  0.000E+00  0.000E+00  0.905E+01  0.000E+00  0.469E+00  0.000E+00  0.632E-02
081554.810      353674      702924  0.527E-02  0.000E+00  0.000E+00  0.949E+01  0.000E+00  0.430E+00  0.000E+00  0.629E-02
082554.573      354212      704623  0.526E-02  0.000E+00  0.000E+00  0.962E+01  0.000E+00  0.457E+00  0.000E+00  0.626E-02
083554.903      354769      706327  0.525E-02  0.000E+00  0.000E+00  0.911E+01  0.000E+00  0.459E+00  0.000E+00  0.625E-02
084554.891      355329      708047  0.524E-02  0.000E+00  0.000E+00  0.929E+01  0.000E+00  0.466E+00  0.000E+00  0.623E-02
085554.808      355877      709763  0.523E-02  0.000E+00  0.000E+00  0.942E+01  0.000E+00  0.455E+00  0.000E+00  0.621E-02
090554.736      356424      711465  0.522E-02  0.000E+00  0.000E+00  0.899E+01  0.000E+00  0.454E+00  0.000E+00  0.619E-02
091554.723      356992      713176  0.521E-02  0.000E+00  0.000E+00  0.895E+01  0.000E+00  0.469E+00  0.000E+00  0.617E-02
092554.811      357570      714897  0.520E-02  0.000E+00  0.000E+00  0.889E+01  0.000E+00  0.457E+00  0.000E+00  0.614E-02
093554.700      358133      716610  0.518E-02  0.000E+00  0.000E+00  0.889E+01  0.000E+00  0.452E+00  0.000E+00  0.613E-02
094554.603      358673      718297  0.518E-02  0.000E+00  0.000E+00  0.863E+01  0.000E+00  0.474E+00  0.000E+00  0.611E-02
095554.862      359232      719980  0.517E-02  0.000E+00  0.000E+00  0.881E+01  0.000E+00  0.458E+00  0.000E+00  0.608E-02
100554.851      359789      721667  0.516E-02  0.000E+00  0.000E+00  0.897E+01  0.000E+00  0.484E+00  0.000E+00  0.607E-02
101554.652      360355      723397  0.515E-02  0.000E+00  0.000E+00  0.916E+01  0.000E+00  0.438E+00  0.000E+00  0.604E-02
102554.673      360899      725098  0.514E-02  0.000E+00  0.000E+00  0.904E+01  0.000E+00  0.483E+00  0.000E+00  0.602E-02
103554.700      361453      726789  0.513E-02  0.000E+00  0.000E+00  0.889E+01  0.000E+00  0.487E+00  0.000E+00  0.600E-02
104554.705      361999      728487  0.512E-02  0.000E+00  0.000E+00  0.921E+01  0.000E+00  0.483E+00  0.000E+00  0.598E-02
105554.612      362552      730190  0.511E-02  0.000E+00  0.000E+00  0.862E+01  0.000E+00  0.533E+00  0.000E+00  0.596E-02
110554.835      363091      731904  0.510E-02  0.000E+00  0.000E+00  0.907E+01  0.000E+00  0.511E+00  0.000E+00  0.595E-02
111554.777      363635      733608  0.509E-02  0.000E+00  0.000E+00  0.859E+01  0.000E+00  0.493E+00  0.000E+00  0.592E-02
112554.640      364155      735315  0.508E-02  0.000E+00  0.000E+00  0.871E+01  0.000E+00  0.528E+00  0.000E+00  0.590E-02
113554.603      364715      737026  0.507E-02  0.000E+00  0.000E+00  0.872E+01  0.000E+00  0.482E+00  0.000E+00  0.587E-02
114554.721      365266      738737  0.506E-02  0.000E+00  0.000E+00  0.845E+01  0.000E+00  0.510E+00  0.000E+00  0.586E-02
115554.745      365826      740432  0.505E-02  0.000E+00  0.000E+00  0.860E+01  0.000E+00  0.485E+00  0.000E+00  0.584E-02
120554.910      366386      742122  0.504E-02  0.000E+00  0.000E+00  0.863E+01  0.000E+00  0.510E+00  0.000E+00  0.582E-02
121554.641      366924      743785  0.503E-02  0.000E+00  0.000E+00  0.863E+01  0.000E+00  0.488E+00  0.000E+00  0.580E-02
122554.884      367483      745473  0.502E-02  0.000E+00  0.000E+00  0.883E+01  0.000E+00  0.539E+00  0.000E+00  0.578E-02
123554.794      368045      747201  0.502E-02  0.000E+00  0.000E+00  0.875E+01  0.000E+00  0.497E+00  0.000E+00  0.576E-02
124554.739      368570      748935  0.501E-02  0.000E+00  0.000E+00  0.858E+01  0.000E+00  0.538E+00  0.000E+00  0.574E-02
125554.624      369151      750657  0.500E-02  0.000E+00  0.000E+00  0.854E+01  0.000E+00  0.540E+00  0.000E+00  0.571E-02
130554.640      369712      752378  0.499E-02  0.000E+00  0.000E+00  0.862E+01  0.000E+00  0.497E+00  0.000E+00  0.569E-02
131554.706      370234      754103  0.498E-02  0.000E+00  0.000E+00  0.874E+01  0.000E+00  0.500E+00  0.000E+00  0.567E-02
132554.876      370773      755823  0.497E-02  0.000E+00  0.000E+00  0.856E+01  0.000E+00  0.524E+00  0.000E+00  0.564E-02
133554.613      371324      757552  0.496E-02  0.000E+00  0.000E+00  0.881E+01  0.000E+00  0.544E+00  0.000E+00  0.562E-02
134554.829      371873      759251  0.495E-02  0.000E+00  0.000E+00  0.921E+01  0.000E+00  0.533E+00  0.000E+00  0.560E-02
135554.849      372386      760938  0.495E-02  0.000E+00  0.000E+00  0.867E+01  0.000E+00  0.527E+00  0.000E+00  0.558E-02
140554.621      372952      762620  0.494E-02  0.000E+00  0.000E+00  0.873E+01  0.000E+00  0.521E+00  0.000E+00  0.557E-02
141554.775      373482      764316  0.493E-02  0.000E+00  0.000E+00  0.862E+01  0.000E+00  0.566E+00  0.000E+00  0.555E-02
142554.617      374021      766002  0.492E-02  0.000E+00  0.000E+00  0.860E+01  0.000E+00  0.530E+00  0.000E+00  0.553E-02
143554.871      374548      767707  0.491E-02  0.000E+00  0.000E+00  0.847E+01  0.000E+00  0.485E+00  0.000E+00  0.551E-02
144554.791      375094      769412  0.490E-02  0.000E+00  0.000E+00  0.844E+01  0.000E+00  0.498E+00  0.000E+00  0.549E-02
145554.608      375623      771116  0.489E-02  0.000E+00  0.000E+00  0.820E+01  0.000E+00  0.482E+00  0.000E+00  0.547E-02
150554.828      376171      772829  0.489E-02  0.000E+00  0.000E+00  0.842E+01  0.000E+00  0.563E+00  0.000E+00  0.545E-02
151554.578      376702      774530  0.488E-02  0.000E+00  0.000E+00  0.839E+01  0.000E+00  0.508E+00  0.000E+00  0.543E-02
152554.546      377238      776234  0.487E-02  0.000E+00  0.000E+00  0.848E+01  0.000E+00  0.518E+00  0.000E+00  0.541E-02
153554.560      377795      777955  0.486E-02  0.000E+00  0.000E+00  0.847E+01  0.000E+00  0.534E+00  0.000E+00  0.539E-02
154554.656      378307      779652  0.485E-02  0.000E+00  0.000E+00  0.882E+01  0.000E+00  0.529E+00  0.000E+00  0.536E-02
155554.760      378865      781365  0.484E-02  0.000E+00  0.000E+00  0.836E+01  0.000E+00  0.539E+00  0.000E+00  0.534E-02
160554.779      379415      783111  0.483E-02  0.000E+00  0.000E+00  0.833E+01  0.000E+00  0.575E+00  0.000E+00  0.533E-02
161554.551      379940      784847  0.483E-02  0.000E+00  0.000E+00  0.781E+01  0.000E+00  0.533E+00  0.000E+00  0.530E-02
162554.850      380500      786582  0.482E-02  0.000E+00  0.000E+00  0.750E+01  0.000E+00  0.528E+00  0.000E+00  0.528E-02
163554.557      381041      788322  0.481E-02  0.000E+00  0.000E+00  0.755E+01  0.000E+00  0.549E+00  0.000E+00  0.525E-02
164554.800      381547      790057  0.480E-02  0.000E+00  0.000E+00  0.755E+01  0.000E+00  0.553E+00  0.000E+00  0.524E-02
165554.773      382027      791800  0.479E-02  0.000E+00  0.000E+00  0.755E+01  0.000E+00  0.573E+00  0.000E+00  0.521E-02
170554.558      382539      793535  0.479E-02  0.000E+00  0.000E+00  0.752E+01  0.000E+00  0.589E+00  0.000E+00  0.519E-02
171554.760      383059      795265  0.478E-02  0.000E+00  0.000E+00  0.765E+01  0.000E+00  0.611E+00  0.000E+00  0.516E-02
172554.685      383577      797008  0.477E-02  0.000E+00  0.000E+00  0.755E+01  0.000E+00  0.591E+00  0.000E+00  0.514E-02
173554.720      384106      798769  0.476E-02  0.000E+00  0.000E+00  0.775E+01  0.000E+00  0.623E+00  0.000E+00  0.513E-02
174554.779      384629      800504  0.475E-02  0.000E+00  0.000E+00  0.781E+01  0.000E+00  0.604E+00  0.000E+00  0.511E-02
175554.705      385145      802202  0.475E-02  0.000E+00  0.000E+00  0.756E+01  0.000E+00  0.572E+00  0.000E+00  0.509E-02
180554.594      385651      803890  0.474E-02  0.000E+00  0.000E+00  0.783E+01  0.000E+00  0.584E+00  0.000E+00  0.508E-02
181554.844      386185      805586  0.473E-02  0.000E+00  0.000E+00  0.798E+01  0.000E+00  0.579E+00  0.000E+00  0.506E-02
182554.781      386734      807294  0.472E-02  0.000E+00  0.000E+00  0.800E+01  0.000E+00  0.592E+00  0.000E+00  0.504E-02
183554.634      387265      808995  0.471E-02  0.000E+00  0.000E+00  0.780E+01  0.000E+00  0.567E+00  0.000E+00  0.503E-02
184554.756      387791      810705  0.470E-02  0.000E+00  0.000E+00  0.763E+01  0.000E+00  0.551E+00  0.000E+00  0.501E-02
185554.864      388296      812400  0.470E-02  0.000E+00  0.000E+00  0.761E+01  0.000E+00  0.573E+00  0.000E+00  0.498E-02
190554.634      388817      814100  0.469E-02  0.000E+00  0.000E+00  0.791E+01  0.000E+00  0.544E+00  0.000E+00  0.497E-02
191554.663      389356      815803  0.468E-02  0.000E+00  0.000E+00  0.780E+01  0.000E+00  0.556E+00  0.000E+00  0.495E-02
192554.881      389862      817500  0.467E-02  0.000E+00  0.000E+00  0.787E+01  0.000E+00  0.549E+00  0.000E+00  0.494E-02
193554.876      390386      819198  0.466E-02  0.000E+00  0.000E+00  0.770E+01  0.000E+00  0.557E+00  0.000E+00  0.492E-02
194554.721      390895      820882  0.466E-02  0.000E+00  0.000E+00  0.777E+01  0.000E+00  0.571E+00  0.000E+00  0.490E-02
195554.866      391404      822575  0.465E-02  0.000E+00  0.000E+00  0.762E+01  0.000E+00  0.555E+00  0.000E+00  0.489E-02
200554.872      391950      824283  0.464E-02  0.000E+00  0.000E+00  0.758E+01  0.000E+00  0.550E+00  0.000E+00  0.487E-02
201554.830      392472      825981  0.463E-02  0.000E+00  0.000E+00  0.792E+01  0.000E+00  0.600E+00  0.000E+00  0.485E-02
202554.745      392996      827671  0.462E-02  0.000E+00  0.000E+00  0.747E+01  0.000E+00  0.591E+00  0.000E+00  0.483E-02
203554.709      393548      829361  0.461E-02  0.000E+00  0.000E+00  0.761E+01  0.000E+00  0.573E+00  0.000E+00  0.482E-02
204554.611      394056      831050  0.461E-02  0.000E+00  0.000E+00  0.738E+01  0.000E+00  0.613E+00  0.000E+00  0.479E-02
205554.609      394594      832748  0.460E-02  0.000E+00  0.000E+00  0.773E+01  0.000E+00  0.623E+00  0.000E+00  0.478E-02
210554.626      395110      834447  0.459E-02  0.000E+00  0.000E+00  0.781E+01  0.000E+00  0.647E+00  0.000E+00  0.475E-02
211554.765      395655      836154  0.459E-02  0.000E+00  0.000E+00  0.787E+01  0.000E+00  0.610E+00  0.000E+00  0.473E-02
212554.567      396183      837850  0.458E-02  0.000E+00  0.000E+00  0.748E+01  0.000E+00  0.625E+00  0.000E+00  0.472E-02
213554.826      396751      839542  0.457E-02  0.000E+00  0.000E+00  0.838E+01  0.000E+00  0.625E+00  0.000E+00  0.470E-02
214554.752      397268      841238  0.456E-02  0.000E+00  0.000E+00  0.786E+01  0.000E+00  0.590E+00  0.000E+00  0.468E-02
215554.899      397793      842936  0.455E-02  0.000E+00  0.000E+00  0.758E+01  0.000E+00  0.583E+00  0.000E+00  0.466E-02
220554.709      398300      844628  0.454E-02  0.000E+00  0.000E+00  0.740E+01  0.000E+00  0.579E+00  0.000E+00  0.464E-02
221554.605      398822      846324  0.454E-02  0.000E+00  0.000E+00  0.764E+01  0.000E+00  0.587E+00  0.000E+00  0.461E-02
222554.625      399328      848021  0.453E-02  0.000E+00  0.000E+00  0.735E+01  0.000E+00  0.594E+00  0.000E+00  0.460E-02
223554.547      399807      849724  0.452E-02  0.000E+00  0.000E+00  0.746E+01  0.000E+00  0.583E+00  0.000E+00  0.458E-02
224554.781      400334      851428  0.452E-02  0.000E+00  0.000E+00  0.762E+01  0.000E+00  0.597E+00  0.000E+00  0.456E-02
225554.857      400875      853138  0.451E-02  0.000E+00  0.000E+00  0.763E+01  0.000E+00  0.617E+00  0.000E+00  0.455E-02
230554.767      401391      854854  0.450E-02  0.000E+00  0.000E+00  0.756E+01  0.000E+00  0.617E+00  0.000E+00  0.453E-02
231554.550      401952      856556  0.449E-02  0.000E+00  0.000E+00  0.748E+01  0.000E+00  0.613E+00  0.000E+00  0.451E-02
232554.657      402469      858262  0.448E-02  0.000E+00  0.000E+00  0.747E+01  0.000E+00  0.620E+00  0.000E+00  0.449E-02
233554.737      403013      859971  0.448E-02  0.000E+00  0.000E+00  0.753E+01  0.000E+00  0.667E+00  0.000E+00  0.448E-02
234554.552      403486      861680  0.447E-02  0.000E+00  0.000E+00  0.754E+01  0.000E+00  0.624E+00  0.000E+00  0.446E-02
235554.565      403983      863395  0.446E-02  0.000E+00  0.000E+00  0.753E+01  0.000E+00  0.625E+00  0.000E+00  0.444E-02
000554.666      404503      865124  0.445E-02  0.000E+00  0.000E+00  0.758E+01  0.000E+00  0.652E+00  0.000E+00  0.442E-02
001554.705      405032      866880  0.445E-02  0.000E+00  0.000E+00  0.752E+01  0.000E+00  0.661E+00  0.000E+00  0.440E-02
002554.788      405555      868673  0.444E-02  0.000E+00  0.000E+00  0.755E+01  0.000E+00  0.632E+00  0.000E+00  0.438E-02
003554.810      406105      870488  0.443E-02  0.000E+00  0.000E+00  0.787E+01  0.000E+00  0.657E+00  0.000E+00  0.436E-02
004554.668      406639      872298  0.442E-02  0.000E+00  0.000E+00  0.778E+01  0.000E+00  0.634E+00  0.000E+00  0.433E-02
005554.687      407157      874124  0.442E-02  0.000E+00  0.000E+00  0.790E+01  0.000E+00  0.645E+00  0.000E+00  0.431E-02
010554.719      407711      875945  0.441E-02  0.000E+00  0.000E+00  0.793E+01  0.000E+00  0.622E+00  0.000E+00  0.429E-02
011554.636      408258      877742  0.440E-02  0.000E+00  0.000E+00  0.788E+01  0.000E+00  0.614E+00  0.000E+00  0.428E-02
012554.671      408796      879536  0.439E-02  0.000E+00  0.000E+00  0.779E+01  0.000E+00  0.631E+00  0.000E+00  0.426E-02
013554.805      409329      881345  0.439E-02  0.000E+00  0.000E+00  0.784E+01  0.000E+00  0.652E+00  0.000E+00  0.424E-02
014554.708      409901      883161  0.438E-02  0.000E+00  0.000E+00  0.813E+01  0.000E+00  0.651E+00  0.000E+00  0.423E-02
015554.598      410452      884987  0.437E-02  0.000E+00  0.000E+00  0.775E+01  0.000E+00  0.633E+00  0.000E+00  0.421E-02
020554.696      411000      886801  0.436E-02  0.000E+00  0.000E+00  0.781E+01  0.000E+00  0.629E+00  0.000E+00  0.419E-02
021554.691      411560      888619  0.436E-02  0.000E+00  0.000E+00  0.760E+01  0.000E+00  0.638E+00  0.000E+00  0.417E-02
022554.673      412088      890436  0.435E-02  0.000E+00  0.000E+00  0.760E+01  0.000E+00  0.631E+00  0.000E+00  0.415E-02
023554.849      412657      892248  0.434E-02  0.000E+00  0.000E+00  0.767E+01  0.000E+00  0.611E+00  0.000E+00  0.413E-02
024554.830      413220      894066  0.433E-02  0.000E+00  0.000E+00  0.792E+01  0.000E+00  0.626E+00  0.000E+00  0.412E-02
025554.708      413767      895885  0.433E-02  0.000E+00  0.000E+00  0.775E+01  0.000E+00  0.663E+00  0.000E+00  0.410E-02
030554.649      414352      897701  0.432E-02  0.000E+00  0.000E+00  0.755E+01  0.000E+00  0.621E+00  0.000E+00  0.408E-02
031554.728      414898      899507  0.431E-02  0.000E+00  0.000E+00  0.755E+01  0.000E+00  0.611E+00  0.000E+00  0.406E-02
032554.859      415392      901221  0.431E-02  0.000E+00  0.000E+00  0.765E+01  0.000E+00  0.613E+00  0.000E+00  0.404E-02
033554.656      415881      902876  0.430E-02  0.000E+00  0.000E+00  0.774E+01  0.000E+00  0.631E+00  0.000E+00  0.403E-02
034554.781      416372      904557  0.429E-02  0.000E+00  0.000E+00  0.762E+01  0.000E+00  0.641E+00  0.000E+00  0.401E-02
035554.794      416842      906231  0.429E-02  0.000E+00  0.000E+00  0.776E+01  0.000E+00  0.625E+00  0.000E+00  0.400E-02
040554.621      417361      907921  0.428E-02  0.000E+00  0.000E+00  0.778E+01  0.000E+00  0.643E+00  0.000E+00  0.398E-02
041554.708      417821      909609  0.427E-02  0.000E+00  0.000E+00  0.817E+01  0.000E+00  0.645E+00  0.000E+00  0.396E-02
042554.612      418342      911294  0.427E-02  0.000E+00  0.000E+00  0.775E+01  0.000E+00  0.654E+00  0.000E+00  0.395E-02
043554.826      418881      912971  0.426E-02  0.000E+00  0.000E+00  0.789E+01  0.000E+00  0.651E+00  0.000E+00  0.393E-02
044554.921      419384      914661  0.425E-02  0.000E+00  0.000E+00  0.833E+01  0.000E+00  0.647E+00  0.000E+00  0.392E-02
045554.583      419886      916345  0.425E-02  0.000E+00  0.000E+00  0.827E+01  0.000E+00  0.656E+00  0.000E+00  0.390E-02
050554.700      420361      918042  0.424E-02  0.000E+00  0.000E+00  0.833E+01  0.000E+00  0.636E+00  0.000E+00  0.389E-02
051554.896      420857      919735  0.423E-02  0.000E+00  0.000E+00  0.823E+01  0.000E+00  0.667E+00  0.000E+00  0.387E-02
052554.870      421364      921419  0.423E-02  0.000E+00  0.000E+00  0.799E+01  0.000E+00  0.654E+00  0.000E+00  0.385E-02
053554.775      421885      923103  0.422E-02  0.000E+00  0.000E+00  0.810E+01  0.000E+00  0.655E+00  0.000E+00  0.383E-02
054554.692      422343      924761  0.421E-02  0.000E+00  0.000E+00  0.822E+01  0.000E+00  0.645E+00  0.000E+00  0.382E-02
055554.822      422798      926429  0.421E-02  0.000E+00  0.000E+00  0.786E+01  0.000E+00  0.672E+00  0.000E+00  0.380E-02
060554.768      423263      928088  0.420E-02  0.000E+00  0.000E+00  0.801E+01  0.000E+00  0.639E+00  0.000E+00  0.379E-02
061554.850      423791      929789  0.419E-02  0.000E+00  0.000E+00  0.784E+01  0.000E+00  0.636E+00  0.000E+00  0.378E-02
062554.687      424345      931585  0.419E-02  0.000E+00  0.000E+00  0.780E+01  0.000E+00  0.641E+00  0.000E+00  0.376E-02
063554.780      424855      933409  0.418E-02  0.000E+00  0.000E+00  0.778E+01  0.000E+00  0.635E+00  0.000E+00  0.374E-02
064554.827      425411      935228  0.417E-02  0.000E+00  0.000E+00  0.771E+01  0.000E+00  0.648E+00  0.000E+00  0.372E-02
065554.750      425941      937049  0.416E-02  0.000E+00  0.000E+00  0.789E+01  0.000E+00  0.673E+00  0.000E+00  0.371E-02
070554.576      426474      938873  0.416E-02  0.000E+00  0.000E+00  0.777E+01  0.000E+00  0.627E+00  0.000E+00  0.369E-02
071554.597      426972      940642  0.415E-02  0.000E+00  0.000E+00  0.810E+01  0.000E+00  0.690E+00  0.000E+00  0.368E-02
072554.740      427468      942326  0.415E-02  0.000E+00  0.000E+00  0.758E+01  0.000E+00  0.707E+00  0.000E+00  0.366E-02
073554.689      427948      943998  0.414E-02  0.000E+00  0.000E+00  0.748E+01  0.000E+00  0.769E+00  0.000E+00  0.364E-02
074554.731      428423      945666  0.413E-02  0.000E+00  0.000E+00  0.755E+01  0.000E+00  0.707E+00  0.000E+00  0.362E-02
075554.577      428901      947340  0.413E-02  0.000E+00  0.000E+00  0.751E+01  0.000E+00  0.655E+00  0.000E+00  0.361E-02
080554.824      429360      949010  0.412E-02  0.000E+00  0.000E+00  0.743E+01  0.000E+00  0.643E+00  0.000E+00  0.359E-02
081554.735      429827      950655  0.412E-02  0.000E+00  0.000E+00  0.739E+01  0.000E+00  0.684E+00  0.000E+00  0.358E-02
082554.848      430327      952294  0.411E-02  0.000E+00  0.000E+00  0.757E+01  0.000E+00  0.682E+00  0.000E+00  0.357E-02
083554.701      430837      953940  0.410E-02  0.000E+00  0.000E+00  0.747E+01  0.000E+00  0.676E+00  0.000E+00  0.355E-02
084554.574      431304      955597  0.409E-02  0.000E+00  0.000E+00  0.747E+01  0.000E+00  0.672E+00  0.000E+00  0.354E-02
085554.870      431787      957280  0.409E-02  0.000E+00  0.000E+00  0.735E+01  0.000E+00  0.662E+00  0.000E+00  0.352E-02
090554.906      432291      958966  0.408E-02  0.000E+00  0.000E+00  0.742E+01  0.000E+00  0.664E+00  0.000E+00  0.351E-02
091554.871      432765      960654  0.408E-02  0.000E+00  0.000E+00  0.743E+01  0.000E+00  0.659E+00  0.000E+00  0.350E-02
092554.664      433253      962347  0.407E-02  0.000E+00  0.000E+00  0.785E+01  0.000E+00  0.660E+00  0.000E+00  0.349E-02
093554.773      433727      964046  0.406E-02  0.000E+00  0.000E+00  0.809E+01  0.000E+00  0.654E+00  0.000E+00  0.348E-02
094554.547      434222      965729  0.406E-02  0.000E+00  0.000E+00  0.739E+01  0.000E+00  0.652E+00  0.000E+00  0.346E-02
095554.894      434697      967391  0.405E-02  0.000E+00  0.000E+00  0.762E+01  0.000E+00  0.662E+00  0.000E+00  0.345E-02
100554.740      435218      969059  0.405E-02  0.000E+00  0.000E+00  0.753E+01  0.000E+00  0.669E+00  0.000E+00  0.343E-02
101554.701      435682      970735  0.404E-02  0.000E+00  0.000E+00  0.751E+01  0.000E+00  0.645E+00  0.000E+00  0.342E-02
102554.559      436144      972403  0.403E-02  0.000E+00  0.000E+00  0.761E+01  0.000E+00  0.631E+00  0.000E+00  0.341E-02
103554.886      436629      974108  0.403E-02  0.000E+00  0.000E+00  0.756E+01  0.000E+00  0.632E+00  0.000E+00  0.339E-02
104554.833      437102      975789  0.402E-02  0.000E+00  0.000E+00  0.738E+01  0.000E+00  0.662E+00  0.000E+00  0.338E-02
105554.861      437633      977482  0.401E-02  0.000E+00  0.000E+00  0.741E+01  0.000E+00  0.667E+00  0.000E+00  0.337E-02
110554.787      438102      979129  0.401E-02  0.000E+00  0.000E+00  0.736E+01  0.000E+00  0.649E+00  0.000E+00  0.335E-02
111554.844      438554      980785  0.400E-02  0.000E+00  0.000E+00  0.763E+01  0.000E+00  0.641E+00  0.000E+00  0.335E-02
112554.769      439001      982440  0.400E-02  0.000E+00  0.000E+00  0.727E+01  0.000E+00  0.659E+00  0.000E+00  0.334E-02
113554.584      439484      984105  0.399E-02  0.000E+00  0.000E+00  0.749E+01  0.000E+00  0.662E+00  0.000E+00  0.332E-02
114554.885      439962      985767  0.398E-02  0.000E+00  0.000E+00  0.713E+01  0.000E+00  0.671E+00  0.000E+00  0.331E-02
115554.654      440419      987445  0.398E-02  0.000E+00  0.000E+00  0.764E+01  0.000E+00  0.653E+00  0.000E+00  0.329E-02
120554.638      440935      989219  0.397E-02  0.000E+00  0.000E+00  0.715E+01  0.000E+00  0.661E+00  0.000E+00  0.328E-02
121554.712      441454      991039  0.397E-02  0.000E+00  0.000E+00  0.730E+01  0.000E+00  0.660E+00  0.000E+00  0.326E-02
122554.549      442005      992903  0.396E-02  0.000E+00  0.000E+00  0.699E+01  0.000E+00  0.639E+00  0.000E+00  0.325E-02
123554.693      442543      994770  0.395E-02  0.000E+00  0.000E+00  0.719E+01  0.000E+00  0.652E+00  0.000E+00  0.323E-02
124554.753      443059      996636  0.395E-02  0.000E+00  0.000E+00  0.714E+01  0.000E+00  0.722E+00  0.000E+00  0.322E-02
125554.814      443565      998509  0.394E-02  0.000E+00  0.000E+00  0.709E+01  0.000E+00  0.641E+00  0.000E+00  0.321E-02
130554.808      444100     1000376  0.393E-02  0.000E+00  0.000E+00  0.714E+01  0.000E+00  0.692E+00  0.000E+00  0.320E-02
131554.633      444604     1002240  0.393E-02  0.000E+00  0.000E+00  0.705E+01  0.000E+00  0.667E+00  0.000E+00  0.318E-02
132554.610      445121     1004099  0.392E-02  0.000E+00  0.000E+00  0.704E+01  0.000E+00  0.650E+00  0.000E+00  0.317E-02
133554.705      445626     1005959  0.391E-02  0.000E+00  0.000E+00  0.703E+01  0.000E+00  0.663E+00  0.000E+00  0.316E-02
134554.541      446129     1007832  0.391E-02  0.000E+00  0.000E+00  0.732E+01  0.000E+00  0.676E+00  0.000E+00  0.314E-02
135554.574      446689     1009692  0.390E-02  0.000E+00  0.000E+00  0.740E+01  0.000E+00  0.663E+00  0.000E+00  0.313E-02
140554.589      447226     1011554  0.389E-02  0.000E+00  0.000E+00  0.728E+01  0.000E+00  0.646E+00  0.000E+00  0.312E-02
141554.695      447750     1013422  0.389E-02  0.000E+00  0.000E+00  0.728E+01  0.000E+00  0.685E+00  0.000E+00  0.310E-02
142554.746      448272     1015290  0.388E-02  0.000E+00  0.000E+00  0.746E+01  0.000E+00  0.685E+00  0.000E+00  0.309E-02
143554.837      448851     1017159  0.387E-02  0.000E+00  0.000E+00  0.725E+01  0.000E+00  0.675E+00  0.000E+00  0.307E-02
144554.684      449383     1019030  0.387E-02  0.000E+00  0.000E+00  0.721E+01  0.000E+00  0.673E+00  0.000E+00  0.305E-02
145554.685      449934     1020902  0.386E-02  0.000E+00  0.000E+00  0.709E+01  0.000E+00  0.688E+00  0.000E+00  0.304E-02
150554.635      450452     1022766  0.386E-02  0.000E+00  0.000E+00  0.710E+01  0.000E+00  0.673E+00  0.000E+00  0.303E-02
151554.801      450973     1024641  0.385E-02  0.000E+00  0.000E+00  0.715E+01  0.000E+00  0.694E+00  0.000E+00  0.302E-02
152554.642      451507     1026504  0.384E-02  0.000E+00  0.000E+00  0.734E+01  0.000E+00  0.676E+00  0.000E+00  0.300E-02
153554.832      452025     1028375  0.384E-02  0.000E+00  0.000E+00  0.769E+01  0.000E+00  0.668E+00  0.000E+00  0.299E-02
154554.694      452601     1030243  0.383E-02  0.000E+00  0.000E+00  0.769E+01  0.000E+00  0.697E+00  0.000E+00  0.298E-02
155554.573      453130     1032105  0.382E-02  0.000E+00  0.000E+00  0.735E+01  0.000E+00  0.675E+00  0.000E+00  0.296E-02
160554.769      453655     1033969  0.382E-02  0.000E+00  0.000E+00  0.734E+01  0.000E+00  0.701E+00  0.000E+00  0.295E-02
161554.859      454171     1035833  0.381E-02  0.000E+00  0.000E+00  0.710E+01  0.000E+00  0.667E+00  0.000E+00  0.294E-02
162554.558      454723     1037699  0.381E-02  0.000E+00  0.000E+00  0.725E+01  0.000E+00  0.658E+00  0.000E+00  0.293E-02
163554.822      455244     1039574  0.380E-02  0.000E+00  0.000E+00  0.712E+01  0.000E+00  0.668E+00  0.000E+00  0.291E-02
164554.551      455752     1041440  0.379E-02  0.000E+00  0.000E+00  0.711E+01  0.000E+00  0.669E+00  0.000E+00  0.290E-02
165554.532      456242     1043307  0.379E-02  0.000E+00  0.000E+00  0.713E+01  0.000E+00  0.666E+00  0.000E+00  0.289E-02
170554.747      456741     1045170  0.378E-02  0.000E+00  0.000E+00  0.733E+01  0.000E+00  0.698E+00  0.000E+00  0.287E-02
171554.716      457261     1047038  0.378E-02  0.000E+00  0.000E+00  0.744E+01  0.000E+00  0.692E+00  0.000E+00  0.286E-02
172554.593      457799     1048910  0.377E-02  0.000E+00  0.000E+00  0.735E+01  0.000E+00  0.659E+00  0.000E+00  0.285E-02
173554.735      458327     1050777  0.377E-02  0.000E+00  0.000E+00  0.754E+01  0.000E+00  0.670E+00  0.000E+00  0.283E-02
174554.780      458807     1052642  0.376E-02  0.000E+00  0.000E+00  0.745E+01  0.000E+00  0.659E+00  0.000E+00  0.282E-02
175554.734      459320     1054502  0.375E-02  0.000E+00  0.000E+00  0.745E+01  0.000E+00  0.684E+00  0.000E+00  0.281E-02
180554.630      459878     1056372  0.375E-02  0.000E+00  0.000E+00  0.731E+01  0.000E+00  0.684E+00  0.000E+00  0.280E-02
181554.791      460369     1058236  0.374E-02  0.000E+00  0.000E+00  0.704E+01  0.000E+00  0.739E+00  0.000E+00  0.278E-02
182554.579      460876     1060107  0.374E-02  0.000E+00  0.000E+00  0.709E+01  0.000E+00  0.666E+00  0.000E+00  0.277E-02
183554.676      461391     1061972  0.373E-02  0.000E+00  0.000E+00  0.704E+01  0.000E+00  0.655E+00  0.000E+00  0.276E-02
184554.660      461918     1063840  0.372E-02  0.000E+00  0.000E+00  0.732E+01  0.000E+00  0.664E+00  0.000E+00  0.275E-02
185554.755      462446     1065710  0.372E-02  0.000E+00  0.000E+00  0.709E+01  0.000E+00  0.678E+00  0.000E+00  0.273E-02
190554.683      462957     1067577  0.371E-02  0.000E+00  0.000E+00  0.719E+01  0.000E+00  0.637E+00  0.000E+00  0.272E-02
191554.829      463479     1069436  0.371E-02  0.000E+00  0.000E+00  0.730E+01  0.000E+00  0.655E+00  0.000E+00  0.271E-02
192554.724      463994     1071301  0.370E-02  0.000E+00  0.000E+00  0.737E+01  0.000E+00  0.646E+00  0.000E+00  0.269E-02
193554.607      464529     1073170  0.369E-02  0.000E+00  0.000E+00  0.725E+01  0.000E+00  0.658E+00  0.000E+00  0.268E-02
194554.649      465020     1075036  0.369E-02  0.000E+00  0.000E+00  0.730E+01  0.000E+00  0.646E+00  0.000E+00  0.267E-02
195554.619      465519     1076902  0.368E-02  0.000E+00  0.000E+00  0.743E+01  0.000E+00  0.641E+00  0.000E+00  0.265E-02
200554.651      466031     1078784  0.368E-02  0.000E+00  0.000E+00  0.692E+01  0.000E+00  0.664E+00  0.000E+00  0.264E-02
201554.707      466563     1080651  0.367E-02  0.000E+00  0.000E+00  0.700E+01  0.000E+00  0.696E+00  0.000E+00  0.263E-02
202554.747      467120     1082520  0.367E-02  0.000E+00  0.000E+00  0.706E+01  0.000E+00  0.671E+00  0.000E+00  0.261E-02
203554.714      467656     1084380  0.366E-02  0.000E+00  0.000E+00  0.695E+01  0.000E+00  0.641E+00  0.000E+00  0.260E-02
204554.647      468202     1086251  0.366E-02  0.000E+00  0.000E+00  0.701E+01  0.000E+00  0.642E+00  0.000E+00  0.259E-02
205554.543      468728     1088121  0.365E-02  0.000E+00  0.000E+00  0.717E+01  0.000E+00  0.636E+00  0.000E+00  0.257E-02
210554.756      469213     1089990  0.365E-02  0.000E+00  0.000E+00  0.746E+01  0.000E+00  0.661E+00  0.000E+00  0.256E-02
211554.572      469695     1091857  0.364E-02  0.000E+00  0.000E+00  0.719E+01  0.000E+00  0.637E+00  0.000E+00  0.255E-02
212554.711      470196     1093728  0.363E-02  0.000E+00  0.000E+00  0.697E+01  0.000E+00  0.635E+00  0.000E+00  0.254E-02
213554.622      470702     1095593  0.363E-02  0.000E+00  0.000E+00  0.726E+01  0.000E+00  0.646E+00  0.000E+00  0.253E-02
214554.792      471233     1097462  0.362E-02  0.000E+00  0.000E+00  0.718E+01  0.000E+00  0.649E+00  0.000E+00  0.252E-02
215554.553      471765     1099321  0.362E-02  0.000E+00  0.000E+00  0.799E+01  0.000E+00  0.713E+00  0.000E+00  0.251E-02
220554.863      472277     1101183  0.361E-02  0.000E+00  0.000E+00  0.778E+01  0.000E+00  0.683E+00  0.000E+00  0.250E-02
221554.562      472765     1103031  0.361E-02  0.000E+00  0.000E+00  0.731E+01  0.000E+00  0.697E+00  0.000E+00  0.249E-02
222554.562      473240     1104894  0.360E-02  0.000E+00  0.000E+00  0.712E+01  0.000E+00  0.641E+00  0.000E+00  0.248E-02
223554.777      473773     1106764  0.360E-02  0.000E+00  0.000E+00  0.736E+01  0.000E+00  0.673E+00  0.000E+00  0.247E-02
224554.648      474295     1108626  0.359E-02  0.000E+00  0.000E+00  0.722E+01  0.000E+00  0.651E+00  0.000E+00  0.246E-02
225554.668      474822     1110495  0.358E-02  0.000E+00  0.000E+00  0.744E+01  0.000E+00  0.645E+00  0.000E+00  0.245E-02
230554.781      475336     1112362  0.358E-02  0.000E+00  0.000E+00  0.720E+01  0.000E+00  0.647E+00  0.000E+00  0.244E-02
231554.675      475878     1114230  0.357E-02  0.000E+00  0.000E+00  0.717E+01  0.000E+00  0.693E+00  0.000E+00  0.243E-02
232554.737      476406     1116100  0.357E-02  0.000E+00  0.000E+00  0.727E+01  0.000E+00  0.692E+00  0.000E+00  0.241E-02
233554.748      476930     1117964  0.356E-02  0.000E+00  0.000E+00  0.724E+01  0.000E+00  0.685E+00  0.000E+00  0.240E-02
234554.699      477441     1119839  0.356E-02  0.000E+00  0.000E+00  0.720E+01  0.000E+00  0.685E+00  0.000E+00  0.239E-02
235554.622      477970     1121702  0.355E-02  0.000E+00  0.000E+00  0.747E+01  0.000E+00  0.692E+00  0.000E+00  0.238E-02
000554.581      478476     1123565  0.355E-02  0.000E+00  0.000E+00  0.718E+01  0.000E+00  0.707E+00  0.000E+00  0.237E-02
001554.772      478993     1125438  0.354E-02  0.000E+00  0.000E+00  0.731E+01  0.000E+00  0.721E+00  0.000E+00  0.235E-02
002554.666      479531     1127304  0.354E-02  0.000E+00  0.000E+00  0.740E+01  0.000E+00  0.724E+00  0.000E+00  0.234E-02
003554.843      480048     1129175  0.353E-02  0.000E+00  0.000E+00  0.734E+01  0.000E+00  0.681E+00  0.000E+00  0.233E-02
004554.833      480584     1131048  0.352E-02  0.000E+00  0.000E+00  0.754E+01  0.000E+00  0.724E+00  0.000E+00  0.232E-02
005554.752      481100     1132917  0.352E-02  0.000E+00  0.000E+00  0.752E+01  0.000E+00  0.686E+00  0.000E+00  0.231E-02
010554.671      481618     1134784  0.351E-02  0.000E+00  0.000E+00  0.754E+01  0.000E+00  0.682E+00  0.000E+00  0.230E-02
011554.720      482121     1136654  0.351E-02  0.000E+00  0.000E+00  0.749E+01  0.000E+00  0.667E+00  0.000E+00  0.229E-02
012554.633      482607     1138525  0.350E-02  0.000E+00  0.000E+00  0.765E+01  0.000E+00  0.679E+00  0.000E+00  0.227E-02
013554.665      483180     1140398  0.350E-02  0.000E+00  0.000E+00  0.763E+01  0.000E+00  0.666E+00  0.000E+00  0.226E-02
014554.592      483663     1142269  0.349E-02  0.000E+00  0.000E+00  0.744E+01  0.000E+00  0.693E+00  0.000E+00  0.225E-02
015554.759      484151     1144136  0.349E-02  0.000E+00  0.000E+00  0.739E+01  0.000E+00  0.675E+00  0.000E+00  0.224E-02
020554.644      484651     1146004  0.348E-02  0.000E+00  0.000E+00  0.741E+01  0.000E+00  0.680E+00  0.000E+00  0.223E-02
021554.555      485169     1147876  0.348E-02  0.000E+00  0.000E+00  0.768E+01  0.000E+00  0.670E+00  0.000E+00  0.222E-02
022554.548      485704     1149737  0.347E-02  0.000E+00  0.000E+00  0.746E+01  0.000E+00  0.664E+00  0.000E+00  0.221E-02
023554.561      486194     1151607  0.347E-02  0.000E+00  0.000E+00  0.751E+01  0.000E+00  0.785E+00  0.000E+00  0.220E-02
024554.752      486681     1153476  0.346E-02  0.000E+00  0.000E+00  0.751E+01  0.000E+00  0.692E+00  0.000E+00  0.219E-02
025554.674      487184     1155341  0.346E-02  0.000E+00  0.000E+00  0.751E+01  0.000E+00  0.665E+00  0.000E+00  0.218E-02
030554.647      487661     1157209  0.345E-02  0.000E+00  0.000E+00  0.757E+01  0.000E+00  0.691E+00  0.000E+00  0.217E-02
031554.660      488174     1159076  0.345E-02  0.000E+00  0.000E+00  0.754E+01  0.000E+00  0.653E+00  0.000E+00  0.216E-02
032554.587      488659     1160943  0.344E-02  0.000E+00  0.000E+00  0.757E+01  0.000E+00  0.701E+00  0.000E+00  0.215E-02
033554.639      489159     1162808  0.344E-02  0.000E+00  0.000E+00  0.775E+01  0.000E+00  0.693E+00  0.000E+00  0.214E-02
034554.656      489616     1164682  0.344E-02  0.000E+00  0.000E+00  0.777E+01  0.000E+00  0.769E+00  0.000E+00  0.213E-02
035554.722      490134     1166555  0.343E-02  0.000E+00  0.000E+00  0.786E+01  0.000E+00  0.664E+00  0.000E+00  0.212E-02
040554.782      490655     1168422  0.343E-02  0.000E+00  0.000E+00  0.780E+01  0.000E+00  0.673E+00  0.000E+00  0.211E-02
041554.632      491118     1170291  0.342E-02  0.000E+00  0.000E+00  0.802E+01  0.000E+00  0.681E+00  0.000E+00  0.210E-02
042554.616      491632     1172164  0.342E-02  0.000E+00  0.000E+00  0.788E+01  0.000E+00  0.703E+00  0.000E+00  0.209E-02
043554.581      492144     1174025  0.341E-02  0.000E+00  0.000E+00  0.768E+01  0.000E+00  0.676E+00  0.000E+00  0.208E-02
044554.658      492642     1175895  0.341E-02  0.000E+00  0.000E+00  0.778E+01  0.000E+00  0.681E+00  0.000E+00  0.207E-02
045554.769      493130     1177758  0.340E-02  0.000E+00  0.000E+00  0.771E+01  0.000E+00  0.663E+00  0.000E+00  0.207E-02
050554.555      493605     1179629  0.340E-02  0.000E+00  0.000E+00  0.775E+01  0.000E+00  0.657E+00  0.000E+00  0.206E-02
051554.567      494101     1181501  0.339E-02  0.000E+00  0.000E+00  0.827E+01  0.000E+00  0.652E+00  0.000E+00  0.205E-02
052554.604      494597     1183374  0.339E-02  0.000E+00  0.000E+00  0.772E+01  0.000E+00  0.689E+00  0.000E+00  0.204E-02
053554.747      495100     1185247  0.338E-02  0.000E+00  0.000E+00  0.772E+01  0.000E+00  0.683E+00  0.000E+00  0.203E-02
054554.561      495590     1187118  0.338E-02  0.000E+00  0.000E+00  0.774E+01  0.000E+00  0.700E+00  0.000E+00  0.202E-02
055554.600      496077     1188989  0.337E-02  0.000E+00  0.000E+00  0.788E+01  0.000E+00  0.695E+00  0.000E+00  0.201E-02
060554.560      496577     1190864  0.337E-02  0.000E+00  0.000E+00  0.776E+01  0.000E+00  0.712E+00  0.000E+00  0.200E-02
061554.731      497062     1192737  0.337E-02  0.000E+00  0.000E+00  0.764E+01  0.000E+00  0.708E+00  0.000E+00  0.199E-02
062554.850      497549     1194605  0.336E-02  0.000E+00  0.000E+00  0.791E+01  0.000E+00  0.682E+00  0.000E+00  0.199E-02
063554.775      498074     1196476  0.336E-02  0.000E+00  0.000E+00  0.792E+01  0.000E+00  0.689E+00  0.000E+00  0.198E-02
064554.646      498564     1198350  0.335E-02  0.000E+00  0.000E+00  0.786E+01  0.000E+00  0.704E+00  0.000E+00  0.197E-02
065554.628      499058     1200220  0.335E-02  0.000E+00  0.000E+00  0.774E+01  0.000E+00  0.699E+00  0.000E+00  0.196E-02
070554.799      499576     1202090  0.334E-02  0.000E+00  0.000E+00  0.772E+01  0.000E+00  0.749E+00  0.000E+00  0.195E-02
071554.682      500069     1203963  0.334E-02  0.000E+00  0.000E+00  0.767E+01  0.000E+00  0.751E+00  0.000E+00  0.194E-02
072554.612      500568     1205834  0.333E-02  0.000E+00  0.000E+00  0.789E+01  0.000E+00  0.757E+00  0.000E+00  0.193E-02
073554.663      501074     1207709  0.333E-02  0.000E+00  0.000E+00  0.764E+01  0.000E+00  0.759E+00  0.000E+00  0.192E-02
074554.629      501589     1209581  0.332E-02  0.000E+00  0.000E+00  0.771E+01  0.000E+00  0.770E+00  0.000E+00  0.191E-02
075554.711      502149     1211452  0.332E-02  0.000E+00  0.000E+00  0.761E+01  0.000E+00  0.751E+00  0.000E+00  0.190E-02
080554.608      502631     1213309  0.331E-02  0.000E+00  0.000E+00  0.763E+01  0.000E+00  0.734E+00  0.000E+00  0.189E-02
081554.631      503106     1215156  0.331E-02  0.000E+00  0.000E+00  0.760E+01  0.000E+00  0.747E+00  0.000E+00  0.188E-02
082554.788      503616     1217011  0.331E-02  0.000E+00  0.000E+00  0.807E+01  0.000E+00  0.747E+00  0.000E+00  0.188E-02
083554.716      504113     1218870  0.330E-02  0.000E+00  0.000E+00  0.753E+01  0.000E+00  0.790E+00  0.000E+00  0.187E-02
084554.744      504626     1220740  0.330E-02  0.000E+00  0.000E+00  0.750E+01  0.000E+00  0.829E+00  0.000E+00  0.186E-02
085554.677      505114     1222605  0.329E-02  0.000E+00  0.000E+00  0.773E+01  0.000E+00  0.770E+00  0.000E+00  0.185E-02
090554.802      505651     1224476  0.329E-02  0.000E+00  0.000E+00  0.767E+01  0.000E+00  0.756E+00  0.000E+00  0.184E-02
091554.796      506159     1226348  0.328E-02  0.000E+00  0.000E+00  0.760E+01  0.000E+00  0.757E+00  0.000E+00  0.183E-02
092554.695      506648     1228224  0.328E-02  0.000E+00  0.000E+00  0.814E+01  0.000E+00  0.750E+00  0.000E+00  0.182E-02
093554.834      507171     1230096  0.327E-02  0.000E+00  0.000E+00  0.773E+01  0.000E+00  0.773E+00  0.000E+00  0.182E-02
094554.621      507679     1231962  0.327E-02  0.000E+00  0.000E+00  0.775E+01  0.000E+00  0.777E+00  0.000E+00  0.181E-02
095554.812      508164     1233828  0.327E-02  0.000E+00  0.000E+00  0.813E+01  0.000E+00  0.753E+00  0.000E+00  0.180E-02
100554.812      508625     1235699  0.326E-02  0.000E+00  0.000E+00  0.780E+01  0.000E+00  0.749E+00  0.000E+00  0.179E-02
101554.797      509123     1237568  0.326E-02  0.000E+00  0.000E+00  0.775E+01  0.000E+00  0.775E+00  0.000E+00  0.178E-02
102554.734      509651     1239439  0.325E-02  0.000E+00  0.000E+00  0.771E+01  0.000E+00  0.776E+00  0.000E+00  0.177E-02
103554.805      510164     1241308  0.325E-02  0.000E+00  0.000E+00  0.758E+01  0.000E+00  0.776E+00  0.000E+00  0.177E-02
104554.818      510649     1243182  0.324E-02  0.000E+00  0.000E+00  0.743E+01  0.000E+00  0.764E+00  0.000E+00  0.176E-02
105554.739      511133     1245055  0.324E-02  0.000E+00  0.000E+00  0.739E+01  0.000E+00  0.751E+00  0.000E+00  0.175E-02
110554.685      511630     1246929  0.324E-02  0.000E+00  0.000E+00  0.739E+01  0.000E+00  0.732E+00  0.000E+00  0.174E-02
111554.849      512162     1248803  0.323E-02  0.000E+00  0.000E+00  0.792E+01  0.000E+00  0.756E+00  0.000E+00  0.173E-02
112554.754      512684     1250674  0.323E-02  0.000E+00  0.000E+00  0.752E+01  0.000E+00  0.756E+00  0.000E+00  0.173E-02
113554.614      513169     1252537  0.322E-02  0.000E+00  0.000E+00  0.779E+01  0.000E+00  0.767E+00  0.000E+00  0.172E-02
114554.664      513661     1254408  0.322E-02  0.000E+00  0.000E+00  0.763E+01  0.000E+00  0.781E+00  0.000E+00  0.171E-02
115554.751      514152     1256278  0.321E-02  0.000E+00  0.000E+00  0.798E+01  0.000E+00  0.723E+00  0.000E+00  0.170E-02
120554.708      514671     1258150  0.321E-02  0.000E+00  0.000E+00  0.776E+01  0.000E+00  0.736E+00  0.000E+00  0.169E-02
121554.718      515172     1260017  0.320E-02  0.000E+00  0.000E+00  0.776E+01  0.000E+00  0.783E+00  0.000E+00  0.169E-02
122554.700      515664     1261887  0.320E-02  0.000E+00  0.000E+00  0.794E+01  0.000E+00  0.706E+00  0.000E+00  0.168E-02
123554.548      516121     1263755  0.320E-02  0.000E+00  0.000E+00  0.784E+01  0.000E+00  0.728E+00  0.000E+00  0.167E-02
124554.805      516601     1265625  0.319E-02  0.000E+00  0.000E+00  0.803E+01  0.000E+00  0.759E+00  0.000E+00  0.166E-02
125554.680      517093     1267500  0.319E-02  0.000E+00  0.000E+00  0.784E+01  0.000E+00  0.707E+00  0.000E+00  0.166E-02
130554.573      517563     1269377  0.318E-02  0.000E+00  0.000E+00  0.763E+01  0.000E+00  0.708E+00  0.000E+00  0.165E-02
131554.728      518047     1271251  0.318E-02  0.000E+00  0.000E+00  0.764E+01  0.000E+00  0.776E+00  0.000E+00  0.164E-02
132554.662      518527     1273119  0.318E-02  0.000E+00  0.000E+00  0.763E+01  0.000E+00  0.726E+00  0.000E+00  0.163E-02
133554.645      519007     1274995  0.317E-02  0.000E+00  0.000E+00  0.762E+01  0.000E+00  0.711E+00  0.000E+00  0.162E-02
134554.757      519473     1276867  0.317E-02  0.000E+00  0.000E+00  0.767E+01  0.000E+00  0.710E+00  0.000E+00  0.162E-02
135554.765      519954     1278734  0.317E-02  0.000E+00  0.000E+00  0.791E+01  0.000E+00  0.760E+00  0.000E+00  0.161E-02
140554.575      520426     1280603  0.316E-02  0.000E+00  0.000E+00  0.780E+01  0.000E+00  0.723E+00  0.000E+00  0.160E-02
141554.692      520891     1282466  0.316E-02  0.000E+00  0.000E+00  0.767E+01  0.000E+00  0.714E+00  0.000E+00  0.160E-02
142554.642      521371     1284328  0.315E-02  0.000E+00  0.000E+00  0.789E+01  0.000E+00  0.729E+00  0.000E+00  0.159E-02
143554.821      521841     1286198  0.315E-02  0.000E+00  0.000E+00  0.767E+01  0.000E+00  0.714E+00  0.000E+00  0.158E-02
144554.540      522313     1288062  0.315E-02  0.000E+00  0.000E+00  0.802E+01  0.000E+00  0.708E+00  0.000E+00  0.158E-02
145554.658      522758     1289928  0.314E-02  0.000E+00  0.000E+00  0.775E+01  0.000E+00  0.690E+00  0.000E+00  0.157E-02
150554.660      523235     1291791  0.314E-02  0.000E+00  0.000E+00  0.788E+01  0.000E+00  0.687E+00  0.000E+00  0.156E-02
151554.606      523694     1293655  0.314E-02  0.000E+00  0.000E+00  0.765E+01  0.000E+00  0.739E+00  0.000E+00  0.156E-02
152554.806      524152     1295526  0.313E-02  0.000E+00  0.000E+00  0.786E+01  0.000E+00  0.713E+00  0.000E+00  0.155E-02
153554.752      524649     1297395  0.313E-02  0.000E+00  0.000E+00  0.784E+01  0.000E+00  0.749E+00  0.000E+00  0.154E-02
154554.562      525127     1299263  0.313E-02  0.000E+00  0.000E+00  0.784E+01  0.000E+00  0.713E+00  0.000E+00  0.154E-02
155554.711      525603     1301131  0.312E-02  0.000E+00  0.000E+00  0.795E+01  0.000E+00  0.713E+00  0.000E+00  0.153E-02
160554.795      526088     1303004  0.312E-02  0.000E+00  0.000E+00  0.774E+01  0.000E+00  0.747E+00  0.000E+00  0.153E-02
161554.779      526584     1304869  0.311E-02  0.000E+00  0.000E+00  0.768E+01  0.000E+00  0.729E+00  0.000E+00  0.152E-02
162554.634      527069     1306726  0.311E-02  0.000E+00  0.000E+00  0.786E+01  0.000E+00  0.718E+00  0.000E+00  0.151E-02
163554.764      527550     1308541  0.311E-02  0.000E+00  0.000E+00  0.797E+01  0.000E+00  0.774E+00  0.000E+00  0.150E-02
164554.564      528018     1310352  0.310E-02  0.000E+00  0.000E+00  0.811E+01  0.000E+00  0.744E+00  0.000E+00  0.150E-02
165554.630      528429     1312144  0.310E-02  0.000E+00  0.000E+00  0.802E+01  0.000E+00  0.731E+00  0.000E+00  0.149E-02
170554.603      528842     1313900  0.310E-02  0.000E+00  0.000E+00  0.797E+01  0.000E+00  0.732E+00  0.000E+00  0.148E-02
171554.626      529280     1315657  0.309E-02  0.000E+00  0.000E+00  0.787E+01  0.000E+00  0.743E+00  0.000E+00  0.148E-02
172554.877      529712     1317397  0.309E-02  0.000E+00  0.000E+00  0.786E+01  0.000E+00  0.753E+00  0.000E+00  0.147E-02
173554.762      530163     1319139  0.309E-02  0.000E+00  0.000E+00  0.805E+01  0.000E+00  0.746E+00  0.000E+00  0.147E-02
174554.696      530590     1320881  0.308E-02  0.000E+00  0.000E+00  0.788E+01  0.000E+00  0.734E+00  0.000E+00  0.146E-02
175554.728      531031     1322602  0.308E-02  0.000E+00  0.000E+00  0.789E+01  0.000E+00  0.752E+00  0.000E+00  0.145E-02
180554.876      531479     1324308  0.308E-02  0.000E+00  0.000E+00  0.822E+01  0.000E+00  0.703E+00  0.000E+00  0.145E-02
181554.677      531924     1325998  0.307E-02  0.000E+00  0.000E+00  0.768E+01  0.000E+00  0.726E+00  0.000E+00  0.144E-02
182554.803      532370     1327710  0.307E-02  0.000E+00  0.000E+00  0.777E+01  0.000E+00  0.689E+00  0.000E+00  0.144E-02
183554.736      532825     1329376  0.307E-02  0.000E+00  0.000E+00  0.767E+01  0.000E+00  0.674E+00  0.000E+00  0.143E-02
184554.734      533291     1331162  0.306E-02  0.000E+00  0.000E+00  0.843E+01  0.000E+00  0.710E+00  0.000E+00  0.143E-02
185554.840      533738     1332980  0.306E-02  0.000E+00  0.000E+00  0.806E+01  0.000E+00  0.712E+00  0.000E+00  0.142E-02
190554.720      534206     1334792  0.306E-02  0.000E+00  0.000E+00  0.791E+01  0.000E+00  0.713E+00  0.000E+00  0.141E-02
191554.744      534688     1336598  0.305E-02  0.000E+00  0.000E+00  0.833E+01  0.000E+00  0.757E+00  0.000E+00  0.141E-02
192554.665      535147     1338407  0.305E-02  0.000E+00  0.000E+00  0.796E+01  0.000E+00  0.766E+00  0.000E+00  0.140E-02
193554.569      535584     1340202  0.305E-02  0.000E+00  0.000E+00  0.797E+01  0.000E+00  0.732E+00  0.000E+00  0.140E-02
194554.774      536022     1341968  0.304E-02  0.000E+00  0.000E+00  0.797E+01  0.000E+00  0.793E+00  0.000E+00  0.139E-02
195554.642      536494     1343751  0.304E-02  0.000E+00  0.000E+00  0.791E+01  0.000E+00  0.702E+00  0.000E+00  0.138E-02
200554.790      536978     1345530  0.304E-02  0.000E+00  0.000E+00  0.843E+01  0.000E+00  0.790E+00  0.000E+00  0.138E-02
201554.657      537417     1347308  0.304E-02  0.000E+00  0.000E+00  0.795E+01  0.000E+00  0.751E+00  0.000E+00  0.137E-02
202554.577      537852     1349076  0.303E-02  0.000E+00  0.000E+00  0.815E+01  0.000E+00  0.744E+00  0.000E+00  0.137E-02
203554.609      538288     1350875  0.303E-02  0.000E+00  0.000E+00  0.810E+01  0.000E+00  0.746E+00  0.000E+00  0.136E-02
204554.549      538755     1352674  0.302E-02  0.000E+00  0.000E+00  0.802E+01  0.000E+00  0.752E+00  0.000E+00  0.135E-02
205554.547      539216     1354470  0.302E-02  0.000E+00  0.000E+00  0.799E+01  0.000E+00  0.781E+00  0.000E+00  0.135E-02
210554.748      539657     1356284  0.302E-02  0.000E+00  0.000E+00  0.787E+01  0.000E+00  0.744E+00  0.000E+00  0.134E-02
211554.701      540126     1358105  0.302E-02  0.000E+00  0.000E+00  0.836E+01  0.000E+00  0.706E+00  0.000E+00  0.134E-02
212554.551      540608     1359955  0.301E-02  0.000E+00  0.000E+00  0.800E+01  0.000E+00  0.730E+00  0.000E+00  0.133E-02
213554.860      541088     1361808  0.301E-02  0.000E+00  0.000E+00  0.806E+01  0.000E+00  0.747E+00  0.000E+00  0.132E-02
214554.841      541539     1363666  0.301E-02  0.000E+00  0.000E+00  0.804E+01  0.000E+00  0.759E+00  0.000E+00  0.132E-02
215554.661      542001     1365523  0.300E-02  0.000E+00  0.000E+00  0.805E+01  0.000E+00  0.709E+00  0.000E+00  0.131E-02
220554.836      542454     1367377  0.300E-02  0.000E+00  0.000E+00  0.797E+01  0.000E+00  0.766E+00  0.000E+00  0.131E-02
221554.801      542936     1369235  0.300E-02  0.000E+00  0.000E+00  0.799E+01  0.000E+00  0.765E+00  0.000E+00  0.130E-02
222554.852      543407     1371092  0.299E-02  0.000E+00  0.000E+00  0.797E+01  0.000E+00  0.754E+00  0.000E+00  0.130E-02
223554.605      543837     1372949  0.299E-02  0.000E+00  0.000E+00  0.800E+01  0.000E+00  0.741E+00  0.000E+00  0.129E-02
224554.852      544303     1374796  0.299E-02  0.000E+00  0.000E+00  0.826E+01  0.000E+00  0.689E+00  0.000E+00  0.129E-02
225554.658      544746     1376587  0.298E-02  0.000E+00  0.000E+00  0.814E+01  0.000E+00  0.688E+00  0.000E+00  0.128E-02
230554.570      545192     1378360  0.298E-02  0.000E+00  0.000E+00  0.806E+01  0.000E+00  0.719E+00  0.000E+00  0.127E-02
231554.682      545659     1380156  0.298E-02  0.000E+00  0.000E+00  0.808E+01  0.000E+00  0.689E+00  0.000E+00  0.127E-02
232554.758      546116     1381967  0.297E-02  0.000E+00  0.000E+00  0.817E+01  0.000E+00  0.687E+00  0.000E+00  0.126E-02
233554.769      546536     1383783  0.297E-02  0.000E+00  0.000E+00  0.808E+01  0.000E+00  0.701E+00  0.000E+00  0.126E-02
234554.868      546970     1385440  0.297E-02  0.000E+00  0.000E+00  0.862E+01  0.000E+00  0.722E+00  0.000E+00  0.125E-02
235554.900      547403     1387073  0.297E-02  0.000E+00  0.000E+00  0.807E+01  0.000E+00  0.715E+00  0.000E+00  0.125E-02
000554.872      547802     1388711  0.296E-02  0.000E+00  0.000E+00  0.857E+01  0.000E+00  0.735E+00  0.000E+00  0.125E-02
001554.600      548165     1390336  0.296E-02  0.000E+00  0.000E+00  0.810E+01  0.000E+00  0.719E+00  0.000E+00  0.124E-02
002554.909      548548     1391968  0.296E-02  0.000E+00  0.000E+00  0.846E+01  0.000E+00  0.698E+00  0.000E+00  0.124E-02
003554.753      548933     1393605  0.296E-02  0.000E+00  0.000E+00  0.830E+01  0.000E+00  0.689E+00  0.000E+00  0.123E-02
004554.863      549332     1395226  0.295E-02  0.000E+00  0.000E+00  0.826E+01  0.000E+00  0.677E+00  0.000E+00  0.123E-02
005554.859      549738     1396849  0.295E-02  0.000E+00  0.000E+00  0.838E+01  0.000E+00  0.685E+00  0.000E+00  0.122E-02
010554.611      550143     1398476  0.295E-02  0.000E+00  0.000E+00  0.832E+01  0.000E+00  0.698E+00  0.000E+00  0.122E-02
011554.681      550523     1400104  0.295E-02  0.000E+00  0.000E+00  0.863E+01  0.000E+00  0.711E+00  0.000E+00  0.121E-02
012554.868      550935     1401734  0.294E-02  0.000E+00  0.000E+00  0.877E+01  0.000E+00  0.717E+00  0.000E+00  0.121E-02
013554.826      551348     1403358  0.294E-02  0.000E+00  0.000E+00  0.808E+01  0.000E+00  0.740E+00  0.000E+00  0.120E-02
014554.741      551761     1404987  0.294E-02  0.000E+00  0.000E+00  0.809E+01  0.000E+00  0.713E+00  0.000E+00  0.120E-02
015554.691      552175     1406614  0.294E-02  0.000E+00  0.000E+00  0.802E+01  0.000E+00  0.719E+00  0.000E+00  0.120E-02
020554.562      552564     1408235  0.293E-02  0.000E+00  0.000E+00  0.806E+01  0.000E+00  0.696E+00  0.000E+00  0.119E-02
021554.900      552977     1409866  0.293E-02  0.000E+00  0.000E+00  0.800E+01  0.000E+00  0.720E+00  0.000E+00  0.119E-02
022554.587      553363     1411502  0.293E-02  0.000E+00  0.000E+00  0.801E+01  0.000E+00  0.718E+00  0.000E+00  0.118E-02
023554.833      553756     1413137  0.293E-02  0.000E+00  0.000E+00  0.800E+01  0.000E+00  0.721E+00  0.000E+00  0.118E-02
024554.870      554150     1414763  0.292E-02  0.000E+00  0.000E+00  0.810E+01  0.000E+00  0.777E+00  0.000E+00  0.117E-02
025554.561      554514     1416389  0.292E-02  0.000E+00  0.000E+00  0.811E+01  0.000E+00  0.801E+00  0.000E+00  0.117E-02
030554.701      554918     1418015  0.292E-02  0.000E+00  0.000E+00  0.862E+01  0.000E+00  0.774E+00  0.000E+00  0.116E-02
031554.686      555345     1419635  0.292E-02  0.000E+00  0.000E+00  0.831E+01  0.000E+00  0.772E+00  0.000E+00  0.116E-02
032554.893      555741     1421271  0.291E-02  0.000E+00  0.000E+00  0.847E+01  0.000E+00  0.801E+00  0.000E+00  0.116E-02
033554.813      556151     1422901  0.291E-02  0.000E+00  0.000E+00  0.844E+01  0.000E+00  0.777E+00  0.000E+00  0.115E-02
034554.657      556524     1424524  0.291E-02  0.000E+00  0.000E+00  0.810E+01  0.000E+00  0.765E+00  0.000E+00  0.115E-02
035554.847      556908     1426147  0.291E-02  0.000E+00  0.000E+00  0.801E+01  0.000E+00  0.746E+00  0.000E+00  0.114E-02
040554.874      557287     1427776  0.290E-02  0.000E+00  0.000E+00  0.800E+01  0.000E+00  0.732E+00  0.000E+00  0.114E-02
041554.648      557681     1429402  0.290E-02  0.000E+00  0.000E+00  0.820E+01  0.000E+00  0.740E+00  0.000E+00  0.113E-02
042554.671      558071     1431030  0.290E-02  0.000E+00  0.000E+00  0.797E+01  0.000E+00  0.738E+00  0.000E+00  0.113E-02
043554.632      558432     1432656  0.290E-02  0.000E+00  0.000E+00  0.835E+01  0.000E+00  0.747E+00  0.000E+00  0.113E-02
044554.714      558849     1434282  0.289E-02  0.000E+00  0.000E+00  0.806E+01  0.000E+00  0.755E+00  0.000E+00  0.112E-02
045554.709      559255     1435911  0.289E-02  0.000E+00  0.000E+00  0.800E+01  0.000E+00  0.750E+00  0.000E+00  0.112E-02
050554.650      559671     1437534  0.289E-02  0.000E+00  0.000E+00  0.796E+01  0.000E+00  0.750E+00  0.000E+00  0.112E-02
051554.725      560089     1439164  0.289E-02  0.000E+00  0.000E+00  0.807E+01  0.000E+00  0.703E+00  0.000E+00  0.111E-02
052554.945      560465     1440780  0.289E-02  0.000E+00  0.000E+00  0.804E+01  0.000E+00  0.748E+00  0.000E+00  0.111E-02
053554.639      560857     1442398  0.288E-02  0.000E+00  0.000E+00  0.808E+01  0.000E+00  0.790E+00  0.000E+00  0.110E-02
054554.685      561248     1444026  0.288E-02  0.000E+00  0.000E+00  0.823E+01  0.000E+00  0.726E+00  0.000E+00  0.110E-02
055554.787      561629     1445642  0.288E-02  0.000E+00  0.000E+00  0.834E+01  0.000E+00  0.725E+00  0.000E+00  0.109E-02
060554.854      562006     1447263  0.288E-02  0.000E+00  0.000E+00  0.827E+01  0.000E+00  0.717E+00  0.000E+00  0.109E-02
061554.888      562381     1448879  0.288E-02  0.000E+00  0.000E+00  0.825E+01  0.000E+00  0.729E+00  0.000E+00  0.109E-02
062554.726      562775     1450503  0.287E-02  0.000E+00  0.000E+00  0.817E+01  0.000E+00  0.721E+00  0.000E+00  0.108E-02
063554.639      563166     1452126  0.287E-02  0.000E+00  0.000E+00  0.824E+01  0.000E+00  0.733E+00  0.000E+00  0.108E-02
064554.609      563547     1453745  0.287E-02  0.000E+00  0.000E+00  0.846E+01  0.000E+00  0.735E+00  0.000E+00  0.108E-02
065554.785      563911     1455373  0.287E-02  0.000E+00  0.000E+00  0.861E+01  0.000E+00  0.716E+00  0.000E+00  0.107E-02
070554.906      564311     1456991  0.286E-02  0.000E+00  0.000E+00  0.869E+01  0.000E+00  0.725E+00  0.000E+00  0.107E-02
071554.913      564705     1458614  0.286E-02  0.000E+00  0.000E+00  0.848E+01  0.000E+00  0.776E+00  0.000E+00  0.106E-02
072554.651      565095     1460235  0.286E-02  0.000E+00  0.000E+00  0.873E+01  0.000E+00  0.734E+00  0.000E+00  0.106E-02
073554.806      565455     1461860  0.286E-02  0.000E+00  0.000E+00  0.858E+01  0.000E+00  0.718E+00  0.000E+00  0.106E-02
074554.802      565837     1463481  0.285E-02  0.000E+00  0.000E+00  0.819E+01  0.000E+00  0.743E+00  0.000E+00  0.105E-02
075554.620      566240     1465098  0.285E-02  0.000E+00  0.000E+00  0.837E+01  0.000E+00  0.731E+00  0.000E+00  0.105E-02
080554.590      566631     1466721  0.285E-02  0.000E+00  0.000E+00  0.852E+01  0.000E+00  0.728E+00  0.000E+00  0.105E-02
081554.611      567008     1468342  0.285E-02  0.000E+00  0.000E+00  0.857E+01  0.000E+00  0.739E+00  0.000E+00  0.104E-02
082554.696      567416     1469960  0.285E-02  0.000E+00  0.000E+00  0.875E+01  0.000E+00  0.778E+00  0.000E+00  0.104E-02
083554.806      567813     1471594  0.284E-02  0.000E+00  0.000E+00  0.858E+01  0.000E+00  0.767E+00  0.000E+00  0.103E-02
084554.637      568224     1473223  0.284E-02  0.000E+00  0.000E+00  0.866E+01  0.000E+00  0.792E+00  0.000E+00  0.103E-02
085554.557      568625     1474847  0.284E-02  0.000E+00  0.000E+00  0.845E+01  0.000E+00  0.787E+00  0.000E+00  0.103E-02
090554.645      568988     1476460  0.284E-02  0.000E+00  0.000E+00  0.881E+01  0.000E+00  0.818E+00  0.000E+00  0.102E-02
091554.977      569369     1478082  0.284E-02  0.000E+00  0.000E+00  0.868E+01  0.000E+00  0.794E+00  0.000E+00  0.102E-02
092554.627      569744     1479699  0.283E-02  0.000E+00  0.000E+00  0.859E+01  0.000E+00  0.773E+00  0.000E+00  0.101E-02
093554.715      570132     1481322  0.283E-02  0.000E+00  0.000E+00  0.865E+01  0.000E+00  0.786E+00  0.000E+00  0.101E-02
094554.662      570525     1482946  0.283E-02  0.000E+00  0.000E+00  0.865E+01  0.000E+00  0.786E+00  0.000E+00  0.101E-02
095554.888      570930     1484567  0.283E-02  0.000E+00  0.000E+00  0.844E+01  0.000E+00  0.785E+00  0.000E+00  0.100E-02
100554.618      571342     1486189  0.282E-02  0.000E+00  0.000E+00  0.903E+01  0.000E+00  0.798E+00  0.000E+00  0.100E-02
101554.755      571735     1487808  0.282E-02  0.000E+00  0.000E+00  0.864E+01  0.000E+00  0.791E+00  0.000E+00  0.996E-03
102554.751      572120     1489435  0.282E-02  0.000E+00  0.000E+00  0.920E+01  0.000E+00  0.767E+00  0.000E+00  0.992E-03
103554.818      572489     1491056  0.282E-02  0.000E+00  0.000E+00  0.843E+01  0.000E+00  0.807E+00  0.000E+00  0.988E-03
104554.781      572899     1492684  0.282E-02  0.000E+00  0.000E+00  0.910E+01  0.000E+00  0.792E+00  0.000E+00  0.984E-03
105554.594      573276     1494304  0.281E-02  0.000E+00  0.000E+00  0.873E+01  0.000E+00  0.835E+00  0.000E+00  0.982E-03
110554.732      573642     1495931  0.281E-02  0.000E+00  0.000E+00  0.839E+01  0.000E+00  0.809E+00  0.000E+00  0.978E-03
111554.664      574029     1497552  0.281E-02  0.000E+00  0.000E+00  0.916E+01  0.000E+00  0.842E+00  0.000E+00  0.974E-03
112554.837      574429     1499175  0.281E-02  0.000E+00  0.000E+00  0.832E+01  0.000E+00  0.779E+00  0.000E+00  0.972E-03
113554.840      574800     1500799  0.281E-02  0.000E+00  0.000E+00  0.828E+01  0.000E+00  0.796E+00  0.000E+00  0.968E-03
114554.893      575184     1502411  0.280E-02  0.000E+00  0.000E+00  0.841E+01  0.000E+00  0.825E+00  0.000E+00  0.964E-03
115554.766      575562     1504029  0.280E-02  0.000E+00  0.000E+00  0.828E+01  0.000E+00  0.793E+00  0.000E+00  0.961E-03
120554.731      575912     1505658  0.280E-02  0.000E+00  0.000E+00  0.841E+01  0.000E+00  0.765E+00  0.000E+00  0.958E-03
121554.641      576293     1507276  0.280E-02  0.000E+00  0.000E+00  0.869E+01  0.000E+00  0.776E+00  0.000E+00  0.955E-03
122554.793      576643     1508902  0.280E-02  0.000E+00  0.000E+00  0.891E+01  0.000E+00  0.795E+00  0.000E+00  0.952E-03
123554.721      577030     1510521  0.279E-02  0.000E+00  0.000E+00  0.874E+01  0.000E+00  0.736E+00  0.000E+00  0.948E-03
124554.568      577402     1512148  0.279E-02  0.000E+00  0.000E+00  0.849E+01  0.000E+00  0.744E+00  0.000E+00  0.945E-03
125554.719      577760     1513772  0.279E-02  0.000E+00  0.000E+00  0.854E+01  0.000E+00  0.784E+00  0.000E+00  0.941E-03
130554.881      578135     1515392  0.279E-02  0.000E+00  0.000E+00  0.864E+01  0.000E+00  0.790E+00  0.000E+00  0.939E-03
131554.695      578485     1517007  0.279E-02  0.000E+00  0.000E+00  0.836E+01  0.000E+00  0.799E+00  0.000E+00  0.935E-03
132554.694      578869     1518628  0.278E-02  0.000E+00  0.000E+00  0.848E+01  0.000E+00  0.790E+00  0.000E+00  0.932E-03
133554.868      579266     1520259  0.278E-02  0.000E+00  0.000E+00  0.851E+01  0.000E+00  0.819E+00  0.000E+00  0.929E-03
134554.921      579643     1521881  0.278E-02  0.000E+00  0.000E+00  0.851E+01  0.000E+00  0.833E+00  0.000E+00  0.925E-03
135554.917      580019     1523499  0.278E-02  0.000E+00  0.000E+00  0.901E+01  0.000E+00  0.794E+00  0.000E+00  0.922E-03
140554.788      580391     1525127  0.277E-02  0.000E+00  0.000E+00  0.880E+01  0.000E+00  0.810E+00  0.000E+00  0.918E-03
141554.580      580742     1526742  0.277E-02  0.000E+00  0.000E+00  0.878E+01  0.000E+00  0.804E+00  0.000E+00  0.916E-03
142554.815      581095     1528365  0.277E-02  0.000E+00  0.000E+00  0.850E+01  0.000E+00  0.841E+00  0.000E+00  0.913E-03
143554.822      581493     1529980  0.277E-02  0.000E+00  0.000E+00  0.852E+01  0.000E+00  0.816E+00  0.000E+00  0.909E-03
144554.721      581887     1531604  0.277E-02  0.000E+00  0.000E+00  0.862E+01  0.000E+00  0.797E+00  0.000E+00  0.906E-03
145554.870      582269     1533225  0.276E-02  0.000E+00  0.000E+00  0.855E+01  0.000E+00  0.803E+00  0.000E+00  0.903E-03
150554.751      582634     1534844  0.276E-02  0.000E+00  0.000E+00  0.866E+01  0.000E+00  0.856E+00  0.000E+00  0.901E-03
151554.644      583001     1536459  0.276E-02  0.000E+00  0.000E+00  0.866E+01  0.000E+00  0.766E+00  0.000E+00  0.897E-03
152554.693      583393     1538082  0.276E-02  0.000E+00  0.000E+00  0.863E+01  0.000E+00  0.780E+00  0.000E+00  0.893E-03
153554.709      583759     1539709  0.276E-02  0.000E+00  0.000E+00  0.862E+01  0.000E+00  0.789E+00  0.000E+00  0.891E-03
154554.904      584109     1541329  0.275E-02  0.000E+00  0.000E+00  0.877E+01  0.000E+00  0.730E+00  0.000E+00  0.888E-03
155554.702      584491     1542957  0.275E-02  0.000E+00  0.000E+00  0.908E+01  0.000E+00  0.731E+00  0.000E+00  0.885E-03
160554.591      584862     1544580  0.275E-02  0.000E+00  0.000E+00  0.869E+01  0.000E+00  0.729E+00  0.000E+00  0.882E-03
161554.777      585249     1546189  0.275E-02  0.000E+00  0.000E+00  0.871E+01  0.000E+00  0.719E+00  0.000E+00  0.879E-03
162554.637      585627     1547816  0.275E-02  0.000E+00  0.000E+00  0.911E+01  0.000E+00  0.763E+00  0.000E+00  0.875E-03
163554.630      585973     1549443  0.274E-02  0.000E+00  0.000E+00  0.865E+01  0.000E+00  0.807E+00  0.000E+00  0.872E-03
164554.671      586340     1551063  0.274E-02  0.000E+00  0.000E+00  0.868E+01  0.000E+00  0.778E+00  0.000E+00  0.869E-03
165554.571      586711     1552680  0.274E-02  0.000E+00  0.000E+00  0.866E+01  0.000E+00  0.778E+00  0.000E+00  0.866E-03
170554.819      587106     1554300  0.274E-02  0.000E+00  0.000E+00  0.891E+01  0.000E+00  0.738E+00  0.000E+00  0.863E-03
171554.815      587463     1555914  0.274E-02  0.000E+00  0.000E+00  0.939E+01  0.000E+00  0.744E+00  0.000E+00  0.860E-03
172554.773      587829     1557539  0.274E-02  0.000E+00  0.000E+00  0.912E+01  0.000E+00  0.737E+00  0.000E+00  0.857E-03
173554.752      588196     1559166  0.273E-02  0.000E+00  0.000E+00  0.918E+01  0.000E+00  0.759E+00  0.000E+00  0.855E-03
174554.703      588562     1560794  0.273E-02  0.000E+00  0.000E+00  0.921E+01  0.000E+00  0.743E+00  0.000E+00  0.852E-03
175554.767      588922     1562418  0.273E-02  0.000E+00  0.000E+00  0.883E+01  0.000E+00  0.793E+00  0.000E+00  0.849E-03
180554.894      589268     1564045  0.273E-02  0.000E+00  0.000E+00  0.902E+01  0.000E+00  0.811E+00  0.000E+00  0.846E-03
181554.872      589623     1565667  0.273E-02  0.000E+00  0.000E+00  0.907E+01  0.000E+00  0.793E+00  0.000E+00  0.844E-03
182554.840      589995     1567288  0.272E-02  0.000E+00  0.000E+00  0.894E+01  0.000E+00  0.737E+00  0.000E+00  0.841E-03
183554.909      590372     1568918  0.272E-02  0.000E+00  0.000E+00  0.918E+01  0.000E+00  0.823E+00  0.000E+00  0.837E-03
184554.730      590732     1570538  0.272E-02  0.000E+00  0.000E+00  0.920E+01  0.000E+00  0.775E+00  0.000E+00  0.835E-03
185554.774      591113     1572155  0.272E-02  0.000E+00  0.000E+00  0.894E+01  0.000E+00  0.793E+00  0.000E+00  0.832E-03
190554.612      591479     1573793  0.272E-02  0.000E+00  0.000E+00  0.964E+01  0.000E+00  0.790E+00  0.000E+00  0.829E-03
191554.915      591875     1575418  0.271E-02  0.000E+00  0.000E+00  0.921E+01  0.000E+00  0.831E+00  0.000E+00  0.826E-03
192554.860      592231     1577041  0.271E-02  0.000E+00  0.000E+00  0.886E+01  0.000E+00  0.779E+00  0.000E+00  0.823E-03
193554.827      592611     1578669  0.271E-02  0.000E+00  0.000E+00  0.869E+01  0.000E+00  0.833E+00  0.000E+00  0.820E-03
194554.608      592980     1580295  0.271E-02  0.000E+00  0.000E+00  0.893E+01  0.000E+00  0.806E+00  0.000E+00  0.817E-03
195554.615      593323     1581930  0.271E-02  0.000E+00  0.000E+00  0.896E+01  0.000E+00  0.805E+00  0.000E+00  0.815E-03
200554.725      593684     1583553  0.271E-02  0.000E+00  0.000E+00  0.948E+01  0.000E+00  0.806E+00  0.000E+00  0.812E-03
201554.614      594042     1585184  0.270E-02  0.000E+00  0.000E+00  0.906E+01  0.000E+00  0.768E+00  0.000E+00  0.809E-03
202554.568      594376     1586814  0.270E-02  0.000E+00  0.000E+00  0.939E+01  0.000E+00  0.775E+00  0.000E+00  0.807E-03
203554.892      594722     1588447  0.270E-02  0.000E+00  0.000E+00  0.925E+01  0.000E+00  0.754E+00  0.000E+00  0.804E-03
204554.945      595088     1590076  0.270E-02  0.000E+00  0.000E+00  0.977E+01  0.000E+00  0.810E+00  0.000E+00  0.801E-03
205554.649      595438     1591695  0.270E-02  0.000E+00  0.000E+00  0.906E+01  0.000E+00  0.826E+00  0.000E+00  0.799E-03
210554.699      595777     1593311  0.270E-02  0.000E+00  0.000E+00  0.906E+01  0.000E+00  0.843E+00  0.000E+00  0.797E-03
211554.716      596109     1594932  0.270E-02  0.000E+00  0.000E+00  0.900E+01  0.000E+00  0.838E+00  0.000E+00  0.794E-03
212554.787      596480     1596554  0.269E-02  0.000E+00  0.000E+00  0.919E+01  0.000E+00  0.864E+00  0.000E+00  0.791E-03
213554.828      596824     1598193  0.269E-02  0.000E+00  0.000E+00  0.920E+01  0.000E+00  0.823E+00  0.000E+00  0.788E-03
214554.811      597177     1599819  0.269E-02  0.000E+00  0.000E+00  0.924E+01  0.000E+00  0.809E+00  0.000E+00  0.786E-03
215554.833      597560     1601440  0.269E-02  0.000E+00  0.000E+00  0.912E+01  0.000E+00  0.805E+00  0.000E+00  0.783E-03
220554.636      597904     1603063  0.269E-02  0.000E+00  0.000E+00  0.905E+01  0.000E+00  0.778E+00  0.000E+00  0.781E-03
221554.769      598265     1604688  0.269E-02  0.000E+00  0.000E+00  0.910E+01  0.000E+00  0.791E+00  0.000E+00  0.778E-03
222554.794      598589     1606310  0.268E-02  0.000E+00  0.000E+00  0.916E+01  0.000E+00  0.754E+00  0.000E+00  0.777E-03
223554.903      598907     1607930  0.268E-02  0.000E+00  0.000E+00  0.914E+01  0.000E+00  0.760E+00  0.000E+00  0.774E-03
224554.778      599256     1609552  0.268E-02  0.000E+00  0.000E+00  0.915E+01  0.000E+00  0.733E+00  0.000E+00  0.772E-03
225554.832      599626     1611175  0.268E-02  0.000E+00  0.000E+00  0.910E+01  0.000E+00  0.750E+00  0.000E+00  0.769E-03
230554.623      599976     1612808  0.268E-02  0.000E+00  0.000E+00  0.922E+01  0.000E+00  0.742E+00  0.000E+00  0.766E-03
231554.806      600356     1614430  0.268E-02  0.000E+00  0.000E+00  0.913E+01  0.000E+00  0.708E+00  0.000E+00  0.763E-03
232554.812      600721     1616136  0.267E-02  0.000E+00  0.000E+00  0.904E+01  0.000E+00  0.686E+00  0.000E+00  0.760E-03
233554.643      601099     1617999  0.267E-02  0.000E+00  0.000E+00  0.898E+01  0.000E+00  0.709E+00  0.000E+00  0.757E-03
234554.688      601488     1619861  0.267E-02  0.000E+00  0.000E+00  0.963E+01  0.000E+00  0.698E+00  0.000E+00  0.754E-03
235554.731      601856     1621641  0.267E-02  0.000E+00  0.000E+00  0.946E+01  0.000E+00  0.730E+00  0.000E+00  0.752E-03
000554.603      602223     1623405  0.267E-02  0.000E+00  0.000E+00  0.957E+01  0.000E+00  0.695E+00  0.000E+00  0.749E-03
001554.816      602595     1625190  0.267E-02  0.000E+00  0.000E+00  0.930E+01  0.000E+00  0.685E+00  0.000E+00  0.747E-03
002554.589      602922     1626936  0.267E-02  0.000E+00  0.000E+00  0.932E+01  0.000E+00  0.694E+00  0.000E+00  0.744E-03
003554.876      603317     1628740  0.266E-02  0.000E+00  0.000E+00  0.958E+01  0.000E+00  0.672E+00  0.000E+00  0.742E-03
004554.888      603696     1630550  0.266E-02  0.000E+00  0.000E+00  0.916E+01  0.000E+00  0.672E+00  0.000E+00  0.739E-03
005554.755      604092     1632361  0.266E-02  0.000E+00  0.000E+00  0.953E+01  0.000E+00  0.699E+00  0.000E+00  0.736E-03
010554.741      604446     1634165  0.266E-02  0.000E+00  0.000E+00  0.994E+01  0.000E+00  0.682E+00  0.000E+00  0.734E-03
011554.707      604855     1635962  0.266E-02  0.000E+00  0.000E+00  0.969E+01  0.000E+00  0.698E+00  0.000E+00  0.731E-03
012554.698      605178     1637704  0.266E-02  0.000E+00  0.000E+00  0.982E+01  0.000E+00  0.678E+00  0.000E+00  0.730E-03
013554.574      605545     1639493  0.265E-02  0.000E+00  0.000E+00  0.967E+01  0.000E+00  0.715E+00  0.000E+00  0.727E-03
014554.741      605899     1641265  0.265E-02  0.000E+00  0.000E+00  0.984E+01  0.000E+00  0.682E+00  0.000E+00  0.725E-03
015554.823      606301     1643048  0.265E-02  0.000E+00  0.000E+00  0.101E+02  0.000E+00  0.712E+00  0.000E+00  0.723E-03
020554.815      606697     1644862  0.265E-02  0.000E+00  0.000E+00  0.974E+01  0.000E+00  0.681E+00  0.000E+00  0.720E-03
021554.808      607071     1646667  0.265E-02  0.000E+00  0.000E+00  0.992E+01  0.000E+00  0.709E+00  0.000E+00  0.718E-03
022554.835      607456     1648486  0.265E-02  0.000E+00  0.000E+00  0.100E+02  0.000E+00  0.675E+00  0.000E+00  0.715E-03
023554.601      607826     1650298  0.264E-02  0.000E+00  0.000E+00  0.973E+01  0.000E+00  0.688E+00  0.000E+00  0.713E-03
024554.560      608232     1652107  0.264E-02  0.000E+00  0.000E+00  0.977E+01  0.000E+00  0.715E+00  0.000E+00  0.710E-03
025554.584      608626     1653904  0.264E-02  0.000E+00  0.000E+00  0.990E+01  0.000E+00  0.724E+00  0.000E+00  0.707E-03
030554.590      608926     1655675  0.264E-02  0.000E+00  0.000E+00  0.105E+02  0.000E+00  0.731E+00  0.000E+00  0.705E-03
031554.764      609305     1657483  0.264E-02  0.000E+00  0.000E+00  0.101E+02  0.000E+00  0.804E+00  0.000E+00  0.704E-03
032554.870      609693     1659288  0.264E-02  0.000E+00  0.000E+00  0.101E+02  0.000E+00  0.727E+00  0.000E+00  0.702E-03
033554.612      610088     1661092  0.263E-02  0.000E+00  0.000E+00  0.995E+01  0.000E+00  0.698E+00  0.000E+00  0.699E-03
034554.766      610450     1662906  0.263E-02  0.000E+00  0.000E+00  0.102E+02  0.000E+00  0.683E+00  0.000E+00  0.697E-03
035554.706      610828     1664693  0.263E-02  0.000E+00  0.000E+00  0.986E+01  0.000E+00  0.781E+00  0.000E+00  0.694E-03
040554.702      611204     1666445  0.263E-02  0.000E+00  0.000E+00  0.100E+02  0.000E+00  0.690E+00  0.000E+00  0.692E-03
041554.597      611579     1668199  0.263E-02  0.000E+00  0.000E+00  0.101E+02  0.000E+00  0.626E+00  0.000E+00  0.690E-03
042554.785      611979     1669982  0.263E-02  0.000E+00  0.000E+00  0.102E+02  0.000E+00  0.610E+00  0.000E+00  0.688E-03
043554.799      612384     1671791  0.262E-02  0.000E+00  0.000E+00  0.987E+01  0.000E+00  0.578E+00  0.000E+00  0.685E-03
044554.552      612735     1673599  0.262E-02  0.000E+00  0.000E+00  0.100E+02  0.000E+00  0.602E+00  0.000E+00  0.683E-03
045554.794      613103     1675409  0.262E-02  0.000E+00  0.000E+00  0.100E+02  0.000E+00  0.611E+00  0.000E+00  0.680E-03
050554.734      613472     1677213  0.262E-02  0.000E+00  0.000E+00  0.998E+01  0.000E+00  0.610E+00  0.000E+00  0.678E-03
051554.641      613846     1678991  0.262E-02  0.000E+00  0.000E+00  0.103E+02  0.000E+00  0.619E+00  0.000E+00  0.676E-03
052554.611      614222     1680761  0.262E-02  0.000E+00  0.000E+00  0.105E+02  0.000E+00  0.659E+00  0.000E+00  0.673E-03
053554.580      614570     1682466  0.261E-02  0.000E+00  0.000E+00  0.103E+02  0.000E+00  0.579E+00  0.000E+00  0.671E-03
054554.732      614934     1684169  0.261E-02  0.000E+00  0.000E+00  0.102E+02  0.000E+00  0.612E+00  0.000E+00  0.669E-03
055554.628      615303     1685911  0.261E-02  0.000E+00  0.000E+00  0.101E+02  0.000E+00  0.579E+00  0.000E+00  0.667E-03
060554.712      615642     1687631  0.261E-02  0.000E+00  0.000E+00  0.103E+02  0.000E+00  0.611E+00  0.000E+00  0.665E-03
061554.825      615969     1689327  0.261E-02  0.000E+00  0.000E+00  0.106E+02  0.000E+00  0.571E+00  0.000E+00  0.663E-03
062554.561      616285     1691029  0.261E-02  0.000E+00  0.000E+00  0.105E+02  0.000E+00  0.594E+00  0.000E+00  0.661E-03
063554.598      616611     1692730  0.261E-02  0.000E+00  0.000E+00  0.106E+02  0.000E+00  0.601E+00  0.000E+00  0.660E-03
064554.871      616919     1694440  0.260E-02  0.000E+00  0.000E+00  0.105E+02  0.000E+00  0.588E+00  0.000E+00  0.658E-03
065554.816      617282     1696159  0.260E-02  0.000E+00  0.000E+00  0.106E+02  0.000E+00  0.696E+00  0.000E+00  0.656E-03
070554.840      617631     1697878  0.260E-02  0.000E+00  0.000E+00  0.107E+02  0.000E+00  0.570E+00  0.000E+00  0.655E-03
071554.855      617978     1699593  0.260E-02  0.000E+00  0.000E+00  0.110E+02  0.000E+00  0.584E+00  0.000E+00  0.652E-03
072554.774      618272     1701305  0.260E-02  0.000E+00  0.000E+00  0.109E+02  0.000E+00  0.609E+00  0.000E+00  0.650E-03
073554.637      618611     1703005  0.260E-02  0.000E+00  0.000E+00  0.104E+02  0.000E+00  0.601E+00  0.000E+00  0.648E-03
074554.703      618956     1704709  0.260E-02  0.000E+00  0.000E+00  0.107E+02  0.000E+00  0.647E+00  0.000E+00  0.646E-03
075554.816      619301     1706414  0.259E-02  0.000E+00  0.000E+00  0.104E+02  0.000E+00  0.657E+00  0.000E+00  0.644E-03
080554.747      619645     1708113  0.259E-02  0.000E+00  0.000E+00  0.105E+02  0.000E+00  0.635E+00  0.000E+00  0.642E-03
081554.705      619972     1709793  0.259E-02  0.000E+00  0.000E+00  0.104E+02  0.000E+00  0.653E+00  0.000E+00  0.640E-03
082554.867      620276     1711476  0.259E-02  0.000E+00  0.000E+00  0.105E+02  0.000E+00  0.636E+00  0.000E+00  0.638E-03
083554.678      620650     1713169  0.259E-02  0.000E+00  0.000E+00  0.105E+02  0.000E+00  0.633E+00  0.000E+00  0.636E-03
084554.840      620997     1714864  0.259E-02  0.000E+00  0.000E+00  0.103E+02  0.000E+00  0.613E+00  0.000E+00  0.634E-03
085554.796      621373     1716575  0.259E-02  0.000E+00  0.000E+00  0.106E+02  0.000E+00  0.675E+00  0.000E+00  0.632E-03
090554.693      621721     1718275  0.259E-02  0.000E+00  0.000E+00  0.108E+02  0.000E+00  0.620E+00  0.000E+00  0.630E-03
091554.884      622048     1719980  0.258E-02  0.000E+00  0.000E+00  0.107E+02  0.000E+00  0.604E+00  0.000E+00  0.628E-03
092554.625      622418     1721692  0.258E-02  0.000E+00  0.000E+00  0.105E+02  0.000E+00  0.660E+00  0.000E+00  0.626E-03
093554.608      622750     1723403  0.258E-02  0.000E+00  0.000E+00  0.107E+02  0.000E+00  0.666E+00  0.000E+00  0.624E-03
094554.856      623103     1725116  0.258E-02  0.000E+00  0.000E+00  0.105E+02  0.000E+00  0.705E+00  0.000E+00  0.623E-03
095554.821      623441     1726829  0.258E-02  0.000E+00  0.000E+00  0.102E+02  0.000E+00  0.687E+00  0.000E+00  0.621E-03
100554.663      623792     1728545  0.258E-02  0.000E+00  0.000E+00  0.105E+02  0.000E+00  0.681E+00  0.000E+00  0.619E-03
101554.620      624163     1730257  0.258E-02  0.000E+00  0.000E+00  0.109E+02  0.000E+00  0.663E+00  0.000E+00  0.616E-03
102554.851      624500     1731965  0.257E-02  0.000E+00  0.000E+00  0.114E+02  0.000E+00  0.669E+00  0.000E+00  0.614E-03
103554.750      624849     1733663  0.257E-02  0.000E+00  0.000E+00  0.103E+02  0.000E+00  0.674E+00  0.000E+00  0.612E-03
104554.822      625169     1735367  0.257E-02  0.000E+00  0.000E+00  0.103E+02  0.000E+00  0.667E+00  0.000E+00  0.610E-03
105554.662      625505     1737069  0.257E-02  0.000E+00  0.000E+00  0.108E+02  0.000E+00  0.673E+00  0.000E+00  0.609E-03
110554.801      625858     1738775  0.257E-02  0.000E+00  0.000E+00  0.107E+02  0.000E+00  0.652E+00  0.000E+00  0.606E-03
111554.782      626218     1740486  0.257E-02  0.000E+00  0.000E+00  0.102E+02  0.000E+00  0.623E+00  0.000E+00  0.605E-03
112554.561      626597     1742197  0.257E-02  0.000E+00  0.000E+00  0.105E+02  0.000E+00  0.689E+00  0.000E+00  0.602E-03
113554.732      626939     1743918  0.257E-02  0.000E+00  0.000E+00  0.103E+02  0.000E+00  0.707E+00  0.000E+00  0.601E-03
114554.879      627277     1745625  0.256E-02  0.000E+00  0.000E+00  0.103E+02  0.000E+00  0.644E+00  0.000E+00  0.599E-03
115554.689      627648     1747335  0.256E-02  0.000E+00  0.000E+00  0.104E+02  0.000E+00  0.645E+00  0.000E+00  0.597E-03
120554.602      628026     1749043  0.256E-02  0.000E+00  0.000E+00  0.110E+02  0.000E+00  0.627E+00  0.000E+00  0.595E-03
121554.573      628350     1750762  0.256E-02  0.000E+00  0.000E+00  0.105E+02  0.000E+00  0.640E+00  0.000E+00  0.593E-03
122554.544      628715     1752471  0.256E-02  0.000E+00  0.000E+00  0.107E+02  0.000E+00  0.695E+00  0.000E+00  0.591E-03
123554.695      629079     1754185  0.256E-02  0.000E+00  0.000E+00  0.105E+02  0.000E+00  0.708E+00  0.000E+00  0.590E-03
124554.674      629437     1755883  0.256E-02  0.000E+00  0.000E+00  0.106E+02  0.000E+00  0.647E+00  0.000E+00  0.588E-03
125554.569      629787     1757585  0.256E-02  0.000E+00  0.000E+00  0.104E+02  0.000E+00  0.667E+00  0.000E+00  0.586E-03
130554.596      630099     1759287  0.255E-02  0.000E+00  0.000E+00  0.103E+02  0.000E+00  0.667E+00  0.000E+00  0.584E-03
131554.799      630453     1761011  0.255E-02  0.000E+00  0.000E+00  0.104E+02  0.000E+00  0.675E+00  0.000E+00  0.583E-03
132554.640      630799     1762716  0.255E-02  0.000E+00  0.000E+00  0.110E+02  0.000E+00  0.670E+00  0.000E+00  0.581E-03
133554.574      631148     1764443  0.255E-02  0.000E+00  0.000E+00  0.108E+02  0.000E+00  0.623E+00  0.000E+00  0.579E-03
134554.822      631490     1766185  0.255E-02  0.000E+00  0.000E+00  0.102E+02  0.000E+00  0.597E+00  0.000E+00  0.577E-03
135554.766      631800     1767895  0.255E-02  0.000E+00  0.000E+00  0.102E+02  0.000E+00  0.595E+00  0.000E+00  0.575E-03
140554.620      632149     1769573  0.255E-02  0.000E+00  0.000E+00  0.105E+02  0.000E+00  0.672E+00  0.000E+00  0.573E-03
141554.737      632479     1771264  0.255E-02  0.000E+00  0.000E+00  0.106E+02  0.000E+00  0.657E+00  0.000E+00  0.571E-03
142554.561      632778     1772941  0.255E-02  0.000E+00  0.000E+00  0.109E+02  0.000E+00  0.659E+00  0.000E+00  0.570E-03
143554.730      633131     1774678  0.254E-02  0.000E+00  0.000E+00  0.105E+02  0.000E+00  0.607E+00  0.000E+00  0.568E-03
144554.840      633472     1776488  0.254E-02  0.000E+00  0.000E+00  0.109E+02  0.000E+00  0.587E+00  0.000E+00  0.566E-03
145554.765      633802     1778263  0.254E-02  0.000E+00  0.000E+00  0.101E+02  0.000E+00  0.603E+00  0.000E+00  0.565E-03
150554.658      634166     1780071  0.254E-02  0.000E+00  0.000E+00  0.105E+02  0.000E+00  0.622E+00  0.000E+00  0.563E-03
151554.743      634495     1781869  0.254E-02  0.000E+00  0.000E+00  0.110E+02  0.000E+00  0.607E+00  0.000E+00  0.562E-03
152554.646      634844     1783641  0.254E-02  0.000E+00  0.000E+00  0.105E+02  0.000E+00  0.566E+00  0.000E+00  0.561E-03
153554.736      635218     1785436  0.254E-02  0.000E+00  0.000E+00  0.104E+02  0.000E+00  0.584E+00  0.000E+00  0.559E-03
154554.579      635570     1787248  0.253E-02  0.000E+00  0.000E+00  0.103E+02  0.000E+00  0.581E+00  0.000E+00  0.557E-03
155554.753      635901     1789064  0.253E-02  0.000E+00  0.000E+00  0.101E+02  0.000E+00  0.603E+00  0.000E+00  0.556E-03
160554.881      636239     1790882  0.253E-02  0.000E+00  0.000E+00  0.993E+01  0.000E+00  0.552E+00  0.000E+00  0.554E-03
161554.860      636602     1792697  0.253E-02  0.000E+00  0.000E+00  0.989E+01  0.000E+00  0.535E+00  0.000E+00  0.552E-03
162554.723      636925     1794474  0.253E-02  0.000E+00  0.000E+00  0.101E+02  0.000E+00  0.623E+00  0.000E+00  0.551E-03
163554.867      637253     1796248  0.253E-02  0.000E+00  0.000E+00  0.992E+01  0.000E+00  0.661E+00  0.000E+00  0.549E-03
164554.780      637591     1798016  0.253E-02  0.000E+00  0.000E+00  0.998E+01  0.000E+00  0.603E+00  0.000E+00  0.547E-03
165554.755      637937     1799833  0.253E-02  0.000E+00  0.000E+00  0.101E+02  0.000E+00  0.647E+00  0.000E+00  0.545E-03
170554.564      638299     1801646  0.253E-02  0.000E+00  0.000E+00  0.100E+02  0.000E+00  0.556E+00  0.000E+00  0.544E-03
171554.823      638652     1803449  0.252E-02  0.000E+00  0.000E+00  0.994E+01  0.000E+00  0.566E+00  0.000E+00  0.542E-03
172554.633      638974     1805260  0.252E-02  0.000E+00  0.000E+00  0.101E+02  0.000E+00  0.604E+00  0.000E+00  0.541E-03
173554.744      639297     1807068  0.252E-02  0.000E+00  0.000E+00  0.103E+02  0.000E+00  0.589E+00  0.000E+00  0.539E-03
174554.800      639644     1808797  0.252E-02  0.000E+00  0.000E+00  0.101E+02  0.000E+00  0.616E+00  0.000E+00  0.538E-03
175554.624      640001     1810537  0.252E-02  0.000E+00  0.000E+00  0.108E+02  0.000E+00  0.631E+00  0.000E+00  0.536E-03
180554.755      640311     1812290  0.252E-02  0.000E+00  0.000E+00  0.100E+02  0.000E+00  0.622E+00  0.000E+00  0.535E-03
181554.908      640640     1814051  0.252E-02  0.000E+00  0.000E+00  0.977E+01  0.000E+00  0.630E+00  0.000E+00  0.533E-03
182554.788      640956     1815764  0.252E-02  0.000E+00  0.000E+00  0.996E+01  0.000E+00  0.619E+00  0.000E+00  0.532E-03
183554.866      641267     1817469  0.251E-02  0.000E+00  0.000E+00  0.101E+02  0.000E+00  0.641E+00  0.000E+00  0.530E-03
184554.782      641592     1819176  0.251E-02  0.000E+00  0.000E+00  0.999E+01  0.000E+00  0.616E+00  0.000E+00  0.529E-03
185554.892      641929     1820884  0.251E-02  0.000E+00  0.000E+00  0.104E+02  0.000E+00  0.615E+00  0.000E+00  0.527E-03
190554.736      642273     1822596  0.251E-02  0.000E+00  0.000E+00  0.974E+01  0.000E+00  0.631E+00  0.000E+00  0.526E-03
191554.844      642560     1824311  0.251E-02  0.000E+00  0.000E+00  0.975E+01  0.000E+00  0.634E+00  0.000E+00  0.525E-03
192554.749      642898     1826016  0.251E-02  0.000E+00  0.000E+00  0.102E+02  0.000E+00  0.674E+00  0.000E+00  0.523E-03
193554.629      643217     1827729  0.251E-02  0.000E+00  0.000E+00  0.966E+01  0.000E+00  0.636E+00  0.000E+00  0.522E-03
194554.738      643506     1829443  0.251E-02  0.000E+00  0.000E+00  0.974E+01  0.000E+00  0.670E+00  0.000E+00  0.520E-03
195554.828      643808     1831146  0.251E-02  0.000E+00  0.000E+00  0.100E+02  0.000E+00  0.629E+00  0.000E+00  0.519E-03
200554.907      644121     1832847  0.251E-02  0.000E+00  0.000E+00  0.109E+02  0.000E+00  0.675E+00  0.000E+00  0.518E-03
201554.672      644441     1834551  0.251E-02  0.000E+00  0.000E+00  0.106E+02  0.000E+00  0.586E+00  0.000E+00  0.517E-03
202554.740      644776     1836257  0.250E-02  0.000E+00  0.000E+00  0.105E+02  0.000E+00  0.585E+00  0.000E+00  0.515E-03
203554.614      645099     1837968  0.250E-02  0.000E+00  0.000E+00  0.105E+02  0.000E+00  0.605E+00  0.000E+00  0.513E-03
204554.777      645414     1839686  0.250E-02  0.000E+00  0.000E+00  0.101E+02  0.000E+00  0.569E+00  0.000E+00  0.512E-03
205554.651      645739     1841412  0.250E-02  0.000E+00  0.000E+00  0.106E+02  0.000E+00  0.570E+00  0.000E+00  0.510E-03
210554.841      646080     1843142  0.250E-02  0.000E+00  0.000E+00  0.100E+02  0.000E+00  0.612E+00  0.000E+00  0.509E-03
211554.814      646387     1844849  0.250E-02  0.000E+00  0.000E+00  0.102E+02  0.000E+00  0.599E+00  0.000E+00  0.507E-03
212554.712      646694     1846575  0.250E-02  0.000E+00  0.000E+00  0.101E+02  0.000E+00  0.580E+00  0.000E+00  0.506E-03
213554.700      647008     1848282  0.250E-02  0.000E+00  0.000E+00  0.103E+02  0.000E+00  0.563E+00  0.000E+00  0.504E-03
214554.648      647331     1849978  0.250E-02  0.000E+00  0.000E+00  0.100E+02  0.000E+00  0.563E+00  0.000E+00  0.503E-03
215554.580      647672     1851697  0.250E-02  0.000E+00  0.000E+00  0.102E+02  0.000E+00  0.593E+00  0.000E+00  0.501E-03
220554.710      647976     1853389  0.249E-02  0.000E+00  0.000E+00  0.102E+02  0.000E+00  0.570E+00  0.000E+00  0.500E-03
221554.738      648285     1855079  0.249E-02  0.000E+00  0.000E+00  0.105E+02  0.000E+00  0.593E+00  0.000E+00  0.499E-03
222554.729      648592     1856789  0.249E-02  0.000E+00  0.000E+00  0.102E+02  0.000E+00  0.596E+00  0.000E+00  0.498E-03
223554.607      648909     1858506  0.249E-02  0.000E+00  0.000E+00  0.999E+01  0.000E+00  0.628E+00  0.000E+00  0.496E-03
224554.637      649230     1860315  0.249E-02  0.000E+00  0.000E+00  0.994E+01  0.000E+00  0.659E+00  0.000E+00  0.495E-03
225554.640      649533     1862126  0.249E-02  0.000E+00  0.000E+00  0.100E+02  0.000E+00  0.622E+00  0.000E+00  0.493E-03
230554.570      649857     1863928  0.249E-02  0.000E+00  0.000E+00  0.993E+01  0.000E+00  0.625E+00  0.000E+00  0.492E-03
231554.794      650193     1865731  0.249E-02  0.000E+00  0.000E+00  0.101E+02  0.000E+00  0.608E+00  0.000E+00  0.490E-03
232554.843      650513     1867537  0.249E-02  0.000E+00  0.000E+00  0.101E+02  0.000E+00  0.629E+00  0.000E+00  0.489E-03
233554.694      650830     1869351  0.249E-02  0.000E+00  0.000E+00  0.989E+01  0.000E+00  0.620E+00  0.000E+00  0.488E-03
234554.834      651158     1871158  0.553E-02  0.000E+00  0.000E+00  0.994E+01  0.000E+00  0.651E+00  0.000E+00  0.104E-02
235554.691      651470     1872954  0.248E-02  0.000E+00  0.000E+00  0.994E+01  0.000E+00  0.661E+00  0.000E+00  0.486E-03
000554.603      651799     1874733  0.248E-02  0.000E+00  0.000E+00  0.103E+02  0.000E+00  0.609E+00  0.000E+00  0.484E-03
001554.829      652118     1876547  0.248E-02  0.000E+00  0.000E+00  0.104E+02  0.000E+00  0.697E+00  0.000E+00  0.483E-03
002554.739      652446     1878348  0.248E-02  0.000E+00  0.000E+00  0.105E+02  0.000E+00  0.656E+00  0.000E+00  0.482E-03
003554.757      652759     1880157  0.248E-02  0.000E+00  0.000E+00  0.100E+02  0.000E+00  0.682E+00  0.000E+00  0.480E-03
004554.678      653086     1881969  0.248E-02  0.000E+00  0.000E+00  0.994E+01  0.000E+00  0.675E+00  0.000E+00  0.479E-03
005554.782      653411     1883778  0.248E-02  0.000E+00  0.000E+00  0.991E+01  0.000E+00  0.691E+00  0.000E+00  0.478E-03
010554.625      653745     1885588  0.248E-02  0.000E+00  0.000E+00  0.101E+02  0.000E+00  0.701E+00  0.000E+00  0.476E-03
011554.746      654057     1887393  0.248E-02  0.000E+00  0.000E+00  0.102E+02  0.000E+00  0.639E+00  0.000E+00  0.475E-03
012554.769      654378     1889186  0.248E-02  0.000E+00  0.000E+00  0.102E+02  0.000E+00  0.667E+00  0.000E+00  0.474E-03
013554.882      654695     1890877  0.247E-02  0.000E+00  0.000E+00  0.103E+02  0.000E+00  0.669E+00  0.000E+00  0.473E-03
014554.704      654969     1892587  0.247E-02  0.000E+00  0.000E+00  0.103E+02  0.000E+00  0.714E+00  0.000E+00  0.471E-03
015554.608      655296     1894267  0.247E-02  0.000E+00  0.000E+00  0.976E+01  0.000E+00  0.701E+00  0.000E+00  0.470E-03
020554.841      655582     1895962  0.247E-02  0.000E+00  0.000E+00  0.988E+01  0.000E+00  0.683E+00  0.000E+00  0.469E-03
021554.839      655900     1897702  0.247E-02  0.000E+00  0.000E+00  0.103E+02  0.000E+00  0.645E+00  0.000E+00  0.468E-03
022554.862      656194     1899463  0.247E-02  0.000E+00  0.000E+00  0.993E+01  0.000E+00  0.686E+00  0.000E+00  0.467E-03
023554.846      656550     1901247  0.247E-02  0.000E+00  0.000E+00  0.101E+02  0.000E+00  0.689E+00  0.000E+00  0.465E-03
024554.861      656860     1902987  0.247E-02  0.000E+00  0.000E+00  0.103E+02  0.000E+00  0.686E+00  0.000E+00  0.465E-03
025554.822      657158     1904741  0.247E-02  0.000E+00  0.000E+00  0.100E+02  0.000E+00  0.700E+00  0.000E+00  0.464E-03
030554.826      657492     1906544  0.246E-02  0.000E+00  0.000E+00  0.995E+01  0.000E+00  0.687E+00  0.000E+00  0.463E-03
031554.783      657820     1908350  0.246E-02  0.000E+00  0.000E+00  0.105E+02  0.000E+00  0.642E+00  0.000E+00  0.461E-03
032554.692      658158     1910158  0.246E-02  0.000E+00  0.000E+00  0.103E+02  0.000E+00  0.655E+00  0.000E+00  0.460E-03
033554.850      658490     1911960  0.246E-02  0.000E+00  0.000E+00  0.107E+02  0.000E+00  0.738E+00  0.000E+00  0.459E-03
034554.636      658785     1913746  0.246E-02  0.000E+00  0.000E+00  0.104E+02  0.000E+00  0.704E+00  0.000E+00  0.458E-03
035554.738      659081     1915508  0.246E-02  0.000E+00  0.000E+00  0.105E+02  0.000E+00  0.717E+00  0.000E+00  0.457E-03
040554.580      659417     1917261  0.246E-02  0.000E+00  0.000E+00  0.102E+02  0.000E+00  0.738E+00  0.000E+00  0.455E-03
041554.638      659718     1918983  0.246E-02  0.000E+00  0.000E+00  0.102E+02  0.000E+00  0.811E+00  0.000E+00  0.454E-03
042554.657      660070     1920703  0.246E-02  0.000E+00  0.000E+00  0.995E+01  0.000E+00  0.802E+00  0.000E+00  0.453E-03
043554.698      660363     1922424  0.246E-02  0.000E+00  0.000E+00  0.994E+01  0.000E+00  0.779E+00  0.000E+00  0.451E-03
044554.789      660696     1924225  0.245E-02  0.000E+00  0.000E+00  0.983E+01  0.000E+00  0.756E+00  0.000E+00  0.450E-03
045554.694      660987     1926033  0.245E-02  0.000E+00  0.000E+00  0.988E+01  0.000E+00  0.747E+00  0.000E+00  0.449E-03
050554.829      661299     1927850  0.245E-02  0.000E+00  0.000E+00  0.102E+02  0.000E+00  0.778E+00  0.000E+00  0.448E-03
051554.648      661610     1929650  0.245E-02  0.000E+00  0.000E+00  0.972E+01  0.000E+00  0.768E+00  0.000E+00  0.447E-03
052554.559      661883     1931460  0.245E-02  0.000E+00  0.000E+00  0.987E+01  0.000E+00  0.774E+00  0.000E+00  0.446E-03
053554.668      662199     1933273  0.245E-02  0.000E+00  0.000E+00  0.101E+02  0.000E+00  0.709E+00  0.000E+00  0.445E-03
054554.592      662513     1935084  0.245E-02  0.000E+00  0.000E+00  0.101E+02  0.000E+00  0.668E+00  0.000E+00  0.443E-03
055554.555      662849     1936895  0.245E-02  0.000E+00  0.000E+00  0.976E+01  0.000E+00  0.644E+00  0.000E+00  0.442E-03
060554.574      663149     1938700  0.245E-02  0.000E+00  0.000E+00  0.994E+01  0.000E+00  0.672E+00  0.000E+00  0.441E-03
061554.724      663460     1940506  0.245E-02  0.000E+00  0.000E+00  0.990E+01  0.000E+00  0.640E+00  0.000E+00  0.440E-03
062554.773      663757     1942315  0.245E-02  0.000E+00  0.000E+00  0.101E+02  0.000E+00  0.655E+00  0.000E+00  0.438E-03
063554.607      664048     1944122  0.245E-02  0.000E+00  0.000E+00  0.102E+02  0.000E+00  0.607E+00  0.000E+00  0.437E-03
064554.612      664370     1945930  0.244E-02  0.000E+00  0.000E+00  0.102E+02  0.000E+00  0.927E+00  0.000E+00  0.436E-03
065554.906      664657     1947653  0.244E-02  0.000E+00  0.000E+00  0.995E+01  0.000E+00  0.640E+00  0.000E+00  0.435E-03
070554.776      664950     1949357  0.244E-02  0.000E+00  0.000E+00  0.103E+02  0.000E+00  0.660E+00  0.000E+00  0.434E-03
071554.623      665244     1951063  0.244E-02  0.000E+00  0.000E+00  0.972E+01  0.000E+00  0.643E+00  0.000E+00  0.433E-03
072554.758      665575     1952777  0.244E-02  0.000E+00  0.000E+00  0.983E+01  0.000E+00  0.628E+00  0.000E+00  0.432E-03
073554.668      665868     1954493  0.244E-02  0.000E+00  0.000E+00  0.961E+01  0.000E+00  0.638E+00  0.000E+00  0.431E-03
074554.758      666156     1956200  0.244E-02  0.000E+00  0.000E+00  0.102E+02  0.000E+00  0.644E+00  0.000E+00  0.430E-03
075554.791      666481     1957914  0.244E-02  0.000E+00  0.000E+00  0.991E+01  0.000E+00  0.582E+00  0.000E+00  0.429E-03
080554.884      666784     1959611  0.244E-02  0.000E+00  0.000E+00  0.960E+01  0.000E+00  0.594E+00  0.000E+00  0.428E-03
081554.679      667049     1961312  0.244E-02  0.000E+00  0.000E+00  0.935E+01  0.000E+00  0.596E+00  0.000E+00  0.426E-03
082554.790      667355     1963019  0.244E-02  0.000E+00  0.000E+00  0.951E+01  0.000E+00  0.580E+00  0.000E+00  0.425E-03
083554.646      667659     1964694  0.244E-02  0.000E+00  0.000E+00  0.937E+01  0.000E+00  0.572E+00  0.000E+00  0.424E-03
084554.680      667926     1966380  0.243E-02  0.000E+00  0.000E+00  0.997E+01  0.000E+00  0.579E+00  0.000E+00  0.424E-03
085554.679      668207     1968069  0.243E-02  0.000E+00  0.000E+00  0.995E+01  0.000E+00  0.579E+00  0.000E+00  0.423E-03
090554.794      668501     1969770  0.243E-02  0.000E+00  0.000E+00  0.105E+02  0.000E+00  0.582E+00  0.000E+00  0.422E-03
091554.712      668781     1971485  0.243E-02  0.000E+00  0.000E+00  0.985E+01  0.000E+00  0.589E+00  0.000E+00  0.420E-03
092554.567      669064     1973194  0.243E-02  0.000E+00  0.000E+00  0.110E+02  0.000E+00  0.553E+00  0.000E+00  0.419E-03
093554.559      669349     1974900  0.243E-02  0.000E+00  0.000E+00  0.105E+02  0.000E+00  0.524E+00  0.000E+00  0.418E-03
094554.678      669640     1976643  0.243E-02  0.000E+00  0.000E+00  0.115E+02  0.000E+00  0.591E+00  0.000E+00  0.417E-03
095554.790      669946     1978382  0.243E-02  0.000E+00  0.000E+00  0.115E+02  0.000E+00  0.556E+00  0.000E+00  0.416E-03
100554.827      670222     1980128  0.243E-02  0.000E+00  0.000E+00  0.111E+02  0.000E+00  0.536E+00  0.000E+00  0.416E-03
101554.813      670530     1981868  0.243E-02  0.000E+00  0.000E+00  0.111E+02  0.000E+00  0.531E+00  0.000E+00  0.415E-03
102554.658      670824     1983568  0.243E-02  0.000E+00  0.000E+00  0.109E+02  0.000E+00  0.568E+00  0.000E+00  0.414E-03
103554.617      671108     1985273  0.242E-02  0.000E+00  0.000E+00  0.105E+02  0.000E+00  0.554E+00  0.000E+00  0.413E-03
104554.840      671395     1986989  0.242E-02  0.000E+00  0.000E+00  0.105E+02  0.000E+00  0.559E+00  0.000E+00  0.412E-03
105554.712      671664     1988705  0.242E-02  0.000E+00  0.000E+00  0.105E+02  0.000E+00  0.571E+00  0.000E+00  0.411E-03
110554.700      671941     1990419  0.242E-02  0.000E+00  0.000E+00  0.103E+02  0.000E+00  0.572E+00  0.000E+00  0.410E-03
111554.733      672232     1992130  0.242E-02  0.000E+00  0.000E+00  0.112E+02  0.000E+00  0.621E+00  0.000E+00  0.409E-03
112554.868      672501     1993838  0.242E-02  0.000E+00  0.000E+00  0.103E+02  0.000E+00  0.635E+00  0.000E+00  0.408E-03
113554.742      672788     1995541  0.242E-02  0.000E+00  0.000E+00  0.104E+02  0.000E+00  0.641E+00  0.000E+00  0.407E-03
114554.659      673077     1997255  0.242E-02  0.000E+00  0.000E+00  0.107E+02  0.000E+00  0.632E+00  0.000E+00  0.406E-03
115554.858      673370     1998975  0.242E-02  0.000E+00  0.000E+00  0.107E+02  0.000E+00  0.620E+00  0.000E+00  0.405E-03
120554.624      673670     2000697  0.242E-02  0.000E+00  0.000E+00  0.105E+02  0.000E+00  0.669E+00  0.000E+00  0.405E-03
121554.871      673927     2002397  0.242E-02  0.000E+00  0.000E+00  0.104E+02  0.000E+00  0.615E+00  0.000E+00  0.404E-03
122554.612      674198     2004103  0.242E-02  0.000E+00  0.000E+00  0.111E+02  0.000E+00  0.701E+00  0.000E+00  0.403E-03
123554.810      674493     2005906  0.241E-02  0.000E+00  0.000E+00  0.106E+02  0.000E+00  0.765E+00  0.000E+00  0.402E-03
124554.866      674783     2007715  0.241E-02  0.000E+00  0.000E+00  0.112E+02  0.000E+00  0.590E+00  0.000E+00  0.401E-03
125554.661      675107     2009508  0.241E-02  0.000E+00  0.000E+00  0.105E+02  0.000E+00  0.668E+00  0.000E+00  0.400E-03
130554.782      675411     2011314  0.241E-02  0.000E+00  0.000E+00  0.103E+02  0.000E+00  0.634E+00  0.000E+00  0.399E-03
131554.775      675723     2013117  0.241E-02  0.000E+00  0.000E+00  0.105E+02  0.000E+00  0.636E+00  0.000E+00  0.398E-03
132554.756      676005     2014924  0.241E-02  0.000E+00  0.000E+00  0.102E+02  0.000E+00  0.570E+00  0.000E+00  0.397E-03
133554.645      676276     2016726  0.241E-02  0.000E+00  0.000E+00  0.101E+02  0.000E+00  0.573E+00  0.000E+00  0.397E-03
134554.795      676576     2018532  0.241E-02  0.000E+00  0.000E+00  0.104E+02  0.000E+00  0.538E+00  0.000E+00  0.396E-03
135554.655      676772     2020343  0.241E-02  0.000E+00  0.000E+00  0.104E+02  0.000E+00  0.563E+00  0.000E+00  0.395E-03
140554.800      676840     2022148  0.241E-02  0.000E+00  0.000E+00  0.110E+02  0.000E+00  0.555E+00  0.000E+00  0.395E-03
141554.661      677103     2023955  0.241E-02  0.000E+00  0.000E+00  0.110E+02  0.000E+00  0.538E+00  0.000E+00  0.394E-03
142554.803      677397     2025769  0.241E-02  0.000E+00  0.000E+00  0.103E+02  0.000E+00  0.556E+00  0.000E+00  0.393E-03
143554.583      677695     2027582  0.241E-02  0.000E+00  0.000E+00  0.103E+02  0.000E+00  0.607E+00  0.000E+00  0.392E-03
144554.564      678004     2029387  0.241E-02  0.000E+00  0.000E+00  0.105E+02  0.000E+00  0.534E+00  0.000E+00  0.391E-03
145554.873      678313     2031186  0.240E-02  0.000E+00  0.000E+00  0.106E+02  0.000E+00  0.511E+00  0.000E+00  0.390E-03
150554.643      678611     2032914  0.240E-02  0.000E+00  0.000E+00  0.106E+02  0.000E+00  0.473E+00  0.000E+00  0.389E-03
151554.699      678887     2034578  0.240E-02  0.000E+00  0.000E+00  0.107E+02  0.000E+00  0.484E+00  0.000E+00  0.388E-03
152554.636      679137     2036236  0.240E-02  0.000E+00  0.000E+00  0.107E+02  0.000E+00  0.484E+00  0.000E+00  0.388E-03
153554.661      679410     2037894  0.240E-02  0.000E+00  0.000E+00  0.105E+02  0.000E+00  0.495E+00  0.000E+00  0.386E-03
154554.883      679662     2039550  0.240E-02  0.000E+00  0.000E+00  0.108E+02  0.000E+00  0.491E+00  0.000E+00  0.386E-03
155554.670      679932     2041213  0.240E-02  0.000E+00  0.000E+00  0.109E+02  0.000E+00  0.487E+00  0.000E+00  0.385E-03
160554.594      680206     2042874  0.240E-02  0.000E+00  0.000E+00  0.108E+02  0.000E+00  0.502E+00  0.000E+00  0.384E-03
161554.652      680482     2044532  0.240E-02  0.000E+00  0.000E+00  0.106E+02  0.000E+00  0.504E+00  0.000E+00  0.383E-03
162554.675      680745     2046199  0.240E-02  0.000E+00  0.000E+00  0.108E+02  0.000E+00  0.497E+00  0.000E+00  0.382E-03
163554.802      681020     2047861  0.240E-02  0.000E+00  0.000E+00  0.111E+02  0.000E+00  0.519E+00  0.000E+00  0.381E-03
164554.812      681303     2049532  0.240E-02  0.000E+00  0.000E+00  0.110E+02  0.000E+00  0.512E+00  0.000E+00  0.380E-03
165554.860      681585     2051200  0.240E-02  0.000E+00  0.000E+00  0.105E+02  0.000E+00  0.584E+00  0.000E+00  0.379E-03
170554.729      681862     2052870  0.240E-02  0.000E+00  0.000E+00  0.105E+02  0.000E+00  0.538E+00  0.000E+00  0.378E-03
171554.827      682130     2054537  0.240E-02  0.000E+00  0.000E+00  0.106E+02  0.000E+00  0.585E+00  0.000E+00  0.378E-03
172554.914      682389     2056196  0.240E-02  0.000E+00  0.000E+00  0.106E+02  0.000E+00  0.497E+00  0.000E+00  0.377E-03
173554.609      682620     2057860  0.239E-02  0.000E+00  0.000E+00  0.107E+02  0.000E+00  0.498E+00  0.000E+00  0.376E-03
174554.607      682885     2059525  0.239E-02  0.000E+00  0.000E+00  0.105E+02  0.000E+00  0.524E+00  0.000E+00  0.376E-03
175554.893      683153     2061178  0.239E-02  0.000E+00  0.000E+00  0.112E+02  0.000E+00  0.527E+00  0.000E+00  0.375E-03
180554.853      683419     2062837  0.239E-02  0.000E+00  0.000E+00  0.111E+02  0.000E+00  0.594E+00  0.000E+00  0.374E-03
181554.713      683705     2064496  0.239E-02  0.000E+00  0.000E+00  0.107E+02  0.000E+00  0.549E+00  0.000E+00  0.373E-03
182554.801      683960     2066154  0.239E-02  0.000E+00  0.000E+00  0.110E+02  0.000E+00  0.552E+00  0.000E+00  0.373E-03
183554.658      684220     2067817  0.239E-02  0.000E+00  0.000E+00  0.122E+02  0.000E+00  0.628E+00  0.000E+00  0.372E-03
184554.580      684488     2069485  0.239E-02  0.000E+00  0.000E+00  0.104E+02  0.000E+00  0.511E+00  0.000E+00  0.371E-03
185554.690      684755     2071151  0.239E-02  0.000E+00  0.000E+00  0.106E+02  0.000E+00  0.554E+00  0.000E+00  0.370E-03
190554.600      685034     2072812  0.239E-02  0.000E+00  0.000E+00  0.106E+02  0.000E+00  0.564E+00  0.000E+00  0.369E-03
191554.565      685318     2074477  0.239E-02  0.000E+00  0.000E+00  0.103E+02  0.000E+00  0.636E+00  0.000E+00  0.368E-03
192554.707      685561     2076148  0.239E-02  0.000E+00  0.000E+00  0.107E+02  0.000E+00  0.588E+00  0.000E+00  0.368E-03
193554.700      685851     2077820  0.239E-02  0.000E+00  0.000E+00  0.104E+02  0.000E+00  0.614E+00  0.000E+00  0.367E-03
194554.758      686105     2079487  0.239E-02  0.000E+00  0.000E+00  0.104E+02  0.000E+00  0.553E+00  0.000E+00  0.366E-03
195554.584      686370     2081152  0.239E-02  0.000E+00  0.000E+00  0.105E+02  0.000E+00  0.540E+00  0.000E+00  0.365E-03
200554.878      686665     2082848  0.238E-02  0.000E+00  0.000E+00  0.104E+02  0.000E+00  0.573E+00  0.000E+00  0.365E-03
201554.749      686921     2084655  0.238E-02  0.000E+00  0.000E+00  0.108E+02  0.000E+00  0.554E+00  0.000E+00  0.364E-03
202554.583      687207     2086469  0.238E-02  0.000E+00  0.000E+00  0.104E+02  0.000E+00  0.560E+00  0.000E+00  0.363E-03
203554.773      687481     2088292  0.238E-02  0.000E+00  0.000E+00  0.103E+02  0.000E+00  0.650E+00  0.000E+00  0.362E-03
204554.589      687773     2090111  0.238E-02  0.000E+00  0.000E+00  0.107E+02  0.000E+00  0.592E+00  0.000E+00  0.361E-03
205554.586      688070     2091935  0.238E-02  0.000E+00  0.000E+00  0.104E+02  0.000E+00  0.592E+00  0.000E+00  0.360E-03
210554.668      688332     2093756  0.238E-02  0.000E+00  0.000E+00  0.105E+02  0.000E+00  0.569E+00  0.000E+00  0.360E-03
211554.883      688618     2095580  0.238E-02  0.000E+00  0.000E+00  0.108E+02  0.000E+00  0.562E+00  0.000E+00  0.359E-03
212554.637      688902     2097380  0.238E-02  0.000E+00  0.000E+00  0.104E+02  0.000E+00  0.567E+00  0.000E+00  0.358E-03
213554.864      689178     2099194  0.238E-02  0.000E+00  0.000E+00  0.103E+02  0.000E+00  0.544E+00  0.000E+00  0.358E-03
214554.651      689462     2101011  0.238E-02  0.000E+00  0.000E+00  0.104E+02  0.000E+00  0.591E+00  0.000E+00  0.357E-03
215554.620      689705     2102830  0.238E-02  0.000E+00  0.000E+00  0.112E+02  0.000E+00  0.569E+00  0.000E+00  0.356E-03
220554.557      689982     2104649  0.238E-02  0.000E+00  0.000E+00  0.104E+02  0.000E+00  0.569E+00  0.000E+00  0.356E-03
221554.712      690262     2106464  0.238E-02  0.000E+00  0.000E+00  0.104E+02  0.000E+00  0.567E+00  0.000E+00  0.355E-03
222554.744      690530     2108249  0.238E-02  0.000E+00  0.000E+00  0.109E+02  0.000E+00  0.602E+00  0.000E+00  0.354E-03
223554.695      690826     2110048  0.238E-02  0.000E+00  0.000E+00  0.109E+02  0.000E+00  0.579E+00  0.000E+00  0.353E-03
224554.563      691104     2111852  0.237E-02  0.000E+00  0.000E+00  0.105E+02  0.000E+00  0.563E+00  0.000E+00  0.352E-03
225554.592      691410     2113658  0.237E-02  0.000E+00  0.000E+00  0.106E+02  0.000E+00  0.567E+00  0.000E+00  0.351E-03
230554.717      691667     2115457  0.237E-02  0.000E+00  0.000E+00  0.105E+02  0.000E+00  0.546E+00  0.000E+00  0.351E-03
231554.584      691941     2117254  0.237E-02  0.000E+00  0.000E+00  0.106E+02  0.000E+00  0.521E+00  0.000E+00  0.350E-03
232554.850      692185     2119060  0.237E-02  0.000E+00  0.000E+00  0.104E+02  0.000E+00  0.508E+00  0.000E+00  0.349E-03
233554.689      692468     2120871  0.237E-02  0.000E+00  0.000E+00  0.105E+02  0.000E+00  0.569E+00  0.000E+00  0.349E-03
234554.590      692759     2122674  0.237E-02  0.000E+00  0.000E+00  0.107E+02  0.000E+00  0.550E+00  0.000E+00  0.348E-03
235554.586      693055     2124476  0.237E-02  0.000E+00  0.000E+00  0.105E+02  0.000E+00  0.529E+00  0.000E+00  0.347E-03
000554.826      693327     2126286  0.237E-02  0.000E+00  0.000E+00  0.108E+02  0.000E+00  0.559E+00  0.000E+00  0.347E-03
001554.854      693601     2128113  0.237E-02  0.000E+00  0.000E+00  0.106E+02  0.000E+00  0.558E+00  0.000E+00  0.346E-03
002554.817      693888     2129939  0.237E-02  0.000E+00  0.000E+00  0.106E+02  0.000E+00  0.640E+00  0.000E+00  0.345E-03
003554.576      694194     2131764  0.237E-02  0.000E+00  0.000E+00  0.107E+02  0.000E+00  0.668E+00  0.000E+00  0.344E-03
004554.676      694468     2133597  0.237E-02  0.000E+00  0.000E+00  0.104E+02  0.000E+00  0.661E+00  0.000E+00  0.344E-03
005554.760      694756     2135418  0.237E-02  0.000E+00  0.000E+00  0.104E+02  0.000E+00  0.654E+00  0.000E+00  0.343E-03
010554.817      695035     2137240  0.236E-02  0.000E+00  0.000E+00  0.106E+02  0.000E+00  0.629E+00  0.000E+00  0.342E-03
011554.669      695312     2139057  0.236E-02  0.000E+00  0.000E+00  0.106E+02  0.000E+00  0.620E+00  0.000E+00  0.342E-03
012554.749      695594     2140878  0.236E-02  0.000E+00  0.000E+00  0.105E+02  0.000E+00  0.622E+00  0.000E+00  0.341E-03
013554.648      695876     2142688  0.236E-02  0.000E+00  0.000E+00  0.111E+02  0.000E+00  0.696E+00  0.000E+00  0.340E-03
014554.694      696163     2144511  0.236E-02  0.000E+00  0.000E+00  0.109E+02  0.000E+00  0.584E+00  0.000E+00  0.339E-03
015554.842      696444     2146337  0.236E-02  0.000E+00  0.000E+00  0.106E+02  0.000E+00  0.609E+00  0.000E+00  0.338E-03
020554.665      696724     2148161  0.236E-02  0.000E+00  0.000E+00  0.107E+02  0.000E+00  0.846E+00  0.000E+00  0.337E-03
021554.644      696995     2149968  0.236E-02  0.000E+00  0.000E+00  0.104E+02  0.000E+00  0.695E+00  0.000E+00  0.337E-03
022554.738      697272     2151761  0.236E-02  0.000E+00  0.000E+00  0.108E+02  0.000E+00  0.639E+00  0.000E+00  0.336E-03
023554.838      697537     2153507  0.236E-02  0.000E+00  0.000E+00  0.107E+02  0.000E+00  0.621E+00  0.000E+00  0.336E-03
024554.621      697763     2155240  0.236E-02  0.000E+00  0.000E+00  0.107E+02  0.000E+00  0.592E+00  0.000E+00  0.335E-03
025554.725      698039     2156967  0.236E-02  0.000E+00  0.000E+00  0.108E+02  0.000E+00  0.587E+00  0.000E+00  0.335E-03
030554.808      698283     2158701  0.236E-02  0.000E+00  0.000E+00  0.103E+02  0.000E+00  0.575E+00  0.000E+00  0.334E-03
031554.614      698537     2160432  0.236E-02  0.000E+00  0.000E+00  0.105E+02  0.000E+00  0.577E+00  0.000E+00  0.334E-03
032554.639      698782     2162144  0.236E-02  0.000E+00  0.000E+00  0.105E+02  0.000E+00  0.583E+00  0.000E+00  0.333E-03
033554.654      699035     2163878  0.236E-02  0.000E+00  0.000E+00  0.104E+02  0.000E+00  0.569E+00  0.000E+00  0.333E-03
034554.846      699282     2165638  0.235E-02  0.000E+00  0.000E+00  0.110E+02  0.000E+00  0.579E+00  0.000E+00  0.332E-03
035554.607      699537     2167368  0.235E-02  0.000E+00  0.000E+00  0.107E+02  0.000E+00  0.590E+00  0.000E+00  0.332E-03
040554.692      699782     2169106  0.235E-02  0.000E+00  0.000E+00  0.115E+02  0.000E+00  0.591E+00  0.000E+00  0.331E-03
041554.824      700059     2170820  0.235E-02  0.000E+00  0.000E+00  0.109E+02  0.000E+00  0.579E+00  0.000E+00  0.330E-03
042554.716      700318     2172530  0.235E-02  0.000E+00  0.000E+00  0.108E+02  0.000E+00  0.574E+00  0.000E+00  0.330E-03
043554.845      700586     2174233  0.235E-02  0.000E+00  0.000E+00  0.111E+02  0.000E+00  0.574E+00  0.000E+00  0.329E-03
044554.679      700842     2175927  0.235E-02  0.000E+00  0.000E+00  0.112E+02  0.000E+00  0.630E+00  0.000E+00  0.328E-03
045554.678      701097     2177623  0.235E-02  0.000E+00  0.000E+00  0.109E+02  0.000E+00  0.623E+00  0.000E+00  0.328E-03
050554.857      701333     2179331  0.235E-02  0.000E+00  0.000E+00  0.108E+02  0.000E+00  0.575E+00  0.000E+00  0.327E-03
051554.839      701610     2181029  0.235E-02  0.000E+00  0.000E+00  0.110E+02  0.000E+00  0.578E+00  0.000E+00  0.327E-03
052554.604      701882     2182753  0.235E-02  0.000E+00  0.000E+00  0.107E+02  0.000E+00  0.624E+00  0.000E+00  0.326E-03
053554.569      702112     2184472  0.235E-02  0.000E+00  0.000E+00  0.109E+02  0.000E+00  0.579E+00  0.000E+00  0.326E-03
054554.724      702357     2186193  0.235E-02  0.000E+00  0.000E+00  0.111E+02  0.000E+00  0.608E+00  0.000E+00  0.325E-03
055554.717      702622     2187914  0.235E-02  0.000E+00  0.000E+00  0.106E+02  0.000E+00  0.583E+00  0.000E+00  0.324E-03
060554.676      702869     2189624  0.235E-02  0.000E+00  0.000E+00  0.107E+02  0.000E+00  0.601E+00  0.000E+00  0.323E-03
061554.740      703137     2191330  0.235E-02  0.000E+00  0.000E+00  0.108E+02  0.000E+00  0.608E+00  0.000E+00  0.323E-03
062554.636      703380     2193045  0.235E-02  0.000E+00  0.000E+00  0.108E+02  0.000E+00  0.540E+00  0.000E+00  0.322E-03
063554.875      703625     2194752  0.235E-02  0.000E+00  0.000E+00  0.105E+02  0.000E+00  0.540E+00  0.000E+00  0.322E-03
064554.704      703869     2196467  0.235E-02  0.000E+00  0.000E+00  0.105E+02  0.000E+00  0.547E+00  0.000E+00  0.321E-03
065554.686      704121     2198177  0.235E-02  0.000E+00  0.000E+00  0.109E+02  0.000E+00  0.577E+00  0.000E+00  0.320E-03
070554.548      704350     2199887  0.234E-02  0.000E+00  0.000E+00  0.105E+02  0.000E+00  0.578E+00  0.000E+00  0.320E-03
071554.824      704610     2201612  0.234E-02  0.000E+00  0.000E+00  0.111E+02  0.000E+00  0.570E+00  0.000E+00  0.319E-03
072554.594      704840     2203312  0.234E-02  0.000E+00  0.000E+00  0.106E+02  0.000E+00  0.588E+00  0.000E+00  0.318E-03
073554.805      705071     2205015  0.234E-02  0.000E+00  0.000E+00  0.111E+02  0.000E+00  0.579E+00  0.000E+00  0.318E-03
074554.674      705348     2206726  0.234E-02  0.000E+00  0.000E+00  0.112E+02  0.000E+00  0.611E+00  0.000E+00  0.317E-03
075554.642      705592     2208443  0.234E-02  0.000E+00  0.000E+00  0.106E+02  0.000E+00  0.593E+00  0.000E+00  0.317E-03
080554.592      705834     2210160  0.234E-02  0.000E+00  0.000E+00  0.111E+02  0.000E+00  0.623E+00  0.000E+00  0.316E-03
081554.869      706068     2211880  0.234E-02  0.000E+00  0.000E+00  0.108E+02  0.000E+00  0.609E+00  0.000E+00  0.316E-03
082554.569      706303     2213593  0.234E-02  0.000E+00  0.000E+00  0.106E+02  0.000E+00  0.603E+00  0.000E+00  0.315E-03
083554.732      706558     2215303  0.234E-02  0.000E+00  0.000E+00  0.106E+02  0.000E+00  0.669E+00  0.000E+00  0.314E-03
084554.728      706813     2217013  0.234E-02  0.000E+00  0.000E+00  0.107E+02  0.000E+00  0.635E+00  0.000E+00  0.314E-03
085554.837      707050     2218714  0.234E-02  0.000E+00  0.000E+00  0.108E+02  0.000E+00  0.560E+00  0.000E+00  0.313E-03
090554.827      707314     2220416  0.234E-02  0.000E+00  0.000E+00  0.107E+02  0.000E+00  0.552E+00  0.000E+00  0.313E-03
091554.744      707550     2222126  0.234E-02  0.000E+00  0.000E+00  0.107E+02  0.000E+00  0.565E+00  0.000E+00  0.312E-03
092554.553      707788     2223822  0.234E-02  0.000E+00  0.000E+00  0.107E+02  0.000E+00  0.562E+00  0.000E+00  0.312E-03
093554.791      708016     2225509  0.234E-02  0.000E+00  0.000E+00  0.107E+02  0.000E+00  0.564E+00  0.000E+00  0.311E-03
094554.630      708257     2227212  0.234E-02  0.000E+00  0.000E+00  0.108E+02  0.000E+00  0.626E+00  0.000E+00  0.311E-03
095554.804      708544     2228983  0.234E-02  0.000E+00  0.000E+00  0.111E+02  0.000E+00  0.579E+00  0.000E+00  0.310E-03
100554.813      708832     2230854  0.234E-02  0.000E+00  0.000E+00  0.113E+02  0.000E+00  0.557E+00  0.000E+00  0.309E-03
101554.913      709041     2232504  0.234E-02  0.000E+00  0.000E+00  0.107E+02  0.000E+00  0.658E+00  0.000E+00  0.308E-03
102554.759      709225     2233853  0.233E-02  0.000E+00  0.000E+00  0.107E+02  0.000E+00  0.561E+00  0.000E+00  0.308E-03
103554.728      709400     2235161  0.233E-02  0.000E+00  0.000E+00  0.107E+02  0.000E+00  0.540E+00  0.000E+00  0.308E-03
104554.668      709576     2236538  0.233E-02  0.000E+00  0.000E+00  0.109E+02  0.000E+00  0.552E+00  0.000E+00  0.307E-03
105554.653      709791     2237902  0.233E-02  0.000E+00  0.000E+00  0.107E+02  0.000E+00  0.579E+00  0.000E+00  0.307E-03
110554.631      710004     2239291  0.233E-02  0.000E+00  0.000E+00  0.108E+02  0.000E+00  0.558E+00  0.000E+00  0.306E-03
111554.727      710183     2240653  0.233E-02  0.000E+00  0.000E+00  0.115E+02  0.000E+00  0.562E+00  0.000E+00  0.306E-03
112554.761      710381     2242027  0.233E-02  0.000E+00  0.000E+00  0.108E+02  0.000E+00  0.568E+00  0.000E+00  0.306E-03
113554.591      710550     2243377  0.233E-02  0.000E+00  0.000E+00  0.107E+02  0.000E+00  0.574E+00  0.000E+00  0.305E-03
114554.879      710723     2244683  0.233E-02  0.000E+00  0.000E+00  0.107E+02  0.000E+00  0.630E+00  0.000E+00  0.305E-03
115554.943      710917     2246000  0.233E-02  0.000E+00  0.000E+00  0.107E+02  0.000E+00  0.558E+00  0.000E+00  0.305E-03
120554.969      711123     2247330  0.233E-02  0.000E+00  0.000E+00  0.113E+02  0.000E+00  0.612E+00  0.000E+00  0.304E-03
121555.076      711333     2248752  0.233E-02  0.000E+00  0.000E+00  0.109E+02  0.000E+00  0.576E+00  0.000E+00  0.304E-03
122554.892      711512     2250099  0.233E-02  0.000E+00  0.000E+00  0.109E+02  0.000E+00  0.611E+00  0.000E+00  0.303E-03
123554.949      711722     2251545  0.233E-02  0.000E+00  0.000E+00  0.109E+02  0.000E+00  0.600E+00  0.000E+00  0.303E-03
124554.577      711900     2252893  0.233E-02  0.000E+00  0.000E+00  0.113E+02  0.000E+00  0.599E+00  0.000E+00  0.303E-03
125554.708      712097     2254305  0.233E-02  0.000E+00  0.000E+00  0.117E+02  0.000E+00  0.620E+00  0.000E+00  0.302E-03
130554.813      712306     2255696  0.233E-02  0.000E+00  0.000E+00  0.123E+02  0.000E+00  0.579E+00  0.000E+00  0.302E-03
131554.960      712503     2257074  0.233E-02  0.000E+00  0.000E+00  0.118E+02  0.000E+00  0.575E+00  0.000E+00  0.301E-03
132554.673      712700     2258476  0.233E-02  0.000E+00  0.000E+00  0.119E+02  0.000E+00  0.590E+00  0.000E+00  0.301E-03
133554.934      712891     2259860  0.233E-02  0.000E+00  0.000E+00  0.120E+02  0.000E+00  0.589E+00  0.000E+00  0.300E-03
134554.701      713058     2261156  0.233E-02  0.000E+00  0.000E+00  0.117E+02  0.000E+00  0.581E+00  0.000E+00  0.300E-03
135554.708      713276     2262702  0.233E-02  0.000E+00  0.000E+00  0.125E+02  0.000E+00  0.539E+00  0.000E+00  0.300E-03
140554.981      713475     2264076  0.233E-02  0.000E+00  0.000E+00  0.117E+02  0.000E+00  0.538E+00  0.000E+00  0.299E-03
141554.671      713682     2265407  0.233E-02  0.000E+00  0.000E+00  0.118E+02  0.000E+00  0.518E+00  0.000E+00  0.299E-03
142554.565      713867     2266809  0.232E-02  0.000E+00  0.000E+00  0.121E+02  0.000E+00  0.519E+00  0.000E+00  0.298E-03
143554.922      714052     2268136  0.232E-02  0.000E+00  0.000E+00  0.118E+02  0.000E+00  0.538E+00  0.000E+00  0.298E-03
144554.777      714257     2269560  0.232E-02  0.000E+00  0.000E+00  0.113E+02  0.000E+00  0.533E+00  0.000E+00  0.297E-03
145554.713      714485     2270989  0.232E-02  0.000E+00  0.000E+00  0.114E+02  0.000E+00  0.550E+00  0.000E+00  0.297E-03
150555.060      714662     2272321  0.232E-02  0.000E+00  0.000E+00  0.117E+02  0.000E+00  0.506E+00  0.000E+00  0.297E-03
151554.687      714831     2273706  0.232E-02  0.000E+00  0.000E+00  0.114E+02  0.000E+00  0.506E+00  0.000E+00  0.296E-03
152554.827      715049     2275068  0.232E-02  0.000E+00  0.000E+00  0.123E+02  0.000E+00  0.511E+00  0.000E+00  0.296E-03
153554.895      715235     2276412  0.232E-02  0.000E+00  0.000E+00  0.120E+02  0.000E+00  0.523E+00  0.000E+00  0.295E-03
154554.934      715415     2277760  0.232E-02  0.000E+00  0.000E+00  0.115E+02  0.000E+00  0.629E+00  0.000E+00  0.295E-03
155554.941      715587     2279216  0.232E-02  0.000E+00  0.000E+00  0.117E+02  0.000E+00  0.561E+00  0.000E+00  0.295E-03
160555.027      715798     2280567  0.232E-02  0.000E+00  0.000E+00  0.114E+02  0.000E+00  0.494E+00  0.000E+00  0.294E-03
161554.888      715973     2281883  0.232E-02  0.000E+00  0.000E+00  0.115E+02  0.000E+00  0.496E+00  0.000E+00  0.294E-03
162554.804      716162     2283213  0.232E-02  0.000E+00  0.000E+00  0.116E+02  0.000E+00  0.477E+00  0.000E+00  0.294E-03
163554.747      716338     2284535  0.232E-02  0.000E+00  0.000E+00  0.121E+02  0.000E+00  0.476E+00  0.000E+00  0.293E-03
